1,この”情報”をどう読み解くか、個々に考える余地を大切にされているスタンスは素晴らしいです。テレビの伝え方ひとつで人の命が左右される問題です。大石さん、これからも同じスタンスで続けてください。,387,mek hal,0
2,真摯な番組。ちゃんと副反応の疑いの数字を氷山の一角と 言ってる。,270,犬と猿,0
3,CBCは接種する人、しない人どちらも尊重している。非常にバランスの良い報道。ありがとう。,513,Shovis,0
4,知り合いは親子揃って2回目から10日くらいで帯状疱疹になり、大変な思いをしましたが、打った医者には報告はしていないし、治療費はもちろん実費です。このような方が大勢いらっしゃると思います。,233,田中純子,10
4-1,@レイ さまへ私も高齢者ですが打っていません。高齢者でも打ってない人も居ますよ。,11,皆川光江
4-2,ウチの父も帯状疱疹になり、2週間入院しました。治療費、結構かかりました。厚労省には報告してくれません。,10,木蓮
4-3,@arigato mori さんご親戚の方のご冥福とお母様のご快復をお祈りいたします。どこかのユーチューブで女医（偽物かも⁉️）が『副反応がなかったらラッキーと思って』とバカな事を言ってましたが、副反応で苦しんでいる人を運が悪かったぐらいに思ってる風潮は異常ですね。,16,田中純子
4-4,母も○ァイザー1回目で、リンパの腫れ→シコリ多数発生になってます。3週間経ちますが、小さくすらなっておりません。あと、何故か疲れやすくなってるのと、筋肉の深い所が痛むと。(片方の肩だけ)県の副反応センターに電話しましたが、症例がないと。結局、接種後のデータを提供して終わりました。データが、他の方の参考になりますように…。ちなみに別件で予約入れてた婦人科で聞いたら、「○クチンですね…様子を見ましょう。貴女以外にも、何名かいるんですよね、同じような方」と。何故か、政府&医師会&一部のメディアさんは隠したがりますが…消しても消しても、その話題が国民から出るほど、事例が増えてるんだなと、実際に経験して思いました。そして、今度は打ってから具合悪くなって、数ヶ月後に亡くなった親戚も出ました。まだ49日前です………メディアの大元が、日本じゃなくて他国が本拠地なのは知ってますが、良心の呵責ってないのかな…,23,arigato mori
5,氷山の一角地上波のテレビでこのような勇気のある発言をして頂いて、とても感謝してます！！大石さんこれからも平等な情報提供をよろしくお願い致します！,191,ろびん,0
6,真実の報道をしてくださるのが地元のCBCで誇らしいです。大石さん、これからも圧力に負けず頑張ってください‼️,212,Love Monchan,0
7,取材お疲れ様です。出来れば、人口動態統計の超過死亡についても取材して欲しいと思います。,167,マンボ,0
8,大石さんの勇気ある報道に感動しました。やはりテレビの影響は大きいです。物事は違う意見があれば正々堂々とお互いに主張しあってこそ改善されます。反対意見を完全に封じ込める現状が異常だと気づき始めている人は、まだまだ少ないですが、確実に、かつ着実に増えています。このプラットホームでは、かなり気を使う必要があり、ご苦労されると思いますが、今後ともお力添え頂ければ幸いです。,295,MaskMan,2
8-1,味覚嗅覚は亜鉛不足です。,14,愛媛のメタボにいさん
9,素晴らしい。これがメディアが伝える正しい姿。感謝します。,217,k o,0
10,大石さんはコロナが流行する前から素晴らしいニュースキャスターだったから正しい報道をしても俺は驚かないぜ！,385,ウザイエメリ,0
11,重篤な副反応に見舞われている方々への取材や、俗にいうブレークスルー感染の割合など、取材すべき余地はまだまだ残されていると思うし、さらに切り込んでいただきたいです,471,maki IIDA,4
11-1,@清水秀男 どの辺がおかしいと思うのでしょうか？詳しくお願いします。,2,迷彩専門
11-2,@清水秀男 そうですよね群馬県の病院クラスターでは２５人中２４人が２回接種後２週間経過していての感染、残りの１名も１回は接種済みということなのでもはや日和見感染状態ではと思ってしまいます,12,maki IIDA
11-3,ブレークスルー感染て、おかしいと思いませんか？,11,清水秀男
12,ワク後（１ヶ月以上経過後）、肺に水が溜まっているように苦しい原因を詳しく調べますと、原因は水ではなく血栓であったということで血栓で肺胞炎が起きていたとのことです。,265,H J,5
12-1,@rin coco 『ワクチン瓶のフタの破片が入っていた』という報道の物でしたら、・目視で確認出来る注射針には入らない大きさだから、物理的に体内に注入される心配はない。・そもそもフタの破片だからワクチン液に接している物質なため成分に問題は出ない。という見解だったと記憶してます。,4,迷彩専門
12-2,@迷彩専門 様失礼しました。回収していないは誤りでした。ただ、異物混入で問題なしと言い切れるのは何故でしょう？目視で確認できない変質があるかもしれないと考えませんか？現に、20代と30代の男性が接種後に亡くなられたのは金属片混入と同じロットのものではなかったですか？また、金属アレルギーのある女性の方がアレルギーを発症されたと発信されていました。食品などに異物混入が見つかったら回収した後、全品廃棄処分になるのに、直接体内に注入する薬品なら最大限の慎重さが求められるのではないですか？,5,rin coco
12-3,@rin coco 一応当該ワクチンと注射器などは回収して調べた結果、問題無い物は問題無し、ロットによっては中止処分しているはずですが。回収しているから異物を調べられているんですけど、ご自分の矛盾に気付いています？,3,迷彩専門
13,情報公開、まさにこれが必要ですよね・・・,233,to shi,0
14,大石さんは、本当に誠実な報道をしています。,74,北村嘉孝,0
15,どちらの意見も扱ってる所はCBC さんの大石さんの番組だけですね。公平ですね。,538,S K,0
16,プロの仕事ですね。分かりやすい聞きやすい,119,nakajima,1
16-1,獲得免疫について触れていないので勉強不足、プロと言えるのかどうかは微妙です。,4,fukuyamahironobu
17,私の身体障害者の兄、ワクチン後救急車三回乗りました。身体障害者で40℃の熱あると何処も入院先が受けてくれなくて、最終的に近所の町医者で日帰りで点滴して貰いました。頭蕁麻疹だらけと、白目になり口から泡出して。もし毒素が脳まで回ってたらヤバいかも？って言われました。お医者さんも毒素発言ですからね。点滴で一命は取り留めましたが。枠打つ前はつたい歩きで元気に歩き回ってたのが、今は寝たきりですね。ずっと寝てます。オムツ生活になりました。副作用事例や死亡事例にカウントされてない人は沢山いると思います。早く緊急停止してほしい‼️一人でも被災者が出ない事を祈っております。,672,ゆきゆ,36
17-1,接種とか、なぜできるのかわからない。まだ実験中ですよ？モルモットに進んで手を上げるなんて狂ってますね。,4,森まりあ
17-2,あちら側の思惑どおり。,3,はちみつ白
17-3,@チャーリーブラウン 劇薬を毎日服用www厨二病もそこまだいくとあたたたたたた,3,CY Cー
17-4,@チャーリーブラウン そういうからには正確に把握してるのでしょう。で、第何層治験なの？,3,CY Cー
17-5,@柳仁 揚げ足取りw不思議な妄想事象ばかり並べるから質問してるんじゃないの？A「明日降りそうだな」B「そうだね」C「明日は岩が降ってくるらしいよ」D「岩？い、い、い、岩!? 何それどういうこと？ここ火山から遠いし岩なんてどっからどうやって降ってくるの？」ていうレベル。,2,迷彩専門
17-6,@まりま 告訴状のPDFも取得できるようになってますよ。配布用です。,5,鉄槌雷神
17-7,@さんうさこ もしかすると、あくまでも想像ですが、人体をアンテナ化して5G、6Gに対応しようとしてるのではないでしょうか？その為のグラフェン、アンテナ建てるよりも安く上がる。,7,鉄槌雷神
17-8,@チャーリーブラウン 挙げ足取りばかりするなよ　面倒くさいやっちゃなぁ,19,柳仁
17-9,@さんうさこ タダほど怖いものはないですね　打った方の数年後が怖いです,21,渡邉美紀
17-10,@チャーリーブラウン BCGなどの何十年も前から打たれてるのと違って、始まったばかりの物は怖くないですか？　アスベストのように害があると国は分かっていても使わせていて後になり肺癌の方が増えたように今回も何年か後が大変な事になりそうです,20,渡邉美紀
17-11,@チャーリーブラウン 後は、ご自分で調べて下さい✋,10,ken
17-12,@チャーリーブラウン それは時間が解決する事デス。 1年2年経ったら判ると思います。 治験(実験中)だと言うことを忘れずに✋ 因みに2023-5までと書いてました。 万能薬の効果があれば👍デスが…,14,ken
17-13,@チャーリーブラウン 私も枠チンの予約してましたが。兄の枠後の死にかかってるな状況見てキャンセルしました。全員枠チンが悪い訳でもないと思います。打たなくても良い人が沢山いるのではと思います？打つ事によって最悪な結果を生む人もいると思いますので。打っても打たないも自己判断です。コロナになった時ようにイベ○メクチを用意してたり、打たない選択なりいろいろ考えて生きてます。,29,ゆきゆ
17-14,@チャーリーブラウン さん　治験中だということも、もちろんご存知ですよね。誓約書書かされ、打つのはタダでも、副反応の治療費は自分持ちです。なくなっても補償された方は1人もいません。,30,さんうさこ
17-15,@ゆきゆ さん　無線LANとBluetoothは届く範囲が違いますが、同じ2.4G Hzの周波数帯を使っているので、お注射した方はあまり良くないかもしれません。気になる方は、高周波電磁波測定器で測定する事をお勧めします。Amazonで売っています。,9,さんうさこ
17-16,@さんうさこ 無線ランってブルートースの事ですかね？枠打った人を車に乗せる時は、ブルートース使わない方が良いって事になるんですかね。,6,ゆきゆ
17-17,@さんうさこ 会社の人、枠打って直ぐに腕に磁石がくっついたみたいです。５G対応の為ですよね？来年からガラケーが使えなくなるのも５Gが絡んでるのかな？って勝手に思ってます。５G対応になればどのようになるんでしょ。これが本当なら恐ろしいです。,19,ゆきゆ
17-18,5Gの基地局が沢山作られています。5Gは直線に進むので、沢山アンテナが必要です。無線LANはレンジと同じ周波数帯です。レンジの中に、金属(お注射の酸化グラフェ○)の入った物を入れるとどうなりますか？,18,さんうさこ
17-19,@川崎恵理子 様きっと善意に間違いないので自分で判断しましょ٩(๑´3｀๑)۶🍀きっと大丈夫ですよ🙌,5,れんたん😎
17-20,@れんたん😎 主治医変えるのは、難しいですね！助けてくれた事もあるし、私にまで　打った方が良いと、遺伝子組み換え　スパイク　タンパク　怖くて打てません！,50,川崎恵理子
17-21,@川崎恵理子 「大丈夫、責任は私（医）がとります」と、一筆書いてもらえるか、聞いてみる？,56,H Aono
17-22,@川崎恵理子 様私の主治医なんて早くアレ打てばホッコリするよ〜とのたまっておりました。性格が悪い人ではないので仕方ないんですが、私は子供も私も打ちません٩(๑´3｀๑)۶,75,れんたん😎
17-23,@川崎恵理子 兄は枠打つ前は、血液検査引っ掛って無かったのに、枠後は血液検査８個位引っ掛ってて血液にかなり毒素がまわった気がしてます💧ドクターは他人事ですから自分で判断が大事です。,88,ゆきゆ
17-24,主人心臓が悪いので、バイアスビリン薬飲んでいます。私は血栓が出き　心筋炎になると　止めていますが、　先生は大丈夫だと、困りました。,64,川崎恵理子
17-25,重篤なかたも心筋炎や心不全や大動脈疾患や脳卒中や脳出血など、入院されています。ブドウ膜炎眼瞼浮腫に顔面神経麻痺に失明や寝たきりにお亡くなりになられたかたも重篤なかたも因果関係不明ですので入院費用は家族が支払う事となります！3回目の接種も検討されています！小さなお子様への接種も検討されていくようです！ワクチン接種は、説明書をよく読んで各自慎重に判断して頂く事ですPTAなど連携して頂く事をお勧めします。,153,隆 上野
18,【ワクチン後4200名の重篤者について】10代44人、20代424人、30代467人…女性が男性の2倍、医学的に重篤とは重症より重い症状であること…重篤者の皆さんが、実際にはどのような状態であるのか大変心配しています。どこも報道してくれないので、深掘りをお願いできませんか？,347,ptw,11
18-1,@ともまる 詳しくありがとうございます！北欧での使用禁止の事も踏まえて、もう一度本人に話してみます。書き込み感謝します！,4,ちゃんとみ
18-2,@ちゃんとみ 横から失礼します。家族が職域でモデルナを打ちました。40代ですが体重70キロ。1回目で発熱、倦怠感、肺が苦しいと言っていましたが、今思えば心臓だったのかもしれません。1週間ぐはいだるそうにしていました。二回目はやめといた方がいいと言ったのですが本人の意思で打ちました。やはり発熱、関節炎がおき、解熱剤をのんでました。今はモデルナは若い人の副作用のため使用を禁止へと流れが変わって来てますよね。北欧はモデルナは使用禁止になりました。息子さんはまだお若いし、未知のワクチンですし、二回目は打たないという選択もあると思います。,4,ともまる
18-3,@Y N すみません、20代の息子がモデルナ2回目を受ける前なのですが、少し肥満傾向にあるので心配しております。貴方の体格はどのような感じかよろしければ教えていただけませんか？本当は打って欲しくなかったのですが、会社からの声掛けで打ったようで…2回目が心配なのです…,2,ちゃんとみ
18-4,20代で基礎疾患がないものですが、モデルナ2回目接種後に40度の高熱が出て、また心臓が半端なく締め付けられて本当に死を覚悟しました。幸い、2日後には熱もおさまり現在は何の影響もなく生活できていますが、3回目は絶対打たないです。,9,Y N
18-5,@宮原チャンネル宮 様    私たちの税金です。その税金使って、アメリカ外交でワクチン大量購入して、医療関係者から接種を始めて、65才以上の世代から接種になりました。5月頃に理髪店で週刊現代でワクチン接種後お亡くなりになったのが35人でした。私の母親が脳出血で入院していて、6月17日に母親のワクチン接種を相談した際母親の主治医がワクチン接種はお勧めしない！お母様は、心不全の持病がありますよね！既にワクチン接種後136人が因果関係不明ですがお亡くなりになっていますよ。母親とは面会出来ていません。母親86才です。その後ジャーナリストさんや医師のユーチューブで動画配信を見て学んで来ました。ニコニコ動画でJPSikaDoctorをグーグルで検索していただけたら岡山･倉敷新型コロナ感染症対策市民審議会をグーグルで検索して見てくださいませんか！小学校6年生がワクチン接種後お亡くなりになっています。ファイザー1198モデルナ35で1233人です。高齢者だけでなく、働き盛りの世代や若い世代も重篤な症状です。お亡くなりになっています。先月10日の重篤なかたが4210人です。失明や眼瞼浮腫や顔面神経麻痺などや寝たきりで入院されています。因果関係不明ですので入院費用は家族が支払う事となります。アメリカ外交とこの国の隠蔽改竄捏造の森友加計さくら東北新社と体質は、感染症専門医はテレビ出演して金儲けして利権構造で国民のために働く？では無く、自分たちの仲間たちのために働くです。それからCBCさんのニュース解説の動画配信は、金曜日の夜です引き続き注視して行きましょう。ユーチューブで、動画配信を削除され、不信感を感じています。長文失礼しました。ありがとうございます。,10,隆 上野
18-6,@rin coco 様  返信ありがとうございます。12才なら小学校6年生か中学1年生ですよね。心筋炎でお亡くなりになられています。ファイザーやモデルナも増加して来ています。19才22才26才接種2日後圧倒的に心筋炎が多いです。46才2回目接種受けて当日お亡くなりになられています。15才脳出血で接種4日後21才白血病接種7日後に16才腸管虚血21日後に先程ドクターエックス様からの解説がありました。まだ整理中ですが、緊急事態ですので、返信しました。ドクターエックスは、米倉涼子さんではないので念のため大阪の太郎が落選してコールドライス冷や飯の広報本部長になって喜んでいるねずみ男より。大臣にはSPがつきますが、広報本部長にはSPがつきません。,7,隆 上野
18-7,コ○ナではほぼ重症化しない年代の方達にこんな被害が出ているのに緊急停止もしない無責任さ。枠沈・けんさパッケージで行動制限の脅しをかけ、若年層に半強制する非人道的な手口に怒りを感じます。,29,rin coco
19,この人凄くない？今国から発表されている事以外を言ったらBANされるかもしれないのに副作用が発表より多い気がするとか強すぎ。,156,Hiro Hiro,4
19-1,@迷彩専門 副反応が多いのは周知の事実だし、その程度のこと発言してもＢＡＮされないのにこの人は何言ってんだろうね。,1,irial
19-2,当たり前の事ですが、副反応が多くの人に出る可能性は国が認めています。ワクチン接種の申請書にもその旨は記載されています。あくまで任意ですから。自分が納得するための情報ばかり検索しないで、申請書の説明欄くらい読んだらどうですか？今更そんな事を気にするあなたの方が凄くない？,7,迷彩専門
19-3,でも事実。医者様の中には報告さえしない人も多いですよ。,23,おかずのり
20,事実を元にしたデータを極めて中立的に分かりやすく解説されていて素晴らしい発信です。こういうことを大手メディアはしっかりやるべきなんですが政府に忖度してなのか知りませんがほぼスルーです。現代の情報化社会で国民を欺き制御することは容易ではありません。菅さんや河野さんは【希望者に】という言葉を必ずと言っていいほど会見で言及しています。聞き流している人は大した違和感は無いのかもしれませんが、私はいつもビビッときます。政府は当然死亡や重篤などの副反応疑いについては把握しており、過去最大の薬害問題に繋がる想定もしていることでしょう。希望するのは国民一人一人の意思というか任意ですから各々で責任を負ってくれということでは。ワクチンによる因果関係を証明するのは極めて難しいようです。何か起きてもそれは運が悪かった、宝くじに当たるようなもんだとテレビに出てくるなんちゃって専門家たちは言っています。とんでもないことだと思います。トップが変わっても義務化などはさすがに無いでしょう。そんなことをすれば人権侵害で憲法違反です。権力を縛るものが憲法です。是非、国民一人一人が熟考して次の総選挙に臨んでいただけたらと思います。,41,リュウ,0
21,ほんとにいつも公平な報道ありがとうございます！メディアで唯一です。ワクチンによる、疾患増強リスク(ADE )のメカニズムにもよければ触れて欲しいです。,131,元の日常チャンネル,1

22,副反応の数は氷山の一角と言うのに、改めて納得しました。確かに、副反応が出た人が周りに多すぎます。製薬会社が免責なのに、絶対に大丈夫と言う物には不安しかありませんでした。ただコロは弱毒化して風邪になると言う報道もあります。CBCさんのお陰で、コロに過剰な不安を持たず、ワクも打たずに、これからずっと安心して暮らせそうです。,174,臥雛,0
23,早期治療の方法がわかり、治る病気になっているのに、命懸けでワク接種する意味がわかりません。接種時は軽い副反応で済んだとしても、遅発性の副反応で重い疾患になる可能性もあると言われています。まあ、そんな疑問を持つことさえ許されないような空気の中、現状を隠さず報道してくださる姿勢を他のメディアも見習ってほしいです。どうかこれからも、がんばってください‼️ありがとうございました。,276,hasumi,1
23-1,感染してもほとんど影響はない若者や子供に接種するメリットはほとんどありませんね。デメリットの方が遥かに大きい。,94,fukuyamahironobu
24,海外ではイベルメクチンなどの治療薬で後遺症も治った、っていう話も取材してほしい。ワクチン接種が始まってから何万人も超過死亡が増えてる、って話も取材してほしい。,16,mopiko,0
25,mRNAワクチンの利益、不利益の両面を報道する姿勢に感謝。他のTV局は自局の保身のためか時勢への忖度が過ぎて接種推進情報優先ばかりです。,140,Mandam Candies The,0
26,このように両方取り上げる番組は珍しいです。摂取は義務ではないし、死亡率は低いのですから、マスコミの煽りに惑わされず自分の信じる通りに生活しましょう！😆気づいている人は増えてきています。,80,nyantomi rio,0
27,大石さん、CBCの皆さん今回もありがとうございます。真実の報道です。,66,*0* pakira,0
28,後遺症がニュースに取り上げられていますが💉の後遺症や開始後超過死亡が増えた事の方が重大だと思いますこれからも真実の情報からの報道お願いします,52,つらたんつらたん,0
29,インフルエンザワクチン5000万人接種し6人死亡。コロナワクチン正式報告だけで200倍以上死亡。　実数は少なくとも1万人以上でしょうか。大石さんの報道考えさせられます。感謝致します。,370,ニュースクールエックスチャンネル,5
29-1,今回で分かったことの一つで、ワクに対する報告がいかに怪しいものだという事。過去のインフルワクの事例も怪しく実数は数人じゃないって事。,40,おー
30,これが報道のあるべき姿ですよね。私が遠い昔に見た、テレビの報道ですよ。今の報道は、完全に偏っていて、日本のテレビ局は、どこも同じ方向を向いている。そして、一方から見た報道しかしない。違和感しかない。そんな中、中立な立場で見た報道をありがとう。これからも、頑張って下さい。,554,tom wat,1

31,厚労省発表の副反応、死亡報告の数字を分かりやすく表にしてあるのが、とてもいい。政府が発表しているのに、国民に伝わっていなかったこと。大石さん、ありがとうございます。,48,mek hal,1

32,ワクチン接種の副反応を同じようにしっかり説明してほしいね。,10,masako watanabe,0
33,ｽｺﾞｲわ｡大石さん｡TV📺でここまで言ってるのは、この番組しか知らない。大石さん、応援してます。難しいでしょうが、少しでも『真実』を伝えて下さい🙏。やはりTV📺の力は大きいです。,256,NAOKI NISHIBU,3
33-1,重要なこと何一つ言ってないやん,2,大輔 丸山
34,本当に知りたい情報を流してくれる素晴らしい番組ですね。周りでは全員、副反応はありますね。副反応疑いの後ろに、カッコして病院より報告とか書いてほしいですよね。,39,Kan Kan,0
35,副反応に関しては、報告されている以外の関係が不明なものも結構あると思います自分は、ワクチン接種した翌日に胃酸過多になり逆流性食道炎になりました今までなったことがありません。胸痛やら何やらでかなりしんどいです,168,まっつー,4
35-1,勇気あるシェアありがとうございます٩(๑´3｀๑)۶,10,れんたん😎
35-2,ババ抜きと同じでババを引いてしまった時に何もしてもらえずに死ぬまでたらい回しにされる事実はスルーですかね？,14,Mr.Window
35-3,ワクパス導入されたら、半年ごとに更新のための接種が必要になりますよ。受け入れられますか？,18,fukuyamahironobu
36,まずはきちんとコロナワクチン死のことをくわしく分析し、隠さず発表することが信用から理解になりますね,18,中村萌,0
37,ここの動画は削除対象じゃないんだ。良かった。客観的事実だけ、数字だけ、それで各々が判断するしかない。報道機関の良心を感じる動画でした。ありがとうございます。,87,ころん,0
38,公正、公平な議論もなしに接種を無理強いしてはいけません。,212,みきはな,0
39,リスクとベネフィット、現在マスコミ、政府から正確な情報がなく、報道が偏り過ぎる様に思いますが、このような平等で偏りのない報道に、真のジャーナリズムを感じます。他のニュース番組、ワイドショーは見なくなりました。CBC報道スタッフの皆様、そして何よりキャスターの大石さん志しに感服致します、ありがとうございます,313,富富,1
39-1,一度罹患して、獲得免疫ある人にまでワッ君必要みたいな発言しています、基礎知識が不足しているので、あまり褒められたものでもないと思います。,18,fukuyamahironobu
40,大石さん貴殿こそ真のキャスターです。勝手に支持させていただきます。このような骨のある報道マンは他に居ないのか。ニュースとはあくまでも中立の立場で伝えるものだと思ってましたが、酷く偏った日本のメディアからは腐ったいやな感じがします。他のキャスターも目を覚まして現場の真実を伝えて欲しい。大石さんに続け！,220,T T,0
41,接種推進意見以外を取り上げていることは他の放送局にはない姿勢かと思いますが、中長期の副作用の詳しい内容などにも、もっと切り込んでいただきたい。,48,tubejun1026,0
42,来年はより安全なワクチンを出回ることを祈る,21,はまさお,0
43,ちゃんとした報道ありがとうございます。70代の母が９月上旬、くも膜下出血で亡くなりました。我が一族の女系は長寿なのに、高齢だから。寿命だから。で、ワクチン接種が原因とは言えなくて無念です。,37,おかかマヨ,1

44,大石さんのおかげで、打たないことにしました！良い判断だったと思います！,63,shin ando,2
44-1,素晴らしい判断ですね飲食店や旅行、ライブには引き続き絶対に行かないよう気をつけてくださいね,2,yu-ki
44-2,自分で結論出せてよかったですね。今後も感染しないようにお気をつけてください。,1,Ka Hi
45,これが当たり前の報道のカタチだと思います。「ちゃんと知ることから始めよう」のＣＭとは大違い。出演者、制作者は恥を知れ。,243,K J,0
46,後遺症は一過性かそうでないかも重要ですね。それにしても後遺症の類型にいらすとやのイラストが全て対応出来ているのが凄い。,47,よう,0
47,色んな人に見て欲しいですね接種後の異常行動も多数あるらしいので家族が接種予定の人はなるべく目を離さず密に連絡取り合ったほうがいいとおもいます。,66,中とろ,0
48,ほんと嫌な時代になってしまった…コロナにかかりたく無いけどワクチンも怖い…,104,だんてらいおん,7
48-1,@山内 健司 そうだそうだー。医師会の利権に負けないよう頑張ろう。!,0,山田直子
48-2,イベルメクチンを備えて下さい。個人輸入代行業者を通せば購入できます。,16,リアル
48-3,そう思います。,12,田中ココア
48-4,コロナ何てないし風邪なんだからインフルも風邪なんだから基本なるときはなるから気にしないほうがいいですぜ。,38,山内 健司
49,素晴らしいです、ガクトみたいにならない様中立な目線で報道頑張って！,19,Y N,0
50,歴史に残りますね。この方素晴らしいです！,31,らっぱりんご,0
51,いつも中立な報道をありがとうございます‼️またお願いします✨,32,Aoitori Mame,0
52,こんな報道が増えてほしいです。中学校ではリスクなどどこ吹く風で、次々とワクチンしては、高熱出たーと話題になってます。インスタにあげたり異常だと思ってます,59,デイジー,2
52-1,@Ka Hi そうなのですか？知らなかったです。ありがとうございます,3,デイジー
53,情報公開とより詳しい説明、ほんとそれですよね!今日もありがとうございました✨✨✨,25,nona,0
54,インフルレベルの枠なら射てますが、頃枠は、博打レベルと認識してる。こうのどりさんはじめ政府に真摯な態度が見られない。大石さん貴重な情報ありがとうございます。,133,なかいM,0
55,いつも本当に知りたい、真実の報道をどうもありがとうございます。日本では3回目の接種の話が進んでいますが、アメリカでは、3回目の接種と12歳未満の子供への接種に反対の、FDAの生物製剤評価担当の幹部が2人、辞任を発表したそうです。辞任してまで伝えたい、自分の責任下では進めたくない何かがあるのだろう…と思います。また、先日17日に開かれたFDAの諮問機関である「ワクチン・生物医薬品諮問委員会」では、3回目の接種は、65歳以上の高齢者と、重症化リスクの持病のある方のみとし、健康な16歳以上への3回目の接種は「安全性に関するデータが不足している」として「反対16、賛成2」で否決されたそうです。,92,nemo philita,6
55-1,@Tonya アメリカは真っ二つですね。でもトランプが開発を推し進めたワクチンで民主党が接種義務化する。そして共和党支持者は打たない。不思議な国ですね。,0,Ka Hi
55-2,今後必要だと科学的に判断されれば、3回目の承認もあり得ます。もちろん3回目の結果次第では今後高齢者への接種も推奨しないという判断がなされるかもしれません。科学的、合理的に判断されるだけです。だろうとか、思うとか無意味な感情論は民衆にとっては大事かもしれませんがですが決断を行う人達はあくまで事実ベースで合理的に判断することが求められます。1万人の犠牲者を取るか10万人の犠牲者を取るか。そんな簡単な判断では無いけど、それをやらないといけないのが国のトップなのだから,2,Ka Hi
55-3,貴方の書き込みこそがテレビで報道されるべき情報。👏👏👏,28,fukuyamahironobu
56,素晴らしいです。ちゃんとこれぞマスコミてす！大石さん応援しています。ワクチン接種後の月経不順の事を知りたいです。取材お願いします🤲,22,いまここ,0
57,副反応は接種後4時間までしか報告の義務がないのが問題。,128,polarbear55jp,0
58,昨日ファイザー接種してきました副作用さっそくきました。どうやら血圧を上げて脳出血などのリスクが高いみたいです１回目ですが大変怖くて怖くて死にたくないです💦ワクチン接種を後悔しています,125,下田直人,20
58-1,@Queenxx1111 さま、情報ありがとうございます,0,麗
58-2,@麗 様スラミンという解毒成分の入った松葉茶が良いと聞いてます。参考までに、、,0,Queenxx1111
58-3,私も、1回目を打ってしまいました。すぐに腕の付け根からダルくなり、 筋肉が繋がっている胸の筋線がつるようでした。お茶カテキン、甘酒、乳酸、カロナールを飲んでます。,1,麗
58-4,２回目は絶対に打たないって人は多いよ会社にも何人か出たから１回目の副作用が酷く出た人は２回目は打たないで下さいと ファイザーの説明にちゃんとあるそれにも関わらず2回目を打った人は副作用が重症や死亡でも完全自己責任でワクチソに因果関係あっても一切保証されないとの報告が欧州にあるよ特に頭痛が酷く出た場合は2回目は重症化しやすいから気を付けて,14,Eurolivesendungs' straβe
58-5,松葉茶、甘酒、日本酒、日光浴、運動などでデトックスしましょう！2回目は絶対ダメです！！,19,ゲゲゲの猫娘
58-6,どうしてうつの？,15,れんたん😎
58-7,ワクパス導入されても納得出来ますか？,9,fukuyamahironobu
58-8,厚生労働省にこの病気はどういうものかと尋ねてみて下さい。「よく分からない」が答えの様です。分からないのに、ワクチン出来るのか不思議だと思いませんか。ワクチンはタダでも、後の副反応の治療費は自費です。タヒんでも全て因果関係なしです。治験中で誓約書書いていますので、補償はされないです。,38,さんうさこ
58-9,一回でも少ないほうがいいと思いますよ。快復しますようお大事にしてください。,40,thamada90
58-10,2回目で四肢関節が激痛に襲われたそうです,39,AKA Hunter
58-11,2回目は止めた方がいいでしょうね,60,かえるさん
58-12,2回目をキャンセルされる方は多いですよ。どうか、打たないでいてください。,70,ミスインデォゴ
58-13,やっぱり、健康を損なうことがあるんですね。,34,田中ココア
59,米国や英国でも入院死亡患者は接種済の人が多いので、射てば安心ということはない。メリットとリスクを自分で良く考えて選ぶ事が大切だけど、積極的に調べないと情報が入って来ない状況。地上波で、リスクにもちゃんと触れているこの番組を尊敬します。,258,satoko,10
59-1,@rin coco 私が見た英国保険省のデータ(50歳以上未満で分けたものではなく、きちんと10歳毎の年齢別に評価したデータ)では接種者の方が重症化率、死亡率とも接種者が少なかったですよ。感染防止についてはほぼ無いと思いますが。シェディング効果は知りませんがすでに国民の半数以上が打っているので、本当にあるならもうどうしようもないですよ。被害受けたくなければ出歩かないか、ワクチン打つしか無いんでしょうね。もしくはワクチン接種者を全員隔離しますか？アメリカのとある私立校では反対されているようですが、そのほかのとある私立校では推奨されてませんか？私はアメリカの事は知りませんが、ハンガリーでは学校で新学期が始まる前に希望する子どもにワクチン接種をしていました。ワクチン接種が進んでいない同じ東欧のブルガリアやルーマニアよりはまだましな感染状況です。(今のところ),2,Ka Hi
59-2,@ニーナニーナ 様　議員さんや評論家でも、本当にメリットの方が多いと思って勧めてる人と、分かって他人事みたいに見てる人が居ますよね。菅総理がTVのインタビューで、（疲れていい間違えたんだとは思いますが）「人口を…削減するという…一定の効果はあったのではないでしょうか」みたいなことを言ってましたが、一応そういう話がある事は知っているということかなと思うので、だったらもう少しちゃんと調べて欲しいですと思います。接種が進んでる国の公式なデータなんかも簡単に調べられるんだから。,12,satoko
59-3,@唯 様　失明や目の疾患は多いとのデータは見ますが、実際に身近な方が被害を受けてしまうのはショックでしょうし、お辛いですよね。回復されることを願っています。副作用が痛みや発熱だけの様な伝え方をするマスコミの罪は重いです。,24,satoko
59-4,@Ka Hi やっぱりそうですね。友人が東京都で営業しているタクシー乗務員で、集団接種開始してから上々に救急車が町中でよく見かけ、最近は消防車なのに乗っているのは救急隊員のが多くの見かけるそうです。救急車が足りないぐらいということですね。,24,USAF勇気
60,ありがとうございます。参考になります,32,裕美hiromi,0
61,今夜も解説ありがとうございます。私からもCBC様の大石様の解説を広めておきます！ユーチューブは、医師や学者先生やジャーナリストにワクチン接種に批判的と動画配信が削除されています。公正なCBC様の解説を他の方々も大変喜んでいましたよ。ありがとうございます。,135,隆 上野,8
61-1,@隆 上野 様そうですね😌お疲れ様でした🙌免疫あげていきましょー🙌きっとよくなる(´∀｀∩)↑age↑悪い事は起こらない🍀おやすみなさい🙌,3,れんたん😎
61-2,@れんたん😎 様  ありがとうございます。今から晩ごはん食べてひと休みします。お疲れさまです。,2,隆 上野
61-3,お世話になります。鹿先生のリンクを必要としている方大勢いらっしゃると存じます。まして先生はバンを厭うような方ではないと考えます。こんな事はおかしい。悪い事は起こらない。拡散お疲れ様です。ありがとうございます🙌皆さんに雪崩のような幸せが降り注ぎますように🙌,2,れんたん😎
61-4,@VISCARIA 様     国際問題と日本政府と感染症専門医に製薬会社にマスコミワイドショーコメンテーターや複雑怪奇です。,17,隆 上野
61-5,ここまで制限するのはおかしいことだと思います。このことには何か裏があると考えざるを得ないです。,55,VISCARIA
62,大石さん、厚労省の人はワクチンを摂取していない人が多いのではとの話を耳にします。この点、ぜひ取材していただきたいです。いつも、ありがとうございます。,42,Motoko Watanabe,1
62-1,昨日のワク推奨キャンペーン分科会では、サボってないでもっと販売促進しましょう🙌と厚労省の役人が言ってましたよ。国民の生命は軽いのだ٩(๑´3｀๑)۶,18,れんたん😎
63,ブレイクスルー感染やシェディングについても取り上げてほしいです。,52,いっきゅう,3
"63-1,@houtou111 接種者の場合、感染というか自分の身体の内部からその病気に一度罹患する様なものなので、なんか""感染""って言葉で外部から侵入されたっみたいになるのは違和感はありますね。内部から病気を作っているのに。,9,fukuyamahironobu"
63-2,@houtou111 😨😨😨,11,いっきゅう
63-3,それ【全然効果なし！】教えてくれてますから          伊勢崎市病院２５人中２４人が２回接種。全員感染w８割で防ぐという触れ込みがご覧の様。。。。この件からいえるように。【ワク害の可能性】もあると考えるべきなのです。ｎｙウェルズ州ではコロナで亡くなった方７人のうち６人がワク済み。,18,houtou111
64,NHK亡き後、日本の報道をお任せしたい。,135,ビー太郎,1
64-1,ぜひそうしていただきたい,2,uhh@『激おこプンプン丸next』
65,私の周りのワクガチャ率。(重篤のみ)職域約2000名→体調不良のため長期休暇1名子供の関係(学生)約50名→高熱、腕の痛み等で重篤0名友人知人親類30名→失神(迷走神経反射)1名、ほぼ寝たきり1名(2か月経過も未回復)、死亡1名よって、我が家は全員現行のワクチンは見送りとしました。,174,ユニーク羽ィング,0
66,中立で取材していてとても素晴らしいです。一方的な意見だけ見せられても信用出来ないですからね。デメリットを語らないなんて詐欺みたいな物です。,80,植人コウ,0
67,素晴らしい番組です!,16,原喜美江,0
68,これが報道のあるべき姿ですね。東京のTV局は連日ワクチン接種者は何人だ、重症者は何人だ、死亡は何人だ。危険性は一切取り上げない。安心安全とはなんなんでしょうか。,252,deena raino,1
68-1,玉川さんは、５チャンネルに、出てますが、親中な方です、反日ですかね？,10,kunpunogogatsu
69,２回目接種２日目の人と丸２日仕事をしましたが、気をつけて接していてもやはり微熱が出てきました。１日寝たら治りましたが、かなり感染能力が高いと見るべきでしょう。皆さんも気を付けて勤務中でもこまめなうがいと手洗いをお勧めします。苫米地Drも「２回目接種後３０日以内の方の入場お断り」の掲示をしている医院の動画を上げていました（直ぐバンされました）。,30,丹波鉄二,2
69-1,私も接種後の方といたらなった事がない湿疹？トビヒみたいなんがずっと出てて医者にいっても原因わからんて٩(๑´3｀๑)۶接種後の副反応湿疹にそっくりなんだが！？,9,れんたん😎
70,きちんと両側の報道をして、視聴する側に考えを求める。CBCさん、本当に、正しい報道の在り方だと思います。,8,norio kenmochi,0
71,宣言解除後も救急車の音がやむことはありませんワクチン被害については言論統制されており全く情報が来ないので少しでも真実を報道してくださることを期待しています,31,musyoku,3
71-1,救急車の数は異常です。いったい何が起きているのでしょうか。恐ろしいです。,16,清水夏子
72,公平な報道ありがとうございます！コロナウイルスの後遺症ばかりを他のメディアはとりあげています。でも、ワクチンの副作用のことはほとんどいいません。おかしいと思います。ワクチン後の死亡や重篤な症状は因果関係なしと言われてしまったらどこに訴えかければよいのでしょう。,13,伊藤梨紗,0
73,ワクができて接種が始まると最初に聞いた時に、ワクの接種もう始まるのと疑問に思いました…いくらなんでもワクできるの早すぎませんかね❔しかも亡くなっても全部因果関係不明で逃げる😱今までにこんなに熱発と副反応が報告される、ワクなんて無かったと思いますが…ワクの名前を借りた毒物ではないでしょうか☠,41,あいりゅう,5
73-1,@えとうま 様失明してしまった方もいるようですよね🤯接種後に女性の場合は不正出血が止まらなくなり、子宮を全摘した方や亡くなられた方もいるとか…血が止まらなくなるとか恐ろしすぎる😱私は女なのでそれも怖くて打つ気にはなれません🤢,0,あいりゅう
73-2,@あいりゅう 様おっしゃる通りですよね。接種によって亡くなられた方だけでなくアナフィラキシーが数千名単位で出ていますが、実態はそれ以上でしょうね。またつべで動画アップされてる医師によると、接種によるアナフィラキシーで３名の方が失明したそうです。これも実態はそれ以上でしょうが、生命は取り留めても失明してしまっては生きるには厳し過ぎますし、補償も因果関係不明で逃げる気マンマンでしょうね。,1,えとうま
73-3,@えとうま 様インフルのワクよりも明らかに死亡者数おかしいですよね😵まだ氷山の一角で亡くなられた方はもっといますね…,2,あいりゅう
73-4,インフルエンザワクでさえ昨年5000万回接種で6名お亡くなりなったレベルですから、このワクの可笑しさは異常ですね。,3,えとうま
73-5,当たり前,2,はちみつ白
74,いつもありがとうございます。このようなニュースが日中にお年寄りの目や耳に届けばいいのに…,7,明美 いのうえ,0
75,まわりにだれもコロチンによるタヒはいないがバクチンで苦しんだ人は身近にいる,193,pon gaspon,0
76,公平な報道をありがとうございます。ワクチンに対して否定的な動画は、今後アカウントごと削除されると聞きました。この動画、アカウントが削除されないことを願います。,108,こんsan,1
76-1,別に否定してるわけではないので消されないでしょう,26,Ka Hi
77,言ってる事はどちらにも偏りが無いと思いますが、テレビ側の方で知名度の高い方が、このように語る意味、があるのではないかと思います。周りの意見に流されるか、それとも調べて勉強するかは自分次第ですね。,33,ともちん,1
77-1,これでもかなりギリギリで伝えてくれてる…が事実はもっと怖ろしい!ですね٩(๑´3｀๑)۶,9,れんたん😎
78,打ったところで効果はそんな長続きしない。打ってもかかる。短期の副反応を免れても中長期の副反応は不明。すぐの副反応さえ因果関係不明とか言われるのに長期で副反応出ても誰も責任取ってくれない。注射はタダでも副反応は自腹。打っても割に合わないよ。,335,猫岸夏目,4
78-1,本当にその通りですね。うたなければ罹るリスクはあるのかもしれない。その前に免疫高めようよ、軽症ならワクよりいい抗体も手に入る？のだし。うったらリスクは確定してしまう。,42,こて
78-2,私の職場の人達も目先の副反応のことだけ心配して その後のことを考えてないのでは？と思われるような人ばかりです。1人微熱が続いてたと言って1週間ほど休んだ人がいたけど それ以外は打った翌々日くらいには仕事に出てきている人が多いので それを見てきたからか初めの頃はワクを怖がって様子見すると言ってた人も 今では打つ気になっていて今月末に予約できたと言っていました。直後の副反応は軽かったとしても 今後どんな影響が出てくるかわからないのに 疑問にも思わない人が多くて残念です。私は打っていません。20代の息子にも打たせていません。,85,minki
78-3,その通り、海外の報告で、接種後下半身に重篤な障害が残り、仕事も全て失い、既に300万だかの治療費を費やして、これからもその治療費はかさんで行くであろうみたいなのも見ました。副反応では死ななきゃいいってもんじゃない。,89,fukuyamahironobu
79,国に期待してもダメですよ。誰が総理でもただの駒ですから。パスポートで全体主義社会に向かうシナリオには逆らえない。国民一人一人の行動で変えるしかない。徐々に子供の犠牲者が確認されています。子供は大人が守らなければ誰が守るんだ。,268,グレー鳥セット,4
79-1,@rin coco ｎ,0,今西史子
79-2,@勇人 松下 変わらないですねー人柄ではなく人事や政策で判断するべき。まぁどっちに転んだとしてもシナリオ通り進みますからね。,26,グレー鳥セット
79-3,誰が総理でも変わらないだと？　岸田さんはまだ河野よりマシだわ,26,勇人 松下
80,ほとんどの人が副反応出てるんですよね。ただ大多数のの方が病院に行ってないのが現実です。,29,鷹チャンネル,0
81,うちの母は2回目接種後4日後あたりから手足のしびれ、悪寒、倦怠感が徐々に出始めました。３日位続いてひどくなってきたのでかかりつけ医に行こうと思ったら休診日だったのでお守りで持ってた大村先生の薬、自己責任で飲んでみたら胸のあたりがポカポカして汗かいて少し寝たら症状が引きました。たまたまなんでしょうがこんな人もいるとすると表に上がってくるのは一部なんでしょうね。,30,gozaemon,4
81-1,@Nobuko Himeno ありがとうございます。感染した時のお守りがこんな時に役に立つとは思いませんでした。,3,gozaemon
81-2,@ふぇれゆっこ ありがとうございます。感染した時も副反応の時も放置や様子見より、当事者としては打てる手は早く打ちたいですからね。噂には聞いてましたが服用後すぐに回復したのには驚きました。その後、母の調子は良好です。,3,gozaemon
81-3,本当に良かったですね🎵 私も家族全員分、大村智先生のイベルをネット購入しました🙋肺がんまで治す！！本当に魔法の薬ですね～もちろん普通のインフルエンザも、すぐに治す様です。,3,Nobuko Himeno
81-4,お母様、回復されてよかったですね。やはり打つ人も打たない人も大村先生のお薬は御守りとして持っておくべきですよね。自己責任ですが、服用後に大変なことになったという話は聞いた事がありませんよね。,7,ふぇれゆっこ
82,政府や製薬会社、ワクチン接種を推進している側がデメリットにほぼ触れず、メリットばかりを伝えるから疑心暗鬼になる😅メリットデメリット両方の情報や、分からないなら可能性の話でもいいから出来るだけ実際に起こったことを知りたいのに🥺こんな風に取材から見える真実だけを報道しようとする番組が少ないのでありがたいです,96,Leaf moon,2
82-1,現在進行形で実験中なのに、何をデマと判断する事は出来ないはずなのに、一企業の判断で憲法の表現の自由を無視するなんてホント異常な状態ですね。,1,えとうま
83,副反応、打って亡くなった老人ホームの人の件数とかは、全然含まれてないと思います。,37,まろわチャンネル,0
84,毎回大石さんの深堀解説はさすがだと思います。これからも頑張ってください。そして、今後気になるのはインフルエンザとコロナの同時感染なんてあり得るのかも気になるし、インフルエンザなのにコロナかもと疑われてインフルエンザの治療がされないなんて事にならないのかも気になります。,5,黒龍,0
85,『情報公開とより丁寧な説明』おっしゃる通りです。今youtubeではワクチン慎重派関連の記事や動画はことごとく削除されています。ぜひ他のマスメディアもCBCさんのように中立な立場に立って個々が判断出来る情報を公開してほしいものです。偏った意見しか言わない医者やコメンテーターはテレビに出ないでいただきたい。,59,Eishin Go,0
86,これがバンしたら、確定。真実しか報道してないからデマでもない。最強の一手。,33,大好きパピコ,0
87,反ワクチンは感染後の後遺症については言わないと推進派は言うけど、後遺症を恐れてワクチン死なんて自分は嫌です。コロナ、コワいコワいの人は「TVでそう言っていた」と必ず言います。もっと調べて自分の命を守りましょうって言っても聞く耳持っていないから無駄かな。,160,青い薔薇,2

88,副反応部会の７月７日(水)・７月２１日(水)・８月４日(水)での報告資料では、ワクチン接種後の死亡者(過少評価)がコロナ死亡者(水増し）より上回っていました。８月１８日(水)の部会は無く翌週８月２５日(火)の部会での報告資料では、前回までの報告資料と比較すると、ワクチン接種後の死亡者は調査期間が長く成っているのにも関わらず減少しています。また９月１０日(火)の部会での報告では、更に大幅に減少している資料に成っています。ワクチン接種後の死亡率で換算しますと、５月・６月のワクチン接種後の死亡率との比較では、およそ３分の一以下の死亡率と成っており、明らかに調整した資料で有るとの疑念が生じても致し方無い状況です。,30,丹波鉄二,0
89,失礼致します。毎回視聴しております！有益かつ公平な情報ありがとうございます。若い世代の後遺症は１割～２割という資料があったので驚きました…こうなりますと、やはり後遺症も中年以上が多いのでしょうかね…それはさておき、コロナ後遺症にはワクチン後遺症で見られる症状やストレスによる症状も多く見受けられますし、ワクチン疑い死等と同じく原因不明が多いですから、油断してはいけませんが、ホントにコロナ後遺症として扱っていいのか疑問に思っています。また、キー局では断言した報道が多いので尚更です。報告事例については可能性があると思います。親族の血栓症も知人の親のワクチン疑い死はともに調べもせずに偶発的扱いになってしまい、恐らく報告されていません…疑い死、後遺症、副作用…ホントはどれくらいいるのでしょうかね。コロナ後遺症は原因不明でも後遺症として扱うのに、ワクチン疑い死等は原因不明だから関係ないとするような対応をするのですから理不尽に感じてしまいます…,70,賀喜あかり,1

90,まともな報道人はこの人くらいだな皆圧力に屈して副反応の事は言わない,171,やまチェイスユ-,2
90-1,２回打った人がそう言ってた。意味なかったって,1,はちみつ白
91,製薬会社が免責→安全と言い切れない。,67,ーべ,1
91-1,政府も因果関係不明扱いして現状ほとんど補償されてませんからね。被害者になってしまったらほとんど補償されないって地獄ですよ。,0,えとうま
92,わかりやすい！スッキリしました,7,エスイクミ,0
93,大石さんいつも貴重な情報ありがとうございます。私は糖尿病肥満不整脈があるのでワクチンを打っていません。ワクチンの摂取後に亡くなった方の持病が糖尿病や肥満が殆どだった為です。例えば「糖尿病なら、どの程度でキチンと管理出来ていた方なのか」や「なぜ肥満だと重症化するのか」などの情報は全く出てこない為、糖尿病のこの辺の説明をして頂けると打つ方も多少増えるのではないかと思います。糖尿病のかかりつけ医の先生に「ワクチンを打って亡くなった方は打たなくても亡くなってますよ」「コロナは先の事は何も分かりません」「とにかく打って下さい」「不整脈に関しては分かりません」と言われ不安が増し現在に至っています。もう一つ説明を聞いた事がないのですが、ワクチン摂取後に抗体量が減り続けた場合、3回目を打たなくても（例えば1年）重症化だけはずっと防ぐ事が出来るのか知りたいです。そうであれば2回のワクチンを打つ意味も有るのかと思うのですが。（摂取率の分母の内訳と%の数字が？？気になっています）,7,Kusyami k,2
93-1,返信ありがとうございます。医者は政府によっぽどの事（持病）が無い限り打つように言わされている気がしています。ワクチンを打って亡くなった方も問診では大丈夫と言われて打ったはずです。そもそも高齢者は自分の健康状態を短時間の問診で申告出来ない人も多いはず。打つ事ばかりが先行し問診の雑さが気になりました。,4,Kusyami k
93-2,コロナで一番亡くなる高齢者の死亡率もそんなに高くない。高齢者の２割弱がそもそも糖尿病。そのうえで８０代以上陽性者のうちの１３％ほどが死んでいるにすぎない。高齢者が亡くなってますが罹患率は高くない。ですから高齢者にとっても糖尿病患者にとっても言うほど怖い状態ではないと思いますよ。私見ですけどね。私は糖尿でも高齢でもないですが私があなたの状況なら打ちません。重症化しても救命率も思いのほか高いし。かかった時の後遺症も問題でしょうが一番の問題は死んじゃうことだから私ならそこを一番に考えます。医者に相談したらほぼ皆が「打て打て」と言いますよ。自分で調べて考えないとしょうがないですよ。,4,猫岸夏目
94,有効性と安全性が確立されていないものを接種する必要はありません。誰に何を言われようがこの一言で大丈夫です。,147,yuki yuki,20
94-1,@和魂英才 あべの回し者だろう!　いい加減な事を言いやがって!,1,鬼退治_桃子
94-2,仰るとおりです。👍,1,ヨシタカ
94-3,@m mi 確かに、それは確実にメディアが悪いですね。しっかりデータとその解釈方法について報道してくれれば、このような混乱も避けられたはずですね。,2,和魂英才
94-4,@石原秀一 なるほど、ありがとうございます。やはりどんどん新しい変異株に起きかわっていくことを考えると、有効性がそこまで下がってしまうのは有り得る話ですね。,0,和魂英才
"94-5,@yuki yuki 有効性に関しては、""短期的な""有効性は確立されていると言う方が正しいですかね。長期的なデータはやはりまだ微妙なところで、追加接種の検討をせざるを得ないようなデータは出てしまっています。ただ、長期的(半年以上)も出ているのはあります。これは各々の判断に委ねられると思います。,1,和魂英才"
94-6,@和魂英才 返信有難うございます。専門家では無いので、専門の方の解説を聞いた情報ですが、皆さんが言っているところの有効性に当たると思います。イスラエルやアメリカの公的機関が発表している情報です。3回目の接種に踏み切った原因ですね。日本人であることを前提で言えば、打っても打たなくても、一時的には新型コロナと言われる病気はさほど変わりがないと思われます。が、継続してワクを接種し続けてその結果が、どんな結果になっても、ワクのせいかどうかはわからない、と言ったところですかね。コロナで死ぬか？ワクチンで死ぬか？選択を迫られている、と言ったところですか。しかし、ワクチンパスポートなどにより、選択の権利を奪われようとしている現状、どう考えても、頭の狂った奴らが日本を動かしているとしか言えませんよね。,11,石原秀一
94-7,@和魂英才 さんだから、３回目のワクチン接種はお断りでOKでしょう。別に私は貴方のコメント否定してませんよw有効性が確立されてるのに追加接種とか意味不明🤣,4,J.maeda maeda
94-8,@和魂英才 さんscience direct で検索しましたがあまりにも多くて確認は難しいですね。厚生労働省HPにある3つの論文は確認できましたが、残念ながら最も新しいもので4/2までのデータの解析でした。普通に考えて「ブレークスルー感染」とか「ブースター接種」と言われると有効性に疑問を持つのは当然ですし、治験すら終わっていないものに関して有効性や安全性が確立していると言い切ってしまって良いとは思えないのですが…,4,yuki yuki
94-9,95％の有効性って事だけ広めて、詳細を伝えず、100人中95人はかからないって思わせる方がトリックでしょう！,10,m mi
94-10,@石原秀一  それは抗体価の話ですかね?有効性でいうと50％まで下がっているという情報はまだ私に入ってきてないので、わからないです。,1,和魂英才
94-11,@J.maeda maeda いや、安全性のデータは不足気味と言っても、ほとんどの人に関しては安全である可能性が高いということは現時点では言えます。稀に様々な条件がそろってしまって有害事象が起きる可能性はありますが、ほとんどの人は心配いらないというデータはあります。この前の成分発表も捏造の可能性が高いので、現時点で安全性に重大な懸念があるというデータは出ていないです。多少の懸念はありますし、心筋炎などは、摂取者と非接種健常者では接種者が特異的に増えるというデータはあります。しかし、コロナにかかった人の方が圧倒的に心筋炎の発症率が高いので、これは天秤問題です。,2,和魂英才
94-12,@和魂英才 さんその確立された「有効性」というのは具体的にどのようなことを指していますか？また、どこにそのデータが掲載されていますか？検索のヒントだけでも教えてください。,6,yuki yuki
94-13,95％の有効性の事？接種しなくても99.1％はかからなかったってやつだね！その計算方法をほとんどの医師が知らなかったってデーターもあるね。,30,m mi
94-14,@和魂英才 さんでは、3回目接種は当然拒否されるって事ですね(^^),13,J.maeda maeda
94-15,有効性は確立されています。そういうデータ見た事ないというならば、あなたの情報源が偏っているという可能性が高いです。ただ、安全性のデータは不足気味ではあります。,4,和魂英才
95,真実の報道本当にありがとうございます😊,21,かんな,0
96,あの放送局への支払いやめてCBCへ受信料払いたいくらいです日本国民の命を守るために調査・報告していただきありがとうございます,22,ken ken,0
97,厚労省の資料によればファイザーもモデルナも接種後に10代の子が亡くなってるんですね。何でニュースにならないんですかね？,276,s s,12
97-1,@隆 上野さん🍀 報道に、憤りを感じます。お返事頂き、感謝しています！ありがとうございます🍀,0,鈴木寿賀子
97-2,@鈴木寿賀子 様  武田邦彦先生の動画配信のコメントされているかたからの情報ですが、厚労省10月1日の副反応部会の12331は、医師からの予防接種の数字です。つまり大規模接種センターなどの数字は含まれていないですと情報提供がありました。5桁つまり10000人以上の可能性があります。それから小学校6年生は12才女の子です。かわいそうに大人の3回目接種が始まるようです。生後6カ月の赤ちゃんから薬品の量を減らして接種を検討するは、報道で見ました。返信遅くなり申し訳ございません。,3,隆 上野
97-3,厚生省の資料の情報をありがとうございます。コメントも、貴重な情報を頂けます。ありがとうございます。小学生も亡くなっている事は、お子様をもつ方、本当に調べて納得してから、選択をして頂きたいです。,0,鈴木寿賀子
97-4,都合の悪いものには蓋をするんですね。命の事なのに。,47,thamada90
97-5,大手メディアのニュースはね。。ほんとのこと言えないみたいですよ。,46,nanaorihara
97-6,そこニュースにしないのはおかしいです。ひどい話です。,92,noriko kawashima
98,先日、姪っ子の接種後の副反応に関してコメントしましたが、一昨日、５月に2回目の接種を済ませた実母と話をした時に驚きました。接種後、しばらく腕が痛い、腕が上がらないと言ってたのですが、今も同じ状態が続いて、重い物を持てず、腕も上がらない、かなり日常生活に支障があるようです。元々整形外科に通ってたので、あちこち痛いと聞いてても気にしてなかったのですが、左腕に関しては明らかにワクチンの後遺症かと思います。同じような方、結構いるのでは？接種後の副反応追跡はほぼ行ってないように感じますね。実母の後遺症は軽い方に入ってしまうのでしょうかね？,44,おののくしおっぴー,3
98-1,@おののくしおっぴー 様お久しぶりです。（笑）そうでしたね!私もあちこちコメントしているので٩(๑´3｀๑)۶肩大変でしたね😥でもきっとそういうタイミングだったんだと思って🙌これから色んな方にお伝え出来るから良かったですね👍きっとみんな大丈夫です。波動上げて免疫あげてこー🌿ついてる🙌ついてる🙌ついてる🙌ありがとうございます🙌,3,れんたん😎
98-2,さっきニコ動の同士がエリッククラプトンも接種後大好きなギターが弾けなくなり大変後悔とそれから色々調べて憤っている動画アップしていました。有名無名属性全く関係なく今回は施行されていますね🙌,3,れんたん😎
99,1回目の接種で、頭痛、倦怠感、腕が上がらないほど痛くて肘から下しか動かせない、両膝や腰が痛い、手に力が入りずらくスマホを持ってるだけで違和感を感じる程の握力低下。37.5℃の発熱。平熱は35.8～36.5℃の間が多いので1.0℃以上高い。とりあえずしんどいという結果。,53,らいたんN / Ra1taN,5
99-1,@Ka Hi いやそうでなくて、ワクパスなんか施行されたら、最初にワッ君受け入れて打った人でも、後になって苦しくなってうちたくなくなったら、困るという事です。日本語上手い、カイ君という人が動画上げてくれていますが、副反応キツすぎて、🤮吐いたりとか大変だったみたいで、ブースターの三回目とかはもぉ打たないって言ってます。ところがイスラエルでは、ワクパスが導入されているから、今ではカイ君みたいな人達も増えているせいか、ワクパス撤回デモが起きています。日本も同じになるでしょう。だったらワクパスなんか導入される前に、ワク受け入れ派もワクパスには反対するべきではないでしょうか？打つ打たないは個人の自由、でも「もぉ打ちたくない！」ってなった時のために、ワクパスにはみんなで反対しておくべきと思います。ワッ君打ってる打ってないで、感染拡大予防の効果には関係ないんですから。,19,fukuyamahironobu
99-2,@fukuyamahironobu 心配しなくても良いですよ。打つ人は打ちます。打たない人は打ちません。,10,Ka Hi
99-3,半年で効果切れるから、ブースターショット必要みたいですね。ワクパス導入されたら、副反応がどんなにキツくても、半年ごとにワクパス更新のブースターショットですよ、受け入れられますか？,23,fukuyamahironobu
100,ここでワク推進派、反対派、一部反対派の知識人呼んで討論見せてください。究極のバランスの良い報道お願いします。,8,herakoi herakoi,0
101,暗に『亡くなってる数も氷山の一角』と訴えてくれてるような気もします。【ミヤネ屋】は打ち切って【オオイシ屋】でいいわ📣真実の報道、頑張ってください。,204,なかなかびー,3
101-1,宮根といい坂上といい、視聴者から需要ゼロのMCも駒としては優秀なんでしょうね。。。,1,Y N
102,皮肉なことに大石が言っていることはみんなしってます。ただこのみんな知ってることをテレビで報道すると言うことがニュースになっているという皮肉。,58,Ikuyas,0
103,感染死の定義とワクワク死の定義がハッキリわからないんだよね。後遺症も同じ。そういう事がハッキリしないうちは接種しない。,50,リリヤン64,0
104,副反応疑い件数の数字を他の番組なら垂れ流して終わりでしょう。その数字の出方を詳しく説明するところは素晴らしいです。大石さんは、報道の最後の砦、希望の光です。,6,のりすけ,0
105,この程度のことを報道できない東京キー局。,116,amazing thailand,0
106,私の父も副反応で苦しんでいます。最悪死ぬかもしれません。報告にはあがりません。高齢者は免疫力低下でよくある事で済まされました。,12,木蓮,0
107,同僚はモデルナを打って1週間後に入院になりました。友達の義母はくも膜下出血で生死を彷徨い１ヶ月以上意識が戻らなかった。同僚の9割以上は副反応を訴えてました。,11,Nao C,0
108,大石さんの性格の良さが分かります。,3,ナイス孝男,0
109,お話を聞いた専門家が口を揃えて因果関係はわからないだろう...と。これという命に関わるような基礎疾患もなく健康だった若者が数日後に突然倒れてそのままお亡くなりになったとして、も。接種の有無に関わらず何らかの要因で急死する運命だったとされ事務的なお悔やみの言葉を頂いてそれで終わりって事ですね。なにせ専門家が口を揃えて証明しようがないと言うんだから、最初から因果関係なんて認めるつもりはないんですね政府は❗かたや接種しても引き続き感染のリスクや重症化のリスクは残るのでこれまで通りどこへ行くにもマスクしてソーシャルディスタンスして、休日もあちこち遊びに行くのも控えて今後の人生を万が一の副作用に怯えて暮らせと？そんなの逆に接種の有無に関わらず感染する時はするし重症化する時はする運命なんですか？しかも数ヵ月で予防効果もがた落ちでブースター接種してその度に副反応で発熱(自分はありました)で最悪は命を懸けろと？そこまでして打ち続けるメリットあるんですか？って話。自分は諸事情で仕方なく接種済ですがブースター接種なんてクビになろうが行動制限されようが断固としてご遠慮します。,27,ヤグモ博士,0
110,YOU ARE THE MAN!!!,11,松本佳己,0
111,ワクチン後遺症もあります。,23,水樹水魚,0
112,さっきニコ動の同士がエリッククラプトンも接種後大好きなギターが弾けなくなり大変後悔とそれから色々調べて憤っている動画アップしていました。有名無名属性全く関係なく今回は施行されていますね🙌,4,れんたん😎,0
113,言い方がうますぎてめっちゃ不安を煽られる,9,だゆう,0
114,ぜひ、過去数十年の日本の死亡者数と、コロナが始まった去年、そしてワクチンが始まった今年の死亡者数を比べてみて下さい。,2,Nao C,0
115,大石さん番組スタッフさんありがとうございます。番組拝見してお願いしたいことあります。今、若い方にワクチンが接種進んできて心筋炎の副反応特にモデルナがとても多いです。国は若い人、学生子どもにまで打たせようとしてますがその影で多くの若い方々の副反応の酷さに心を痛めています。どうぞ厚労省の副反応を分析して何日後にどういう副反応があるのかそこまでできれば放送してほしいです。ワクチンの怖さを知らずに子どもたちにワクチン接種させているおやごさんに気がついてほしいと心から願っています。他局ではできません。どうぞ宜しくお願いします。,10,jemi,0
116,圧力に負けず、頑張ってください。応援しています。,3,S Tanaka,0
117,ワクチンを接種した方としない方で、後遺症に差があるのかわかれば、視聴者の参考になります。是非分析結果を教えてください。,1,国見ヶ丘,0
118,世田谷区の後遺症の調査は確か４月時点から半年後の追跡調査なので、アルファ株のものなのではないでしょうか？デルタ株は感染力は強いですが重傷化、死亡化率がかなり下がっていると思います。恐らくで全くの憶測ですが、後遺症の割合も下がっている可能性があると思います。これからうつワクチンについては後遺症も現状の後遺症、重傷化、死亡率を見て考える必要があると思います。,24,ぴ。トロ,3
118-1,@ぴ。トロ デルタ株が死亡率が低いかも。と書かれていたので、日本のデータで7月にアルファ、デルタの両方を比較したデータがあったのでそれを以て、今のところ有意差はないという事を書いたまでです。後遺症に関する株違いの影響データは見たことはないので私には推測もできませんし言及しておりません。,0,Ka Hi
118-2,@Ka Hi この公表されているデータは４月からの累積感染者ではなく、４月時点で感染していた人へのアンケートを元に解析したものと読み取れます。なので７月は関係ないかと。詳しくないので単純に各国のグラフからしか状況を見られませんが、ルーマニアは死亡率は現在下がっているように思えます。ブルガリアは上がっています。でも、アメリカと日本が接種率に関わらず感染状況や重傷化死亡化率が全然違うように、環境要因、医療資源、ファクターXの存在も完全には否定できないと思うので、その国での死亡率重傷化率を個別に見て考えていくことが大切かなと思います。,1,ぴ。トロ
118-3,どうでしょうね。7月時点のデータではアルファもデルタも大差ない状況でしたが。後、ルーマニアとかブルガリアとかワクチンの接種が少ない国を見ていると結構きてますのでデルタも弱毒化はしていないと思います。,0,Ka Hi
119,私は枠は接種していませんが、イベルの個人輸入をしました。海外で多くの人の命を救っています。是非報道してください。,17,Love Monchan,0
120,さっきまで元気だった人が、たった数ミリリットルの液体で死んだり、心筋炎になったり高熱や嘔吐、皮膚炎は『副反応』で片付けられるようだし。ロットにもよるのか？毒性強すぎないか？,65,A N,0
121,かつての大東亜戦争直前や戦時中の報道を偏っているとか、大本営発表だと揶揄していたマスゴミが今、全く同じことをしています。近衛内閣の時、少しでも一歩引いて見ることができるメディアがあれば、あの戦争は防げていたかもしれない。このコロナ報道、ワクチン報道も同じことが言えるかもしれない。CBCさんの報道姿勢を応援しています。,8,半農半工,0
122,私の親友はワクチン接種直後に失明・半身不随・排尿障害になりましたが、医師がワクチン信者のため副反応疑いとして報告されず、補償も出なかったそうです。病院に行けば皆副反応疑いと認定されるわけではないように思います。,10,S T,1
122-1,武田邦彦先生のコメントは、本当だったんだ。,2,山田直子
123,ファイザー1回目で酷い副反応が出て、2回目延期して、漢方治療しています。ひと月経ちますが、まだ体力は戻らず、コロナにかかったような倦怠感が続いています。もっと副反応を取り上げて欲しいし、ワクチン接種の強要のような風潮は怖いです。色んな病院に行きましたが、強制ではない、自己責任と医者は口を揃えて仰るので、結局ワクチンに詳しい医者はそんなにいないんだなという事を実感した次第です。,21,yu wu,1

124,参考になるコメントが沢山あるので助かりました。有難うございます♪,4,えれな,0
125,Nsです。未だに何らかの要因で入院してきても、ワクチンの接種歴は聴かないんですよね。くも膜下出血の50代の患者は増えていますが、ワクチン接種歴は全く聴いていません。というか、本人は話せない状況や緊急で家族が側にいないケースが多いです。普段より季節違いの感もあり、因果関係はありそうな気がしますが。くも膜下出血の後遺症は寝たきりと、ひどいものです。ただし、医学の進歩により救命できるので、死亡率には繋がりません。,72,Yo Ya,2
125-1,現場の声、ありがとうございます。,11,tom wat
126,次回はファイザーや日本の過去の薬害事件等にも言及して頂きたいですね,16,製薬会社と政府がネオリベと罪務省が国民をぶっ殺す,5
126-1,厚労省が公開してる接種後死亡事例のPDFも削除ですかyoutubeと広告主はいかれてますね,2,製薬会社と政府がネオリベと罪務省が国民をぶっ殺す
126-2,ソースとして記事のURLが貼れないのは不便ですね,0,製薬会社と政府がネオリベと罪務省が国民をぶっ殺す
127,報告されてる接種副反応は一部だと思います。実際には関係あると認めてもらえず泣き寝入り。接種後遺症は自費です。接種が引き金になって亡くなった等も多いと思います。もちろんコロ発症するのも怖いですが何人が重症化するのか亡くなるのか、考えると接種と発症リスクを天秤にかけて判断できるかな、と思います。接種の中長期リスク（ADEや免疫不全）が未知数なのも心配です。,9,Jasmin1999,0
128,大石さん本当にありがとうございます😭,4,kkt tkk,0
129,私の知り合いは糖尿病がありますが、ワクチン二回打っても症状何もでないと言ってました。後遺症って疾患があるなしに関わらずその人によるんだと思います。私は疾患なしですが倦怠感はありました。,0,M M,0
130,昨日、YouTube日テレニュースでコロナ感染した人の後遺症の話をしてました。若い男性が怠くてほとんど寝ていてふらつきながらトイレに行く姿などを流してました。要するに、だからワクチン打ちましょうという意図があるんだとは思いましたが、私はコメントしてみました。私が書いたコメントは、コロナ感染しても何にも治療してもらえなかったからこうなったという証拠映像にもなりますよね、感染したすぐの段階でイベルメクチンなどの治療していればこんな酷い後遺症にはならなかったかもしれないので、もう１年以上国民は治療してもらえてないという政府のせいでは？とコメントしました。すると先ほどみたら、そのNEWS動画が削除されてました。表示できないからそういうことだと思います。まさか、何故削除されたのか？私、まずいこと書いたかな？なーんてちょっと思ってます笑,24,カイゲンルーシー,1

131,私の周り（家族や職場）では8:2くらいで副反応出た人の方が多いですね。女性は全員発熱。妹は38、39℃が2回でました。2日熱出て3日目に下がり、翌日またぶり返した感じ。ぶり返しの時吐き気も出てました。もう1人は熱と全身じんましんと目眩。今までこんなに副反応出たワクチンって聞いた事ないですよね。。あとワクチン後に死亡しても、結局因果関係不明だからと診断書にそれを書いてくれない医者が結構いるようです。Twitterに当事者の方が書き込んでるのをちらほら見た感じの事ではありますが。日頃の業務が忙しくて国への報告が面倒なのかも。。,21,next who's,4
131-1,@玄武蝶雨 でしょうね。。そんなこったろうと思いました。,5,next who's
131-2,39度の発熱とか「大ごと」ですよね。脳炎とか脳症の危険性もあります。男性なら不妊症の危険性もあります。このような「症状」が頻繁に起こっているのに「抗体」ができるための云々とか、おかしすぎるのに誰も指摘しない。ふつうだったら即刻中止になるのにならない。社会全体がふつうじゃない証拠。,6,トレーヤーマイ
131-3,助成金が出ないから死亡例の報告義務も無いし、余計な仕事を増やしたく無いってのが医師達の本音ですよ。医療事務員より,8,玄武蝶雨
132,キー局は必要ないと感じる日々,139,やまもと元気,2

133,厚生労働省の官僚はどれくらい打ってるんですか、取材してほしいのですが,14,japan walk vlog rogutere ろぐてれ,0
134,素晴らしい。,7,DJ jocool,0
135,予防接種法に基づく医療機関からの副反応疑い報告状況について★,1,本蟲,0
136,厚生労働省のホームページみて、コロナ感染後後遺症は回復の人が多かった気がしますが。,3,うしのうしこ,0
137,ある若い女の子YouTuberさんが、接種後に熱が出た様子等をあげられていて、対しファンの子達が「参考になります～」等々。いや、ワクに関する事だけは他も見なきゃ、調べなきゃだろうに！この動画になんて、たどり着きもしないかもだけど。,26,Lies and Truth,0
138,データに基づき中立の立場でどちらも隠蔽せず、本当に素晴らしい、報道の鏡です！！！,2,C T,0
139,これこそが報道です。ありがとうございます。,4,カラクリBOX,0
140,ありがとう！,1,The -NORMAL-jp,0
141,質問ですが､肺炎の重症と､コロナの重症では､症状が異なるのでしょうか？厚生労働省のホームページで､人口動態調査が公表されています｡これは､一年間に亡くなった方の人数と病名が書かれています｡コロナ前の2019年まで､肺炎で亡くなった総数は､約9万人｡一日平均240人強が､肺炎で亡くなられています｡私の疑問は､通常の肺炎患者を､コロナ患者にすり替えている事があるのではと｡,23,佐々奈美,1

142,国民はそんなに馬鹿じゃありません！　周りの接種者も、接種済みでもコロナに罹るときは罹るという認識です。現在 理系企業などでは情報偏差値の高い社員が多い為か、接種済みの社員が未接種の社員に対し常に距離をおいてシェデイングが起きないように仕事をしている状況です。,7,丹波鉄二,2

143,私の周りにも 仕事先の奥さんの職場で、ワクチン接種後、次の日に亡くなった方がいてます😰お店から出てきたご夫婦の、奥さんが、急にバタン！と倒れて、痙攣しだしたのを通りすがりに目撃した！と 身近な友達も居て、そんな事例も沢山ある中 因果関係、不明とか、情報操作？隠蔽 何がおかしな事が起きている感は感じます 怖いです😱,9,オイシイクロワッサン,0
144,大石さん本当にありがとうございます。私が怖いのは、ワクチンを打って5〜10年後に出る症状です。2.3日で副反応治るからワクチン打てとかいう圧力が結構あって怖いです😢,3,すまいるまん,0
145,風邪は何処までいこうが風邪なんだよ、新しかろうが古かろうが！,34,くだら観音,0
146,NHK、解体して、CBCに任せてみたら。。FCC真実法が効いています。(笑),12,K&Y TV,0
147,私の周りだけでもモデルナ1000人位の副反応いるわ厚労省の人には副反応ないの？あっ、打ってないのかな,193,夜鍋,8
147-1,ファ、モデ、アスの社員も接種拒否を国際的に認められてる,0,yuki yuki
147-2,そう!,1,はちみつ白
147-3,@ゲゲゲの猫娘 何という法律ですか？教えてください。,3,マティ子
147-4,@ゲゲゲの猫娘 何という法律なんですか？,3,hachi 0
147-5,議員や公務員はちゃっかり打たなくて良い法律作ってます⭐︎,23,ゲゲゲの猫娘
147-6,打ってたら昨日の様に馬鹿げた分科会開けません٩(๑´3｀๑)۶武田の社員すら打ってないのでは？,13,れんたん😎
147-7,政府内の接種率は、わずか5%ほどだと聞いた事あります。,18,fukuyamahironobu
147-8,うってません,23,田中ゆう
148,素晴らしい報道です‼️‼️🙇‍♂️今国民が最も知りたい具体的内容かと思います「イヤ〜本当に見事な分析です！」👏👏👏,3,Hitochann,0
149,一回目のワクチン予約が全くとれないのに、三回目の接種の話が進んでいる。,3,hi sa,0
150,政府や製薬会社、ワクチン接種を推進している側がデメリットにほぼ触れず、メリットばかりを伝えるから疑心暗鬼になる😅メリットデメリット両方の情報や、分からないなら可能性の話でもいいから出来るだけ実際に起こったことを知りたいのに🥺こんな風に取材から見える真実だけを報道しようとする番組が少ないのでありがたいです,7,Leaf moon,0
151,人口動態統計を調べて欲しいです,2,やすのり,0
152,ロバートヤング博士のワクチン成分表を見て、考え報道してください。,21,男トチ,0
153,すばらしい。,6,カネヒキリ,0
154,後遺症は症状を一部の地域の人数とパーセント表示、副反応は接種全体の人数に対して病院にかかった人数表示。どうして同じような比較をしないのですかね！副反応もアンケートを使って同じように比較するべきではないでしょうか。後遺症は苦しい苦しいって言うのに、副反応は2、3日で直りますよねって、すごい印象操作してますね。ワクチン副反応で高熱が出て苦しかったとか、苦しかったから2回目は受けないとか、腕が痛くてとか聞きますけど？,13,m mi,0
155,副反応は出なかった医者に言われたのが打ったら、直ぐ薬を飲みなさいとりあえず二日間飲みなさいって言われた熱は出ないと思うって,3,The Laughing Man,0
156,日本の超過死亡の７月が出ましたが、相変わらず高いです。５月が１万１千人プラス、６月が１万人プラス、７月が９千人プラス。,83,kk,6
156-1,3月は過去５年平均に比べ+4000のようです。,3,kk
156-2,@Ka Hi 何故関係無いと言えるんだい？,7,柳仁
156-3,3月辺りから前年比で一月辺り＋1万人増えてるし時期を考えると　これはコロスケではなくてヤバい注射で殺されてるんではないかね？,38,柳仁
157,３回目の接種で全てを消去、証拠隠滅を図る気か・・・・・,24,のふよしき,1
157-1,3回目の接種で証拠隠滅。ってできないでしょう。副反応がなくなるんですか？ああ、みんな死ぬって方？,5,Ka Hi
158,私はコロナにかかってないですが、ここ2ヶ月前から抜け毛がひどい気がします。季節の変わり目だからですかね❓,5,Ana Paula Galindo,2
158-1,@UFOは何馬力？ 私もサプリ　色々飲んでるし、シャンプーも変えてみたけどまだ抜けるからウイルス兵器撒いてると思う😱,0,Ana Paula Galindo
158-2,自分もシャンプー&トリートメント後のすすぎ洗いでも異常に抜けて、更にはドライヤーの時まで抜けて悩んでます。ここ数ヶ月続いてます。仕方ないので亜鉛サプリ飲んで気を紛らせてます…。さりげなくウイルス兵器撒いてない？ってくらい疑心暗鬼になります。,2,UFOは何馬力？
159,PCR陽性者全員の半数が後遺症なのですか？それとも発症者の内の半数ですか？,26,tomtom bokuboku,3
159-1,そもそも発症してなければ病気じゃないですPCRなんてなんの意味もありません,1,エル
159-2,@るしろくま ですよね！もっと言えば年代別、重症度別にだしてほしいものです。あとN数も少なすぎますね、3000人は。これで全体をどうこう言えない気がします。,4,tomtom bokuboku
159-3,私もそれ気になってました！,3,るしろくま
160,大石さん本当にありがとうございます。私が怖いのは、ワクチンを打って5〜10年後に出る症状です。2.3日で副反応治るからワクチン打てとかいう圧力が結構あって怖いです😢,2,すまいるまん,0
161,解剖しなくなったから、わからないんですよね😔,39,おにP,7
161-1,@fukuyamahironobu いつから禁止になりましたか？厚労省の発表は済んでますか？少数ながらおこなわれてた様ですが。,2,Jon taraiter
161-2,@Jon taraiter 解剖はWHOが禁止しているって話ですよ。,4,fukuyamahironobu
161-3,@かえるさん このチャンネルの大石さんが21/09/03 21:59での前半部分の話です。解剖して死亡に至る要因の複数を確認する所からやらないと、因果関係は全く進まないんですよ。研究途上にあるので、多くの報告を出さないと改善されないのです。改善要望をくみ取って欲しい。,6,Jon taraiter
161-4,痕跡が残らないようです。どなたかの動画で見ました。(忘れてごめんなさい),5,かえるさん
161-5,担当医はこの条件の経験が無いので断言できないよね。解剖して研究する意欲が欲しい。,6,Jon taraiter
162,他のYouTuberさんたち結構バンされてて、某医師なんてアカバンまでされてるのに、この番組は大丈夫なんですね？なぜ？,18,riko,1
162-1,是々非々で、上手くぼやかしているからでしょうね。これ以外の深堀はスポーツネタなど、当たり障りもないものばかりですし。,0,越後屋康介
163,コロナで根拠のないデマを流したら罰則とかどっかの国であったよね。デマってどう判断するんだろ。,4,アキぴnest,0
164,567にかかる確率 × 心筋炎になる確率と、ワクを打って心筋炎になる確率を比べれば、前者の方がずっと少ないはずだ。,4,ボコリン,0
165,軽い副反応はきちんと副反応だと認めているだけで、重い副反応は認めるわけにいかないから『副反応疑い』として上がっているだけ。どうして軽い副反応に関してだけは因果関係を認めるのかが謎です。科学的でない。,1,よっこ,0
166,ワクチン　怖い　ワクチンもタヒ,50,郁子 大園,0
167,北海道の放送局は無理なのかなこういう報道,3,haru,0
168,大石さん始めCBCスタッフの皆様本当にありがとうございます。これこそ本当の報道だと思います。,13,井原世之介,0
169,コロナ後遺症のことを言われてもコロナにかっかた人すら２−３人しか知らないし、後遺症があるなんて周りに聞いたことがありません。,26,Ikuyas,7
169-1,@Ikuyas さま面白い解釈をされますね(笑)インフルエンザと同じです。ｲﾝﾌﾙは熱が下がってから３日たたないと学校や仕事に行けないでしょう？ﾄﾞｰﾍﾞﾙﾏﾝも鎖もないけど他の人に感染させないためでしょう。ｺﾛﾅは２週間の自宅療養を指示されたから人に感染させない為に従っただけですよ。直接会わないのも感染を避けての行動ですが⋅⋅⋅保健所からの電話は「高熱が出たら解熱剤飲んでね」位の簡単なｱﾄﾞﾊﾞｲｽだったそうです。面倒くさくて電話に出なかったら会社にまで電話がいったそうです。所在の確認ですね(笑)私も毎日電話してましたが連絡つかないと本当に心配でした(・・;)幸い軽症だったので予定より早く療養期間があけました。電話での情報だけで医師でもない保健所の判断で自宅療養期間が決まるのもどうかと思います。再度の検査もありませんでしたし。なんせ５ヶ月も前の事なので参考にはならないかも。その時は不思議に思いませんでしたが、今は色々状況も変わってますし知識も増えたよね(^_^)どこの病院でも早期に治療.お薬の処方が出来るようになるとよいですね。これにて失礼します🙇,3,朝倉典子
169-2,@朝倉典子 ありがとうございます。と言うことはなんの薬の処方も生活指導もされなかったんでしょうか。例えばビタミンCを取るとか、よく寝るとか、いっぱい水を飲むとか。保健所から許可がないと部屋から出れないってことは部屋が鎖で繋がれててドアが開かなくて、ドアの前では２匹のドーベルマンが見張っていて保健所からのスタッフがいないと鍵を開けられなかったということでしょうか。,2,Ikuyas
169-3,@Ikuyas さま熱が出たので病院へ行ったら37.5℃なく、風邪薬の処方のみ。家では38℃弱あったので食い下がり検査をしてもらったら陽性反応。自宅療養をするよう指示され、保健所からは毎日電話があり健康状態.体温の確認ですね。一人暮らしだったので旦那と車で片道三時間ほどかけて食糧や飲み物等を届けてました。私も心配で色々聞きたかったのですが直接会えず玄関前に届ける日々でしたね、毎日ではないけど。10日後位に仕事へ行けるようになりましたが再検査はしませんでした。不要のようですね。熱が下がってから体調が良くなっても部屋から出れない事が苦痛だったそうです。保健所から許可がないとだめなのね(・・;),5,朝倉典子
169-4,​@朝倉典子 保健所の指示はどんな指示でしたか。脱水しないように水を飲んでくださいだけですか。,3,Ikuyas
169-5,身内の者がコロナ感染した時は数日間熱が上がったり下がったりしましたが、数日で完治。保健所の指示どうり自宅療養のみでした。完治から５ヶ月経ちましたが、後遺症も無く元気に仕事してます。個人差はありますよね(^.^)納豆好きで毎日食べてたからかな？(^_^;)私は今まで通り感染予防を続け、免疫力も高める生活でﾜｸﾁﾝは必要ないと考えておりますが、娘達や孫達へ同じ考えを勧める事は出来ません。お互い相手を思っての事でも、そのせいで取り返しのつかない結果になったら私は耐えられません。自分の事なら全て運命と受け止めますが(._.)ﾜｸﾁﾝ接種しても、しなくても後悔するかもしれないし、何とも無いかもしれない。私は、どうか大切な方々が元気であれと願うしか出来ません。安全だと言い切り推奨する政府は凄いなーちなみにｲﾍﾞﾙﾒｸﾁﾝは手元にあります(^.^),8,朝倉典子
169-6,私は以前風邪をひいたとき、咳は長く続き、嗅覚障害も数ヶ月ありました。今までの風邪でも後遺症なんてザラにあったのです。,14,清水夏子
169-7,陽性になった人は知ってるけど、後遺症が残ったとかマジで1人もいないし、聞いたこともない。,20,mochaちゃん
170,今回も本当にありがとうございました。まともな内容が観れるのはここだけですね。。。国は推進だけは熱心に行いますが、打ちっぱなしの印象しかないです。国民は海外で発表されている様々な情報を目にしてはいますが、日本からは独自の分析の情報が全く発表されない...1億回も摂取されているのに何も分析していないのしょうか...今の日本の海外頼みのやり方では不安でしかないです。,6,chiaki M,0
171,摂取後の人口動態までは報道のレッドラインを超すかな？,1,たこ元,0
172,「任意」を尊重した報道姿勢がとても良いです。北欧二国で30歳以下のモデルナワクチン停止となりましたね。心筋炎、心筋梗塞、帯状疱疹他、死者とリスク高い副反応があまりに多かったからです。,2,Haruka Yamazaki,0
173,副反応疑いの件数少なすぎー！ほぼ全員あるよね？？,22,ゆう,0
174,大石さんチョッピリ風邪ひいてる?!心配です٩(๑´3｀๑)۶,1,れんたん😎,0
175,そもそも特例のモノなのになぜ(・・;解除後まで行われているのが不思議です。言及せず実施した場合自治体の責任問題では…。勉強不足かもしれないけど。他の与野党、報道もおかしいですね。,5,オシリスの天空竜,0
176,コロナになりましたが予防接種受けたいとは思いません。直感です。受けた人も私と同じくらい苦しんでいるのを聞いているからです。少しでも真実を伝えて欲しいです,0,Yukiko Asakuma,0
177,YouTubeでは言論の制限あるから伝えたいことあっても削除されるので書けませんが、Twitterとニコ動には沢山の情報が散らばっています。矛盾を感じ違和感を感じたなら自分の目で沢山の情報を収集するべきです。,17,ランリンルン,0
178,ファイザーの副反応疑い少なくね⁇,2,ありす88,0
179,いつもありがとうございます今までの重症や死亡者、どれぐらいが2回接種済の方なのかぜひ取材して頂きたいです！,0,柴犬なな NaNa,0
180,まともな報道を久しぶりに見ましたありがとうございます,3,梅本泰英,0
181,年配の知人に頼まれてワクチン接種の付き添いをしました。その人は持病とか無かったですし元気でしたが、接種後に会場で様子見の待機してたら突然アナフィラキシーショックを起こして倒れました。全身に赤い発疹と意識障害と呼吸困難…怖かったです。少し前に友達が接種しましたが、生理が終わったばかりなのに接種したらまた生理来たんだよねぇ。なんか鼻血も出るんだけどヤバくない？って言ってました。接種後に生理が来たって人は周りに何人かいるんですよね。半月以上、頭痛と倦怠感が続いてる人や平衡感覚がおかしいと言う人、目眩で起き上がることさえ出来なくなった人もいます。私は接種は様子見でしたが、こんなのを目の当たりにしたら益々接種する勇気は湧かないです😵💧多分国産でも怪しい成分なら接種しないかな。安心し納得できるものが出たらその時にと思ってます。年内承認になる予定の治療薬もありますし、いざとなればイベルメクチンもあるので感染対策しながら気長に待ちますよ―。,9,4- leafs,0
182,ワクチン接種後に重症化した例はあるのだろうか…。重症化しないようにワクチンは打つわけだけど、それが知りたい。,3,大日本人,0
183,私の妹はワクチン接種後40度近い熱が出て昏睡状態になり、病院に連絡をしました。病院に来てもらっても対処方法はないと来院をお断りされました。,6,dash dash,1
183-1,病院名公表してほしいです。が、無理ですかね。,1,山田直子
184,テレビでワクチン打ってくださいという話を聞く度に誰に話を聞けば公平な意見を聞けるのだろうってすごく思います。所詮は他人事。死ぬか生きるかは自分次第なわけだしせめて自分で納得のいく判断ができるようにテレビでこういう話をして欲しいです。無知はほんと怖いです。2回目の接種を控えているのでしっかり考えたいと思いました。ためになる話ありがとうございます。,1,はら,0
185,後遺症の症状コロナパンデミック前でも当てはまるものばかりだったww。,1,flower80,0
186,もう、コロナの話いいわ。,2,シナモン,0
187,BANされないかが心配です。,8,鰻.,0
188,後遺症の話をするならどの位の期間の人が何人と細かく出して欲しいうちは長くても1ヶ月位でしたい後遺症とはどの位の期間を言うのですか？,2,クーママ,2
188-1,@隆 上野 有難うございました,0,クーママ
188-2,私は接種していません。後遺症のあるかたは、数日中で発熱や腕が上がらないが収まっているようです。倦怠感や発熱や内科に目がまぶしいやかすみや複視などブドウ膜炎なら眼科受診で、顔面神経麻痺などは、脳神経内科や重くなれば脳神経外科です。心筋炎や心不全や大動脈疾患や内臓疾患も副反応があるので、脳出血など命を落とす。1233人がお亡くなりになられていますから、3回目接種や幼いお子様への影響を考えて、ユーチューブ削除された医師やジャーナリストさんがいらっしゃいます！CBCさんのこの大石様の解説を聴き親しい仲間にお伝えください。ユーチューブ削除されニコニコ動画さんさんも、コロナ感染症やワクチン接種を否定的見解示すと削除されてしまいます。私は、無党派ですが、岡山･倉敷新型コロナ感染症対策市民審議会をグーグルで検索してみてくださいませんか！子ども達へのワクチン接種だけでなく大人へのワクチン接種についてもヒントがあります。最後に午後は、ゴゴスマを見ましょう。大阪のねずみ男より,0,隆 上野
189,出所から操作されてたらどうしようもない実際に会わないとなんなら全員にできないことがわかってるからそこを使う,6,btwわなどぅアベサァダァ,1

190,後遺症が一年以上って、そもそもコロナ流行ってから一年ちょっとしか経ってないんだが、ロングコビットととやらはどれくらいいるのか？,20,小林武治,1
190-1,うつ病の症状と区別がつくのか疑問です,1,猫岸夏目
191,【小川ともこ初の一般質問：アシタノワダイ党≪仮≫】より三重県・松坂市竹上市長の議会での発言①法律的には感染者も陽性者も同義である②予防接種で不妊になるというのは全くのデマである③若年者への予防接種は粛々と進めていくべきである,0,正宏,0
192,大石さんは地方局ではもったいない人材だけれども、（後半部分は）全国放送だと話せないよね。製薬会社の大株主たちは強力だからね。,4,hm1914,0
193,新型コロナウイルス感染症の国内発生動向(速報値)★,0,本蟲,0
194,後遺症、後遺症といいますけど、それは新型コロナから来ているかどうかは、本当のところわからないですよね？　確定診断がPCR検査なんですから。　これが深堀りってなるのでしょうか？,5,教忍,0
195,新たなYouTubeポリシーでは💉に関してはここまで言うのが限界ですよね～。言論弾圧だ💢,20,ookamisannha,0
196,批判も肯定も、ワクチンの仕組み調べてからしてね宗教じゃないんだからさ,5,kick tack,0
197,私、私の子どもたちは今国産ワクチンを待っている状況です。なぜなら私の母の、一番皮膚に近い毛細静脈の一部が、一回目二週間後から止まってしまったからです。お医者様によると一生そのままであろうと。内側の血管ではないので手術しなくても生活に支障はない。多分そういうことであろうと。時々いらっしゃると。その程度では保健所に報告しても電話で聞いて終わりですと。家族会議をして、この先の人生が長い子どもたちと、子どもたちが大人になるまで守る役の私は国産を待ち、都市で働く夫はワクチンを打つことになりました。きちんと上にあげる、きちんと検証する、皆が偏らずきちんとニュースにしていただけるとありがたいですね。勇気ある動画、ありがとうございます。,58,suzukaze,4
197-1,@fukuyamahironobu ありがとうございますm(_ _)m✨,2,suzukaze
197-2,@かえるさん ありがとうございます！調べます！,9,suzukaze
197-3,国産でも どういう作り方をした物か 親会社はどこか ちゃんと調べてね,21,かえるさん
198,もはやこのテレビ局しか信用できないですね,7,K T,0
199,You Tubeというか、世界の闇からアカウントを消去されませんように🙏,6,kira kira,0
200,酸化グラフェンと5ジーですね,1,【メイン】True Fact Check,0
201,私の主人は。二回接種してから、あちこち身体が痛いと言ってます。変な咳ばかり出てます。心配です。,0,杉藤志おり,0
202,私はまだ接種しようかどうか迷ってます。ところで大石さんは、接種されてるんですか？もしされてるのならどちらのワクチンですか？もしよろしければ教えていただきたいです。参考にしたいので。,3,demioer,0
203,ワクチン後　肩コリのような症状がでています　色々調べてみたら　あまり注射の位置上すぎると　このような症状になるらしい　３回目受けたくない気持ちでいっぱいです; ;,2,I sekai game 404,2
203-1,受けたくないのに受けるんですか？誰かに強要されているんですか？,3,奈良ぷー
203-2,ワクチン接種大切だと思っていましたが　後遺症悩まされている人少なからずいます　コロナ収束祈るばかりです,1,I sekai game 404
204,こんな公平でわかりやすい動画に👎付けてるのは誰なのか…何か知らされるとマズい事でも有るのかな？,4,黄金世界,0
205,モデルナ死亡34人の中には15歳の子供も含まれています。また副反応の中に、12歳女性、15歳男性の心筋炎の報告も。両者ともその後軽快という評価をされていますが、12歳の女の子は重篤度が重い判定です。心筋炎って重篤になっても簡単に治るもんなんでしょうか？マスコミは報道しません。一方感染者(陽性者)の報道でNHKは、事故死でたまたま陽性だった10代男性を「都のこれまでの発表で10代が亡くなるのは初めてです！」と大きく報道。おかしくないですか？,10,Toshiyuki Shoda,0
206,超過死亡者数も調べたほうがいいですよ。,0,yukimitu1221,0
207,中日ドラゴンズの選手もワクチン接種後に死亡しました,3,Romohito,0
208,なんか突っ込みが足りないね。表層的な情報に報道としての価値はないよ。見えていないものをえぐり出して表に出すことこそ報道の意味。,3,山田菊次郎,0
209,怖いねでも、チクちゃんも同等以上に怖い。,0,Emily.,0
210,どうしたらいいのかわからないです。,18,yukko,24
210-1,@fukuyamahironobu さん、そうなんですか！ひどい！わかりました！ありがとうございます！,1,yukko
210-2,@yukko 様また返信コメント消されてました。😥もぉなにも教える事が出来ません。😭申し訳ないですけど、ご自身で頑張って色々調べてもらうしかないようです。YouTube ではなく、ニコニコに色んな動画が上がっているはずなので、そっちで調べた方が良いと思います。,0,fukuyamahironobu
210-3,@隆 上野 さん、うわあ、最悪ですね！！,0,yukko
210-4,@fukuyamahironobu さん、ありがとうございます😊よく消されるって、目つけられてますかね？海外の反ワクパスデモってどうやって見れるんですか？YouTubeでみれますか？海外の情報全然見なくなった気がします。,1,yukko
210-5,@隆 上野 さん、私の周りも、絶対こうですよ！て、言う人もいないし、みんな悩みながらも接種したり、しなかったりです。数年後の心配もしても何もわからないです。ワクパスは辞めて欲しいとは思ってます。行動はもちろん自分や周りと相談してますが、スッキリはしないですね！さようなら,0,yukko
210-6,@yukko 様  緊急事態宣言が解除されています。接種は、あくまでも本人の判断事項です！あなたが家族や兄弟姉妹に親戚の方に相談して決めることですよ！何もなく数年後の未来は、わからないです！遊びに出かけることを否定しないです。あなたの自由です！20代のかたもお亡くなりになられている事も頭の片隅に入れて、行動してください。さようなら,1,隆 上野
210-7,@ゲゲゲの猫娘 さん、ありがとうございます。最悪ですよね。,4,yukko
210-8,@隆 上野 さん、辞めてほしいですね。,3,yukko
210-9,@fukuyamahironobu さん、ありがとうございます。。私も自分のカンみたいな感じで打たないんですが、あまりにも周りは打ちまくってるので、なんでだろう。。。て、思うんです。リスクがあるって聞いてても出かけたいから、打つ、になってます。,2,yukko
210-10,@ヤマシン さん、ありがとうございます。,1,yukko
210-11,@隆 上野 さん、ありがとうございます。それでも打つ人がいっぱいいるから、なぜ？て、なってます。,3,yukko
210-12,@隆 上野 さん！そうします！ありがとうございます！返信の仕方がわからなくて、今わかりました！！,1,yukko
210-13,@ゲゲゲの猫娘 様  私の母も脳出血で入院中86才ですが注射しません私も高血圧など生活習慣病もあるので注射しません   最悪命を落とす！心筋炎や脳出血など  重篤なら入院費用は莫大な金額になって、後遺症も失明や寝たきりになっても、因果関係不明です！大阪のねずみ男60才のおっさんより。ありがとうございます。,3,隆 上野
210-14,@tomtom bokuboku 様  夜分に申し訳ございません。前回のお亡くなりになったかたがファイザーが1127モデルナが28でした合計1155です。確か9月10日発表の数字で重篤なかたが4210です。今日発表されたのがファイザー1191モデルナが34で合計1225です。副反応疑いが  ファイザーが13915モデルナが1363です合計15278ですよ  大石様が解説されていた氷山の一角です。12才以上からワクチン接種始まっています。,4,隆 上野
210-15,万が一PCR陽性でも多くの方は、無症状、又は軽症　　若い人は特に自然免疫力が強いから、5年後、10年後のリスクがまだ解らないワ9チン接種をしなくても重症リスクは低い私は、若いと言われる時期を過ぎていますが、もうしばらく長考しますよ🎵,15,ヤマシン
210-16,しかも、少なく見積もってその人数です。医師が関連死と診断、報告しなければここの数にもカウントされません。,29,tomtom bokuboku
211,山梨知事みたいな考えではなく、平等に真剣に考えて欲しいですね。山梨の人達が可哀想です？,0,杉藤志おり,0
212,私はワクチン接種はしない事に決めていました…周りの人達に何で?ワクチン受けないの?と聞かれますが、私は逆に、何故?ワクチン受けるの?と聞きたいです…ワクチン接種が当たり前、ワクチン接種をしない者はコロナに掛かったよう扱い方をされますが（私の地元だけでしょうけど）ちゃんとした報道、これから先の長い目で見た副反応等の対応だったり…きちんとしてほしいな!と思っています,12,女性しずく,0
213,私は基礎疾患有りでワクチン接種ファイザーのワクチン接種2回したが幸いな事に副反応がなかった😎,1,ハル,0
214,インフルエンザの後遺症は？,3,上原仁,0
215,後遺症について語るならどのくらいの期間続くか検証するべきだ僕の経験から言えばここに出ているほかに皮膚疾患もでる僕は蕁麻疹だった。それと倦怠感でるって後遺症じゃなくね？確かにあったけど高熱で僕の場合1週間ほど続けばそりゃ倦怠感くらいでるわこの人の説明だといつ治るのかわからないように説明しているがそれもどのくらい続くのか？統計取りなさい不安だけ煽るやり方はいい加減やめろ自分が新コロになってまぁ中等症だけどメディアの過度な煽りがよく分かった死亡についでもその医師は診断書にワクチン接種後死亡と書いたと言ってはいるが実際には厚労省が発表しているデータでは因果関係は無し、不明と発表されるだけまるで意味が無いこれじゃまた煽るだけのニュースと変わらないワクチンについてWHOや厚労省の見解と違う事は言えば削除の方向ですからはっきりは言えないのかもしれないが日本のyoutubeも言論統制してる状態だしちょっと怖いわｗ,8,秀秀,0
216,罹った人、生き残る事ができたなら、その後ワクチン打つ必要って無いでしょ。,10,熊本ゴタ美,0
217,私にとって最悪なのはワクチン打ってコロナになることです。ワクチンの副反応とコロナの副反応両方同時に起きたらめちゃめちゃつらいと思うので私は打ちません。,2,あさひ,0
218,自分は1回目接種完了。ワクチン接種後に死ぬ確率は交通事故で死ね確率より低い。大した確率ではない。それよりか感染して症状が重くなり、溺れ続け、苦しみつづけるのはとてもじゃないけれど耐えられない。,3,kazumi7878,0
219,脅しすぎ。年寄りと若者で全く目線違うでしょ？,2,竹田 光寛【TAKEチャンネル Nature Future】,0
220,ワクチン後の数字は、当てになりません。トリックです。副反応は、私の周りでは８割の人に見られましたよ。,8,ひでちゃん,0
221,2021年10月末秋田県の接種会場でワクチン打った後に1５分の経過後、接種会場のトイレに行き、そのまま死亡していた。ワクチン接種の因果関係不明。,3,森まりあ,0
222,結局どうすればいいのかわからない。打つか打たないか1年ずっと悩んでました。大石さんはワクチンうってないのでしょうか？打っても死ぬかもしれないし、うたなかったらコロナで死ぬかもしれないし。実家にいる祖父が通っている施設はワクチン打ってない県外の人と接触したら施設に来ちゃいけなくなるらしくて、母にもうってと大丈夫と言われて予約したけど、怖くなってきました。父は夏に９月に2回目接種済みですがうったところが未だに少し痛いらしいです。,0,Sawano,0
223,中日の木下と平田について頼む。,8,33 Owl,0
224,今年5月の人口動態統計では死者が1万人も増えてますこれは大変なことなんだけど誰も騒ぎませんね増加した死者1万人分の95％が70歳以上の高齢者ですコロナでなくなったのか、ワクチンでなくなったのかもしくは両方か,6,ヤマシロ,0
225,これぞ真の報道✨足で取材し、現場の真実を追求しつつも、自分の声を届けてくれる🎤今では数少ない、とても貴重な報道マンであると感激しました。日本にもまだこんな方がいてくれたと、安堵しました。,1,misa A,0
226,1987年に集団予防接種を、なぜやめたか。の記事を読んでから、考え直して。小林よしのりさん　の動画βで復活。,4,清田義男,0
227,人間性って顔に出るよね。いい顔してる。テレビの中の人。悪い顔してるよね。ちゃんと顔を見て信じていい人なのか判断しようよと思うね。,0,future six,0
228,感染多い大阪？で営業やってるけど、コロナで苦しんだ人知らんな。かなりの人と接してるんだけど。ある商店街、仕事で行くたび店主にこの辺でコロナ出ました？って聞くんだけど、出てないよといつも言われる。よってテレビしか知りません、コロナ患者。みなさん、どうなんかな。,4,herakoi herakoi,3
228-1,@隆 上野  そうですよね。自宅待機で亡くなってるって、どんだけ後進国なんですかね。要するに、この亡くなった方の責任は行政の責任者吉村松井に有りますよ。ああ恐ろしい、自分だったら発狂しますわ。,1,herakoi herakoi
229,素晴らし内容だと思います。受信料を払っても良いと思う位です。それに対してNHK は...。新型ウイルスの毒性と、新型ワクチンの毒性とどちらが危険なのだか、大変に難しい問題だと思います。,3,ああ,0
230,伝え方上手。ワクチン二回目は悪寒と頭痛で死にかけたし、落ち着いてからも倦怠感や記憶障害が若干ある。もちろんカウントはされてないと思いますが、こういう人多いんじゃないでしょうか？子供にうつしたくないので接種したけど、3回目は見送りかな。子供にはかかるの覚悟でも打たせたくないな。,0,適糖,0
231,専門の医者が因果関係判断出来ない状態。死亡しなくても重篤になる可能性も十分にありえるけど打つか。コロナになった時重症や死亡するかもしれん。治っても後遺症残るかもしれんけど打たないか。の賭けをしろって事でしょ？どっちも怖すぎて賭けしたくないんだが。,0,安西先生,1

232,うまいですね。薬品のセールスマンだったら営業成績トップ取れそう。,4,Kimura Shin,0
233,接種してなくて熱が出てPCR陽性が出たけどすぐ治った人の話しは最近2人聞きました。コロナで重症化した人の話しはまだ聞いたことがありません。接種では、知り合いや親戚で軽い熱だけで済んで今の所大丈夫な人もいますが、友人とか知り合いの知り合いくらいには、接種後に亡くなった人が20代〜70代で3人、50代で急性白血病になった人と下半身不随が3週間続いた人が2人います。下半身不随てなんなんですか。意味わかんないです。コロナより接種の有害事象の方が圧倒的に危険だと私は認識してます。接種で一時的にコロナは重症化しないのかもしれないですが、別の病気になったら意味なくないですか？一時的にしか効果なくてリスクのあるものをこの先何度も打って大丈夫なんですかね？健康な人が予防のために安全性のないものを打っていいんですかね？しかも死んでも苦しんでも知りません（因果関係不明）問題ないから接種をお願いしますて気は確かなんでしょうか。撮人事件と撮人未遂事件を放置と同じにしか思えないのですが。もしかしてこのまま完全犯罪を狙うつもりでしょうか。無法地帯なこの状況に背筋が凍りついてます。,13,M M,1

234,この大石さんはワク接種したのかな？,3,CASINO三昧,0
235,後遺症は、治療の点滴薬の影響は考えられないの？あれも遺伝子組み換えなんでしょ？,1,Syoko2525,0
236,そもそも治験をほとんどやってないのに実用化したのが間違い。何も考えずに打てる奴らも思考停止にも程がある。,7,神トレーダー,0
237,中立な報道の鑑,2,dash dash,0
238,解剖もせずに、外見だけで判断？製薬会社との契約で、死因を詳らかにできないと、ハッキリ言えば良いのに,1,A N,0
239,広告会社の奴隷さん,2,hironohara,0
240,チャンネル開設５年で4.5万人しか登録者がいないキー局のチャンネル……。,1,どんちゃん,0
241,どっちの意見も取り上げてるのに、コメ欄は頭ごなしにワクチン否定する人が多いですね。,4,和魂英才,3
241-1,頭ごなしではないと思いますが、否定的な見方の方が多いのは自分も驚きました。それだけデメリットを扱うメディアが少ないせいで集中してしまっているのかと。情報を得た上で接種するかどうかは個人の自由です。,9,植人コウ
241-2,色々と自分で調べている人達は、やっぱり否定論を書き込んでしまいますよ。それは、正義感から抑える事ができないものでございます。,15,fukuyamahironobu
242,岸田死神だ！コイツラに怨念をぶち込む！,0,中嶋敦司,0
243,張り付いてる広告に 👍したい！,0,ゆんよん,0
244,母数をPCR陽性者で論じるのは問題あり。今までのPCR陽性者数は累計でも約170万人で、多く見積もっても国民全体の約1.4％、国民全体にあてはめるには無理がある。,0,田中こうじ,0
245,ワクセッしゅ後に三ヶ月経ってもどんどん具合が悪くなり、後遺症で悩む人を知っています。全身筋肉痛がひどく、うんどうもできなくなりました。　みんな熱出たり副反応大体ありますが、病院にまで行きません。　その子ですら病院ではなく、なぜか整骨院に通ってます。,8,aitaepeapea oviri,0
246,副反応で腕がすごい腫れて痛くて熱っぽくなって辛かった。ワクチンでこれなら本物のウィルスに感染したらどんだけヤベーんだよとゾッとした。腕を腫らした現象がウィルスに感染して肺で起きたらそりゃ溺れるかもなって思える。,3,まする,0
247,よくある副反応を周知して対応も伝えるべきなのに副作用認めないんだもんな。,1,おかずのり,0
248,マイナス面も報道するのは地方放送局と地方新聞だけです。なぜでしょうか？,2,cut,0
249,7月にモデルナを打ってから、動悸と胸痛、めまいや微熱手の痺れが続いています。基礎疾患無し。どの病院で検査しても大きな問題が出ず、因果関係はないと言われました。ワクチンを打つまで動悸なんてほとんどなったことないのに...仕事も順調でストレスもそんなになかったのにパニック障害といわれ休職しています。反ワクチンではありませんが、身体が元に戻りません。7月時点ではほとんどの人に信じてもらえませんでしたが、周りに似たような人が少しずつでてきています。その人たちもみんな、嘘つきのように扱われて苦しんでいます。ワクチンの後遺症のようなものが本当にないか、真実が知りたいです。,2,ayk kwsm,0
250,母(50代)も○ァイザー1回目で、リンパの腫れ→シコリ多数発生になってます。3週間経ちますが、小さくすらなっておりません。あと、何故か疲れやすくなってるのと、筋肉の深い所が痛むと。(右肩だけ)県の副反応センターに電話しましたが、症例がないと。結局、接種後のデータを提供して終わりました。ちなみに別件で予約入れてた婦人科で診察したところ、「○クチンですね…様子を見ましょう。いらっしゃるまでにも、何名かいたんですよね、同じような方」と。政府や医師会に一部のメディアさんは、何故か隠したがりますが…消しても消しても、その話題が国民から出るほど、事例が増えてるんだなと、実際に経験して思いました。…一時期は、デマだと思ってました。本当に申し訳ないです。そして、打ってから具合悪くなって、数ヶ月後に亡くなった親戚(70前半)も出ました。もちろん、○クチン死には含まれません。まだ四十九日前ですが、事実を伝えたくて書きます。…良心の呵責って、メリットばかりでデメリットを語らない医者の方や政府の方には…ないのでしょうか。,4,arigato mori,0
251,厚生労働省が発表している接種後の死亡者数に大規模接種センターや街角の接種会場で接種した後に死亡した人の数は含まれていないそうですなぜならそれらでは報告義務がないから報告が上がるのは病院や診療所の医師等が予防接種法に該当する症状として「診断した場合」のみだそうです,2,ヒロミノリ,0
252,だめだこりゃ。信じてるやつどうかしている。詐欺,1,渡部浩幸,0
253,いつも役に立つ情報をありがとうございます。先生の薬剤溶出ステントの話が気になったのですが、現在は改良されて大丈夫なのでしょうか。去年、薬剤溶出ステントを入れたものですから気になります。,0,あられ,0
254,イベルメクチン初期投与で、重症化しないし後遺症もありません。,5,ペロリン,0
255,ファイザー殺しすぎやろ,0,ホーホー,0
256,ただの脅しに聞こえますが…,2,香かおり,0
257,大石さん、こんにちは。ずっと前から（たぶんテレビに出られるようになった初期から）知っています。大石さんがこんなに立派になられたなんて、本当に驚きました。私、ずっとテレビ見ていないので。なぜなら、テレビ、暴力的だったり、嘘だったりが、多すぎて、見るのをやめたんです。こちらの動画を見て、「わあすごい」って思いました。私はテレビ見ませんが、たまに役場のテレビや新聞を見ると、ワクチンの危険性について言ってないなあって思います。私の周り、主人の周りでワクチン打った方。ほぼ副作用が出てます。老人施設で亡くなった方もいますよ。友達の知人は、２０代ですがワクチン打って亡くなったそうです。（基礎疾患無し）去年コロナコロナって言ってましたが、亡くなった方が少なかったですし、社会全体で感染対策するような？すごい感染力無かったですよね。そんなにすごい病気ならば、町に一歩出たら倒れてる人が溢れ、救急車が足りないほどに出動しますよね。おかしいです。で、今困っている私自身の症状は、ワクチンを打った人が世にあふれてきて、アレルギーがまったくなかったのに、まるでアレルギーのように「鼻の奥がいたい、痰がとまらない」症状がもう４か月です。つまりワクチンの大規模接種が始まってからなんです。周りにもそういう風に反応してる人がちらほらいます。無症状感染もおかしいです。そんなのは普通今までも起こっていたことです。書きたいことは山ほどありますが、子供さんでも、ワクチンで亡くなっていたりしますので、とにかくマスコミの無責任な報道「ワクチンさえ打てばもとに戻れる」みたいなおかしな洗脳報道をやめてほしいです。たぶんですがワクチンを売りたいんでしょう。ファイザーもアストラゼネカも、「なんかあっても補償しなくていい」っていう契約を日本政府と結んでいると言いますから、儲かるだけです。　大石さん、ありがとうございます。感謝。,4,Smile Clear,0
258,コロナは無症状患者が多いと言っていたのに、重傷者と出してきたからな,0,bmwlife59,0
259,接種してもコロナになる。　接種したら最悪死ぬまである。　ワクチン打って何のメリットある？笑,1,ああ,0
260,CBC自体がバンされかねないwサンドラ見れないよ,1,サウナカプセルホテル,0
261,5:13 おわかりいただけただろうか？,0,サウナカプセルホテル,0
262,1191人のうち205人が接種翌日に死亡しています。これが最多です。2日後、3日後、4日後、当日と続きます。死にそうな人が接種をしたわけではありません。発熱などの副反応が出る中、昨日までピンピンしていた人が死亡すれば、社会常識としては誰でも接種が原因と思います。多くの遺族の感情を無視して因果関係は誰一人認めない政府の感染症専門家の評価は許されるのでしょうか？この遺族の発言を取材しないマスメディアは報道機関の責任を果たしているのでしょうか？結果的に彼らの発言を封殺している世論はなんと冷酷でしょうか？普通なら厚労省と自治体がマルマル罪として逮捕されても不思議ではない。,0,a369258147z,0
263,ちょうか,2,英哲也,0
264,ワク後の副反応や死者のデータが現実と全く間違っていたら、どんなに真摯な番組も意味はない。そもそもワク反対のものはYouTubeが規制を厳格にしたから、みることも報道することも出来なくなりましたね。,0,Kokoro Yamamoto,0
265,枠、コロ、枠珍←この言い方すげー気持ち悪い,3,X -PORNS,2
265-1,チンパスはどうだ？ワクチンパスポート。,3,もんちたかやま
266,恥ずかしい。,0,山口由美子,0
267,明日ワクチンの一回目です。怖くてキャンセルしようか悩んでこのチャンネルにたどりつきました。ほんとどうしよう(T_T),0,Ta Ma,2
267-1,怖いっていう自分の感覚、すごく大事だと思います。,1,レオレオ
267-2,悩みますよね。。。なにかあっても自己責任で、自己負担です。コロナも今は感染力が弱まって感じますよね。。。,1,yukko
268,深堀になってないです。１年間で１３０万人が死亡し、１０％～２０％が突然死だと言われています。だどすれば、すでに全人口の７０％が接種しているのに、死亡者１０００人ちょっとではどう考えても少なすぎです。この数字をどう理解すべきかそこを深堀してほしいです。,2,kazu2151jp,3
268-1,@オリオン そうそう。だから深堀になってないんです。厚生労働省の情報を転記しただけ。単なる偶然なのか、ワクチンが相関しそうか、まったくわからい。,0,kazu2151jp
269,目新しい情報はなく、今の時点で放送する意味がわかりません。このような内容をテレビで垂れ流しているのですか？スポンサーからおしかりはないのですか？,3,Kenichi Sugimoto,3
269-1,推進派は観なくて良し٩(๑´3｀๑)۶,3,れんたん😎
269-2,@ヤマシン ように見える、ように偏向報道してあります。ちなみに私は反対派では無いですよ。ただ、私が危険と感じるので打ちませんが。問題は、ワク賛成派と言う人達にあると言う事を自覚してないことですね,1,石原秀一
269-3,ネットでは様々な情報が入手できるが、テレビ地上波でワクチン接種のマイナス面は、ほとんど報道されていない。CBCの大石さんの番組の報道姿勢は大きな意味がある。,25,ヤマシン
270,なんだこれ？なんの根拠？どこがすばらしいの？無駄に暑いけど？別にコロナそこまで酷くなかったし、それの何十分の一の辛さって何なん？無症状？どこがかたよってない？他と変わらんやん。,8,石川誠,4
270-1,@K. T. あの？すべての人が重症化するわけではないですよね？しかもすべての人が感染する訳でも罹患するわけでもない。何十倍も苦しいってどっちも死にかけた人で比較しないと意味がないですよね？そりゃ、ワクチン接種で死にかけた人だって副反応の薄い人と比較すれば何十倍もしんどいのではないですかね？,0,石川誠
270-2,日本語通じなくて草日本語かけてなくて草,2,れんたん😎
270-3,@K. T. 自分で答え言ってるじゃ無いですか？情報の取得が少なすぎるんですよ。と、言うと腹を立ててしまうので、言い直します。あなたのような方に、もっと真実を知ってほしい。と言っても、昨日から規制がかかったので、有力な情報源は皆ニコニコ動画に写ってますよ。Banされるのが怖いYouTuberは、まさに今日こんな動画は出しません,3,石原秀一
