1,こんな勇気ある市長に守られてる泉大津市の方々が羨ましいです。,618,ファミリー道産子,0
2,大臣に言いたい。「痛いか、痛くないか」そんなことが問題なのではない。南出市長さん応援しています！もっとメディアは副反応について語るべき。もっとワクチン接種で苦しんでいる者たちのことを語るべき。,300,ハッピーハッピー,0
3,本当の市長って、こういう人の事を言うんじゃないかな？素晴らしい市長さんです✨もっともっとこんな市長が増えて欲しい。,577,岩瀬正典,1
3-1,私もそう思います🙏,3,Yuki Healing Yoga & Shiatsu
4,日本人の悪い所は「みんながそうしてるから自分もそうしなきゃ」とか、「周りはやってるのに貴方はやらないんだ。」とか揃えようとする所。,1959,ヌゥンヌゥイ,30
4-1,@デンチュラ いい事も人によって立場や視点で変わるからね。,6,ホセムヒカ　リスペクト
4-2,いいことは足並み揃えるべきだと思うが,1,デンチュラ
4-3,そして、(経済を殺すだけのマンボウでもそうだが)間違いがあってもそれを認めたがらずに突き進む。「謝ったらﾀﾋぬ病」に罹ってることだ。,1,マイネルファンロン
4-4,@門の星ちゃん いえ、私の住んでる世界では間違いないくあります！都内や若い人達に囲まれているのでは？,4,ホセムヒカ　リスペクト
4-5,そんな風潮ありません被害妄想する方が多いのは事実,0,門の星ちゃん
4-6,@12g- B7a アドレノクロムですね！,1,ホセムヒカ　リスペクト
4-7,@12g- B7a  だから、調和することは社会生活上大切なこと。しかし、そうすることが支配者にとって都合がいいからそう呼びかけられているのか、間違った方向に進んでいないか、自分の頭で考えないで付和雷同なのはいけないよねって言ってるんだけど。,3,み。
4-8,@だいちゃん 様素晴らしいお父様ですね😆👏👏👏✨,5,ぬんたのさんきぬ
4-9,@さゆち 医療従事者の場合って未接種は周りにわかるんですか？嘘が通らないなら辛いかも▪▪一般人なら嘘も方便で丸くおさまりますが,3,pia non
4-10,@み。 そうですよね。何も考えてない証拠。,4,友利優
4-11,考えることより暗記の教育だからね。だから意図的にそういう人にさせられたということ。その方が上は都合がいいし。子供の時から親や先生がそういうことではないと言って貰えるような教育受けない限りそういう人ばかりになる。そうでなくても気付く人は気付くけど、なかなかいないんじゃないかなぁ。,11,sana
4-12,@ホセムヒカ　リスペクト さまもしかして、あどれの採取に参加ぐら変ですか❓️,4,12g- B7a
4-13,そう言って日本人の悪い所と言う所が日本人の悪い所な気が…で､一番の悪い所はマスコミさんでしょう､あんだけ煽って居たのに､ロシア侵攻で得意技の掌返し炸裂wホント糞だな!!,21,丸丸
4-14,その考えだと日本国民は全員打ってないとおかしくないですか？ちなみに自分は日本人ですが打ってません。周りからも別に何も言われてません。,24,攻撃力10防御力0
4-15,@さゆち ワイの知ってる医療関係者にも何人かいますよ気にしなくて大丈夫自分の判断を信じたらいい👍そして、人を助けるお仕事、いつもありがとう😃,64,ヒロヒロ
4-16,ヌゥンヌゥイさん。私も同感です!　NOと言えない日本人…　右に習えで…　私は元々、人に合わせるのが嫌いな方です😄,35,ひとみ たかはし
4-17,医療従事者だけど、ワクチン打ってないの病棟で私だけ笑,137,さゆち
4-18,０・100思考と善悪二元論でしか考えられないアホな方々が多いですね(笑),36,shinya9
4-19,@だいちゃん  素晴らしいお父様ですね❣️😊👍,107,kikichna1616
4-20,私の父は「99%が『Aが正しい』と言っても、お前が『絶対Bが正しい』と思うならBを選べ！」と育ててくれました(^-^;;,242,だいちゃん
4-21,和すること自体が単純に悪いこととは思わないが、そうした方がいいかどうかを自分で見極めずに他人の判断に合わせるのは良くないよね。,136,み。
5,泉大津市の人口は減らないし病気の子供達も多くでないですね最後この市が勝ちます素晴らしい展望を持っておられる市長さんに感謝ですね,850,熊野みち,1
5-1,泉大津市に引っ越す人がふえればニュースになりますかね😃 アメリカでは義務化した州からしていない州にかなり移動があったと出ていました。去年までの話ですが▪▪もしこのまま二分する県や市が出て来たら日本人もドンドン行動すべきです❗️,22,pia non
6,泉大津市長の御判断に感謝と敬意を申し上げます。ABC放送にも現時点で出来得る限りの報道をしていただき感謝致します。,578,Tジャックダニエル,1
6-1,名古屋のCBCに続いて、ABCも「真実」を報道し始めたのは素晴らしい。全国ネットの「圧力」に負けず、他の地方局も続々と続いてほしい。,36,asibagu3
7,しっかり情報を集め調べようとする市民が増えていく、と思います。それが大切だと思います。,661,阿久津清美,2
7-1,ほんとこれ。要は自分で調べろって言ってるだけやんね。脳死で判断放棄してる国民が多いのが問題。打つか打たないかなんて、自分で判断しろよ,6,B A
8,吉村知事はとにかく打たせることを目的とし、大泉津市長は子供の命を守ることを目的としている。,1360,Takuro Sakazaki,30
8-1,吉村知事は顔だけだったな,1,チロル
8-2,大阪知事、市長は利権がわだから  打てと進めるのかもですね⁉️,1,シエル 水嶋
8-3,@0226 daisu え？もともとです。維新の会ですよ？,0,Jun
8-4,@入江通雄 さまそうでしたね。忘れちゃいけませんね。あの最初の橋下から何が変わったんだろう？太田元知事は苦しい財政から8300万の退職金貰って今は参議院議員。懲りないね〰️。本人も国民も😱,4,しろまる
8-5,@しろまる 様吉村に対する意見は同意しますが、大阪自民の評価には同意できませんね。大阪が破産寸前までになったのは彼等の責任ですよ。,2,入江通雄
8-6,@ひとみ たかはし バカにしてるでしょ❗まあ、いいですが🤭🤭🤭🤭🤭,0,かいとさえこ
8-7,@pia non バカにしてるでしょ❗まあ、いいですが🤭🤭🤭🤭🤭,0,かいとさえこ
8-8,@かいとさえこ さま。あなたは、大変素晴らしい方だと思います。　あなたの様な、素晴らしい人に一度なってみたいです,1,ひとみ たかはし
8-9,@バラエティ 一部の市職員の裏口入庁疑惑や資金の不正使用などの疑惑も浮上している市長です,0,ジャスタウェイジャスタウェイ
8-10,@バラエティ 維新の衆院議員・遠藤敬が支援されてます。,0,ジャスタウェイジャスタウェイ
8-11,@ジャスタウェイジャスタウェイ さん南出市長さん維新だったのですか。自民党でも左派からリベラル、保守とまぁ様々ですから維新も有り得るんでしょうね。,1,バラエティ
8-12,@かいとさえこ あなたは幸せな人です,8,pia non
8-13,@pia non 子供に接種させるのは、家族で話し合って決めることだから、あなたがとやかく言うことではないよ🤭それに、吉村知事何も可笑しくないでしょう。  大阪のためにあんなに動いているのに、酷い言い方。,3,かいとさえこ
8-14,@ひとみ たかはし 子供に接種させるか、させないかは、親が決めることだから、あなたが何か言うことではないですよ。吉村知事は何もおかしなことはいっていない。そして、接種券は郵送することには何の問題はないと思いますが…。,1,かいとさえこ
8-15,南出市長も吉村知事も維新の方なので根本は同じですけどね,3,ジャスタウェイジャスタウェイ
8-16,大阪府民ですが、泉大津市です。大泉津という地名はありません。,4,黒法師
8-17,大泉津,0,鷲ぬこ
8-18,吉村なんて橋下の子分やん,31,アマウツシ
8-19,吉村の眼を観て。ゾッとします🙇,57,しろまる
8-20,なぜ当たり前のことが出来ないのでしょうか？,25,ウズベキオジサン
8-21,あいつはだめだ,27,閑人のつぶやき
8-22,誰かお金持ちの人、政治の世界で言う所のカバン用意してくれません。次の知事選で南出市長に勝ってもらう為に。それともこれを見てもまだ大阪府民は維新の会が必要ですか？,57,H M
8-23,あの方は、おかしな事だらけですね〜!😅　イソジン…。自ら３回目接種の腕のモザイク…。是非とも打ってほしい!なんて!　勉強しとるのか?　子供達の事、何も考えてない!　人間性に欠けているとしか言えない!!😡,122,ひとみ たかはし
8-24,吉村は終わってる笑,135,0226 daisu
9,南出市長さんの対応はとても誠実に感じます。多くの御苦労や弊害があることを推測しますが、正しいと思ったことにブレずに信念を貫き通す志をもった南出市長さんの様なお方がこの国のリーダーになるべきです。,1686,エルエス,26
9-1,@寒豪 マウントではなくガラパゴス化している田舎に現代の文明と価値観を導入しているだけですよ^_^,0,ゴールドスタンダード
9-2,@かなと うーん、ワクチンの副反応の確率は変わりませんが、そういうのではなくてワクチンの原理を理解できた上でものを言っているかです。,0,ゴールドスタンダード
9-3,@ゴールドスタンダード令和の時代に住んでる場所でマウント取るって言うダサ過ぎる行為を平気でやれる神経が信じられない。,0,寒豪
9-4,@モーリータミー それどこの田舎町ですか笑私、大学病院で働いてる医療従事者だけど東京都の医療従事者は99%打っているデータありますから笑ちなみに議員の方々もVIPルーム来ますが今のところみなさん打ってらっしゃいますよ。,0,ゴールドスタンダード
9-5,@ゴールドスタンダード お医者さんも打っている人は４０%だそうです‼️国会議員だってわからない‼️,2,モーリータミー
9-6,@ゴールドスタンダード 脳内憶測妄想ヤバww,4,魂の 薔薇色
9-7,反ワクチソの恐れとは、無料ってとこかな。1回1万円ぐらいで有料(保険外)にしときゃあ何も問題無かったんだ。,3,12g- B7a
9-8,@ゴールドスタンダード 返信ありがとうございます！人1人の、体なので、大丈夫な人も、いれば、そうでない人も、います！貴重なコメありがとうございます！,0,かなと
9-9,@ゴールドスタンダード 貴重な、ご意見ありがとうございます！でも、金持ちでも、貧乏でも、ワクチンの、副作用！後遺症は、関係ないと、思います！,8,かなと
9-10,@hukudon4869 わかります。クソ田舎の閉鎖的な思想が見ててしまいましたね。,1,ゴールドスタンダード
9-11,@山村裕美 大津とか静岡とかクソ田舎の考えこえー。,1,ゴールドスタンダード
9-12,クソ田舎の閉鎖的な思想ですな。怖いわ。,1,ゴールドスタンダード
9-13,@hukudon4869 　さまならないと思うが、何故わざわざケチを付けるんだ。,8,12g- B7a
9-14,南出市長さん！素晴らしい！大人も、子供も、ワクチン接種差別は、やめて！お願いします,34,かなと
9-15,言い過ぎましたね。理想のリーダー像ってことが言いたかったんです。,36,エルエス
9-16,誠実なのは理解できますが、経験やマニフェストなどを読まずにこの報道だけを見て「国のリーダーになるべき」というのはどうなんでしょうか…？,9,hukudon4869
9-17,あきる野市にも来て欲しいです💝,38,カルティエパンサー
9-18,是非静岡にも来てほしいです,67,山村裕美
9-19,神戸で開かれたコロナワクチンのシンポジウムで南出市長さん本人の生の声を聞いて来ました(ﾟ∀ﾟ)ﾉｼめっちゃ良かったですよ！応援してます♪,135,KINOpic
10,南出市長このような姿勢を貫く上で大変な圧力もかかることと思いますが、自分を滅し市民の為に活動し続ける、こういった首長さんを私は信頼し尊敬します！！,1373,303 Hachimantai,4
10-1,同調圧力になるようなことをするなと言っといて自分らは同調圧力かけている政府首脳。ホンマ情けない,19,sslarker
10-2,政治の世界はこちらからは見えない事柄が多いことは同意します圧力がかかるなどの表現は特に見当たりませんが、なにを根拠にされているのでしょう？,6,hukudon4869
11,慎重で良いと思う。打つ打たないは子供の家族の問題で、強制的に接種券を送り付ける方法は良くないと思う。接種券が来たら打たなければって言う見えない脅迫でもある。,1524,EVERYパパ,27
11-1,インフルエンザのワクチン打っておこ,1,Yooo mooo
11-2,a:俺みたいに受けないで欲しい,2,くろさわ【黒澤】
11-3,接種権が送られてきたら、破いて捨てれば良いのだと思います。,2,mutsumi marika
11-4,@hukudon4869 ダニエル社長の週刊ニュース後は自分で探して下さい。動画の最後の雑談の場面で語られている。医師で元厚労省のキャリアは中村氏。,5,H M
11-5,@H M 出されるものが抽象的な出自でよくわかりません。時間内にワクチン接種会場を開催するにはお金が必要です。また、通常の診療とは別に、ワクチン接種に時間を割いている医療従事者の方に対価を支払うのは当然です。なんの動画ですか？動画制作者の知り合いの医師という方はどなたなのでしょうか。また、動画制作者は医療関係者ではなく、その動画製作協力者が医師で元役人とのことですが、どなたですか？動画を出されているのなら教えていただきたいです。,0,hukudon4869
11-6,@hukudon4869 その事も動画作成者が自身の知り合いの医師から聞いた話で出てました。２０万には届きませんが、しかも半日での。要するに、注射する医師不足解消の為にとんでもない無駄遣いをしてるという話。なおこの動画作成者は、医師で元厚労省の役人であった人と動画作成をしてます。金になるという事の意味も教えましたよ。,5,H M
11-7,@H M EUの公的医療保険機関というのは、欧州医薬品庁のことでしょうか？ここからは欧州医薬品庁という体で進めさせていただきますが、そこではワクチンの効果は9か月(6ヶ月の有効期間+猶予期間)という見解で、初回のワクチン接種2回の後3～4ヶ月という間でのブースター接種は免疫に負荷をかけ、免疫反応へと繋げられないことを理由としています。その中でも例外として、免疫不全疾患のある方に対しては、すぐに接種するべきという見解です。危険だからやめるという話ではありません。ですが、フランスやドイツでは3ヶ月を間隔に、その他のEU加盟国でも4ヶ月を間隔の目安にしています。欧州の専門機関と各国との間で動きのズレがあるようです。これらは注視していく必要があります。,0,hukudon4869
11-8,@hukudon4869 論文というか、子どもの接種でどのようになるかはまだこれからデータが出てくる段階ではないでしょうか。また論文にも色々あることは確かです。こういった問題は、初めに結論ありきではなく、論証レベルや客観性、そもそもコロナ騒動の発端となっている論文が論文の体を成しているか、どういうタイミングで出てきたものか、PCR法開発者が生前何と言っていたか、などが根本的な鍵になってくると思います。アメリカVAERSの調査では、過去の例で実際に報告の上がっているワクチン有害事象は1%に満たないと報告されています。日本も厚労省のリモート会議内容が流出し、少なくとも報告の10倍の被害者がいるであろう事に言及されていました。死人が出ればもっと論調も慎重になっていい筈ですが、緊急性や公共衛生のためという大義名分にごまかされている部分がないか。やはり結論ありきの目眩しがないか、どれがcontroled opinionであるのか、慎重になりたいところです。日本政府は、製薬会社に6億8000回分のワクチンを注文してしまいました。全て消費できなければ、別途違約金を追加でとられる契約のようです。薬であれば希望者だけで良い筈ですが、今回のワクチンは、まだウイルスがよく分かっていなかった筈の2020年4月には、なぜか国民全員がワクチン接種する事を目標とすると、厚労省でとり決められていました。強制となればもはやこの国は民主国家ではなくなりますが、今のところまだ基本的人権もかろうじて残っていますので、表面上は民主国家の体裁を保てています。そろそろ、昨年末までの人口 動態 統計が公表されてくるでしょう。そうすれば、超過死亡の極端に少なかった前年2020年と比較して、もう少し色々な事がはっきりと見えてくるかも知れません。,14,aimi 7
11-9,知人看護師が集団接種会場　医師時給2万　看護師7000円　東京はもっと高いらしい。町医者は1人 相当貰えるらしい。税金の無駄使い！,9,川崎恵理子
11-10,@hukudon4869 何が問題でそうなっていて、それに対するあなたの意見はという部分が全く分からないのですが。,10,H M
11-11,@吉田美由紀 業務妨害の意味で使っていました、その意味で捉えてくださいまた、開業医は自営業ですよ,7,hukudon4869
11-12,@hukudon4869 営業妨害とは？お医者様は営業なのですか？,12,吉田美由紀
11-13,開業医の元に「子供を脅かす気か！」と営業妨害する行動が出ていますが、行動による脅迫です「家族の問題」という一言では片付けられない問題が逆に起きていますよ,13,hukudon4869
11-14,@新田重樹 😆👍️✨,35,pia non
11-15,今、破棄しました券,98,新田重樹
11-16,尾身ちゃんに対して効果はよくわからない。けど打て打てどんどんって、行政に責任はありませんよ。責任は親にありますってさー、本当に無責任ですよね。よくさー科学的根拠って言ってましたよね。今回はその科学的根拠示さないのかね。,67,いちごあいす
12,市長の賢明な対応良いですねそしてそれをちゃんと流してくれるこちらの局良いですね今更という人もいるでしょうけど、それでも少しずつでも広がってもらわないと被害にあってる人達が報われないですからねメディアはもっと頑張れ,1445,黒岩真司,1

13,とても良心的な市長さんですリスクもきちんと周知した上でそれでもという方だけが申請して接種すれば良い一斉配送は本当にやめて頂きたい同調圧力にしかならない接種は個人の自由,877,さとちゃんあきちゃん,3
13-1,誰も打たなければと思うお前らに押し付けてない,0,まろん
13-2,届いても届かなくても打った人がいれば　俺打ったんだっていうやつは必ず出ますよ。結局は同調圧力になるんだよなw,19,ひろちゃんチャンネル
13-3,@正夫 数田 様その通りなのですが、届いたら打たなければならないと思ってしまう人が多いのが事実,62,さとちゃんあきちゃん
14,メリットよりも少しでもデメリットがある時 その事を先に発信してくれるのは誠実,821,みーおちゃん,3
14-1,本当にそう思います。,13,みなこ
14-2,国はデメリット伝えな過ぎよね。芸能人使って摂取アピールなんか国民舐めてるだろ,28,あさささはな
15,こんな素晴らしい市長さんが居ることに感動した。後は単なる御用聞き、誰でも出来ることしかやらないなら別に必要ない。,562,次郎K,0
16,南出市長ははじめから一貫した姿勢を貫いてこられていますね！裏ではさまざまな圧力がかかっていると思いますが、それでも戦ってくださる市長に感服します。泉大津市の市民の皆様が羨ましいです！,980,ぱぴこ,1

17,素晴らしいです市長さん。お年寄りでも重症化の数は少ない様ですし、子供は風邪の子を信じて子供の接種はやめてほしい。,352,miyuwave,0
18,本当に素晴らしい市長です。ご自身の命がけで子供たちの健康を守ろうとしています。「異色な持論」でなく政府が隠している真実を発信して下さっているのです。,903,小林賢,1

19,南出市長はきちんとデメリットやワクチンの薬害に苦しんでいる市民の声を聞いている。行動で示してくれている素晴らしい人ですね！,472,ぬこさん,0
20,おそらく多くの困難の中での英断、かっこよすぎます😭。泉大津市の多くの子どもたちが守られる事になるかもしれません。本当に応援します。,248,m k,0
21,科学的根拠に基づいた考えをされ、市民の命を第一に思う素晴らしい市長さんですね。本当にこんな方に国政を担ってほしい。接種券を全員に届けるということは接種するのが当たり前と受け取ってしまう人が多い。重い副反応が出ている人達の存在を知りながら、国民にはっきり周知させない今の政治家達は、国民の命なんてなんとも思ってないのだと思う。,661,kimiichi,2

22,この市長さんのとこに住みたい！なにも考えずに上からの指示に従うだけの他の多くの市長を恥ずかしく思います。,219,cookie,3
22-1,アメリカでは義務化した州からしていない州への移動が過去にありましたね。日本人もこれくらいやらないと国は動きません❗️,4,pia non
22-2,しかも、3回目の準備をいち早くやる市長なんか、恥を知れ！と言いたい。,11,cookie
23,南出市長「5歳から11歳の子供に接種するのは狂気の沙汰でしかない」と言ったのはすごいし、政府やよその都道府県知事、自治体の長もそう考えた方がいいと思います言われたからやる  ではなく、デメリットをしっかり考える事、これはすごく大切だと思います,894,UP PWR,4
23-1,他の市町村長は、ほぼ言いなりですね。接種券を送ってしまうと、「世間」では強制と思ってしまって券が来てない他の人にも「まだ打ってないのか」と言われてしまってさらに強制の波が広がってしまうので、はがきか何かで告知して希望者だけ券を送る方がいいです。それこそ、個人番号を生かす機会ではないかと・・・。,7,越後屋康介
23-2,南出市長さんの勇気ある行動を尊敬致します。ある意味命をかけて市民を守るために見えない圧力(製負も含め)と闘っておられるのだと思います。雪駄⭕券を送らないという案は素晴らしいです。何も考えずに出かけてしまう羊さんが多いですからね。,39,mabo -parakeet
23-3,おっしゃる通り、言われたからやるでもなく、デメリットだけを見るのでもなく、本当にワクチンのせいで亡くなったのかどうかの情報収集などをして接種してほしいですよね,20,hukudon4869
24,この市長は、素晴らしいですね！裏での圧力に負けないでください！テレビなどでも、もっととりあげるべきです‼️,245,yuko amamoto,0
25,同調圧力、そこまで考えている事が素晴らしい。厚労省のデータはテレビで出ない。エビデンスもないと国が認めている事を知ることすら出来ない日本。今後も頑張っていただきたいです。,249,hirameg ヒラメグ,1

26,アメリカのデータでは、5歳〜7歳はワクチン有効性は50％で、１ヶ月後には10％以下に下がってしまったらしいですね。また、副反応リスクはかなり高い。,546,HELLO HELLO JAPAN,6
26-1,@ら 普通に出回っている情報です。私の親類の医師も言ってますよ。,0,HELLO HELLO JAPAN
26-2,ニューヨークでは、接種後28~34日で有効性がたったの12％まで落ち、35〜41日ではなんと-10%とマイナスになったと発表していますね。接種後42〜48日に至っては-41%の有効性です。マイナス41%、驚愕です。,18,ざば
26-3,それはどこからの情報ですか？まさか、YouTubeやテレビから、と言いませんよね？,2,ら
26-4,野中しんすけさんの動画では、1ヶ月後5%まで下がったって言ってましたね。,44,guusuke
27,誠実な南出市長さんを尊敬します。いくつかのテレビ局でも枠の後遺症の報道が見られるようになってきました。子どもにはエビデンスもなくデメリットが大きいので、積極的な配布をしないことに賛成です。打ちさえしなければ、１００％無用な後遺症を避けられます。まだ治験段階なのに日本中の子どもに配布するほうが異常では？,671,wa ka,1

28,世界中がこうなるべき希望者だけが打てばいい。特に子供にはいらない！！！！勇気ある行動ありがとうございます。,259,H Watanabe,0
29,南出市長、心から敬服いたします。政治家は私利私欲より、子ども達の輝く未来のために、かくあっていただきたいものです。また、ABCテレビ様もご報道ありがとうございます！,256,blue幌,1

30,泉大津市長、応援してます‼️子供のために、本当に良いものかどうか？しっかり判断欲しいですね☺️,156,こむぎっ子　安大孝夫,1

31,南出市長さんは本当に信頼のできる市長さんだと思います。そして、本当に子供達の健康と将来のことを考えて下さる市長さんです。様々な圧力もあるかと思いますが、負けないで下さい。勇気ある活動に感謝致します。,446,ララキキ,2
31-1,@かいとさえこ 子供達のご両親にきちんとした情報があり、ちゃんとした判断ができれば配布してもいいとは思います。ですが、メディアの報道を見る限り正しい情報が報道されているとは思えないから、一斉送付を危惧しております。これはまだ治験中です。,6,ララキキ
31-2,接種券は配布してもいいと思いますが。   接種券、配布＝接種しなさい‼️では、ないのだから……。何故、そこまで、頑なになるのか❓わかりません🤷,2,かいとさえこ
32,南出市長の勇気に感謝です。,240,FUJIO,1

33,過去や現在の為に未来を奪う事は許されない、この市長さんはきちんと未来の為に働いていらっしゃるね,206,ぱーちまる,2
33-1,なるほど、未来の為に働く、ですか。政治家を定義する時に欠いてはならない資質ですね。,2,H M
34,泉大津市に住みたいくらい市民の事を考えて発言してくれるいい市長さんですね(^.^),391,たまきかおり,1

35,史上最悪の薬害問題になっているのは間違いない。で、それを自分で判断できない子供たちに接種するってまさに狂気の沙汰。,637,taku koma,6
35-1,@こだま 普通に疑問なんだけど、なんで一度支払った金がまだ自分のものだと思ってるの？,0,Wander Explorer
35-2,@こだま 最初から詐欺を働こうとしてるのだから、その金すら払わないでしょう。,9,H M
36,素晴らしい市長さんです！！こういう方がいるのがものすごく嬉しいです。私の住む市はダメダメ。。日本の宝である子供達を守っていきたいのに、政治家がだめにしている今日。,70,Erika F,0
37,私は高齢者に近いですが…高齢者や回りを救う為に 若者や子供には接種しなくて良いと思います🙆お年寄りは先がある孫に接種させて そこまで 長生きしたい訳ではないと思う。この市長さんの勇気は本当に素晴らしい✨,798,Ｓinobu,26
37-1,@川崎恵理子 様私も知人で枠珍打って帯状疱疹になった人二人います❗,1,モーリータミー
37-2,@hukudon4869 打つべきとは思いません。,5,村上Miko
37-3,@hukudon4869 　　さま罵声とまでは思われたなら、すみませんでしたお詫び申し上げます。,0,12g- B7a
37-4,@かえるさん 予防医療とは、健康な状態において病気へと進展する前に、健康の維持や増進、病気の予防、病気の早期発見・改善を行うものです。健康の維持が目的ですので、あなたのおっしゃる通り「効いていないように見える」状態が最も正常です。疑問にお答えしただけですが、ご自身の意見からくる罵倒が返ってくるとは思いませんでした。正しいか正しくないかは別として、相手を不快にさせないネチケットはお持ちになるべきです。,1,hukudon4869
37-5,@12g- B7a 工作員もどき呼ばわりとは呆れました。無報酬なことが何か問題なのですか？陰謀論者のような方にはじめてお会いしたので驚いています。疑問にお答えし、それに対する反論をされるならまだしも、罵声を浴びせるだけとはひどいです。この世にはあなたとは考え方の違う人もいるということだけは知っておいてください。,3,hukudon4869
37-6,@辻本誠 疑問にお答えしたのに、ご自身の主観を持ってきて「これが正解」はどうなんですか…,2,hukudon4869
37-7,@かえるさん 本当に！全くその通りですねここにも出没している工作員らしき長々とした数々の書き込みも、あなたのコメントで瞬殺！スッキリしました、ありがとうございます😊,7,ざば
37-8,@かえるさん 僕の心の中を見られたようですね?ありがとうございます!いつも菩薩の心でコメントを!と思っていますが出来ない時もまぁ有ります!,9,辻本誠
37-9,効いてないのに 予防とか…ww繰り返し 言うわ効いてないのに 予防とかwwもう1回言ってやる 効いてないのに予防もなにもねーわ！,21,かえるさん
37-10,@ざば また、若者を犠牲になどということは言っていません。ワクチンを接種すること=薬害という考えで私の文章を読まないと出てこない感想です。,3,hukudon4869
37-11,@ざば ニューヨーク州の発表を曲解されているようです。ニューヨーク州の発表によりますと、感染や入院を防ぐ効果が減ったのは、接種したワクチンが12歳の子供へのワクチンの1/3だったからという見解を示しています。また、5歳～11歳の子供の重症化する数が少なく、正確なデータ分析はまだになります。そして、この調査結果は第3者機関の調査をまだ受けていません。これを見て即座に答えを出すことに疑問を感じます。アメリカ疾病対策センターは、「入院を防ぐ効果が高い」として接種を推奨しています。重症化するリスクが増加するなどということはどこにも書かれていませんが、「感染や入院を防ぐ効果」と重症化を混同されていませんか？ワクチンは「予防医療」です。情報は正確に扱うべきです。以下、参考までhttps://www.google.com/amp/s/www3.nhk.or.jp/news/html/20220302/amp/k10013508871000.html,4,hukudon4869
37-12,@hukudon4869 そもそも、高齢者を守る為に若者や子供を犠牲にするという考え自体、私には共感できません。未来を担う若者や子供こそ、第一にまもられるべき存在だと思うのですが。,41,ざば
37-13,@辻本誠 様同意です！,17,かえるさん
37-14,高齢者や身内を救うためには若者や子供に接種するべきだと思います。家庭感染が問題となっており、感染源は主に若者や子供ですよ。,3,hukudon4869
38,素晴らしい市長がおられるのが嬉しいですけど、酷い知事や市長の方が多いのが残念てす。,252,jun kami,1

39,南出市長のような人に国の舵取りしてほしい。,166,うさぎうさぎ,1

40,青森県むつ市でも市長が5〜11歳の子どもへの接種券の一律送付はしないと明言されています。努力義務から外れているのに一斉に送付はおかしいと。,234,白石れいこ,5
40-1,@越後屋康介 さまはい、私も市長はお若くて頭の良い方だと思います。2年前にGoToトラベルが始まる時も異議を唱えられてうちの市では参加しないとおっしゃっていましたし。肩書きだけを見ると元国交省の官僚でしたし、市長をしていたお父さんの地盤を継いだだけのように誤解を生んでしまいますが、本当は違いますね！素晴らしいお方だと思います👍,3,白石れいこ
40-2,むつは、官僚経験者ですけども比較的若めの市長さんだった気がします。水害があった時も積極的に自らメディア発信もして市外の人にもアピールしていた気がしますが、わかってますねぇ。,3,越後屋康介
40-3,素晴らしい！👍,8,閑人のつぶやき
40-4,こういう市がドンドン増えていって欲しいですね❗️,13,pia non
41,南出市長の行動はすごくありがたいです。わたしの住んでいる市では一律送付でした。これからに不安を感じます。うちの子は打ちませんが、友達が心筋炎や亡くなったりしたら、と思うと苦しくなります。,134,フォミ,0
42,素晴らしい判断です。クーポンを配らないと言っているのではない。ワンクッション置いて、希望者にはきちんと受けれるようにしている。私は泉大津市在住ではないけれど、この市長さんの考えに大賛成です！,111,apricot 03,1

43,この方は本当に良い市長ですね☺️国民栄誉賞を差し上げてもらいたいです😃,389,和田裕介,1

44,異色な持論ではなく、エビデンスに基づいた普通の見解です。,490,クロ,3
44-1,医療従事者としては、昨今ど素人によるエビデンスという言葉の乱用が目に余る,1,ukelah inal
44-2,個人の感想は「エビデンス》とは言わないよ😅,6,сoyotole cholate
44-3,コロナ禍までの厚労省だって同じ事言ってましたよね。,21,HELLO HELLO JAPAN
45,長期的にどういう影響があるかというのは未知なわけよ,190,steel HS,1

46,南出市長ありがとうございます。海外でも接種後の子供の歩行困難　神経障害　ましてや心臓が止まって亡くなってしまったお子様がいます。報道されないので皆さんわからないと思います。,263,Rugby LV,4
46-1,そうなら、既に論文にされているのではないでしょうか？,1,ら
47,市民の事考えた素晴らしい市長さんですね。もっと副反応の事が世間に広まる様切に願います。,97,y m,0
48,南出市長の考えは、昨年接種開始頃と今と何も変わりませんね。公平な情報を市民に伝えたいとする一貫した姿勢が素晴らしいです。その上で判断されるのは個々自由ですし、他人を批判したり圧力をかけるのは正しくない。罹患後の後遺症があるように、ワの重い副反応もありますからメディアには現実にあることをありのままに伝えて欲しいと思います。,236,ゆ う,0
49,無知な親の犠牲になる子供達が少しでも減るように！！子供の体内に得体の知れないものよく入れられるな…正気の沙汰じゃない。,606,Mami Mami,12
49-1,@hukudon4869 尾身の爺さんを見てたら専門家何て全くあてに成らないと痛感させられるよね虚偽の流布？全てそうでしょうか？それは、あちらさん側から見た認識でしょうね虚偽なのか都合の悪い話しなのかは立ち位置で変わりますからねこの数年間の中で未だに違和感さえ感じない事が最も罪で恐ろしいと私は思いますよ……,2,Super Hurry
49-2,@H M さんへそうなんですね。怖い((( ；ﾟДﾟ)))点滴も注射も採血も健康診断以外は避けたいなあ。。。出産死ぬほど痛いけど、注射は見るだけでそれなりの痛さを感じるみ楽な医療器具だから。,0,amatsuka- sho
49-3,@amatsuka- sho さんへものの言い方が悪かったですね。勿論分かっていてやった事です。お詫びをしつつ、一つだけ聞いて下さいというお願いです。私は随分勉強した後でこの事が動画で出ているのを目にしました。やはりそうだなと納得。つい最近の例で言えば、大阪市立大学名誉教授の井上先生も言われてますが、去年の４月頃既に専門家の人がつぶやいていました、【ワ　ク　チ　ンで　は　な　い】これには論拠があります。厚生労働省内部では、この薬をワクチンと記述してないそうです、私は直接確認出来ていないのですが。【　劇　薬　】と呼んでいるそうです。何故そうなるのか、ワクチンでは無いからです。ただ明らかに遺伝子治療だとは言えるのではないでしょうか。この部分をつついたコメントをある動画内でやった所、即削除でした。どうしても注射をさせたい利権構造の者達にとっては痛い所を突かれたという所なんでしょう。だから、自動的に削除される。即削除は人間が検閲してではなく、機械に情報を盛り込んでおいて、削除する仕組みだそうです。だから、彼らにとっては非常に危険な情報を私が発信していたという事でしょう。それとこれは最近見たある動画で自分は内科医だと名乗られた方が言われた事です。「医者なら、遺伝子治療がどれ程危険なものか分かっている筈。それでも自分の子供に打たせる？！」自分の子供に注射させるという医師達に対して、怒り心頭で仰ったコメントです。,15,H M
50,どんな気持ちで子どもに「痛かった？」って聞いているんだろう。この人は絶対許せません。,288,でこちゃん,5
50-1,本人が言ってるやん　それを友達に伝えてくれと,0,宮永咲
50-2,同感です。ぜひ教えてあげてくださいってしれっとすごいこと言う人だなぁと思いました。子供コ◯す気か⁈と...きっとこの堀内なんたらかんたらさんは打ってないですよ。,13,おかあさん
50-3,本当ですね！ムカつきました！,12,ユタキチ
50-4,ほんとです。だったら大臣は、ワクチン接種後の重篤な後遺症を訴えてる若い人にも会いに行って「どうだった？」と聞いて欲しい。,84,Y TOS
51,南出市長を応援します！私もこの一連の出来事は将来的に完全な薬害問題に発展すると思っています。同調圧力の強い日本において、このような信念を持った市長がいる事に、感謝しかないです！,161,TAKUYA,0
52,南出市長さん本当にありがとうございます。同じ府民なのでわかりますが、大阪は維新が強く圧力もあると思います。とても勇気ある市長さんなのですね。正しい情報を、多くの人に伝わればいいですね。日本で沢山の有志医師会が出来てます又大阪の市立大の井上先生がYouTubeチャンネル立ち上げましたね。応援してます,228,中島ひと,4
52-1,公式井上康LIVE適塾　　井上先生のYouTubeです,1,中島ひと
52-2,@田辺英和 見れないかもですが、,0,中島ひと
53,堀内さん...本当に心からこんな事言ってるんだろうか。自分にもお子さんいたら打たせるのかな。自分の発言で沢山の子供達の命や体に何かおこる可能性がある事、おそろしすぎて言えない💦南出市長は本当にありがたい存在です。,536,ともこ0121,3
53-1,接種するぞ接種するぞ接種するぞ徹底的に接種するぞ麻原詔子あ、しょうこじゃなくてのりこなのね…。,2,大河内拓雄
53-2,痛かった？？だって！！　怒り💢しか無い。,88,Kiss Yukko
54,凄い市長さんですね。スウェーデン、デンマークは中止しました。医師ならばワクチンの害は全て分かってる筈ですが、圧力で言えない。市長さんも相当の圧力だと思いますが子供達の為に頑張っていただきたい。県外では有りますが応援させていただきます。,13,ジュリアパパ。,0
55,やりたい人だけやればいいよな、副反応だけじゃなく同調圧力で苦しんでいる人もいるし、冷静な判断だと思うわ。,98,競人,1

56,治験中なんだから、何が起きても不思議ではない。←という覚悟もって親は子供への接種を判断すべき。,227,ku ki,4
56-1,副反応で辛くて夜泣き、眠れないってなると母親も不眠になり不安になるよね,0,マルチーズ
56-2,何かが起これば後戻りできない覚悟。健康な子供が学校へ行けなくなれば一生後悔する覚悟。そのリスクが例え1％でもそこに当たってしまうと100％の確率だという覚悟。,6,バラエティ
56-3,「接種を判断すべき。」✕「接種しないという判断をすべき。」◎,7,H M
57,吉村さん信念があると期待してましたが、流される方なんですね。信念って斯様な状況下での判断と発信力を賢い国民は見ている事を信じております。国民や県民を守る勉強や気持ちより、世の風潮に流されてしまう、本当に残念です。,122,マロン,4
57-1,泉大津市長南出市長や長尾和宏医師を取材してくれたABC様に感謝したいです！  テレビ局は総務省の監督官庁ですから。真実放送されています！関西財界や府や市の圧力がある中での報道です。スタッフの皆様ありがとうございます。,0,隆 上野
58,今まで積極的に子供へのワクチンを推奨していたアメリカのメジャー放送局NBC等でも昨日から5歳から11歳のファイザーワクチン接種の効果は無いという報道をしています。かなり状況が変わってきてますけど日本大丈夫ですか？。。。,66,seiji yoshida,3
58-1,そもそも、10年前からコロナ禍自体が予告されてるのを調べたら分かる話なのに調べる頭がないから、いまになって問題視してるわけでしょ。お金の流れを知らない一般市民は知る術もないわけだから。当然の結果とはいえ、すべて自己責任であるから、何が起きても受け入れるしかない。,0,なな
58-2,その根拠は？健康面はテレビだけを鵜呑みにしてしまうのはやめたほうが良いと思いますよ。,2,ら
59,ワク打った直後の「痛い、痛くない」なんて大したことじゃない。その後の重篤な副作用が起こりうることを問題視しなければ。泉大津市長のようにまともなトップが増えてほしいです。,46,きっしきっしー,0
60,大阪･泉大津市長、良い方法だと思います。,129,AK chan,1

61,ちゃんと市民の事を考えてくれる市長で羨ましいです。一般市民の私でさえ周りの同調圧力に晒されています。市長も裏で酷いことをされないか心配もありますが、遠い市から応援しています‼︎,92,そな,0
62,立派な市長だ。恐らく裏では相当な圧力があると思うが、勇気をもって闘っておられる。,65,羽柴秀ちゃん,0
63,吉村知事は真実を見抜く心を閉じてしまっていますね！,434,小林なおみ,4
63-1,ちうごく企業と提携したシオノ○のイソジンを宣伝したり、同じくSB○傘下のp○○検査を積極的に推進したりと利権にまみれた、真っ黒な知事という印象しかない。,23,プルメリア 山田
63-2,真実は随分前からわかっているのではでもこの対応は?狂っているとしか言えないのでは!,17,辻本誠
63-3,少しどころでは、有りませんよ❗️期待してただけに幻滅ですよ。,108,ウズベキオジサン
63-4,少しガッカリしてしまいました💧,59,ちっちきちー
64,やっとこういう報道が出てきて感謝です。南出さんにも本当に感謝いたします。,131,明るい引棒RON倶楽部,0
65,南出市長を取材してくださってありがとうございます!!,231,Chako,1

66,接種は自由。接種を申請制にする取り組みは賛成です！一方的に接種券を送ってくる体制がそもそもおかしい。大事な子どもさんを、治験として差し出すようなことはして欲しくないなと思います。,41,gogo ringo,0
67,2／25に国会議員を対象にしたワクチン後遺症の映画の上映会があると聞いていましたが、やはり静観なんですね。国会議員は確信犯ですね！南出市長のような至極真っ当な政治家が、声を上げて続いてほしいです。応援しています👍,243,白石れいこ,3
67-1,自民党の議員は、国民の命なんてどうだって良いと思ってるんですね。須藤元気さんは出席されたそうです。,15,プルメリア 山田
67-2,自民党の議員は全員欠席だったそうです😭,14,okryoko st.
68,日本にこんなに勇敢な市長さんがいるのは　とても心強いですね😊✌️泉大津市の子どもさんは市長のこの行動で被害に会わない子どもさんが必ずいると思います🙌,1238,サリー,40
68-1,@閑人のつぶやき そもそもmRNAって何か知らないまま怖がってるでしょあなた,0,こんにちは
68-2,@H M さんはい、そうです。でも、まともに取り合っても仕方ないお方のようでした🥲,4,閑人のつぶやき
68-3,結局陰謀論唱えてる人全く根拠なくて草,1,こんにちは
68-4,@ざば 逃げたw,0,こんにちは
68-5,@閑人のつぶやき そうですね。以後そうします。ありがとうございます😊,3,ざば
68-6,@こんにちは 最後のページの一番下の表を見ていただければ。,2,ざば
68-7,@ざば さんへなんか、誰かさんが独り言言ってますが、以後スルーしましょうね笑,5,閑人のつぶやき
68-8,@H M 返信できなくなってて草,0,こんにちは
68-9,@ざば その論文のソース貼ってもらっていいですか？,0,こんにちは
68-10,@閑人のつぶやき ありがとうございます😊本当にそうですね、自分はもう接種してしまったから、不安で仕方ないといったところかも知れませんね。自分自身を説得させて、正しい判断だったと安心したいのかもしれませんね。,4,ざば
68-11,@こんにちは さんへ 何が正しいかどちらが正義か、感じ方もあるので何をどう話してもキリがないです。子供のことを大切に思う気持ちは同じだと思いますが、意に沿わない意見を見るとムキになって相手を責めてしまう姿勢は閉口してしまいます。それがコロナ◯と言わせてるのだと思います。できれば少し離れて色々な意見や考えに親しめると良いのではないでしょうか。わたしは子供たちの副反応のリスクに重きをおいたこの市長さんの考えは賢明だと思います。ワクチンに対して親の考えもさまざまだと思います。この市長さんはワクチンを否定されているわけではなく、打つ事に対してどちらも選択しやすいように考えて下さってるんだと思います。,7,white note
68-12,@H M さんへおつかれさまです。はい、ほっときましょうね。なんか、自分の後悔へのストレスをこちらにぶつけてる感じが痛いですね、、、。全然自分で調べてないのかもですね(;o;),5,閑人のつぶやき
68-13,@H M  EUの公的医療保険機関というのは、欧州医薬品庁のことでしょうか？ここからは欧州医薬品庁という体で進めさせていただきますが、そこではワクチンの効果は9か月(6ヶ月の有効期間+猶予期間)という見解で、初回のワクチン接種2回の後3～4ヶ月という間でのブースター接種は免疫に負荷をかけ、免疫反応へと繋げられないことを理由としています。その中でも例外として、免疫不全疾患のある方に対しては、すぐに接種するべきという見解です。危険だからやめるという話ではありません。ですが、フランスやドイツでは3ヶ月を間隔に、その他のEU加盟国でも4ヶ月を間隔の目安にしています。欧州の専門機関と各国との間で動きのズレがあるようです。これらは注視していく必要があります。,1,hukudon4869
68-14,@閑人のつぶやき  隠蔽されていると言う根拠はあるのですか？,0,こんにちは
68-15,@H M ブースター接種自体に待ったをかけたのではなく、4ヶ月ごとの頻繁なブースター接種について待ったをかけたんですよね？　ブースター接種自体には待ったかけてませんよw,0,こんにちは
68-16,@閑人のつぶやき さんへデータに目を通してる人間なら分かる。その逆の場合もあるではなくて、圧倒的にその逆が多い。あなたが本当に伝えたかった事はこちらですね。,4,H M
68-17,見なし陽性までして,14,しし
68-18,@こんにちは 誰の報告で副作用がないって？（笑）隠蔽されてるだけやん。大丈夫？？,20,閑人のつぶやき
68-19,「一斉に送付すると同調しかねない」とは正に。泉大津市の市長は勇気ある。言いたいけど言えないのが日本人の性格。この行動を期にひとりでも考える人が増えてほしいです。,24,りんちゃん
68-20,@こんにちは 笑笑その逆もあることを直視なさってくださいね！（笑）,14,閑人のつぶやき
68-21,@こんにちは さんへ効果ありの論文の精査はお互いに無理として。１月か２月、ＥＵの公的保健機関はブースターに待ったをかけました。理由は人の免疫機能を壊す可能性ありという事で。この決定はあなたの主張を否定してると思います。勿論専門家があなたの言う論文を精査しての上での発表ですから。どちらの論文の信憑性が高いかという検討の後に発表されたものである事は明白。この場合、見解の相違という意見は通用しない事は、論文を持ち出されたあなたならお分かりの筈ですが。論拠となるデータを取り上げての結果ですから。,26,H M
68-22,@閑人のつぶやき たった1人の子供がコロナ感染して後遺症残ってもいいんですねw,2,こんにちは
68-23,本当にそう。たった一人の子どもにも打たせたくない！！,18,閑人のつぶやき
68-24,@H M  普通にワクチンが効果あるって論文も出てるし、小さい子が感染して後遺症残ってるケースも多く報告されてる一方で、ワクチンによる大きな副作用が出てないんだから当たり前でしょ,6,こんにちは
68-25,ありがとう😆💕✨　その市に引っ越したいくらい！！,36,てつおてつこ
68-26,これが普通なんだけどなあ・・・,54,ken satou
68-27,神奈川逗子ですが、小学校　中学生3割が感染して学級閉鎖してました。中学生は2回接種済み　ほとんど　無症状　軽症　親も　集団免疫出来たみたい枠接種しても感染する。意味ないね。,78,川崎恵理子
68-28,この状況で、まだ子どもに射たせようとしている親がいるとは…😠,109,石原とし子
69,慎重になるべき。まだ全然安全と言えない状況なのに。分かっているのは効果が1ヶ月ほどという事。後遺症がでたらどうするの。,238,りか,2

70,異色な持論とかふざけた報道の仕方してんじゃないよ。市長が正式な資料に基づいて発言してんだから失礼にも程がある。,486,太郎田中,5
70-1,エビデンスに基づかない物を打たせないって普通だと思うんだが🤔報道の仕方おかしいですよね。ホントそう思います。報道機関が日本語間違えてるって結構罪だと思いますね。,6,ロンギヌス
70-2,今の、占領されたメディアでは、限界と思います。なんか、こんなこと言ってるけど議論が家庭で出たらいいと思います。,30,ch sA
70-3,異色の持論、ナレーターが異色の人種。昔、映画にあった、猿が猿を○した。と責め続けられる。永遠に,10,畔見正秋
70-4,それ、私もそうおもいました！ほんとに、失礼ですよね！,123,ryu
71,このような報道はありがたい！,64,ちっちきちー,1

72,素晴らしい市長さんです👏👏✨他の国はとっくに規制を撤廃する方向に動いてるのに、何も疑わない日本国民…洗脳は恐ろしい💦針刺して「痛い」とか「痛くない」とか些末な情報はいらん😡大臣ならもっとリスクの説明もしろ💢,26,お寿司,1

73,南出市長さん、頑張ってください！市長さんのように他の自治体の知事さん、市長さんも子どもには慎重に慎重を期して欲しいと思います。今までにない遺伝子組み換えワクチンだとご存知の方はどのくらいいるのかな？最近の海外のデーターでは遺伝子が書き換えられる恐れもあると言われており５年後10年後何が起きるかは誰も分からないものです。,454,ぷちっと,2
73-1,得得と言っておられるが、まずはあなたが「ワクチンではない」という所から勉強しては？,0,H M
74,大津市長凄い偉い尊敬します。,35,新田重樹,0
75,勇気ありますね！素晴らしい✨ワンクッション置く意味を各親が考えてくれるといいですね。私は子供に知ってる限りのメリットデメリット伝えました。このデータも伝えました。子供も、打ちたくない、と言いました。政治家は消費ノルマでもあるのかな？良くないデータ出てきてるのに、単純にワンクッション置かないことの方が異端で不思議です。,37,たらこうずら,1

76,南出泉大津市長すばらしいです,253,ryu,1

77,こんな素晴らしい人が市長なら市も安泰ですね！本当に素晴らしいですね！,40,わんこ,0
78,おそらく副反応以上に、長期的なダメージの可能性のほうが心配ですね。特に成長期だけになおさらですね。,54,沼尾吉晃,0
79,とても信用出来る市長さんですね❗️ 移住したいくらいですよ！　安心、安全が1番☝️,46,美恵子 伊藤,1

80,南出市長ありがとうございます！是非、大阪府知事になって頂きたいです。,49,なつ,1

81,すばらしい市長さん！そして、これを放送する放送局。遅かったかもしれませんが、少しずつ放送局も変わり始めていますね！,104,きりつばめ,1

82,12歳以上に来てないのに、今回11歳以下に来ましたけど（笑）圧力ですかね？エビデンスのないものを推進し、効果のないまん防を延長し、何がしたいんですかね。後の日本が怖すぎます。,61,土,1

83,南出市長、本当に素晴らしい❣️何でこんなに無理矢理やらなきゃいけないんでしょう？絶対におかしい💢,70,れ,0
84,南出賢一市長、素晴らしい政治家ですね。泉大津市民が羨ましい。圧力に負けずに引き続き子供達の命を守って頂きたいです。,138,天海明日葉,0
85,泉大津市長の考え方に賛同致します。ワクチンの有効性も分かるが副反応が酷くて体が極度の不調で悩む人がいます。私も昨年９月に二回目を終えましたが一回目も大変でしたが二回目以降副反応が未だに続き体の不調で、仕事も満足に出来ない体になってしまいました。立っていると目が回るし平熱が36.7度から36.2度に下がってしまって、寝ていても体が冷たくなり震えが止まらない状態に多々陥る様になってしまった。時折息が苦しくなるし力仕事でも直ぐに力尽きてしまうようになってしまった。政府は早くこの様な事実とワクチンの関連性を認め死亡化した方々や、副反ので苦しむ人達にたいして誠意ある対処を行う事を願います。もちろん私の場合は二か所の病院で副反応ですと診断されています。,32,pc mori,1

86,市長素晴らしいです。だだマスゴミの煽り報道、テレビ脳の親がいる限り子供達が犠牲になっていく。,50,O Ryuji,1

87,子供に関わる仕事してますが、子供達コロナ陽性が多発していましたが、皆元気に回復しています。こんなウイルスの為にこのワクチン打つ必要は全くないと考えますむしろ かかって自然に免疫をつけた方がいいとかんじています。,18,英,0
88,堀内大臣が視察、この方、人としてホントに心痛まないのでしょうか？,228,nobita nobi,7
88-1,死神だから、家畜扱してますよ！,3,一之城咲チャンネル
88-2,政治家と書いて宇卒期と読む。,16,えじーさん
88-3,堀内大臣の名前覚えました。,22,このはなゆり
88-4,人ではないので痛みませんよ！,32,pia non
88-5,政治家とかいて無感情と読みます。,27,きよたけノア
89,市長が資料に基づいて、市民の健康を心配してこの様な事を行ってるに、「持論を展開して…」という表現で、まるで悪者の様に報道されてる事のほうが、コロナより怖いこう言う報道がされるから、日本のテレビは衰退していってるんだと思う。若い世代はそれに気付いている。,29,fal,0
90,立派な市長さんですね。その勇気に頭が下がります。,45,1 m,1

91,素晴らしい市長の特集をありがとうございます。,50,Aki Fu,1

92,泉大津市長が正しかったと讃えられる日はそう遠くないと思う,1455,Koji Takeda,3
92-1,でも、もう遅い😥,4,、たけひこ
92-2,私もそう思います！,140,ぷちっと
93,素晴らしい市長さん！羨ましい！,38,M I,1

94,泉大津市の市長さんのおかげで、この街の子どもさんは命の危険からまもられた事が、わかる時がすぐ来ると思います。ワクチンの副反応の恐ろしさを、もっと報道して子ども達を守って下さい。お願いします。,13,陽子 杉山,0
95,日本より酷かった他の国で終息宣言を出している中、日本政府の対応には違和感しか感じません。こういったデータをしっかりみて対応してくれる方がトットだと心強いです。薬害問題、その通りです。No同調圧力,39,F K,0
96,子供への今回のワクチンは全く不要と考えていますので、南出市長の判断は多いに支持します！,43,アンナ,0
97,泉大津市長さん素晴らしいですね。これがホントに市民を本気で守るっとことですね。いろんな利権圧力があるかと思いますが負けないでください。製薬会社は何者なのか?ワクチンの真実をご自身で学び子供を守ることを強く推進します。,77,shinya9,0
98,日本の未来を背負う子供たちへの接種について、メリット、デメリットをよく調べて提示し、接種の可否を市民自身に熟考を促すところは、さすがですね。市民の事を考えての事だと思うし、泉大津市民がすごく羨ましい。,11,クルクラット,0
99,人によっては時限式穀人装置になりかねませんからねタヒ亡率・重症率を見て考えてもいいのでは,40,ヴェールサクラ,1

100,大人ですらあんな但し書きがあるものを簡単には打てない生命保険の契約のごとき怪しさ,83,Cynical Spere,0
101,｢私は市民の命を守る為に覚悟を決めています。｣と周りにキッパリと発言された既にを犇々と感じます。そして｢お供します。｣の人達、家族･･･。｢今に見ておれ｣の人達からこの方をみんなで守りたいです。可能な限りの市長からのメッセージが多くの市民、国民に届きます様に！,70,Syacyuuhaku Tokyo Datsyutsu,0
102,南出市長、毅然とした姿勢と誠実さが顔に現れてますね。やはり人となりは顔に出るものです🥸圧力に負けず真実を貫き、自分の意思を曲げない素晴らしい方々が世を変えていく事を願い、そして応援しています,52,ruka i.,1
102-1,ほんと、この方のお顔を拝見して同じ事を思いました。,3,にーたろーげ
103,お子さんに何かあって後で後悔しても遅いと思います。保護者の方にはよく考えて欲しい。,20,chee kotanyan,1

104,コロナワクチンが危ないものって気付いてくれる人が増えてきて嬉しい,735,ssskkksss,2
104-1,3回目接種率がまたすごい勢いで上がってるグラフ見ると、辛くなる。。,10,I J
105,1:45 ~そもそもこの考え方に違和感が湧くんだよね。死亡も重症化もほぼしない年齢層に対して長期データのない注射を打つのってどう考えてもリスクしかないでしょうに。そんな年齢層にこんな意味不明な注射を急ぐ必要性って何よ？洗脳されてる人ってこんな初歩的な理屈すらわからんの？,144,punchman,1

106,得体の知れない物を子供に打たせる親がいることにびっくりします。,9,TAKAYA KOYAMA,0
107,日本人て自分で考えないですよね。言われたらやる。従う。調べない。,133,チーズ,2
107-1,全く貴方の意見に 同感です。,14,杏里
108,それを非難しない堀内さんにも少し安心しました。泉大津市長を応援し続けてこれを普通の考えにしたいです。,26,佐々木あやぱ,0
109,国から言われた事やってれば問題あっても国のせいに出来る。それをそうしないのは断固たる確証や思いがなければ出来ないと思います。,17,Annes,0
110,南出市長のような聡明な方がせめてあと一人くらいいないものだろうか？日本には市や区がこれだけたくさんあるのにたった一人しか本気で子供を守ろうとする人がいないなんて恐ろしいです。,31,シビーコメント,0
111,南出市長の対策を異色と捉える方がおかしいのに、何故理解できないのでしょう？,53,Kazuko Tojo,1

112,打つ打たないはあくまでも個人のチョイスでないといけないと思います。市長さん素晴らしいです！,56,loustarsXD,1
112-1,もうハッキリと言っても、【陰謀論者】という誹りは来ないと思いますよ。〈打つ〉という選択には後悔しか待っていない。ただ、病態の発現の時期に依って後悔する人間が変わるだけ。直接今の親が後悔するのか、子供が後悔するのか、或いは何世代か先の子孫が後悔するのか。,0,H M
113,素晴らしい判断ですね👏,78,じゅんじゅん,0
114,3:29 この記者は何を聞いていたんだ？持論じゃなくて副反応があったことは真実でしょ。副反応があった患者に取材しに行って、事実か確認するのが記者の仕事だろう。,86,Gレモン,1

115,厚労大臣、大人に続き子供もまた打ちながらデータ収集するのですか…,64,ptw,1

116,行政の言いなりになってはいけない。南出市長のような議員が市長や県知事や国会銀が増えてほしいが現実は骨なし、日和見主義の卑怯者ばかりだから、南出市長のような人は貴重。吉村地祇は薬害トラブルの責任をとれるのか？,144,Hiromi Landolt,1

117,南出市長は素晴らしい方です。ちゃんとリスクを説明してくれる市町村の少ないこと!!全国の国会議員、都道府県市町村は、南出市長を見習って欲しい。,129,なちゅらるママチャンネル,0
118,ぁぁ打つんや〜、5歳の女の子が無事でありますように🙏,133,kesuike i,1

119,南出市長の決断に敬意を表したいと思います素晴らしいです全国の市長さん　市議会議員さん　是非この決断を重く受け止めていただきたいです未来ある子供たちのために。。。,8,K.S.kurumi,0
120,南出さん素晴らしい‼️まさにリーダーにふさわしい‼️取り返しがつかなくなる前に‼️,97,makoto O,1

121,泉大津市民はこうした誠実な対応をしてくれる市長がいて幸せ。全て自己判断、自己責任。何かあっても誰も責任は取ってくれない。しっかり考えて判断する事を促す行政。全てがこうあるべき。,4,H Y,0
122,ありがとうございます🎵子どもたちを守ります🎵,40,S&Sチャンネル SnimaS,1

123,茶番劇、狂言に付き合って大切な子供達の命を奪う事は許されません。素晴らしい市長さんのご英断に拍手👏👏👏👏👏💞,132,ややななめ,0
124,今どき珍しくきちんとしてる市長さんだね。ここの市民が羨ましい。職場も学校もワクチン打ってる人ばかりコロナ患う。なんで？ワクチンの意味なくない？,49,よーゆー,1

125,子どものワクチン接種はそれぞれの家庭で相談して決めるものだからワンクッション置いて考えるのはいいと思います。打っても打たなくてもどちらの意見も認めあえるようになればいいのですが。,24,mai,1

126,泉大津市の市民の皆さんは数年後、南出氏を首長に頂いていたこの幸運を噛みしめる日が、必ずやってくることでしょう,29,Q,1

127,南出市長賢明なご判断本当にありがとうございます。これで救われる命や健康がきっとあると思います。これが市民を大切に思う真のリーダーの姿だと思います。様々な圧力やご苦労があると思いますが、これからもよろしくお願いいたします。他の自治体もこの方法にすべきだったと思います。,34,ワクチン子ども,0
128,これは後々、大変なことが起きますよ。起きてからでは遅いですよ。すでに起きてんだから,71,おがわだいせん,2
128-1,最悪大量死が起きますね。「祖父は死んだ、祖母は痴呆、父は半身不随で、母は入院中。子供も謎の不調が続いている。誰も稼げない。医療費だけがかさむ。」とかなった結果、安楽死を合法化せざるを得なくなると予想します。,0,だいちゃん
129,南出市長さん、素晴らしかったです(ﾟ∀ﾟ)ﾉｼ神戸で開かれたコロナワクチンについてのシンポジウムで南出市長さんからの話を生で聞きました。医師の方も素晴らしく、とても有益なシンポジウムでした。南出市長さんのように今現実に起きている事を把握し、市民を守るという姿勢で地方の市長の方も頑張って欲しい。ただただ「打って下さい」と言うだけじゃなく、自分で調べて情報を得て市民の為に何が最善か良く考えて下さい。,32,KINOpic,0
130,この世論の中お子さんの接種を慎重に待ちたい方々の希望になるのではないでしょうか？異色の判断が存在するという事実が大事だと思います。しかし接種券送付が一斉だろうが後々だろうが接種の判断は保護者がするから、責任は保護者に全て飛んでくるということですよね…。後悔をしない判断をするにはまだ時間が必要なのは確かです。,26,よそだ,1

131,南出市長さんを異色の持論って言うのはおかしいですよね。エビデンスがないのに、成人と同様の効果があると推量されて有効性を認める方が、異色の持論ではないかと思う。,9,kelly,0
132,立派な市長だ愛と勇気、本当の知性信頼できるヨシムラ、利権市長とは天と地の違いだ,48,r GD,0
133,市民の代表者、吉村さんには、真実が見えないのですかね？だとすると、人間の心に蓋をしてますね、,78,小林なおみ,2

134,南出市長のような政治家が日本にいるということは、希望だと思います。頑張っていただきたいです。,17,ちゅうでん,0
135,吉村ダメだわ,129,Sky B,4
135-1,@杏里 　　　　さま人相にハッキリ顕れている。ワクチソ射たす側は莫大な金を貰ってると思う。病院へは50発100発150発ごとに、1日  50発で10万円とか都道府県から金が入ります。,1,12g- B7a
135-2,わかってやっているなら犯罪者だね,14,pia non
136,看護師です。半年後には効果がなくなりかかるコロナ。　子供の重症化率と副反応の重症化率を天秤にかければわかります。まだワクチン自体出たばかりで、接種して何年後にどのような副反応がでるかもわからないものを打つ理由がないです。ましてや副反応と認められるかどうかもわからないものを、自分の子供を使っての治験です。すすめません。政府はただ打たせましたの数字が欲しいだけです。,28,カワウソさん,0
137,ワクについての国会答弁や海外のデータを見れば、南出市長の判断は極々当たり前だと思います。自分の保身しか考えない政治家や医師が蔓延り、それに合わせて同調社会を築いている国民を哀れに思ってしまいます。,20,小川祐史,0
138,普通はこの市長の様な考え方になる。そうで無い者は何か裏があるとしか思えない。,37,本 日,1

139,副反応の人数の中に「報告されていない」数もたくさんあるんだということを、当事者として申し上げておきたいと思います。南出市長のような賢明な方がうちの方にいたらいいなぁ〜羨ましいです。,20,ringo to banana,0
140,まったく治験が行われていない劇物を体内に入れて大丈夫な訳ないと思いますけどねー,49,江口憲二,1

141,南出市長、権限的にこの対応が精一杯なんだろうな。,97,fuji sakura,1

142,維新は重い副反応がでたら補償してくれるんですか？ かかるリスクより副反応のリスクの方が高いんですよ？エヴィデンスがないのに打つって人体実験じゃないですか。,213,Lughルー,8
142-1,吉村知事ははっきり言ってるじゃないですか。市の権限（責任）で接種を勧めろと。府は責任を取らないけどやれと。,8,Osamu Yamato
142-2,どんなにお金をもらっても無くした命や健康は買い戻せませんけどね onz,12,だいちゃん
142-3,今  が人体実験の真っ最中で、データを取ってます。みんな治験に参加してるわけです。,33,おはぎぼた餅
142-4,日本どうした！,12,ちっちきちー
142-5,「認めなければ永遠にゼロ」の法則,40,fuji sakura
142-6,厚労省が責任取らないのだから吉村が取るわけないですよね。,49,このはなゆり
142-7,本当に同感です！人体実験反対です、それでも接種なら逃げずに補償は絶対です。,47,マロン
143,泉大津市が大変大変大変羨ましいです。そしてこういった内容を取り上げてくれている番組は貴重。ありがとうございます。,4,a a,0
144,南出市長は、異色ではなく、いたって普通な正しい感覚だと思う。大人が死んでるのに、子どもが打ちやすいようになどと言う吉村府知事は無責任❗,32,じゅりるこみ,0
145,「異色な持論」というか、至極真っ当な判断だと思いますがね。府知事…ここまで落ちたか。,29,くんひー,1

146,マスコミの責任も相当あるでしょ？テレビ信じる人が居るんやからね？最初から副作用の事を発信すれば、ここまで酷い被害にならなかったのでは？やっと言える雰囲気か？遅すぎ,29,ハナミズキハナミズキ,0
147,なにが異色の持論を展開だよ。至極真っ当な意見しか言ってないぞ。,59,銀 南,0
148,子宮頸癌ワクチンの、後遺症に対する国の対応をご覧頂きたい。,98,サイパン島,2
148-1,残念ながら、今の注射の接種を進める目的の為だろうと思われますが、去年再度子宮頸癌ワクチンの接種を国は薦める事に方向を戻しました。折角殺人ワクチンの接種を推奨しないと舵を切ったのに。,2,H M
149,全国で、流れませんか？これは、大変素晴らしいメッセージだと。これでも、当たり前に大人同様打ったら、日本人は、向き合うことを放棄したんだと思います。,29,ch sA,0
150,南出市長様は、最初からワクチンについて、詳しく説明しておられます。ぶれない姿勢に、素晴らしい方です❣️子供達の事も守る為一生懸命に行動されて、本当感謝❣️感謝❣️です。,1,Sachi,0
151,効果の治験、安全性の治験がないのは大人とて同じ。ｍRNA自体が未知の新薬であり、効果は不可思議。世界中が未知のものを接種率を競っていること自体が狂気の沙汰。自然免疫に勝る薬は無し。,7,ハンゾウ,0
152,薬害エイズ事件で、あれだけ騒いだのは何だったんだって思う。,59,sky blue,1

153,前の選挙では 維新に入れた (他に入れたい所が無かったから) けど 次は無いな  😞💨,25,奈良ぷー,2
153-1,今回の参院選は保守党がいくつか出ます。私は今まで自民でしたが今回は国民民主、国守、参せい、及川さんの党？、この辺りが保守党ですね。これから調べて決めますが維新は入れませんよ！,1,pia non
153-2,あります参政党が草の根の政治団体です、今年７月の参議院選挙に候補予定者５名と地方選挙区からも現在４名がこれから党員選挙で認められたら出馬予定です、どうか参政党のホームページから活動を見て下さい。私は一般党員です。,1,三宅明子
154,南出市長は常にダロウロード重ね素晴らしいです。このような市長が増えてくれる事願ってます。親御さんは、しっかり持っと調べて後になって知らない聞いてないじゃなく‥ご自分の子供の身体の中にどんな物が入るか、よーく調べるべきです。無知は後で後悔します。　中身などはここでは書けないのが今の真実です。おかしいと思わない？中身書いたら、消去されるのです。,15,ととと,0
155,泉大津市長　素晴らしい😊✨応援してます📣こういう市長✨増えて欲しいテレビだけを信じず。自分で調べて欲しい真実を…,48,mutu,0
156,素晴らしい市長だと思います。きちんと事実や情報を公平に伝えてくれていると思います。打つのが当たり前、、、ではなく、一旦考える時間を作るべき。調べるべきです。,8,y i,0
157,こうやって周りに流されず市民を守ろうと言う意思が感じられる市長さんは好感が持てます。しかも絶対打てない訳ではなく、申請すれば接種券は届くという。やはり、ワクチン接種がどんどん進んでいく中で券が届くとすぐさま接種したいと急いでしまうと思うので一旦ワンクッション、改めて冷静に考えることが出来るのは素晴らしい。未来を担う子供たち、護れるのは大人です。,2,みぃゆず鹵,0
158,こんな市長なかなかいないなー。こう言う人たくさん増えてほしい。,15,みかちか,0
159,このご時世に、適切な判断を出来る市長は、やっぱり素晴らしいです。,14,harb chieno,0
160,なぜ正論を「異色の持論」と言うのだろうか？そういう印象を与えること自体社会が病んでいる証拠だと思います。,32,小布施ピアノ♫,3
160-1,@リンクリンク では、該当する論文のURLもしくは、出版社やサイト名を示していただけますか？,0,ら
160-2,@ら 世界中、論文が上がってきていますが。,0,リンクリンク
160-3,明確な根拠を示せてないからです。薬害と言うのなら論文がバンバン上がっているはずです。,0,ら
161,アメリカから７，８歳の子供への接種のデータが出たそうな。1か月で予防効果は「5％」にまで「激減」するんだってさ。それと副反応（てか開発者が言ってる通り主反応）の免疫抑制と天秤にかけなさいって事ですわｗ,8,kenichi F,0
162,この市長…相当勉強しているな❗️☺️,33,2020 Omoikane,1

163,私はコロナワクチンで心筋炎になりました。今も息苦しさや傷み、めまいに頭痛、身体に力が入らない等で普通の生活が送れません。私が救急搬送された時にその連絡を聞いて小学生の子供が泣き崩れたと主人から聞きました。親として子供に申し訳ない事をしてしまったと思います。循環器科でお世話になった医師に言われましたが、未知のモノを身体にいれるのだから、何が起こるか誰にもわからないとおっしゃってました。そんなワクチンを子供に打たせる勇気は私にはありません。,9,綱吉かっくんのアポちゃんねる,0
164,市民各自治体からの広報を確実に目を通して必ず把握しておくこと。人の意見に流されずに、各家庭において考えることが重要だと思います。,2,ミント,0
165,1ヶ月で効果が5%に落ちるアメリカのデータが確かなら。慎重になった方がいいのかも。副反応の害の方が大きそう。泉大津の南出市長優秀❗️吉村さんはCDCのデータは無視してるのかな？,39,情報りてらしー,1

166,一昨日、朝日新聞と時事通信社で、子供接種の予防効果が約一か月で68％～12％まで下がり、入院予防効果も100％～48％まで下がると発表していましたが。政府や分科会が言っているほど効果が期待できないと判った今、無駄なんじゃないかと思います。泉大津市の市長さんグッジョブです！,4,y m,0
167,未だワクチン副反応や死亡との因果関係不明者多数にも関わらず、万全な体制とは具体的に何に対して仰られているだろうか…,5,戦う整体師,0
168,この市長は素晴らしい。頑張れ。,11,yamatake65,0
169,南出市長さんのご対応は大変素晴らしいです！本日、自治体から子どもへの接種券が届きました。もちろん、打たせるワケないですが、いざ接種券が届くと「打たないといけない」と言う圧力を感じますね。全国に泉大津市のような取り組みが広がる事を願います！,13,ガイキチニイサン,0
170,接種は慎重に考えた方がいいと思うが・・,11,耳フックロウ,0
171,吉村は最初の方はいい事言ってたが、段々ダメな方に行ったね。。,22,marcoskazuaki,1

172,副反応の問題が大きくなってから判断すれば良いと言う考えではなく、同調圧力などに気を配りながら、副反応のリスクと人数をしっかり調べて出してくれてて素晴らしいと感じました。万が一はゼロというわけではない事実をしっかり受け止めて向き合っている姿勢には頭が下がります。,0,ふみふみ,0
173,副反応www本当にこわいのは中長期的に何が起こるかわからない事じゃない？,26,BFC,1
173-1,そうですね!!,1,当たり
174,ABC様の報道に敬意を申し上げます。こども達への無料注射は、あまりにも、危険性を感じますので、これからも真実語ってください。泉大津市長も、よく勉強されています！ABC様のご活躍願っています。ありがとうございます。,4,隆 上野,0
175,すごくいいことだと思います❗こう言うことをきちんとハッキリ言う方が少なすぎです。ワクチンで大変なことになったら誰が責任とってくれるのか、、。公表があまりもされてない、、って変です。人体実験ですかっておもう。,5,由紀子,0
176,南出市長､尊敬しています。泉大津市のように、まともにデータから行動する自治体がもっと現れてほしい。本気で市民を守ろうとしている。エビデンスがないのに､打つ？打って静観する？推量で有効性を認める？推量で有効性って謎。健康な人に打つワクチンなのに､そんな無責任。まさに狂気の沙汰。,13,暦の,0
177,泉大津市の南出市長は、本当に素晴らしいまともな政治家ですね！！我々小市民の事を本気で考えて行動して下さっている。最後の砦と言っても過言ではないです‼️コロナ騒動に関しては、以前からずっと感じてますが、吉村大阪府知事の言動は明らかにおかしい間違ってます。,23,うっくん,0
178,素晴らしい！どうか神のご加護がありますように🙏,4,アマウツシ,0
179,劇薬と説明書にかいているのに、送付するのは犯罪ですよ。子供の体で毒の本作用（副作用）には耐えれない率は高くなります。,6,真田信秋,0
180,素晴らしい市長さんですね勇気ある行動に感服します政治家もみんなこんな人だったらコロナなんかに混乱する事なく正しく世の中をコントロール出来たでしょうね,3,ギル,0
181,マスメディアが副反応と後遺症を報道するなんて珍しい😮,5,mi yu,0
182,素晴らしいです。きちんと自分で調べている親は、健康な子供であれば、ワクチンは打たないことを選択すると思います。このように、ワンクッションあることで、自身で調べるきっかけにもなるので、素晴らしい取り組みだと思います。,3,Y M,0
183,公の場では赤ちゃんも老人も、命の価値は同じとされているから高齢者を守る為、と国が推進するのは仕方がないけれど、そんな中で、子供を大事に考える市長がいる事は素晴らしい。（正直危険性云々についてはよく知らないけど）,1,アルパカ,0
184,南出市長の立場での発言や行動、政治に関わる人の中に、こんな勇敢な方がおられるとは。我が街の市長は。。。もっとこの波が拡がることを祈ります！,23,裕美,0
185,南出市長さん、その強い意志、勇気、覚悟、尊敬致します。誰もができることではないです。　もはや、誰かがやってくれる、誰かが終わらせてくれる、ではないですね。　揺るがない強く優しい想いをのせて動くのは、私やあなた、一人一人なのですよね。今日も💉についてのチラシを、近所へ配ってきます。　全国有志医師の会、の他、続々と立ち上がってきています。素晴らしい行いが、もっともっと拡がっていくことを切に願います。,15,diary,1

186,素晴らしい金よりも命を大切にする市長羨ましです,5,2gチャンネル,0
187,一般人がどんなに一生懸命同じことを伝えても、無視されたり馬鹿にされたり怒られたり陰謀論にされたりするのになぁ～ …,4,がえしおうむ@がいよう見てね♥,0
188,南出市長は本当に素晴らしい！わかりやすいし事実をきちんと色眼鏡つけずに説明している。素晴らしい！,2,Citoro Fun Trip,0
189,2:02 5歳〜11歳以上用のワクチンは、12歳以上用のワクチンとは添加物が異なります。（厚労省のサイトに記載あり）それでも同様の効果が得られる推量する根拠及び、安全性についてはその違いは影響しないのかについて分かりやすく国民に対して説明していただきたいです。,7,Me Ja,1
189-1,QQQQQ　https://youtu.be/U55wCszWLKQ,0,田辺英和
190,南出市長のような良識ある首長が増えれば日本は良くなるんやろな。,4,かりょう,0
191,まぁ打たせるわけないよね　まともな神経なら　俺は打たせない,69,ライサム,0
192,ワクチン、ワクチンと騒いでいた方が政治家として楽ですし支持率も下がりません。その逆風の中で市民の健康の為一人勇気を持って信念を貫く姿は素晴らしい❗関東からの応援しています。,11,中村とし子,0
193,どの政治家も本音を言えないのが事実。圧力でしかない。,3,ピッピ,0
194,知事のyoutubeを直接見ましたが、地元のデータも使い、よく調べて要点をまとめていると感じました。しかも、手続きも希望者のみ発行ということで、保護者も冷静に調べてから判断するようになると思います。知事のひとつの方針ですが、同調圧力ではなく市民自身がよく効果(リスク含む)を調べるように促しているところが人を育てることができるトップだと思いました。何のための政策で、ワクチンはじめたのか？在庫処分のためじゃないと思います。,1,de na,0
195,一人で戦ってきて、めっちゃ勇気ある行動で、めっちゃカッコイイと思います❣こういう人が総理大臣になってほしいわー💦,6,mumu u_u,0
196,素晴らしい知事です。総理になってほしいです。本当にこんなリーダーがいることがまだ救いです。,14,むぅ たん,0
197,科学より政治の大臣政治より科学の市長,7,MB,0
198,本当に子供の事考えてる市長だと思います！どんどん他の市長にも共有して欲しいです！,7,山内綾乃,0
199,南出市長さんが100人欲しい,46,空ゆか,0
200,南出市長、心から応援しています。,5,T F,0
201,本当に狂気の沙汰でしかない。こんなにも勇気ある発言に涙が出る。もう、一部の権力者にただ黙って従う時代じゃないよね。何が大切かは私たちひとりひとりがちゃんと知ってる。,3,Sally,0
202,ワクチン代金は税金でアメリカへ、治療薬代金も税金でアメリカへ、抗原キットも税金でシーメンスへ。経産省、厚労省は何でもやる。オミクロン感染者沢山いるけど、大した症状ではない。高齢施設はワクチン接種後に体調崩すケースが多い,15,新宿三丁目,0
203,圧力に負けないでください。応援しています。他の議員や医療関係者がもっと声を上げれば、同調圧力もなくなるのに。母はワクチン接種で９か月入院中です。点滴だけで生きています。メディアに潰されないでください。,13,雅美,0
204,南出市長は素晴らしいね、ぐうの音も出ない正論を言ってる。,13,たかのけんた,0
205,親の責任ですよここまできたら　親の責任ですまだ自分で判断出来ない子供です子供の一生を良く調べて行動を取って下さい　まだ暫く様子を見て行くとか良く調べて行けばどのように行動をすれば良いかわかります！せっかく生まれて来てここまで大切に育てて来た命　親の責任です！！,4,7 Rainbow,0
206,他にどんなことしてるか知らないけど、この市長さんが総理大臣でいいんじゃないか。,4,inoue ska36,0
207,勇気ある南出市長の様な人が、他県でもドンドン出て来て欲しい。,6,明石こころ,0
208,副反応なんかじゃなく完全な「健康被害」なんだけどね。同調圧力で打ってしまった人が大勢いるんでしょうね。,6,Konamoto Konamoto,0
209,子供は親を選べない！,37,pia non,0
210,吉村は、自分の利益しか考えてないわ！子供を守る気がない人だわ！,12,トラ,1
210-1,そうだわ。みんな国民のことなんて考えてないわ,3,智子恐竜
211,自分は接種する予定では居ますが、政府のような矢鱈な推進も反ワクチン派の陰謀論のような反対でもない正当なリスク周知は大いに好感が持てます。,1,トリス呑兵衛,0
212,子供に券が来たら捨てなさい人に合わせる時代は終わったこのままだと失われた100年になると断言しよう,6,7 kira,0
213,総理大臣になってください,94,kunie tanaka,0
214,全くもって、素晴らしい❗️賢明な勇気ある市長さんですね❗️こんな方を市長に選ばれた市民の方も素晴らしいと思います。仰っていることに説得力と、真実に基づくデータを示されて、その事を見て見ぬふりをせず、疑問視してある事が素晴らしい長だと思います。色々な圧力も偏見もあるかと思いますが、頑張って下さることを願っています。,18,Haru KiKi,0
215,これで何人、タヒぬんやろね。量が三分の一やからタヒぬ事は無くとも、今度は一生付き纏う何かがあるかもねぇ〜,35,ぐっち,2
215-1,@奈良ぷー 遺伝子組み換えワクですからねぇ～;;,0,だいちゃん
215-2,体重が それ位だから 濃度的には大人と同じ位になるので 被害者も同じ位 出るかも？ これから子供を作る世代では 本人だけじゃなく 次の世代にも影響するかも？ 😨,3,奈良ぷー
216,素晴らしい市長ですね。現状は後遺症が出ても認めて貰えず、苦しんでる人が多いですからね。テレビの情報だけの人だと国の言う通りですからね。,3,PlumaBlanka,0
217,この様な正義感、勇気を持つ方に日本国民を支えて欲しい。岸田とは大違いであり政治家の鑑です,4,T TOYO,0
218,丁寧に調べ対策してくれる立派な方ですね。こちらの地域にお住まいの方が大変羨ましいです。,2,Mana,0
219,首相になって欲しい。,31,s丸藤,0
220,はっきり発言する泉大津市長を尊敬します。,3,ブログ貼付け用動画チャンネル,0
221,大人はもういまさら仕方ないけど子供はまだ間に合う。打ってはダメ。,33,Suzu Red,1

222,少しずつ地方でも目覚めてきていますね。名古屋市で後遺症相談窓口が設置されました。子供に罪はありません。未来を担う世代に絶体に打たせてはいけない,3,【メイン】True Fact Check,0
223,子供で治験って、人道的、薬事法で許されるのか？,19,木村信次郎,1

224,南出市長は未来を守ってくれていると感じます。これからも応援してますm(_ _)m,2,ニコニコルーレット,0
225,「誰のために」がはっきりしていますね。悲しいかな大衆は流されやすい。それを守る賢いリーダーでうらやましい。しかし、ナレーションのテンションよ。恣意的だなぁ。,18,ｐ,0
226,泉大津市長様　素晴らしいリーダーです。ワクチン接種の問題点を十分に理解されています。広がってほしいです。私は親類の子供たちに絶対に接種させません。行政は結局最後に何かあっても責任はとらないでしょう。吉村さんの言葉がっかりです。そう言わないと、影の力がうるさいのでしょう！,20,chann kan,0
227,もともと子供はほとんど発症しないうえ、弱毒化で老人の死人すら稀になった病気のワクチンとか要る？,30,アキオ,0
228,子供への接種なんて、どう頑張っても全体の2割もしないし、身体への負担も相当だけど、我が子に接種させた親なんて今後、絶対差別されるから笑。,4,阿部信,0
229,南出市長さん素晴らしいですね。子供に打つなんて信じられません。,8,*0* pakira,0
230,スゴイ！！政治や社会を逆行するような事、なかなかできる事じゃないと思う！素晴らしい市長！！,6,billionerboy,0
231,南出市長は首長の手本です。,20,ちび太,0
232,To:大阪府 吉村知事 市町村長の権限だと思っているならば、余計なことをいう必要はないのではないでしょうか。また貴方が5歳から11歳の子供へ枠珍をできるだけ受けやすくするのが良い、と考えている具体的な理由を言ってください。単なる個人的な感想をメディアに語っても意味がないと思いますよ。,5,Hiro Full,0
233,素晴らしい対応ですね子供に対する副反応は国会でデータないって大臣が言ってたもんな,2,だゆう,0
234,子供に接種させる理由なんてない親たちは（勝手に）理由を作らないこと,6,モチリンのお部屋（言靈）,1

235,本当に市民のこと、子供たちのことを考えてくれていて羨ましいです。素晴らしい市長さんですね。,4,さや,0
236,市長の対応に賛成です。右へならえ、国が進めてるからなどで流されず、情報を自分で集め、決断してほしいと親御さんに思います。副反応が大きいのが今のワクチンの精一杯だと思います。経済を動かすために、、、って、政治家達の都合ですよね。,2,りん,0
237,堀内やばいな。。ヒトゴロシ,78,みんみんみん,0
238,素晴らしい市長です他の市長さんも子供の未来を奪わないでください。お願いします,1,まき,0
239,泉大津市長は独自で情報収集し、正確な判断で真っ当に伝えようとする姿勢が本当に素晴らしい👏いち父親であり市長であり、子供の未来を見据えて守ろうとしているのが良く分かる。もう少し他の政治家も見習うべきだと思う。,2,げんきまん,0
240,市長さん素晴らしいね！！国がやってるから安心だからって打たないと宣言していた自分に週1で電話でワクチンを打て打てってしつこく言う身内（特にテレビしか情報を得る手段しかない爺さん婆さん）にうんざりして旦那に説得されて自分は打ったので、声をあげた市長さんは凄いです！！やっぱり政治家の方も感じてる方もいるけど言えないんだな。友人が副作用で治療中なので爺さん婆さんにその事を強調して言ってやりましたが、私らの周りでは出てないから知らんなど言われてその責任の無さにうんざりしてます。老人は政府がやってる事は安心だって思い込みますから強制してきます。若い方は人に言われるまま打つのじゃなく、考えた方がいいです。,9,ゆめちゃんまん,0
241,素晴らしいです！どんな組織でも、良くなるのか悪くなるのかはトップ次第だと思います。一番大事なのは「国のトップ」ですけどねぇ。,6,しほる 八雲,0
242,ナイス!　救国の士だよ。　打ち始めてからまだ1年しかたってない薬剤は、極限まで様子見とデータ取得をすべきだ。未来を担う生命は大人と社会が守ってやらなきゃならない。決して親権者に判断を全振りさせて言い問題じゃない。よくやった南出,7,紫渚,0
243,たしか青森のむつ市もそうしたのでは？他の県でもしたのなら報道してほしい,8,じゅりるこみ,0
244,素晴らしい活動です。応援します！,3,ナカタク,0
245,南出市長、すごくまっとうな意見！応援します❣️異色の持論て何だ？泉大津市民が羨ましい。,6,猫子,0
246,南出市長の言動はしっかりと思考された理にかなったものだと思いますよ。吉村さん、以前は期待していたこともあったのですが…。,9,Hiroshi Nakajima,1

247,当然の事してるじゃないか!当たり前の普通の考えだ。負けないで最後まで言い続けてほしいな〜,3,kanggeki,0
248,泉大津市長なんて素晴らしい市長のんだ！うちの市の市長になってもらいたい。,1,つよぽん,0
249,メディアがこんな報道するんだ～～、素晴らしい。,4,おりゅう,0
250,素晴らしい市長さんですね。心からお礼を言いたいです。,3,Yuki Healing Yoga & Shiatsu,0
251,ありえん。子や孫に接種しろと言えるのか？政治家や役人、医師の方々よ。この市長さん、本当に素晴らしい。市民の事を大事にしている。通常はこういうことするのは、自身にとってはデメリットご大きい、リスクが大きいからね。,3,やまだたろう,0
252,市民の意見を尊重し、現実を見ているお若いのに素晴らしい考えの市長さんがいらっしゃるんだなぁ,7,ごろごろ,0
253,これが本来の市長の姿,5,Jun,0
254,安易に子供にワクチンを打たせる親が信じられない。周りの圧に屈せず状況を判断できるのが素晴らしい。,2,nao,0
255,泉大津市長の言う通り。ワクチン大臣はアメリカなどからの命令でワクチン接種を進めていると正直に言いなさい。自分たちは接種したない人がほとんどでしょし。,4,芳章 中沢,0
256,先日うちの長男にも接種券送られて来ました。今月からファイザー社が米連邦裁判所の命令で8ヶ月かけてワクチンの情報開示しています。とてもじゃないが打たせられません。この市長さん素晴らしく勇気のある方だと思います。,2,おかあさん,0
257,南出市長 素晴らしい,26,株式会社ビ-ケ-,0
258,老人を守ることを重要視するか、子供を守ることを重要視か、の違いだと思います。日本の将来を考えたとき、この市長は賢明な判断をしてると思います。国会議員にこのような発言をする人がいないことがとても残念です。,3,Sadmas,0
259,うちの学校からも市からお手紙がきました。お手紙を見て接種してしまう方多いと思います。南出市長みたいな方が市長だったら良かったのにって思います。応援しています。,6,山内麻未,0
260,一人でもこのような市長さんがいることにホッとしました。ワンクッションおくことは良いですね。,1,mika,0
261,👏👏👏‼️この市長さんの言うことが正しい‼️,2,いくらいく,0
262,先日の土曜、神戸の緊急シンポジウムに参加して、南出市長のデータを元にしたデメリットしかない解説を聞きました。明快で大変よく理解できました。利権を貪り続ける関係者の暴言や反対に日々負けずに頑張っておられて素晴らしい！と思いました。それに引き換えマンボウ延長するわ３回目接種して(なぜかボカシはいってましたが)まだゴリ押し発言する大阪府知事には言葉もありません。シンポジウムには、実際に接種による後遺症で通学できない、出勤できない、また仕事に行けてもいつ心臓が止まるかもしれない恐怖、突然くるめまいや頭痛、記憶力も落ちている・・・様々な症状に長期間苦しんでいる方々の生の声をお聞きして、死者、重篤者を認めない国に怒りと恐怖を感じました。髪の毛、眉毛、まつ毛、全て抜けてしまい高熱と体調不良で夏以降休学している中学生と付き添いの祖母の姿には胸が詰まりました。１日も早く長尾医師のもと、回復されますようにと祈るばかりでした。,8,mayu,0
263,私は、南出さんの主張に賛成です。頑張れ！南出さん！！,3,T0SHI0_ 0HYA,0
264,泉大津市の南出市長さんは、本当に、素晴らしいです✨,3,tomo minamomo,0
265,この人凄いな。,23,CANDY,1

266,もし子供接種迷っている方がおられたら、わたしのがいようの(おまけ)を参照していただきたいです。お役に立てると思います。,0,がえしおうむ@がいよう見てね♥,0
267,大人が打っても副反応でかなり辛いのに、子供なんかに打たせれんわ。3回目は打たない。副反応で仕事にもならんわ,6,ロンギヌス,0
268,南出さんの言われていることの方が正論じゃないかと思います。子どもは自分で判断するわけにはいかないので、大人たちが守らないとね。,6,ギーズ,0
269,大人でも辛いんだから、子供はもっとかわいそう,3,Xing Nann,0
270,子供においては、死者すらでないのに、バカスカ打つほうが異常でしょーに。普通に考えられる大人が、あまりにいなさすぎる。まして権力持ってる人間が、ほぼ全滅な悲しさ。,7,kaiku yamatanigawa,1
270-1,平和ボケは情弱になるからねそれが日本人,3,名無君
271,吉村知事は、権限どうのこうのよりも、副反応や後遺症の現場を実際にご覧になりその現状を把握した上で、5-11歳に打つべき根拠があるのかどうかを論理的に発言すべきです。,2,H J,0
272,「痛かった？」「ちょっと」って言っちゃってるって事は打っちゃってますやん。「取り返しのつかない事をした自覚はありますか？」「ちょっと」,5,シビーコメント,0
273,素晴らしいです！市長尊敬します！,7,トラ,0
274,国民に打つこと進めてる吉村知事、その他政治家の子供さん達は接種券が届いたら打つんでしょうか？南出市長さん声をあげてくれて嬉しいです。,7,tanasachi,0
275,日本人って『皆一緒💗』が大好きだよね。未だに『打てば感染しない！！』って信じて疑わない人もいる高齢者が亡くなるのは当たり前じゃない？この病気じゃなくてもいずれこの世からいなくなるよね。癌のほうが圧倒的に死亡率高いのに見向きもしないのに、TVの煽りや洗脳力の素晴らしさよほぼ重症化しない子供に打たせたい親って本当に子供未来思っているのだろうか,5,tsubasa s.,0
276,えー子供のこと大事なら打たせたりしないでしょ？なんかあっても関連不明で片付けられるんだよ？,7,FD 3S,0
277,南出市長を支持します！ちゃんと市民のことを考えてくれている判断だと思います。泉大津市いいなぁ。,1,ai ueo,0
278,吉村の「受けやすくする」の意味がわからん。私の住む岐阜県可児市の市長も一律送付ではなく、お知らせのみで希望者のみに送付してほしいという申し入れをしたが「利便性」とか「円滑性」とか。リスクがベネフィットを上回ってるだろって、数字でも見せてるのに聞かん。結局同じ市内でも接種券送られてきた。うちも間もなく。リスクについての説明がちゃんと添付されているか、確認しよう。,5,たむらけんぞう,0
279,圧政に負けずにしっかりとした情報を提供する南出市長に拍手です👏👏👏そして、これを伝えるABCニュースさんも凄いと思います👍,12,M Mシュラ,1

280,すばらしい！ぜひ総理大臣に就任してください。,4,JINGLS Mr.,0
281,一番 賢い市長です‼️(^-^)/豊中です、子供の接種券棄てました。泉大津市は税金を無駄にしてない❗️,4,沙織,0
282,泉大津市の方々がうらやましいです。素晴らしい市長さんです。,3,ah0910,0
283,「狂気の沙汰」自分もそう思います。市長さん👏,3,baby moomin,0
284,エビデンスがない、リスクが大きいというのは異色な持論では無いと思う,8,nyanco nyanya,0
285,知性と良心を感じる,2,haru,0
286,5:42　に吉村大阪知事は「最終的には私の権限じゃありませんから」と、接種後何が起ころうと各市町村長の責任だと明言してしまいましたね。恐ろしい知事だ。泉大津の市長の様な正義感あふれる市長を我が市にも迎えたいです。,5,vmax3311,0
287,南出市長の英断に賛意を表する。政府が子供たちへの接種を焦るのは、残念ながらそれを望む国民がいるからであるが、政府もマスコミも一辺倒に偏った情報発信を改めて、ワクチンのメリットとデメリットを適切に伝え、国民に選択させるよう誠実に対応してほしい。,3,安部公人,0
288,市長の政策を応援します❗️,1,s.kanamoto,0
289,大津市の市長さんは賢いです。信用できます。子供には不要です。,9,maririn,0
290,こんなものを子供に打たせる親がいる事が怖い。子供は親の奴隷じゃない,2,dりくしー,0
291,薬○と記載するとほぼどこのSNSでも削除されます。この市長くらいはっきり発言するべき案件と思いますが。それ程遠くない将来にそういう問題になってることは避けられないでしょうね。,4,peco,1

292,安全かどうかデーターがないのは知っているけど、兎に角片っ端から打って！でも、全責任は接種決めた親御さんにありますから。という意味でいいですか？吉村府知事。,5,NK-Tako,0
293,南出市長は偉い。国会議員は利権が絡んで言えないんですよね。　数年後に絶対に問題になると思います。,1,hide tsumuji,0
294,この市長さん、「ご立派！」の一言です。∈^0^∋　拍手　(・・||||rパンパンッ！,2,yosimatu2,0
295,子供だけで無くお年寄りの方も打たないで！,80,イノチン,2

296,南出市長素晴らしいです！！！泉大津市に住みたいと思います！！！,2,BEN 369,0
297,昨日静岡で、接種した90代の方が会場で亡くなりました。やっと地元のラジオやNHKニュースで報道されました。少しずつ報道されやすくなってきたのは、一部の心ある人たちが声を上げてきてくれたからだと思います。,2,ふくまる,0
298,南出市長の信念、是非貫いて頂きたいです。共感できます。『異色の持論』の報道に違和感しかないです。,7,よっこ,0
299,南出市長を支持します。,7,タカクマ🐻,0
300,２回目打ってから副作用で痛みがひかないこれが病院に行けば国に言ってくれ！！と感じ悪く医者に言われるしばらく病院に通わないといけないし後遺症の申請は更に審査され通らなかったら実費で一生病院に通わないといけないごく一部とは他人事では無く自分に起こると思って欲しい結局選択肢は自分だと言うこと,2,ごまちゃん,0
301,勇気ある市長、大変なプレッシャーかかっていると思うのに素晴らしいは決断、陰なが、応援します、,3,眞孝 河本,0
302,立派な方ですね。持論の良否はともかく、ここまで真剣に首長として活動している人がどれだけいるか？,2,bakucham,0
303,泉大津素晴らしい。うちの市長は血眼になって接種率上げようとFacebookで圧力かけてきます。,1,A n,0
304,素晴らしい市長さんです。南出市長さん、応援します☺️,3,大好き日本,0
305,南出市長は素晴らしい。国政に参加して欲しい。,12,mmmoroi Moroi,1
305-1,総理大臣になって欲しい。,0,秀 朝偉
306,最新のニューヨーク州保健当局によると５－１１歳の予防効果は極めて低いというデータが、【感染を防ぐ効果は12歳から17歳はオミクロン株が主流となった去年12月中旬の時点で66％、ことし1月下旬では51％と比較的小幅な低下にとどまった一方、5歳から11歳では同じ期間に68％から12％と大幅に低下したということです。】,4,鳳凰院凶真,0
307,涙出てくる。すごい。南出市長かっこよすぎ。,2,kotzen1919,0
308,吉村知事、元々期待していないけどさらに失望。,12,P,0
309,「必要」とゆう文字の言葉の意味をしっかり考えてくれる事を願うけどね。必ず要る・・・いゃ 必要無いでしょう！(｀´),7,バイトなんで,0
310,勇気ある立派な市長です。,5,のんたん,0
311,今のところ一番まともな行政。,16,paipan39,0
312,この薬害問題を、大手メディアはいつまで隠すつもりなのだろうか？,5,みやちゃんねる!,0
313,堀内さん、しっかり自分の頭で考えていますか？　周りの言うことだけを鵜呑みにせず、自ら情報を取ってください。南出市長のような方が担当大臣になって頂きたいものです。保護者の皆様、「解らないもの」の人体実験に大切な我が子を差し出すどんな理由もないはずです。騙されてはなりません。,7,永川恵子,0
314,このワンクッションで冷静になる人が増える。救える人が増える。東京ワクションとは大違い。治験だから推量されるという言い方で後藤大臣間違いではない。逃げ道として正しい。,1,daisuki nihonshu,0
315,大切なのは実際にあるだけの情報を見て、自分で判断すること。厚生労働省も、この市長さんの意見も絶対に正しいと言うことではありません。今あるデータでは、5歳～12歳ではアメリカのデータです。（探せば他にあるかもしれません）他人の言葉を鵜呑みにするのでは無く、接種をするかどうかは自分で判断するようにしましょう！,3,腰の上のポニョ,0
316,ワクチン接種後に亡くなった人の因果関係を徹底的に精査するべきではないでしょうか‼️人の命を一番に考えて欲しいです‼️特に政治家の皆さん‼️m(_ _)m,2,佐藤久美子,0
317,宮城県知事はおじいちゃん、おばあちゃん、周りの人に移さないように、自分も移らないように元気な子供は早く打ちましょう❗だって❗発症予防効果、感染予防効果にも根拠無いのに何かあったら責任取れるのかな❓人の家の子供だから無責任に推進してるのであったら、県知事を辞めて頂きたい‼️この市長さんは冷静で、市民の気持ち良く分かって素晴らしい❗,6,せんだいたろん,0
318,こんな誠実な政治家いるんだな、好感。,3,かなりあ,0
319,最近色々みている中でだんだんと腐った政治家を見た目で判断できるようになってきた気がします。吉村とか出て来た瞬間にこいつはダメだなって感じ取れるようになった。,6,シビーコメント,0
320,この人めっちゃ有能。,1,カタヒラマサタカ,0
321,当たり前の事でしょ！！泉大津市長のお手柄やね。,1,Taka Mio,0
322,これが真っ当です😊,11,スキーバレー,0
323,「異色」ではなく南出市長が至極「まとも」「当たり前の事」をしている。国会は与党も野党も、ワクチンそのものの議論をしない。,12,doro2067,1

324,「異色な持論を展開、、、」って、当たり前の話なんだけどね〜南出市長頑張ってほしいです,2,yoriko /print,0
325,それで良い受けたい人は送ってもらえば良いハガキが来たら受けなさいの圧力を感じますそしてお金とって下さいただなんて怖い,3,ヒロミン24,0
326,なんて素晴らしい市長様。,2,chan yama,0
327,南出市長　最高！素晴らしいです！,3,ペコペコカンパニー,0
328,南出市長頑張って下さい。ワクチン打たにゃきや元気だった子供が、打ったが為に変な頭痛が続いたり、フラフラしたり、なるんですよ！皆さんよく考えましょう！,3,umanbo568,0
329,考えるという行為を国民が持つように啓蒙する必要がある！為政者のその場しのぎを自戒して欲しい！,0,nyanzkt007,0
330,(๑¯ω¯๑)まず治験の段階の物を💉打ってるのが間違い中身を公表してないのに打つ理由が分からない。調べないのが1番悪い、子供達を本当に守りたいなら一から調べるべき❗️打たせた親に責任がありますね。,1,K. K,0
331,子供は重症化しません！将来どんな服反応があるかわからないものを子供に打たせるなんて‼️吉村府知事は恐ろしい人です。南出市長のような政治家がこれから増える事を祈るばかりです。,3,obachan tadano,0
332,南出市長は素晴らしいです！,1,人民不需要自由,0
333,素晴らしい市長ですね！,3,Ernesto Ernesto,0
334,素晴らしいね日本にもまともな地域があるって少しほっとしました。,2,なす あげ,0
335,市長さんに大賛成,2,Mmm H,0
336,泉佐野市長と勘違いしていました。今回子供たちのことを思い一斉送付をしない決定されたことそして決定した理由も流して下さり感動しました。風当たりは強いかと思いますが頑張ってください。応援しています。,5,Umi Ume,3
336-1,泉大津の間違いでした。すみません。ただ今回のことは本当にありがたいです。,0,Umi Ume
336-2,泉佐野ですか？泉大津市ではないですか？私は大阪市民なので地理は知っていますが▪▪泉佐野も一斉送付やらないのですか？,0,pia non
336-3,私も大感動しました（ ;  ; ）,2,シンママうーさんの子育て
337,政府やマスコミ、医師会コロナ怖い怖いと煽るより国民私達の健康と命の安全を考えて！からの安心です,1,坊マー,0
338,薬害エイズ訴訟の頃 思い出すけど製薬業界と 権力者は鬼だと思います。,1,マグナＢSＰの原発がヤヴァイ,0
339,今年のふるさと納税は泉大津市に決定かな、頑張れ、南出市長‼️,13,ろろのぽっきー,0
340,素晴らしい市長だ,1,たんたんたぬき,0
341,なんで子供に負担させるの？年寄りのためでしょ😐うちの子供は受けませんよ🙆,5,ゆず,0
342,謎のコロナ専門家として当選した現在の横浜市長もこれくらいしっかりして欲しいよなー,1,O H,0
343,市長偉い！根性ある！このマスコミも偉い！,2,Kobayashi Shigeru,0
344,英断です。厚労省のホームページではDNAは書き換えが起こらないと記載されていますが、実際には書き換えが発生し慢性的な症状を生み出してます。,2,Aあき,0
345,よく学んでいる市長さんですね。投票した方は誇らしいと思います。,6,太郎佐原,0
346,万が一、我が子がと思うと出かけない、出かけさせない事を選ぶリスクが大きすぎます,0,女漁師浜猫チャンネル,0
347,素晴らしい市長さんですね。マスコミや製薬会社に嫌がらせを受けないように心からお祈りいたします。,2,匿名匿名,0
348,私はワクチン打っていません。なぜならコロナの症状を和らげるくらいのメリットしかないのに数年後何が起こるかわからない未完成のワクチンを体に摂取するデメリットの方が大きいからです。今年就活でワクチン打たないと選考に影響が出るのかと不安で怖かったので、仕方なく打つかどうか悩んでいました。しかし、このニュースを見てやはり周りに流されずにしっかり自己判断で様子見を続けようと思いました。,2,Nsoda,0
349,堀内ワクチン担当大臣、南出泉大津市長、吉村知事、御三方の政治家の先生方、どなたが正しかったかは、時間が証明するでしょう。堀内ワクチン担当大臣と、吉村知事は、亡くなったり重篤な副反応に長い事苦しんでいる子ども達の事はどうお考えなのでしょうか？犠牲を無駄にしないためには、即座に接種中止するべきじゃないでしょうか？,4,ayurmind 2021 あや太郎,0
350,若年層には恩恵よりリスクの方が高いことをちゃんと周知してから送って下さい。死亡者や重篤な副反応たくさん出てるのも知らないで言われるがまま打ってる人多いんじゃないですか？南出市長はちゃんと市民の事考えてくれてますね。政治家は危険性知ってるのになんでワクチン勧めるんですか？,1,ちゅんたろー,0
351,馬鹿な市長が多く、ワクワクしろ(強制)と言う意見が多い中で、ワンクッション置くとは素敵な市長さん。うちも摂取券来ましたが、10歳未満に毒は入れさせません。,1,莉羅熊,0
352,保護者の判断…データも根拠もないのに、保護者の判断に委ねるってのはどうなの？,3,りょう,0
353,南出市長、行動出来るあなたは素晴らしい‼️👍国に流されず、きちんと事態を把握している❗️,3,一華開五葉,0
354,凄いな！良い判断だと思います。,1,FloorCat,0
355,22歳、1回目接種後息苦しさで約20日間苦しみました。心電図、エコー、レントゲン、血液検査、いずれも異常なしでした。2回目接種後、高熱と体の痛みが治まって2週間くらいして、再度息苦しさと胸のだるさ、痛みが5ヶ月以上続いています。働けず、惨めな思いばかりして正直辛いです。自分より幼い子供たちが同じように苦しんでほしくないです。今回の対応は慎重に考えられる余裕を与える良い判断だと思います。,1,S,0
356,応援してます南出市長😌,4,FAMILY REOCORDS ENTERTAINMENT,0
357,まさに「狂気の沙汰」です！,17,シャークさめざめ,0
358,これは南出市長の異色な持論ではなく、市民の健康の安全と安心を第一に考えた自治体の首長としての真っ当な持論。国や専門家やマスコミなどの大多数のおかしな意見が強引に推し進められ罷り通っているに過ぎない。,3,Takanori,0
359,狂気の沙汰。正にその通り。,10,sikiten sumire,0
360,良心的な市長さんですね。素晴らしい,4,AquaOOOaupA,0
361,他の動画で、アメリカのデータですが、１ヶ月後のワクチン有効率が５%って👀‼️副反応の「学校に行けない」が１０%だそうで…打つ意味ないですね。一斉送信しないでワンクッション置いたのは素晴らしい判断ですね。,2,とっくり,0
362,子供の免疫力は低いからそれほど変わらんでしょ若くて健康な人には元々デメリットしかない,11,cycgar,2
362-1,子供の免疫力って低いの？リンパ球数の基準は小児が 3,000個/μl以上 で、成人が1,500個/μl以上 だったと思うけど。,0,K. T.
363,希有な市長さんですね。✨✨,1,満竹いつよ,0
364,ちゃんとした行政もあるんですね。羨ましい❗,0,よっしーげん　yoshida films,0
365,子供に関しては、ワクチンの効果が1ヶ月程度しか持たないようなデータが最近になって出てきてるし、副反応のリスクとワクチンの効果を総合的に判断すると、リスクに対しての効果が弱すぎるので、ちゃんと考えて判断した方がいいとは思う。,2,変態紳士　白嘉HAKKA〜ソロシンガー,0
366,針を刺すのが痛い痛くないの問題じゃねぇんだよなぁ,4,むねやけ,0
367,自分は過去一回も接種はしていないが一度感染したが全く問題なく終わった、コロナなど何回感染しても問題無しが自分独自の考え。,2,massar23,0
368,吉村で、大阪経済、医療崩壊。わかっててやっている。泉大津市長は、勉強家で、個人を尊重する優しい市長さんです。,0,T.赤影,0
369,素晴らしい市長がいるんだな。驚いた。吉村知事は政治家として国政へともっと頑張って頂きたかったが数年後このワクチン問題で失脚しそうだな。コロナが納まりその数年後おそらくワクチン問題は世界規模での大問題となっているだろうから。,3,佐藤洋,0
370,真の英雄の姿を見た,6,japanairhome,0
371,私は千葉市の病院に勤務してます。仕事で仕方なくアレの受付をやってます。上司に井上正康先生の話をしたら「そんなに我を張るんだったら、別の職場に行けば？」と言われました。（笑）南出市長のような上司と働ける人たちが羨ましいです。,6,ledholm,0
372,南出市長の英断にはただただ脱帽です。泉大津市の広報動画も拝見しました。多くの市町村が盲目的に国の方針に右ならえする中、冷静で賢明な判断であると感じます。泉大津市だけでなくどこの市民でも視聴できるYouTubeで公開されたのも尊敬に値します。一人でも多くの方の目にとまることを祈っています。,3,天外,0
373,ちゃんとしている市長も何人かはいるのですね。,2,aki,0
374,素晴らしい,2,いやさか弥栄,0
375,南出市長、素晴らしい❗️応援します❗️,3,のりこ,0
376,自分のお金の為に他人の命を犠牲にすることのない人生にしたい。今回学んだことです。,3,真実の目,0
377,素晴らしい市長さんですね。というか、常識的に考えれば当たり前の判断のはず。。。この二年間の政府、官僚、政治家、医師、専門家と呼ばれる方々の欺瞞の数々、酷すぎます。,3,yurialyama,0
378,このような方もおられるんですね（ ;  ; ）安易に打たないでほしいです。うちの地区でも接種券届きました💦うちはもちろん打たせていません☺️子供達も私も元気モリモリです😆打たせてしまったら…それこそ不安で眠れない日々が続きそうです😭😭😭,2,シンママうーさんの子育て,0
379,悪魔は笑顔で優しく勧める。天使は心配そうな顔で相手に問いかける。,3,ダイモンジ,0
380,こういう放送どんどんテレビでやってほしいけど、、難しいのかなぁ……私は自分がひどい副反応出たので子供には打たせません。でもテレビでワクチン接種を薦める報道やCMしか見ない義理の母親には子供にワクチン接種を薦めてきて、会いづらいです。,4,ささみ,2
380-1,ありがとうございます！そうですね…！ほんと、、また薦められたらこの動画を見せてみようと思います！返信ありがとうございます！,2,ささみ
380-2,お義母さまにこのニュース映像を見せてあげて、「子どものこれから先のことを考えて見合わせてる」と言ってもだめですかね💦とにかく一日も早くコロナが絶滅に向かってほしいです。,2,toko teko
381,接種した子供かわいそー。,25,:あき,0
382,橋下徹の娘さんは打ってないからな。吉村知事、自分で送っといて最後は市町村の権限ってひどいよね。,0,たまよ県,0
383,副反応が出やすいモデルナを推し進める政府がいかにバカが分かる,2,EXILEエバーグリーン,0
384,素晴らしいですね！,2,公美子,0
385,こういう人を見習えよマジ素晴らしい人だよ、どっちの意見も尊重して負けないであなたはひとりじゃない,5,モコニャンズ,0
386,素晴らしい！,2,田中かすみ,0
387,テメーが自分の体に打て！！堀内！！！,56,ゲゲゲの猫娘,7
387-1,@pia non さん。ニンニク注射とかね🤣,1,Norma
387-2,打つとしたら、栄養剤打ってブクブク太るw,2,pia non
387-3,こんにちは。読み返してみたら誤字だらけですいませんでした。本当に抗議したいです。緊急事態だって言ってマンボウだとか馬鹿らしい事ばかり実行しているくせに自分達はぬくぬくと美味しい立場にいるのが許せません,0,Norma
387-4,100万回くらい打って欲しい,1,だいちゃん
387-5,@Norma はっ??なんなんそれ? その情報、本当ですか!?もし本当ならその法律に賛成した者全員259行き確定。,0,山康之
387-6,そうそう!その通り👏👏👏私達、国民がその事実が本当かどうか?本当ならどういった理由でその法律を決めたのかぜんこく放送で国民に説明していてもらいたい!こういった抗議はどこにでもいけるドアメールすれば良いのかしら?,5,Norma
387-7,議員は打たなくて良いという法律作ったそうですね！何なんでしょうか？良いものなら一番先に打つだろう議員たちが打ちたくないって良い加減にしろです。,14,このはなゆり
388,安易に子供にもワクチンをと急ぐ政府。このような市長がいることに嬉しくなります。これからの子供の免疫力がどうなるのか心配です。,0,ゆっき,0
389,頑張ってください❗️❗️,2,キャプテンM,0
390,良い判断。素晴らしい。打つ価値ほぼなし。,5,ベロニカちゃん,0
391,未来の日本を守りますます。ありがとうございます。,1,柳澤信雄,0
392,南出市長は真のリーダーです。ホリウチさんはあり得ないという事です。後で責任をとることになります。逃げないでください。,5,cars,0
393,素晴らしいですね,3,都市伝説と陰謀,0
394,南出市にお住まいの方は幸せだと思います。こういう方に市長・知事になっていただきたい。,1,朝田美穂,0
395,なぜ「異色の持論」とわざわざ誘導するの?,7,ぷとりす,0
396,早く気付いて！取り返しがつかないことになる。1400名の死亡者尋常じゃないです,4,坊マー,0
397,泉大津市が正解ですね。,5,江田島平八,0
398,吉村も、あちら側の人間の証明だね。,5,新田重樹,0
399,南出市長のような方に政治をやっていただけることがしあわせです。,5,私のひかり,0
400,南出市長  頑張れ‼️,3,scarecrowかかし,0
401,頭の固い政府より　一部を除く柔軟性の高い自治体、市長の存在のほうが増えましたね,3,chas,0
402,大人を守るためにうたせるにはリスクが大きすぎる。・・・私も初老になりかけですが子供に守られてまで長生きしたくない。反対にこれからの我が国を担ってくれる子供たちを守ってあげたいくらいです。,0,ジョー,0
403,日経の力ってすげぇなぁ,1,五穀,0
404,いい市長だわ,3,lala shi,0
405,愛知にもきてくれー河村市長頼む,1,a7 Audi,0
406,素晴らしい👏,9,nana ymd,0
407,子供の接種券捨てました😉👍✨必要なしですよね☺️なぜ元気な子供に打つのか意味がわからないですね。,5,723,0
408,副反応や後遺症があるから打たないのでは無く、そもそも５６７なんて無いからです！ｗ,5,M M,0
409,南出さん、素晴らしい！全国市長見習え！,2,Makonaka,0
410,素晴らしい判断です,2,55 kh,0
411,この市長は偉い❗️勇気ある❗️,4,モネ,0
412,命を大切に思うことができない大人がいる。,2,m ii,0
413,泉大津市が羨ましいです。うちの市長は…はぁ〜…,2,もぐもぐ,0
414,ワクチンの副反応が熱とか意外にもある点を公表して欲しいよねー認知されてない副反応に対して国がどうゆう対応してるのかテレビでやってよーその上で国民には選ぶ権利があるよーーワクチン自体人体実験をきちんとしてるのかって話だよね笑笑動物実験しかやっぱりしてないんじゃないの？？誰が好き好んで人体実験をやりたくないなー,1,β AA,0
415,南出市長のような方が、今後の国政に携わっていただきたい,2,宇宙のきゅーちゃん,0
416,「狂気の沙汰」は言い過ぎだが、親は子供に対する責任を十分に果さなければ絶対にいけない。私は自己責任で接種したが、(十分なデータが揃うまでは)子供に接種させない。,1,Isamsam88,0
417,堀内大臣自分の言葉を深く自覚しどのような副反応が出ているのか無視せず見つめるべきだ！,7,なえやま,0
418,それでも思考停止の親は多い。国が自治体が推奨すると信じて疑わないのだろうね。老人、基礎疾患持ちは接種するだけの意味はあるとは思うが、私個人は3回目は止めた。,3,渋谷英一,0
419,南出市長に本当の政治家の姿を見た！これこそ正に政治家の鏡！,3,翼spirit【真理探求ch】,0
420,ひとりのお子さんでも長い間後遺症で苦しむ可能性があるなら慎重に判断する方が居ても良いと思う子供や妊婦さんには日本製のワクチンをせめて打って欲しいと思う,0,鷹雷鳥,0
421,5:24「受けやすくするような努力義務はないわけですけれども、できるだけ受けやすくするという意味で」進次郎構文かな？それを強制と言うんじゃい！子供同士の同調圧力の強さなんて知ってるだろうに。,1,velda 777,0
422,実際、接種会場で若者が気分が悪くなってぶっ倒れている子供たちがいます。治験＝実験なのになんで半強制にするのか？腑に落ちない。,4,山本三助,1
422-1,私はワクチン打ちたくない派ですが、アレルギー反応以外だと迷走神経反射が原因で倒れた人もいると思います。,1,空マンハッタン
423,素晴らしい市長さんです。,8,yasu iso,0
424,事実、身近に接種で障害が起きた人が数人います。かなりの確率です。,0,す,0
425,副反応の隠蔽するな！責任れ！,2,KON KON,0
426,これは拡散されるべき,2,ゆう,0
427,死亡率も低いので、わざわざ小さなこどもたちがリスクがあるのに打つ必要はないと思いますけど。,2,na xixi,0
428,この先　真実を知ったやらせてしまった親御さんは　どこに怒りをぶつけるのか…,1,幸子 岩原,0
429,子ども達に接種は必要ないと思い続け、周りに流されることなく意思を貫いていましたが、自分の行動に自信を持てました。この勇気ある動画に感謝します。,0,yumami w,0
430,良い判断です✨,4,R N,0
431,素晴らしい市長さん！,4,hirogp,0
432,まじ？素晴らしい！まじ、まんじー！！卍ほとんどの公務員が洗○されてる中で、されてない人もいて、さらに行動できる貴重なお人やん。南出市長に、勇気ある市長賞あげたい！副反応を教えてあげてとかって、呑気だよね。寝込んだり、万が一、死んだら教えられへんがな。┐(´д｀)┌ﾔﾚﾔﾚ,2,百人一首,0
433,このような報道に感謝致します。川崎市の介護施設にお勤めの方が施設入居者の方が接種後、帯状発疹が多数の方に出ていて、これは何なんだという話になっているらしいです。機会がありましたら、取り上げて頂きたいです。,8,みっきーみっきー,0
434,南出市長を支持します！こんな市長が全国で増えてほしい！子供にぜったいに打たないでほしい。,6,28 ARIGATO,0
435,全体主義的思想の吉村知事にはいずれ責任取って貰わないといけませんね。,6,S U,0
436,ようやく‼️本当の政治家が出ました本当に嬉しい😃✨です,1,近藤綾子,0
437,5:38 解りにくい情報発信や副反応のリスクをしっかり報道せずに保護者の判断とかいう無責任。悪どいなぁ〜子供かわいそ,1,Ue Naka,0
438,適正な判断だと思います。,3,啓二 加地,0
439,まともな判断だと思います。,1,ayu AYU,0
440,この事でこの市長辞めさせられたら許せない,2,EXILEエバーグリーン,0
441,確かに、副反応とか副作用とか怖いですね。,0,3103shinsan,0
442,泉大津市長　頑張れ！治験されていない薬剤は反対！,6,一男 和久井,0
443,こういったことを放送してくれたことが珍しい。,5,kinky4who,0
444,かっこいい ｢大人｣とはまさにこういう方です。大人はあくまで未来ある子供たちの盾でなければならない。｢将来の子供のため｣とき言って、子供の未来を売る大人など人間ですらない。,1,テリー,0
445,かわいそうな子治験が終わってないのにエビデンスがあるわけない。あるのは接種した人に出た症状だけ。まあ、接種したら自己責任だからねー。接種後にどんな症状でても文句言わないでねー。,11,angel presents,0
446,１割の子が学校に行けない、1ヶ月後に、抗体効果１割に下る。自然免疫はもち下がる。分科会は何が目的?,7,Shingo Nakamura,1

447,今回子供用の中身には添加物トロメタモールが追加されましたが、だいじょうぶですか？モデルナに入ってる添加物ですがだいじょうぶですか？大臣もおっしゃる通りエビデンスないんです。最短でも来年５月まで治験は続きます。保護者さんは判断を間違わないで下さい。,9,coco whitee,0
448,こういう本当のことを言う人ってだいたい消される。でっち上げの選挙違反で物証無しの推認だけで有罪になり政治生命を絶たれた政治家もいる。マジで心配。,3,Daisuke A,0
449,打ちたい人は打つ。打ちたくない人は打たない。これでいいじゃないか,5,zhen M,0
450,こどもは接種する必要はないやろ将来間違いなく免疫性疾患が増える親はよく正しい情報を収集して正しい判断をしてほしいです。国や自治体は責任もちませんよ泉大津市長さんは素晴らしい市長さんやで,2,野沢佳弘,0
451,打った子供が可哀想で仕方ない,2,チャーママ,0
452,大阪にこんなまともな市長がいたなんて…（大阪に失礼）,2,Codaです,0
453,なんて恐ろしい映像だ...いつまで副反応って言葉で誤魔化すんだ,0,NZXT,0
454,こんにちは😃ずーっと、情報を追ってきていますが、みなさんのお話する際に、ただ「重症化しない」「後遺症が怖い」という時の主語をはっきり「567の重症化」「ワク○ンの後遺症」と言わないと、大阪市の様な「簡単にワク○ンを打たせよう。」と言う無知な方(悪意があるのかもしれませんが)の作戦に乗せられてしまうと思います。子供にも理解できるような、初めて聞く人にも理解できるように、言葉を省略しない話し方をしていただきたいです。主語が違うと、誤解する事の大きい案件です。もしかすると、マスコミがわざと誤解するように編集して流しているかもしれませんが。,1,Japanese Gypsy（ジャパニーズ　ジプシー）,0
455,吉村知事、市民の生命、安全に責任のある立場でありながら、エビデンスのない実験段階の、薬剤を、小さに子どもたちに進めることになんの躊躇もない。行政の長である資格ないですね,1,停車場&,0
456,正しいか正しくないのかは、メリット　デメリットを天秤にかけて判断して欲しい。まずはテレビメディアの情報をおいといて、自分で辿り着く事が大切‼️,1,ユキズミ123,0
457,良い判断だと思います。,1,ロストワンデー70円の損失,0
458,南出市長は事実を伝えていらっしゃるし、国民の側に立ってお考えくださっている。,0,橋本良子,0
459,市長がんばれ！　応援しています！！,1,閑人のつぶやき,0
460,南出市長ありがとうございます❗どうかお体ご自愛ください😆💕,2,tom ton,0
461,会社も半強制辛いね,0,雅滋,0
462,吉村さんは、副反応について、見ぬふりを決めている。,2,chie,0
463,まともな人だ！！,2,長谷川博之,0
464,この市長いきなり失踪とか不審○とか事件に巻き込まれないで欲しい‥本気で消しに行く奴だっているでしょ？おかしいもん世界も日本も,3,いつもそこに,0
465,1回目のワクチン接種した日（7月の終わり）の夜、夕食後から寝るまで座ってパソコンをしていました。立ち上がって寝る前の歯磨きをしてたら、3分後くらいに急に力が入らなくなって、立っていられなくなりました。5分くらい動くことが出来ませんでした。その後何とか布団に入れたものの、体が暑くなったり、冷えたりの繰り返しで眠れませんでした。翌日は高熱が出て、3日目に３６．８度になったものの10分も歩けば疲れて歩けなくなりました。体調が戻ったのは、一週間後でした。,1,毘毅虚喪璃,0
466,南出市長の勇気に涙が出ます。強い信念を感じます。吉村さんは何故直で接種券を送付して貰いたいのでしょいうか？そちらの方が私は疑問です。,1,junon,0
467,普通だと思うけどなぁ異色ではない,4,時時雨,0
468,子供にダメなものは大人にもダメ！これだけ被害出てたら中止だろ！,1,shine sun,0
469,コロナ禍で南出市長の様に、当たり前の事をきちんと出来る人がいなさすぎる。南出市長に対して様々な圧力が来てると思うが、屈せずに市民の幸福の為に頑張ってくれる人こそが、国の中枢で活躍して欲しいものである。,18,えとうま,0
470,吉村さん、うまいこと言いますな。『最終的には市長村長の権限』だから勝手なこと言えるわな。,1,Su Su,0
471,赤紙が届いたというくらいの衝撃。,3,大好きな地球がんばれ,0
472,反ワクチンの陰謀論者はバカだと思っている私だが、この判断は支持する。,1,ゴンゴン,0
473,事実を黙殺する理由が何処から来るのか国際刑事裁判所に聞いてみよう,2,nama gusa,0
474,すごい逞しい市長さん👏こういうとこだぞ岸田総理😩,0,くまモン,0
475,本心は、神に通ずる。本心が、先生。,1,Hidehito Matsunaga,0
476,二回目のワクチン打ってから１ヶ月位たつが体調悪い,5,チャンネルハル,0
477,南出市長凄いです。他の市町村も見習うべきです。国が、送らなくても問題ないとおっしゃってるのに、知事が「受けやすくする」と言っている意味がわかりません。市長が、国会議員の前で○○問題、○○の沙汰のお言葉は胸に響きました。,3,ヤマガラ,0
478,👏🏻👏🏻👏🏻👏🏻,2,番長先生,0
479,素晴らしい市長さんです。支持します。,3,だいもも,0
480,このようなまともな人が少なすぎる！,2,Yuka S,0
481,良い政治家などは消されてるのはコメ欄見ててもほとんど知らないみたいですね,0,まろん,0
482,大阪府はワクチンを接種してリスクが出たら吉村さんが責任取れるんかな？そんな知識も力もないようにみえますが、無責任に言っているのか？責任は親にある以上よく考えて接種してもらう方がいいに決まっている。,1,HELLO HELLO JAPAN,0
483,役所仕事じゃない仕事する　珍しい役所の方ですね！一時が万事ほかの決定も、正しいかどうかで判断してくれそう。次も当選すると思った。,1,イチ,0
484,まともな政治家がこんな所におられましたよ！！,0,造園N,0
485,吉村さんよりこの市長さんに知事になっていただきたいです,2,モネ,0
486,何をそう恐れているのかわからん,2,tabu,0
487,南出市長の考え方賛成です!吉村知事、顔つきかわりましたね。,3,t.ma。,0
488,20-30代も鬼くそ重症化率低くて涙目,1,B S,0
489,この人は偉いね、　ついでにこのワクチンは効かないから全部やめたほうがいい。,2,そこ、気持ちいい,0
490,南出市長かっこいい！,3,tomozo shiiya,0
491,偏った報道w南出さん、頑張ってください◎,1,真一,0
492,吉村知事、南出市長の話聞いてる？聞いて理解してて、「送って欲しいと思います………。」なら、許せないね。良く大見得切ってあんな発言できるわ。元からこんな汚い人間だったのか、何かのせいで変わったのかは分からないけど。豊田商事事件の時の正義の味方が現れて、吉村君の所に行ってくれないかなあ。,2,H M,0
493,海外のワクチン接種率見てくれよ、、、,2,gho,0
494,子供に打たせるバカな親の顔を見てみたい,4,888 monica,0
495,吉村知事は自分の子供にうたせたのか聞いてほしいな。,9,ラリルレロ,0
496,最後、吉村知事の人任せ、責任逃れの発言で終わる動画（笑）,2,きっしきっしー,0
497,南出市長、エライ❗️このことは数年後効いてくると思う。,7,高田哲也,0
498,今遅くない後遺症見てないのかわいそうでした見てください,0,AppIe green,0
499,子供がコロナなった場合家族に責任があると言う考えなのか,0,則竹靖雄,0
500,吉村知事のコメントは意外だった。この発言で吉村知事は国側の人間だと判明した。,2,ハム星,0
501,こんな当たり前のことが言えない日本って、ロシアと変わらん。,4,t k,1

502,あ、やっぱり理解力が減ったりするんですよね。私の職場の人たちが、急激に理解力とか集中力が減ってきている気がしていたので。,6,S MIZUSUMASHI,0
503,この大臣は信用できない。,3,love and peace,0
504,副反応もこわいけど、コロナ後遺症もこわい。,4,べーぐる,0
505,切り抜きありがとうございます。,0,みんみん,0
506,死亡も、重篤副反応も多い。安全性が確認されてないし、データも揃ってないのに、なぜ行政が動いて接種を促すか？,1,とりこ,0
507,地元のローカル放送見ました、ある医院で６歳の子供にワクを打たせた母親のインタビュー(やっと子供に打たせる事が出来る様になって安心しました)、もはや接種に対する疑問は皆無ですね、この放送を観た他の母親も打たせたいと思うでしょうね。,0,vario roof,0
508,異色の考え❓リスクで考えたら普通の考えなのでは❓だって根拠ないんだよ？,7,五郎田口,0
509,「異色の持論」じゃないでしょう。常識だよ。泉大津市民がうらやましいよ。それよりも、接種券が送られて来たら「打たなきゃいけない」と無思慮に判断してしまう日本人の情けなさよ。,2,瀬崎吉廣,0
510,まともな人もいるんだな,18,ゆう,1

511,異色な見解って…いやいやイメージ悪くするなよなぁ,2,あんちゃんファミリー／日常配信,0
512,どこが異色な持論ですか。至極真っ当なお話ではありませんか。,13,Yoko,0
513,素晴らしい市長に、拍手👏,2,N M,0
514,👿の堀内💢吉村💢👍南出さん！素晴らしい！,6,泥舟狸,0
515,南出市長のような方が殆どいないのが不幸。日本の子どもの事を考えれば立ち止まるのが普通。安全のデータないんだから！,2,K K,0
516,吉村の顔、ひきつってるな。　魂を売った知事,3,Wood Rich,0
517,やっぱり若い人の方が良いね。,2,knj otb,0
518,堀内氏の発言、吉村氏の発言は、被害者がこんなにでているのに無視して、まだ国民に進めていることからして、国民は、おかしいことに気づかなければならない。南出市長は、大変勇気ある、国民を守る発言をされていて、全国の市町村長は、見習うべきです。,1,ハリネズミハリー,0
519,事務の効率化からすると、バカかと思う。申し込まなきゃ良いだけじゃん。というか、どんな薬も毒だから、熱が出ようが喘息と同等になろうが、この市長は一切薬を服用しないでほしい。,3,ら,0
520,吉村知事はお子さまが確か三人いらっしゃるので、もちろん接種されるのでしょうね。,3,koronlovesme,1
520-1,接種するとしたらインフルか栄養剤です,0,pia non
521,自己判断でいいと思う。,2,いつきなりみや,0
522,科学的根拠とデータに則った合理的な判断が「異色な持論」となってしまう現状が悲しいですね。吉村さんの「個人の判断なんだからとりあえず配っとけよ」も一見おかしくはないですが、背景として「政府から配られたらお墨付きみたいになる。そして同調圧力が発生する」という現実的な感情の部分は置き去りになっているかなと感じた。,0,s春樹,0
523,閣僚は誰も打っていないと聞きましたが本当でしょうか？堀内大臣のお子様は成人していらっしゃると思いますが、もし5歳だったら打たせるでしょうか？(お孫さんにでも)小さいお子様に打たせる事は大変恐ろしい事で先々必ず大問題になると思います。,3,rytask 7733,0
524,吉村さん残念です,2,藤田由美,0
525,どっかの飛行機遅らせるノミとは大違い,0,Mally Melo,0
526,本心が、先生。,0,Hidehito Matsunaga,0
527,打たせる親は頭がおかしい。,1,梶翔馬,0
528,ワクチン分科会副反応検討部会(2/18資料)のデータにはワクチンの副反応が原因とする死亡は無く、重篤症状について接種後に発生したモノを羅列しており、因果関係は別に評価している。,0,t n,0
529,みんな嘘に気付いて(>_<),2,ARIAさん,0
530,残酷だな、人体実験,3,kunpunogogatsu,0
531,実にえらい市長だ。普通の事だが。,1,avigan5 trump3,0
532,南出市長あっぱれ！言っておきますが、これが普通の感覚ですよ効果あるかわからんし何が起こるかわからんけど打って治験データとらせてはーいえ、打たないとか協調性なくない？↑私からしたらこっちが異常,1,ふぅ太郎,0
533,堀内お前よく笑顔で子供に打った感想聞けたなそれとも打たせたフリかなあきらかに堀内より市長の方が大臣に向いてるだろうが。,1,jjj kkk,0
534,南出市長は恐らく真実をわかってるんでしょうね。国の圧力があるでしょうから、やめろとは言えない。ギリギリの対応なんでしょう。立派です。こんな市長さんばかりだと、良いんですけどね。,2,サンチャイルド,0
535,南出市長以外の政治家は、接種した子どものうち何人かが重い副反応が出ても仕方がないって切り捨てるんだろう。最終的に接種を決めた親の責任、進めた国の責任って、責任転嫁をする政治家ばかりのなかで南出市長は希望。,1,Kuurin,0
536,「そこにあるのは毒饅頭かもしれませんよ」と、人として当然のことをしたまでの話。悪いことをしている後ろめたさが有るんだろうな、吉村の顔が引きつってたな(笑),4,jyunpei163,0
537,痛い痛くないの問題か？枠大臣1人が覚悟するものではないのですよ。よくお考えください💢💢💢,4,kotarou599,0
538,こわーい🥺,0,ケツ穴評論家,0
539,どこの知事たちも、一方向しか頭にないようにしか、いろんな報道をみていると思います。　吉村さんはこのワクチンのイケイケにすでにのかっていますので無理ですね。データも収集していないし勉強していないのでは。　しかし泉大津市長は情報を収集し分析しての判断１００％指示しますね。　コロナワクチン世界中でイケイケでこれまで打っていますが、副反応も多くの人がなっている、きっと出ている数字よりももっと多いでしょう。子供たちへの今から先への重篤な副反応や後遺症があったら国はどうすのだろうと考えてしまいます。,2,Taro's song channel,0
540,南出さんに敬礼。,3,大寛山和宏,0
541,ｍRNAが人のDNAに数時間で逆転写されるという研究結果も出てきている。ｍRNAは数時間タンパク合成に関わった後消え取り込まれないから安全とか言っていたが、その前に逆転写されたら大変なことになるよね。そんな可能性がある物を体に入れること、怖くないのかな？現在、大規模な治験（人体実験）が続行中＾＾；,2,E Dreams,1
541-1,そんなこと言ってたら100%安全を保証できる薬なんてこの世にないんだが,5,ポリフェノール
542,何とも言えない問題ですよね🤔数年後にどうなってるか？誰もわからない問題ですからね🤔研究から体には害は無いとの発表は統計上の発表で、実際は問題が起きてる場合もある？こういったコメントすると必ず0.何％ですからって批判する人いるけど🤣じゃあ、あなたがその0.何％に入ったらどうします？って事ですよね🤔,3,チャッピ　YouTube　channel,0
543,「政治家のみなさんは、知っているけど言えないんです！」まさに、それだ、と感じました。,5,Y,0
544,勇気ある市長ですねさすがです,2,s a,0
545,何も知らない田舎もんが、子供が打って犠牲になるってことですね。普通に接種券送られてきたけど‥,0,Flower 's,0
546,泉大津市素晴らしいです。ひるがえってうちの市（大阪府）は、最新の広報紙によると1月末の死亡数400人代、昨年の12月末の死亡数300人代で、およそ100人弱、死亡数が増えました😱昨年は300人半ばを前後してたんですが!,1,Simple life ITO Akiko,0
547,子供の💉は必要ないです。,5,lalili,0
548,副反応×副作用△薬害◯,3,もっこり小太郎,0
549,この大臣と知事がどうしてもおにに見えてしまう。,2,MP,0
550,この市長さんのいってることは普通に正しいと思う。家族にとって難しい選択をしなくてはいけないのに接種券が届いたら打たなきゃ、と焦りもでるとおもう。,3,。らいるー,0
551,南出市長は圧力もあっただろうに、ずっと接種に慎重な意見を発信している。何故同じ行動が他の首長はできないのか？私は彼に大阪府知事になってもらいたい気持ちです。,1,HARU,0
552,思考停止が一番怖い,2,多肉太郎,0
553,接種後1474人が死亡って！！TV局で報道したところは一個もない現実！F社だけでも今季11兆円の儲け計上！口止め料が凄すぎる！,2,梨々花,0
554,南出の経歴見ると、ややストイックな生活しているなぁー。,0,はまさお,0
555,賢い市長ですね。,7,ささまか,0
556,狂気の沙汰でも政治家は言えない。狂気の沙汰でも政治家は言えない。狂気の沙汰でも政治家は言えない。,1,マカオオカマ,0
557,堀内大臣、注射が痛いかどうかじゃないんですよ。心配されているのは中長期的な安全性。安全だと言い切れますか？人の子だからヘラヘラ笑えますよね。,1,NOA,0
558,南出市長さん、素晴らしいです。応援しています。,1,mk kaori,0
559,保身の為に言えないんだなー責任逃れしたいのかな,1,美葉チャンネル,0
560,ワクチン大臣ｵﾊﾞﾊﾝは頭おかしいわ,3,田中丈晴,0
561,ワクチン担当大臣だから職務上しかたないけれど、周りの友達にも薦めてねって感じで子供に接するのはどうかな。大臣はワクチン関連の情報を最大限勉強して理解した上での接種推進なのか？,0,Mandam Candies The,0
562,至極正論,2,名無権兵衛,0
563,素晴らしい市長さんですね。日本全体がこうあるべきです。義務化にする必要はありません。心配な人だけ、打ちたい人だけ打てばいい。,6,Miki Okabe,0
564,南出市長は最高です。いろんな圧力の中で一人孤軍奮闘する姿に頭が下がります。明日の日本を支える子供たちを救ってあげて下さい。政治家と金亡者になってしまったクソ医者たちに腹が立ちます。少し勉強すれば打つの選択は絶対ないと思いますが、皆さんよく勉強して、4のお注射を止めてくださいね。貴方の子供の命が貴方の判断できまってしまうのですよ。2日以内に亡くなった人1474名もいるようなものを推奨するなんて、狂気としか本当に言えません。567は只の風邪ですよ。,1,都斗寅太郎,0
565,子供に打つワクチンの危険性を考えないバカ親がいる事に呆れるwまあマスコミもあえて報道しないうちは地獄だなw,2,HAMMER528,0
566,副反応は、正直に話そう。,2,Raja NK,0
567,なんで大阪メディアが多く、副作用の特集をしてるんだろう？,0,shibata,0
568,これを『異色』と形容するメディアの意見の偏りが怖い,3,抹茶抹茶抹茶,0
569,そうそう、政治家はみんな分かってるんだよ。,3,カネヒキリ,0
570,接種で13歳健康な少年が四亡!27歳中日投手も・・・・・567四亡99%70歳以上、病気持ち,3,f,0
571,市長さんのご判断とはっきりとおっしゃる姿勢がいい。それ以上に、こういう市長さんを選んだ泉大津市の市民の皆さんが素晴らしい。,6,3 kotetsu,0
572,正しい判断ですが。もっと声を広げ接種自体をなくすよう働きかけてほしいです。副反応に苦しむ子供達を出したりしてはいけないと思います。本当に狂気の沙汰です！,4,愛春馬,0
573,打たない人で静かに見守っている人は多いと思います。現に私も「3回目予約した？」と聞かれますが、私、一回も打ってないんですよ。反ワクチンとかではないです。個人の自由や判断基準、慎重になっている人がいるので、そっとしておいて欲しいです。その代わりと言ってはなんですが、流行地域には行かないし、予防はしっかりしてます。今までワクチンの副反応だろうと思われる反応を副反応と認められてないってことも多くの人に知ってもらいたい。だから補償制度、全く意味を成してないんですよね。正義も正解もない問題だから個々の考えを大切にしていきたいですね、子供も含め！親や学校の強制、同調圧力がないようにして欲しいですね、、。,1,こっこちゃん,0
574,異色な持論とは悪意をもっている報道のし方ですね。至極真っ当な意見であり、打て打ての方が説得力無しですね。,1,Kiyo,0
575,まぁ市民が市長は市民が選ぶから好きにしてよ。私は接種は本人や親が考えて打てればいいので、接種券は一斉に発送すればいいとおもう。極端に首長が首を突っ込んでいい案件ではない。,3,jo kumazawa,6
575-1,@jo kumazawa だったら首つっこむなとか言うなよ,0,金野亡者
575-2,@coco whitee だから市民が市長を選んだんだからそれでいいんじゃないの？,1,jo kumazawa
575-3,知事も発言しているが、これは市長の権限なのです。,1,coco whitee
575-4,むしろ接種券の一斉配布がこの案件に首突っ込んだことになるんじゃないの,1,金野亡者
576,一斉送付いらなぁい,3,Seokjin 24,0
577,まぁそうなるわな接種する必要があるのか無いのか、そこら辺は考えた方がええ,1,きさらっち,0
578,異物を摂取するリスクって親御さんはきちんと教えてる？,1,スロース&チャンク,0
579,4:43「始まれば行こうかなと」よく考え直してもらいたい❗あなたが行きつく先は、地獄です‼️,0,ぬんたのさんきぬ,0
580,ヨッシーは、責任を持たない立場の意見だと思いました。自分の子には（既婚かどうかも子供いるのもか知らないけどね）ドンドン打たせる方針なのかなぁ(?_?)子供が副反応で呼吸するのも辛くなったら、親は自分を責めますよ。そういうの分からないんでしょうね。親の判断で〜ってのは、のちのち打たせた親の判断が悪かったって言いそうだもん。,0,5252,0
581,役　立　た　ず　の　「　平　塚　の　河　野　太　郎　」　に　刑　事　罰　を　。役　立　た　ず　の　「　平　塚　の　河　野　太　郎　」　に　刑　事　罰　を　。役　立　た　ず　の　「　平　塚　の　河　野　太　郎　」　に　刑　事　罰　を　。役　立　た　ず　の　「　平　塚　の　河　野　太　郎　」　に　刑　事　罰　を　。役　立　た　ず　の　「　平　塚　の　河　野　太　郎　」　に　刑　事　罰　を　。役　立　た　ず　の　「　平　塚　の　河　野　太　郎　」　に　刑　事　罰　を　。,0,水澤秀成,0
582,学校単位で学年単位でやればいいんじゃね？,1,春風あ馬,0
583,本当に狂気の沙汰ですよね！,6,朝日小豆,0
584,堀内は薬害訴訟で訴えられるな,1,hideki takase,0
585,すごい人です,1,なしまひろたか,0
586,3:26 いくら金もらってるんだろうか？テレビってほんと報道の仕方がフェアじゃないよね　これ見た自分で考えることをしない人はこの市長がおかしいと思うんでしょ？,0,まーんのポーカー実況チャンネル,0
587,つまりデータはないけど効くんじゃない？ということで打ちますというご答弁でした。,1,心土不二,0
588,一般論としてワクチンで感染者減らすことには賛成なんだけど（バラバラの意見だと収まる物も収まらないから）、コロナのワクチンはちょっとなぁ…,0,l BK,0
589,市町村権限で決めるのなら、全国の市町村もやってやれないはずはない！全国の市長村長たちは、なぜ言い出せないでいるのだろう。エビデンス不足のものをなぜ一様に受けさせようとするのだろう。,0,Oriori,0
590,予防注射も痛いのが嫌なのと体に菌を入れたくないのは違うし座薬も入れるのが嫌なのと錠剤で問題ないのに必要以上に使う事前提にされるのは嫌なのは違う親が勝手に決めず子供にも拒否権や何かを選択する権利を与えなくてはいけない例え親の不利益になっても,0,竹本なおや,0
591,「異色な持論」って言い方はどうなのかと。市長は客観的データに基づいて言ってんだから。,2,yuni i,1
591-1,極めてまともですよね全国の首長がいかに異常な人だらけかということか,1,金野亡者
592,ありがとうございます,5,匿名,0
593,とりあえず疾病を持つ老人や大人が先に打つべきだろうな。子供の死亡例や重症化はめったに起きない。ただし家庭内の感染源になる可能性はあるから、日頃の手洗い、うがい、消毒などはきちんと教育すべき。,0,SIN,0
594,打たないという選択をしました,2,ラムネらむね,0
595,高松市は一斉送付されました。強い怒り、政府への絶望を感じ、即ゴミ箱にぶち込みました。,7,チョココーヒー,0
596,大坂の知事はどこまでも🐴̪🦌、南出市長の爪の垢を貰って煎じて飲んでください！,5,ピエロピエロ,1
596-1,全国の知事 市長にも言って下さい,4,林眞弓
597,素晴らしい市長ですね^_^,6,上村庸司,0
598,日本全国一律そーした方がいいです。,0,Hankyu 8303,0
599,わたしもこの国会答弁を聞いて子供に受けさせるのを辞めました。周りのお母さんはどうするか話し合っていたりするけれど、こんな曖昧な答弁聞いて受けさせれないと思い我が家は田舎のこともあり辞めました。といって受ける家庭をどうとも思いませんし、親御さん達がしっかりした信念を持って決定して欲しいです。,0,s kwuc,0
600,この人、総理になってほしい！,83,帳號B(修哥),0
601,堀内、てなにかの強行採決の時に気が狂ったように騒いでた人よな。,0,H H,0
602,凄いこの市長さん、頭が下がります,5,ecko hori,2
602-1,裏があるは間違わないでください、枠💉の裏の事ですから…,0,ecko hori
602-2,素晴らしいですようら、うらがある,1,ecko hori
603,未来ある子どもたちに治験中のものを打ってはいけない。怖すぎる。泉大津市長は素晴らしい。,5,あたおか-うっしー-YT,0
604,吉村知事は焼きが回ったな！(´・ω・｀)残念だ！(´・ω・｀)⤵ミナミダ市長さん英断ダネー！😁👍頑張って✊😃✊下さい！,5,Tad RiverStone,0
605,市長さん、あんたは偉い！大臣と知事、あんたらは〇〇！,0,bakeccho,0
606,議員どもの接種映像が全く出てこない。,2,ゆすけまる,0
607,みんなも受けた集団予防接種が原因で、謎の痙攣発作に見舞われるようになり、仕事も激しい運動もできなくなった知人がいる。薬によってコミュニケーションもままならない状態になる事もあり、保証もないので生活も大変そうでした。医療は万能ではございません。持病がある方や、今回副反応が出た人と同じ病気を持つ方は慎重に判断して欲しいです。,0,らん♪,0
608,東京もお願いします,2,tomozo shiiya,0
609,泉大津市長、賢明です！,6,momota 777,0
610,私自身は仕事の為に3回目接種しました。人によるとは思いますが三回目でも副反応出ます。ただ15歳未満の我が子の接種は今の所考えておりません。しかもこれだけ幼い子の打つ打たないの判断は親。そして守れるのも親だけです。打つにせよ打たないにせよ、親がしっかり考えたうえでの判断で決めてあげてください。打つ人が多くなってきたから等の理由でまわりに流されませんように。,5,たにまる,0
611,俺は怖い！ただそれだけ！,3,中年おにぃの気まぐれ投稿,0
612,素晴らしいです,3,佐藤幸子,0
613,のり弁！のり弁！情報は主権者である国民の財産です！都合で隠すな！開示！開示！市長に敬意とありがとう。学術会議協力が必須では？争ってるからねぇ！剛力なんだけどねぇ。,0,阿部靖彦,0
614,「行政の長としては異色な持論を展開」？この様なことを平気で言うメディアに怒りを感じる。南出市長が仰っている事は実際のデータ等を基にした至極真っ当な事。これを異色な持論と言う事自体が異常である。このワクチンを子供たちに打たせた後、万一の場合に国は責任を取れるのか？,2,1127720,0
615,南出市長のような国士が国会議員の中に一人でも居れば、子供達の未来を守れるのに…親ガチャで、無知（うましか）な親を信じてワク接種して、一生副反応に怯えながら２〜３年苦しんで短い人生を過ごす可哀想な子供達。周りに受験で志望校を2ランクも落とした女の子も知ってます。接種後１週間後からずっと偏頭痛で、何でもない物音が、頭の中にガンガン鳴り響いて、勉強どころか、学校で過ごすのも苦痛になり休みがちになってです。週に1〜２回登校しても、午前中で早退き。周りからはサボりのように見られたそうです。これだけ多くの人が副反応で死んだり、苦しんでるのに何がなんでも打たせようとする狂った政治家を見ると怒りが湧いてきます。自分たちは打ったフリ。本物をインチキ出来ないように市民が見てる公開の場で打ってください。プラセボ（生理食塩水）では無くて、市民や子供達に打たせているラベル張り替えの期限切れワクチンを。南出市長は命の危険を承知で、日本の子供達を一人でも多く救おうとしてます。本当に頭が下がります。世界ではとっくにコロナ茶番は終わってます。いつまで日本はマスクし続けて騙され続けるのでしょうか？親は気付いてください。言うだけ無駄でしょうが…,1,shin oh,0
616,政治家の皆さんなぜ言えないのですか？,2,坊マー,0
617,いいですね,2,石橋美佳,0
618,0:13 笑うな😠子供達のことを本当に考えるなら陽性≠感染じゃないことを世間に広めろや…南出市長の意見がもっと多くの人に届いてほしい…,2,特オタやんちゃん,0
619,ワクは治療薬ではない　予防薬でも　治験中結果がだろう運転中,0,齊藤雄治,0
620,季節性インフルエンザ並みの感染症をいまだに２類のままに放置してるからこういう問題も出てくる。しかし、「２類のまま放置している」という最も本質的な問題点を、日本のマスゴミテレビはまったく報道しない。こいつらは一体何を企んでいるんだろう？どこの手先なのか？,0,menin2007,0
621,やっと動く人達増えてきたか…GJ,4,ジョーズちゃん,0
622,吉村知事逃げたwww,0,グレーパンサー,0
623,南出市長、素晴らしいです。吉村知事は、なにも考えてません。テレビが今さら善人面してるところが腹立ちます。,6,S Tanaka,0
624,偽善者は処罰しろ,1,けいなお,0
625,情報汚染よ、これ程に❗️もう見ません。,0,田々,0
626,食物アレルギーで重篤じゃなく死亡する人数は毎年年間5千～6千人なんだがな,0,daiken depi,0
627,５６７💀💉信じてる奴まだ居るの？ （笑）ただの人体実験だってはよ気づけよ,6,名無君,0
628,老人たちの〝盾〟にされる哀れな子どもたち。,0,山田一彦,0
629,まだコロナに関しては何もわかっていない、と言えます。子供の接種に関してはは親子で話し合うです。,0,小島洋彦,0
630,製薬会社は日本の子供でデータとりするつもりなんだろ。ふざけんな！,2,キャラメルコーン,0
631,最近、峰宗太郎やコビナビの医者、大人しくなってない？,1,かまじーさん,0
632,接種券が送られてきたからって安易に打つって言う親の子供に産まれたくない。,0,yori tu,0
633,これはどうなるでしょう。今の所オミクロン株の重症化率は低いですが、打たないことによる感染拡大と更に変異するであろう今後の重症化率の変化が気になりますね。それから今増大している親世代や祖父世代が子供から感染する例です。これの死亡率も計上しないとワクチンを打った場合の例とは比較できないですね。市長は同調圧力は良くないと言いますが、感染症の水際対策に対しては同調圧力は良い方向に働きます。過去にイタリアで反ワクチンが主流になったときに麻しんが大流行しましたよね。偏ったデータばかり見て決断しているように感じます。まぁこの市のお蔭でこれから子供への感染による影響についてデータが蓄積されますが。,1,暗黒JK,0
634,吉村知事、柳ヶ瀬議員や梅村議員の話を聴いてください‼️お願いします🙏🙏🙏,3,okryoko st.,1
634-1,あれー？同じ維新なのに大きな違いですねぇ。あぁ、大阪維新と国政維新の違いかww,0,越後屋康介
635,保護者が判断しろと言う話。何も間違ってない。情報なんていくらでも転がってるんだし、感染リスクか副反応リスクか、そんなものを他人に決めさせるなよ。民主主義国家で、市民が思考停止したら終わりだろ。,0,B A,0
636,南出市長、日本で数少ない本当に勇気のある立派な政治家ですね。心底応援します。その点、何の科学的根拠もなしに製薬会社の利権の代弁者のような大臣やテレビ、こいつら人間のクズ,7,endo shu,0
637,政治家は言えない、の一言が全て。この人は守られるべき。日本政府って本当にクソだな。戦争も始まってみんなテレビに踊らされて、ウクライナに義勇兵志願とかアホみたいな事言ってるけど、こういう人のように自分達の為に戦いたいもんだわ。,2,啝巣多夢,0
638,なんも知らないで打たせる親はたくさんいるんだろな,1,しさまさし,1
638-1,動画によってはまだまだ反対者を馬鹿にしたり、進んで射ったりはありますね…,1,さゆ
639,素晴らしい方です❤️,2,新井幸代,0
640,堀内大臣の心は痛くないのでしょうか?,6,mokotya,0
641,単純に考えてみて、死んでる人もいて苦しんでる人もいて それでも打てって結局 適応出来ないのは切り捨ててるんだぜ   有効性がない人はしかたないってことだ ちゃんちゃらおかしい(°ㅂ°💢) 日本のワクチンいつ出来るの てかわざと遅らせてね？って考えちゃうよ,0,かんだなんだ,0
642,日本人は皆、頭が可笑しいんだよ。自分の命は自分で守る、子供の命は親が守る。,2,noboru igarashi,0
643,数字はでかい。,10,Suleyman78 -【Stationery】,0
644,万全の体制❓❓❓,0,masako watanabe,0
645,受けなくてもいいけど配布ですかても良くないか？めんどいぞとりにいくのとか,0,ミッティ,0
646,見えない圧,0,あさひ,0
647,この方がいいと思う,2,poco co,0
648,南出市長！最高です！あなたが総理大臣になったらいいですよ！,3,ユタキチ,0
649,外野から、わたしは、モルモットになるつもりはありません,2,sudatakemi,0
650,泉大津市の市長さんがいて頑張っているおかげで救われています🙌🌈,2,七崎愛,0
651,ワクチン大臣も吉村知事も明らかにイラついていてわら,0,map 3,0
652,おお、結婚してぇ、、、流石でかっけぇ,0,相馬翔平,0
653,高評価100回くらい押したいです。孫には絶対打たせません!,4,Yuko cat and journey,0
654,異色な持論？これが普通やろ。数字で判断したら普通に分かることやんほんまニュース配信してる方は日本人として恥ずかしくないのか？,6,黒黒,0
655,堀内大臣って親中派？,2,ｍ高松 仁美タカマツ ヒトミ,0
656,打って打って打ちまくれ！って言ってたのはどこのアホウなんでしょうか！泉大津市にふるさと納税します,9,くにまる,1

657,デメリットの方が大きいと予想されるからワンクッションおいてるのであって、ワクチンは有毒という話ではない反ワクチンにつなげるコメントは気持ちが悪いこの方の姿勢は理由などもあって誠実ですね！,8,hukudon4869,0
658,ただただ素晴らしい。,5,bimyo2,0
659,ありがとうございます‼️子供たちのための勇気ある決断‼️,1,ぷぷりん08,0
660,どちらにしても、判断するのは親なのね。専門家でも、医師でもない。それっておかしくないですか。薬物を体内に入れて大丈夫なのかどうかの判断を素人の親にしろという。一般の市販薬でも副作用はあるのですが、薬の説明書付いてきます。内容成分も書いてます。が、ワクチンの説明書くれませんよね。普通見ないしと言われればそれまでですが。,0,s S,0
661,総理大臣になって頂きたいです！,3,Y T,0
662,最後のコメントで同調圧力理解してない頭の固い人こいつは打ってないね,0,哲人 細井,0
663,何も考えてないなら仕方ないね,0,non fiction,0
664,何度最新化してもこの動画だけ音声が無い？,0,和祈澄佳,2
664-1,@coco whitee ありがとうございます！,1,和祈澄佳
664-2,音声出てますよ。イヤホンで聴くと左耳用は音声入るけど、右耳用は音声入ってないですね。,1,coco whitee
665,何でセージ家は言えないの？,2,森の麦ちゃん,0
666,どなたかお話を聞かせて下さい……我が家にも10歳(軽度知的障害あり)と11歳の子供がいます。摂取券がきたから打たなきゃというよりかは、周りの子供達の友人・クラスの子達がどんどんコロナになっています。軽症で済み完治もして、そこは本当に安心してよかったねと子供達と話しているのですが……どうしても自分の子達がかかってしまった時の重症化が怖い……と考えてしまいます。長女(12歳)はもう既に摂取済みで特に大きい副反応はなく、主人もありませんでした。私だけ2回目接種後半日かけて高熱がでて終わりました。色々な情報が交差しており、どの情報が正しいかがもう分からなく……予約はとっていますがすごく悩んでます……,0,まぁ。,2
666-1,もう既に時間が経っているので結論を出されてるかも知れませんが…もし参考になればと。私の知り合いの医療に詳しい方(民間療法で施術などをされてる方)から送られてきた話で、たぶん調べれば出てくると思いますが、PCR陽性反応は、普通の風邪もインフルエンザも全て陽性と出るので、必ずしも今流行っているコロナ(オミクロン等)とは限らないらしいです。となると、風邪かも知れない可能性も出て来るわけで、本当にワクチンが必要なのか、しかも皆さん忘れかけてると思いますが、今のワクチンって武漢型の時に着手したものでオミクロン対応には これからだとか言うニュースもありましたよね⁈テレビとかでは報道されませんが、本当に効果があるのか世界中の状況を見ても疑問ですよね…もし信頼出来る医療に詳しい方とかが居るなら そう言う方に意見を聞いてみるというのもありだと思います。そこで、推奨するなら その理由を、推奨しないなら その理由を聞いてみるといいと思います。だいたいにおいて、推奨する方の理由は、政治家の方とかが言っているような事がほぼほぼぐらいで、推奨してない方の理由には かなり興味深いものがあり深刻度も違うし、そこから自分ももっと知ってからでも遅くないかなと思えたりすると思います。因みに私は還暦を過ぎたとこですが、この年齢でも打つ気には到底なれないし(今はこの2年ちょっとの自分なりの対策で乗り切ろうと思えてるので)、実際 私がお世話になっている信頼出来る方も必要ないという意見です。重症化の高い方とかは別にしても、普通に元気な子どもなら全く必要ないと仰ってました。製薬会社からも出されているように、2023年までは治験中というワクチンですよね⁈私は結果が出て安全性が確認されて、それでもコロナが流行ってて不安が消せないなら、その時考えるぐらいに思っています。長くなりましたが、1意見なので…失礼致しました。,1,lemon juce
666-2,悩みますよね。いろんな情報や気持ちが入り混ざってしまい多くの親御さんがそうではないでしょうか。何が正しいではなく、あなたが疑問に思うことを１つずつ丁寧に調べよく考えれば良いのではないでしょうか。同級生がコロナに罹患とありますが、コロナ判定に使われるPCR検査はコロナ騒動があってから作られたものではありません。だとすると、いつ、だれが、何の為に、何を検査する為に今まで存在してたのでしょうか。まずそこから調べてはいかがですか。この検査はノーベル賞を受賞しているので簡単に検索できますよ。それが解れば例え陽性反応が出たとしても戸惑うことは無くなると思います。そしたら次々に新たな疑問が浮かんでくると思います。お子さんの為にじっくり調べ納得いくまで考えてくださいね。周りは関係ない、あなたのお子さんなんだから。,0,このむ
667,持論じゃなくて事実だろ。,2,すいーとらいす,0
668,やっぱ、吉村最後まで濁すなコイツ！,1,Wake up Japanese,0
669,南出市長、応援しています！！最後の、『わかっているのに政治家の皆さんは言えないんです』とおっしゃったのが、現状の闇を暗に伝えている気がします。知事の発言は責任回避では？,1,Shyachiyo,0
670,聞こえません？,1,甲斐眞知子,0
671,半年は様子見しよっと。,3,ケリーママ,1
671-1,正解,3,ポンダー!!
672,吉村さん、自分の子にも打ってるの？2回。,1,むぅ たん,0
673,責任を取りたくない連中の集まりの中、極々少数の国士がいる自分で情報を掻き集めてしっかり判断しないとならない,3,a lot of joy,0
674,南出市長応援します！！,2,こばBodyWorks,0
675,すばらしいと思います‥未来ある子供達ですよ👀‼️よくよく考えて欲しい‥💉疑問や不安はそのままにしてあやむやに何気なく💉皆が打つから？‥と周りに流されて安易に打ってしまうのは(>_<)💦やはり？不安ですよね‥少子化になり数少なくなった大切な未来ある子供達ですよ😖💦(宝物です)しっかり考えなくては‥((T_T))💦,3,いねむ,0
676,サムネ半沢さんかと思いました,1,ココレカレー,0
677,「異色な持論」て何だよ,12,夕霧,0
678,受けやすくなるかならないかは、希望者を受け入れる側の問題なので、配布方法が違っても受けやすさ自体は変わらないのでは？本当に受けやすくさせたいなら接種券制度をやめれば？,5,Y M,0
679,万全の体制じゃあねぇぞ？？,0,ビー太郎,0
680,ちゃっかり吉村ですな。なに言ってるねん。,2,herakoi herakoi,0
681,堀内いつ100万回打つねん堀内,2,長谷川Naoki,0
682,スプレッダー大量生産💉,9,喜喜,3
682-1,@喜喜 さまおっしゃるとおりです。,0,当たり
682-2,@当たり 被害者が、でたらそうなるのは目にみえてるから、打たなければ被害者にはならない。,1,喜喜
682-3,学校に通えなくなります。,1,当たり
683,南出さん　ありがとうございます😭,7,正木孝志,0
684,でも、子供に接種させる、させないは家族で話し合って決めることだから、接種券は配布するべきだと思うけど。子供に接種させたい親御さんも、いるはずです。これは、おかしい。,3,かいとさえこ,0
685,ワクチン担当大臣てなんやねん,2,ミル貝,0
686,素晴らしい地元の市長さん。この人の記事も素晴らしいです。,3,A C,0
687,大　罪　を　償　え　、　平　塚　の　河　野　太　郎　。大　罪　を　償　え　、　平　塚　の　河　野　太　郎　。大　罪　を　償　え　、　平　塚　の　河　野　太　郎　。,0,水澤秀成,0
688,これですから　あっぱれ宮沢先生,3,niro bee,0
689,南出氏を総理にする有志の会を立ち上げます。参加希望の方は👍をおねがいします。,2,taobao navi.,0
690,イソジンはどうなった？,0,love and peace,0
691,🇯🇵,1,S.K.,0
692,後手後手すぎない？,0,門の星ちゃん,0
693,南出いいぞ‼子供を守ろう‼2月23日の日本経済新聞を見てください‼自民党政権から子供を守ろう‼子供が苦しむ姿は見たくない‼,4,田中ゆう,1

694,誰が悪魔のツカイですかね?,1,辻本誠,0
695,自分だけかな？他の動画は大丈夫なのに、この動画だけ音声が聞こえないです。,0,KYO MIZU,1
695-1,音声は出てますけれど、イヤホンで聴くと左耳用は音声入るけど、右耳用は音声入ってないですね。,0,coco whitee
696,国は事実を隠します。そして、あくまでも自己責任で打ったから、たとえ、何かあっても因果関係不明と言い続けます。,3,Yamada A.S.A,0
697,東京都のように出入りが激しく人工も多いところでは、よそ様のお子さまがどうなろうと知ったこっちゃないのですよ。隣に住む人の顔さえ知らない、子供のクラたぶん、スメートの顔も知らないって状況じゃないですか？,1,ばあばオバケ,0
698,英雄頑張れ✊‼️,2,空,0
699,まだ11歳以下のワクチン接種者がほとんどいない中で、接種券も配布していないというのに、子供のワクチン副反応のリスクが高く、市内にも重症な副反応がでて苦しんでいる子供がいます‼️というのは 辻褄が合わないのでは⁉️  あの資料の数字はどこからきたものでしょうか❓️小学生の接種を悩んでいるので、きちんとした情報がほしいです,2,mai mai,0
700,ワク信どこ？お前らなんか喋れや。,6,ところでさぁ、,1

701,打たないから！,1,Mia Nuñez,0
702,吉村は悪魔に魂売ったんか？笑,4,アサヒンアサヒン,0
703,明らかにワクチンによる影響があるにも関わらず、国は補償しない。夏の参院選では、既成政党にNOを突きつけるためにも、この問題をしっかり取り上げる参政党に入れましょう。,2,よしヨッチ,0
704,ここに引っ越したいくらい。勇気ある行動支持します。どうか負けないで！,2,sayaka n6,0
705,南出市長、素晴らしいです。これが道理で真実です。千人以上死ぬ枠ですよ、、よくよく親御さん考えてください。,2,関谷卓央,0
706,万全じゃねーだろ,2,sa su,0
707,⛩🦀🇯🇵きっちり責任取ってもらうぞ,0,ま,1
707-1,🇯🇵自己責任として逃げるでしょうが,1,ま
708,大　罪　を　償　え　、　平　塚　の　河　野　太　郎　。大　罪　を　償　え　、　平　塚　の　河　野　太　郎　。大　罪　を　償　え　、　平　塚　の　河　野　太　郎　。大　罪　を　償　え　、　平　塚　の　河　野　太　郎　。大　罪　を　償　え　、　平　塚　の　河　野　太　郎　。大　罪　を　償　え　、　平　塚　の　河　野　太　郎　。,0,水澤秀成,0
709,ワクチンを推進するかは、あたかも夫婦別姓とか同性婚、憲法改正などと同列のように政治家がyes,noを意思表示する案件ではない。科学や統計学をなんだと思ってるのか？専門家が議論して決めるべきこと。,1,ukelah inal,0
710,吉村君降ろして南出さん府知事にしたほうがいいですね、割とマジで,1,正史 久米,0
711,吉村ぁ💢,0,沖神馬,0
712,反ワクチン派の人で過激な行動をする人とは違ってまともな対応だと思います。,2,kenma,0
713,河野前ワクチン大臣はどう責任とるの？,5,txyz kxyz,0
714,音がでない、、、,0,ことん,1
714-1,音声は出てますよ。イヤホンで聴くと左耳用は音声入るけど、右耳用は音声入ってないです。,0,coco whitee
715,南出市長 ♬♬♬👏👏👏👏👏👏....,3,yosio,0
716,この報道の仕方、ひどくない？とんでもないテレビ局だなABCって！令和の時代にこんな報道をするテレビ局はいらない！,3,fal,0
717,司法について何年か考えていて、先週辺りにお茶の間の芸人さん業界と交代みたいなことができたらよいのだけど、年3ヵ月間とか？でも難しいよな～と非現実的な案を思った後に、ノックさんや東さんが中高年程手本と分かる都道府県知事になっているので、昔から同じように考えて実現している人はいるんだなと気が付きましたが、「待った方がいい」という判断をした泉大津市(大阪府)も市区町村行政の見本のように感じました❢,1,emiko udagawa,0
718,他県民ですが、市長になる前のまだ泉大津市議会議員時代に、龍馬プロジェクトのメンバーが私の地元に来た時、龍馬プロジェクトに賛同している地元市議に誘われて集まりに参加した時、そのメンバーの一人として来県、初めてお会いして名刺交換、少しだけお話しした事があります。志の高い政治家の皆さんの集まりだけあって、こんな政治家が日本にもっと増えればいいなと思いました。南出市長、これからも泉大津市民の健康を第一にご活躍される事を期待しています。,2,YOSSY 1967,0
719,2025   kekka ga deru   !  Melon   tabeta  ka  ?    TSUNAMI  NA YOUNA   HIGAI  DERU  DA SOU DESU   !,0,Olive Monti,0
720,南出市長。名前覚えました！国民の命を優先してくださる誠実さ、素晴らしい。この方こそ、本物の政治家です！国の言いなりになって、本当のことを言わない奴は政治家ではない。ただの税金泥棒ですよ。,2,ronron7972,0
721,何かあったとき、誰が責任をとってくれるのか？　この国は、誰も責任をとらない実績がある。,3,ヒーラーズゴールド,4
721-1,それは罹患した場合もそうだよね。,0,ようかん
722,めちゃくちゃ恐い映像にならないといいが…,0,チャンネリマモル,0
723,消されますよ。,0,s s,0
724,立派だなーこの人。,3,なki,0
725,重篤副反応が出ても、苦しむのは所詮、本人なのだから自己判断に委ねて良いと思う。私も、ワクチンを打って高熱が出たら、何週間も体調不良を引きずるので、打たないと決めてます。その代わり、免疫を高める努力をしてます。正解不正解は、誰にも分からないのだから、ベストな判断をしそれを実行した、市長さん、その生き方を私の人生の希望にさせてもらいます。何も、ワクチンを打たせない！って言ってる訳ではないのだから。その、ちょっとした「おかしいのでは！と言う引っかかることが、実はとても重要だと常々、思います。」自己判断できなくなってるのは、日本の義務教育の結果だと思いますけどね。道徳でさえ、一つの答えを出そうとしてしまうのですから。何を感じるかなんて、一人一人違うのに。,2,麦茶,0
726,南出市長様、ありがとうございます😍治験中ですから、本当に冷静に考えれば、その通りです。子供達の未来を考えて下さり、感謝申し上げます。ありがとう💖ありがとう💞,2,上田豊子,0
727,あなた方の大切な子供にも、このワクチンを打ちますか？はっきり言わせましょうよ。,2,studiopepe,0
728,じこせきにん,2,mayonnaise bun,0
729,製薬会社はデータが欲しいだけですから。どのくらいなら大丈夫か、とかどのくらいなら死ぬのか、とか。だから接種は自由ですので。もし強制されていたら裁判で訴えたら良いと思います。裁判で勝てると思います。,0,櫻櫻,0
730,うらやましい。送られてきてほんと迷惑。,2,あの,0
731,見事な狂いっぷりですね。厚労大臣がエビデンスが無いって言っているのに、打て打て、狂ってますよ。イカれてます。,5,伊予柑橘,0
732,何か説明書きが毒薬みたい😱打ちたいんだから止めないけど。狂ったワク信のおかげで打たなくて済んでるから。,1,アクアマリン,0
733,「人の遺電子に、和久血ンの遺電子が組み込まれた。」という重要な実験結果が２月28日のsakitani石のブログに報告されています。うった子供達は、大変なことになります！,0,青天気愛,0
734,未婚の若い男女は打ってはいけない。　そもそも発症すらしない子供に毒を入れる方がおかしい。　インフルエンザ並みに安全性が確保されたものでなければならない。,1,tis for,0
735,泉大津の市長さん　素晴らしい方ですね。全国の市長さんも見習ってほしいです。,2,櫻櫻,0
736,吉村さんの言い方は知事の模範ではないでしょうか？,1,角田清光,0
737,ニコニコ動画の【特番】井上正康先生登場！「もうこの騒ぎはやめよう！絶対ダメ、子供への和久珍　新型コロナ最新情報！」＜本編＞を、まだの方は御視聴なさって下さい。シカ先生もお勧めです。,0,青天気愛,0
738,打たないなら打たないでいいと思うけど、打った人から感染しても責めないでもらいたいし、子供から親世代、高齢者にうつって死んだとしても色々言わないでもらいたい。,2,minami,0
739,ほら言わんこっちゃない。ってならないといいね。,1,ロンロン,0
740,長尾院長と組んでいる,1,はまさお,0
741,素晴らしい！支持します。,1,残虐非道のアゾフ連隊は消えるべき,0
742,漢がいたぜ首長も捨てたもんじゃないな,0,負け巻け一直線,0
743,その死亡者、重篤副反応件数ワクチンが原因ってエビデンスがあるのって何件？？死亡者は確実に0だったはずですですが？リターンはエビデンスを求めるのにリスクはエビデンスを求めないのはなぜ？？,3,みのる,1
743-1,ほんとそれだわ都合が良すぎるんだよなあ,2,ポリフェノール
744,本当、素晴らしいです。,2,Shige,0
745,南出市長、あなたは本当に素晴らしい✨本当の政治家です。国は腐り切ってる！,2,H212A,0
746,ちなみに国会議員の90％、官僚の85％は打っていませんよ。　危険性を知っていますからね。,3,まめすけ,0
747,さすが悪魔吉村👿,1,hui qian,0
748,本気で市民の命を守ろうとする者と、自らの政治生命を守ろうとしているだけの者の差は、その顔つきに表れている。,3,風前の鬼火,0
749,ワクチンのデメリットを考えるきっかけになります。これは正当な意見だと思います。,2,Barbie 2,0
750,そもそも100%安全を保証できる薬なんてこの世に無いんだけどなあ、、,9,箭欝,1
750-1,安全か危険かより、重要なのは、「5歳-11歳がワクチンを打つ必要性」＝死亡率重症化率が極めて低いことですね。世界各国でワクチンによる感染予防や拡大防止が難しいとわかってきた中、mRNAワクチンという通常ワクチンより副反応が大きいものをこの年齢に接種する科学的な意義がどうしても見つからないのですが…,0,pure pfm
751,それでもワクチン接種を選びたい人に対しては、打たない方に右に倣えすることを強要するんですね。結局は和をどこに設定するかだけの違いで、みんなを同じ選択に並ばせたいという点で、この市長も多くのワクチン接種派と同じかそれ以上に傲慢だと思います。,0,orthe,0
752,堀内さんもっとワクチンの海外のデータも勉強して子供のワクチンを進めて下さい,1,清水一美,0
753,正解！子どもの重症化は無い！必要無い！,2,風,0
754,吉村は余計なこと言うな,0,たのしいたのしい,0
755,大阪府民です。吉村知事は勉強不足なのか、知っててわざと発信しないのか。。。　次の大阪府のトップは南出さんのように統計をみて正しい判断ができ、上からの圧力に負けない強い人に任せたい。,2,まめすけ,0
756,都合悪くなるから音声聞こえないようにしてるのか？悪チンなんて打たない方がいい。,0,飯山誠,1
756-1,打たないほうがいいに大賛成です。音声は出ています。イヤホンで聴くと左耳用は音声入るけど、右耳用は音声入ってないです。困りますね。,0,coco whitee
757,泉大津も終わったな。不安を煽りまくるABCもなんなん。コメント欄地獄なんだが,0,Sho 4416,0
758,副反応が出た場合、冷たい言い方ですが、調べもせず、むやみに我が子に打たせた親の責任ですよ💢ほんとに、狂気の沙汰です！言えない政治家がいる中で、ありがたい市長さんです❤️,2,新井幸代,0
759,どうかお子さんがいらっしゃる方はよく考えて下さい‼︎‼︎私はワクチン後脱毛で半年間経った今も治りません。今は帽子生活してます。私自身女ですが特に女の子の親御さんは本当によく考えて！脱毛でハゲたら学校などで周りから言われる事分かりますよね⁈感染して脱毛なら分かります。私は1度も感染していません。円形でもなくマダラな形で抜けていきます。ワクチンは治験薬です。国民全員が実験台になってるだけです。,2,ポコン,0
760,数字で判断！賢明ですね。最悪大人は治験の生け贄でもしゃーないが、子供は守らなあかん。,0,島国根性,0
761,泉大津市の市長さんは、素晴らしい。言ってる事正論だと思う。,2,たつお 佐川,0
762,泉大津市の親御さん手間だね、まあ、そんな市長選らんじゃったから仕方ないか。,1,ta fun,0
763,これが普通なんだけどね…,3,渋沢栄二,0
764,吉村知事の言葉に賛成。とりあえず送っておいて判断は家庭毎にすればいいと思うのに、接種へのハードルが上がっちゃってるとおもうけど。。。,0,猫ドロップ,0
765,コメント反ワクしかいなくて引く。ただでさえ子育てする親は忙しいのにワンクッション挟む必要あるか？軽症、中等症でも十分つらいし少しでも症状がマシになるように配るべきでは？それとワクチンの効果のエビデンスがないとか言うけど重い副反応があるとか言ってるエビデンスも無くね？摂取券きても不安なとこは打たへんし摂取券配らんより同調圧力無くす働きすればいいやん,5,あ,1
765-1,本当に困った市長です,0,ta fun
766,子供達は２回で良いと思うが～➰確かに３回目は子供と親が決めて接種すれば～良いと思うが❗私的には２回で良いと思うが❗,0,まくまくま,0
767,親の心配ごもっともですが副反応で死んだ人います？ワクチンを接種することで発症は防ぎます。感染は防ぎにくいです。発症したらたとえ健常者でも死亡リスクがある。どっちをとるんですか？,4,elt,6
767-1,あなたのような人がいると国は喜びますね。どうしても一定数は仕方がありません。ただ、知る事で考えが変わる事も多いためやはり情報は広めなくてはいけません❗️,1,pia non
767-2,２回接種率は昨年5/10が1%であり、昨年末12/28には78.4%に達しています。一方、新型コロナPCR陽性者の過去７日間死亡者数ピーク（グラフの山を拾った）は以下の通り推移しています。（2022/3/1時点）2020/5/4 ： 165人2020/9/1 ： 97人2021/2/6 ： 688人2021/5/23 ： 797人2021/9/13 ： 453人2022/2/28 ： 1,650人２回接種率が1%程度の頃（すなわち、実質的に接種の影響を受けていない）の165人に対し、接種率80%程度の状態で10倍の死亡者が出ているのはどういうことなのでしょうか？上記はあくまでマクロの数字にすぎません。「どっちをとるんですか？」とのご意見のようですが、上記の数字も踏まえつつ各自が自己責任で選択されればよろしいかと。,3,K. T.
767-3,「泣いて生まれてきたけれど　アメブロ」ってか、まだそんなこといってんの？？,4,だいちゃん
767-4,このニュースの中にも出てきましたが、医者が厚労省に報告をあげただけでも死亡が１４７４人います。それに対して日本の若年層では罹患での死亡者ゼロです。まだ治験段階で長期に渡ることもわからず、子どもにはダメなものだと私は判断しますね。,14,wa ka
767-5,厚労省のホームページみてください。自分で調べないとテレビでは報道されないですよ。私の周りも3人亡くなってます。あなたのご健康と幸せをお祈りしています。,24,Yuki
768,何で接種券が一斉に送られてきたら同調圧力が、って話になるのか全く理解できない。反ワクチンの市長がいる自治体は大変だ。,0,K K,0
