1,素晴らしい内容でした。心から訴えていらっしゃるのが伝わりました。圧力に負けないでこれからもこのような報道をお願いします。,720,らっぱりんご,0
2,この局はいつもちゃんと報道してくれて好感しかない。,1078,もっこり小太郎,2
2-1,ダディの学び舎から来ました。この様な意見を述べるアナウンサーがいらっしゃったんですね。感激で涙がでました。,52,syaccoi
2-2,CBCやABCなど、東京圏以外の局では普通に報道しています。特アの腰巾着に堕ちた在京キー局だけが『報道しない自由』を行使しているのです。,84,rosafoetida14
3,今まで言いたかったけど言えなかったというワク後遺症の女性。勇気を出して発言くださいました。この方の早期の快復を心よりお祈り申し上げます。,125,Asa SG,0
4,大手のメディアはうやむやにしてしまっている現実…サンテレビさんのように地方から変わっていく事がとても大切だと思っています。小さな声かもしれませんが今後もどうか報道続けてください。よろしくお願いします🙇‍♀️,612,ぷちっと,0
5,素晴らしいニュースです。他のメディアもどんどん発信して欲しいですね,609,B p,1
5-1,東京以外のテレビ局は漸次発信しています。,26,rosafoetida14
6,公正な立場できちんと報道されていて素晴らしいと思いました。最近はテレビの偏った報道はうんざりして見ません。,764,しなもん,1
6-1,ですね。くっだらない番組ばかり😊,10,閑人のつぶやき
7,このアナウンサーの方の最後の言葉、魂が込められていると感じ、涙が出てきました。ファンになりました。サンテレビさんが全国放送になれば、国民がどれほど救われることか。ありがとうございます。これからも期待しています。,114,プルメリア 山田,0
8,もっと取材して下さい。他にも苦しんでる人はいると思います。,727,CHIRIKUMA,2

9,全国放送するべき内容だと思います,775,ta ryu,3
9-1,東北や九州の各局でも放送してもらって、今すぐにキー局を包囲し、過ちを糾すべきなのです!!,9,rosafoetida14
9-2,キー局は国と一緒で、知ってるのに見て見ぬふりだよね！CBC大石さんと一緒で、地方局頑張ってほしいです！,12,KOM
9-3,全く同感です‼️,12,bel tono
10,報道の鏡だと思いますそして、他のメディアは使命を果たしてないことをメディアであるサンテレビさん自身が主張頂いています感動しました。別の立場に立つ方からは厳しい声もあるかと思いますが、ぜひ続けて言ってください。応援しています,474,マコマ,3
10-1,ずいぶん前に鹿さんが、あるキー局のアナウンサーの表情について「イヤイヤ顔」と言ってました。報道に関わる方にも、今は辛い環境なんだと推察します。この波が大きくなって欲しいです。,15,Keen Bobson
10-2,@Maki Asagi Matsumoto さんありがとうございます❗️CBCの大石さんは、愛知の誇りです！しかし、愛知県民である私が観たかぎりでは、CBCでも大石アナウンサーしか、真実を伝えてくれていません。なので、愛知もまだまだですが、キー局は、やはり難しいので、全国の地方局に期待しています。,21,白石れいこ
10-3,私もサンテレビ、応援しています。CBCテレビも、応援しています。素晴らしいと思います。是非報道を、続けて欲しい。,86,Maki Asagi Matsumoto
11,この番組、男性アナウンサーの方の勇気に感謝します。,231,ちゃんがこ,0
12,明らかに接種後の異常なのに、何故気のせいだと医者は考えるのか誰の為の医療なのか接種キャンペーンじゃなく、被害をちゃんと把握するべきもっと報道するべきです,505,t. masa,10
12-1,@中野家次女 😊←笑顔が怖いです笑笑,0,t. masa
12-2,@H. M. あー。納得…。なるほどねだから型が合わなくなっても打て打てなんですね某動画でもにこやかに妊婦さんが打ったら母乳飲む赤ちゃんにも抗体わけれてラッキー🎶みたいなのも見ましたけど妊婦さんや若い子達には打たないで欲しいなぁー。そんな先生ばかりではないんですけど、残念ですよね,11,t. masa
12-3,@lemon 考える事を忘れてしまったから打たない考えを洗脳と言うんですね🤔私からしたら、必死に打ってる人のほうがメディアに洗脳されてると思うのですが🤚,15,t. masa
12-4,@t. masa 残念ながら、真実も聞く耳を持たない人には届かないんです😞PCR検査があてにならないことや、尾身クローンの重症化リスクは低いこと、治験中であること等知ってるのに、私のまわりでは3回目を打つ人ばかりです。考えることを忘れてしまった人間みたいです。,24,lemon
12-5,@A A ほんとにその通りだと思います👍なんでみんな矛盾に気付かないの？これだけ後遺症やら副反応ありきの未知の薬品を、何回打ったら気付く？3回目予約取れた！って話してるの聞きながらぞーっとしてます🤚,36,t. masa
12-6,本当におっしゃるとおりですよね！,18,こころ感謝
13,正しい報道があってこそ、視聴者がその情報を受けて自分で判断していけるので、このような報道が、もっと広まって欲しいです！,443,とも,0
14,本物の報道、本物の日本人ですね。つぶそうと必死になる下等などに負けないでください。,30,kun arisan,0
15,長い物にはグルグル巻きが当たり前のテレビ業界に於いてSUNテレビさんの報道姿勢には敬意を表します。圧力に屈する事無くこれからも真実の報道をお願い致します。,581,ペカりん,5
15-1,@ペカりん さまこちらこそ、わざわざのご返信ありがとうございますm(._.)m。実にそのwなスタンダードの手口にのせられ混乱させられてきたのが現実なのではい･･しかし気づいてない方が多いです。世界の価値観転覆の流れのなか、あらたな真の価値観を打ち立てて 新しき繁栄の時代へと向かわねばならぬ時代ではあります。世相の波に呑まれることなくお元気でいらしてくださいませね。ありがとうございましたm(._.)m。,1,Wind Mystical
15-2,@Wind Mystical さま仰りたい事は理解しました。忌憚のないご意見として受け取らせて頂きます。『情報統制』に関しては非常に危惧しております。検索エンジンも酷いですよね。G然り、Y然り、頼みの綱だったD.D.Goも最近は…真実の情報を掴むのが困難な時代になりそうですね。貴重なご意見を頂きありがとうございましたm(._.)m 失礼します。,3,ペカりん
15-3,@ペカりん さま そうですね。勇気がいることとは思います。この問題に関して個人で情報出されてる方も、たまたま偶然この動画を見られたそうですが、称賛されて昨日の自分の動画で紹介されてましたよ。ダディの学び舎というチャンネルです。私個人としては、一つの事象に関して事実を発信するからと、他の報道に関してもすべて真実を報道してるんだというオールオアナッシングな見方考え方をすることの危険性を実感してきたし、もし過去に他と同じ報道をしてきたことが現在に繋がっているならその責任もあることではあるので、今の一部分だけで判断してしまわない姿勢が重要かと考えるわけなのです。今後ますます情報統制が激しい社会になりますので真実にたどり着くことが非常に難しくなりますから、どこかに覚えておいてくださいませ。ご丁寧にご返信くださりありがとうございましたm(._.)m、失礼致します。,0,Wind Mystical
15-4,@Wind Mystical 私が知りたいのは現在起きている事実です。スポンサーとのしがらみや各方面からの圧力など地方局にとって命取りになりかねない状況下でのこの様な報道は称賛されて然るべきではないでしょうか？『もうどこも信用できない』お気持ちわかります。私もテレビ、新聞などのオールドメディアは、ほとんど観てません。ご意見ありがとうございました。,5,ペカりん
15-5,そうなんですか？かつて誰も言い出さなかった時点、そのもっと以前、そもそも始まりの時点ではどうだったのですか？他とは違う視点から報道されてたのですか？このchさん。すみません、たまたまあがってきてみたのだけれど、報道する事柄によってウソと本当が混ぜられてるところばかりなので、もうどこも信用できないとガッカリしておりましたので。どうも、おじゃましてすみません。m(._.)m,4,Wind Mystical
16,勇気ある報道に感謝しています。Twitterでも大拡散されてますね。,24,masaya ti,0
17,藤岡アナの最後のコメント、言わされているのでない、心からそう思って言われていると思いました。どれほど勇気がいっただろうと涙がでました。これが血の通った本当のジャーナリズムです。藤岡アナとサンテレビを支持します。,27,ワクチン子ども,0
18,大手メディアが口を揃えて黙る中、勇気ある報道有難うございます。大変素晴らしいです。何故他のメディアがだんまりなのか全く理解できません。憤りを感じます。圧力があるかと思われますが、どうか負けずに頑張って下さい！心の底から応援しております。サンテレビニュース様こそ、本来のメディアの鑑です！,165,ぱんめろん,1
18-1,大きな流れとして、新型コロナが始まった2年前から、在京テレビ局は政府の対策を批判し続けました。新型コロナの不安は高齢者に圧倒的に多いので、視聴率が確実に稼げるからです。ワクチンが開発された後は、その流れでワクチン接種を早急に進めることを政府に強く要望してました。その結果としてワクチン接種のデメリットは自分たちへの批判にも繋がるため、放送したくないのでしょう。商業主義の在京テレビ局の限界だと思います。,1,福間資朗
19,サンテレビさん、このような放送をありがとうございますどこのメディアも、このような真実の報道をしてもらいたいものです僕のような、副反応で悩んでる人の救いになります,658,りん太郎,4
19-1,@りん太郎  ニコ動の 長尾先生の動画でﾜｸ後遺症に関して複数の動画がUPされていますので参考にされたら良いと思います。後遺症に有効な 個人で買える薬やサプリも出てきます。,2,makoto fukuda
19-2,メディアの責任は重大だと言うことです‼️だから真実の報道がされなければならないこのアナウンサーさんは勇気を持って発信してくれていますね❗️,10,もへもへあへあへ
19-3,@Silvergrass 足の痛みと痺れが5ヶ月続いてます,15,りん太郎
19-4,どんな副反応が出たのですか？,11,Silvergrass
20,今国民が一番知りたい知らなくてはならない内容を伝えてくださりありがとうございます。最後の男性アナウンサーさんの訴えは心に響き感動しました。一人一人が声をあげていく事も大切ですね。見習います。,211,hikarininaru miti,0
21,本来あるべきメディアの姿だと思います。いろんな圧力あるでしょうが、どうか負けずに頑張ってほしいです。,75,はじめちゃん,0
22,地方局CBCテレビもずっとワクチン後遺症について報じてくれています。大手はコロナ後遺症のことばかり(後遺症も怖い→ワクチン打ちましょうの流れ)忖度なしにどちらも平等に放送し、調査して頂きたいです。サンテレさん、このような放送をして頂きありがとうございます。男性のアナウンサー？の最後の言葉、勇気ある言葉だと思います。,254,黒猫,2
22-1,CBCの大石さんも頑張って下さってますね😭この男性アナウンサーの方も圧力に負けないで事実を伝えて下さって感動です。もっと日本のメディアなら偏向報道しないで、真実の声を上げてほしい！,44,coco
23,こんな素晴らしい局があるなんて！！力強いアナウンサーの声がワクチン後遺症に苦しむ方々の励みになります。感謝🥲,305,コタローミーヤ,0
24,真摯な姿勢が画面越しからでも伝わって来る報道でした。このようなメディアの在り方が全国に広まることを願います。藤岡アナ、サンテレビさん本当にありがとうございます。,96,HI LOW,0
25,ワクチンどうの、コロナどうの関係なく、「患者」に寄り添うのが医療ではないのかサンテレビ、これからも頑張って偏見なく報道を続けてほしい,248,とんとん,2
25-1,医療関係者自体が何も考えずに打ってる人が多数ですから…。,3,mingzi
25-2,それは岸田も言ってるし、勿論それ自体は正しい事だけど　その言葉の裏には、因果関係は認めないという意図が含まれてるんですよ。,4,びききLL
26,最後の男性キャスターのコメント。ずっと求めてきた報道のあるべき姿、あるべきコメントだと思いました。私はテレビは見ませんがこのチャンネルは応援する価値を感じます。,98,policy,0
27,2つとも報道してるのは科学的にも公平で素晴らしい,105,たいぽん,0
28,最後の息遣いにも、とても勇気のいる発言なのだと伝わります。,71,鶴見あ,0
29,このアナウンサーの最後の発言はとても勇気が要ったものだ。本来はキー局でこのような報道が成されるべきで、この人の発言はごく当たり前のレベルにならなければならない。それだけ現状は悲惨なものになっているということ。私利私欲ではなく、日本人としての言動をと広く訴えたい。,133,Muiq Toursh,0
30,本当にこの放送で救われる人達がいます。感謝です！ありがとう！,53,善は急げ,0
31,このような報道を望んでいました。ありがとうございます❗私が住む東北でもメディアは一切取り上げないし、接種後の後遺症は知らない人が殆んどだと思います。今後も公平な発信を宜しくお願いいたします。,131,ATSUKO 114,1

32,サンテレビさん、本当にありがとう。本物のTV局とはこういう局です。何度も言います、ありがとう。,336,Miki,0
33,当たり前のことを、これほどの勇気を持って言わなければならない、この異常な空気！良心の叫びに耳を塞いでいた多くのメディア関係者に届いて欲しいです。,16,Junko Uemura,0
34,勇気ある報道、有難うございます。何もしなければ日本は終わってしまいます。応援しています。,218,かんの,0
35,最後のコメント素晴らし過ぎる。これぞ報道機関。尊敬出来る。,247,Tom Tom,0
36,サンテレビさん頑張って報道を続けてください,235,へったん,0
37,アナウンサーの最後のコメントは非常に勇気のある発言です。頑張って下さい。,36,マーチ,0
38,最後の男性アナウンサーの言葉本当にその通りだと思います。とても勇気のある方ですね。嘘のない報道をしてくれるアナウンサーがもっと増えてくれるといいですね,30,romio,0
39,おそらく今後、上から圧力があると思いますが、その姿勢を崩さず、続けて報道していただきたい。,175,けーつー,0
40,ご苦労様です。サンテレビさん偉いと思います。特に男性のアナウンサーさんのこの日の報道番組の最後のお言葉凄く響いてきます。「この問題は政治が動くことが大事です、何故この問題を地方の一部のメディアしか伝えないのでしょうか。我々メディアがしっかりと伝えていかなければならないと思います」←これですね正に今の全メディア・政治に必要とされていること。感動しました。引き続き真実をありのままに偏ることなくしっかりと伝えていって頂きたく思います,167,高畑博,2
40-1,感動しました😭不都合な真実に蓋をして危険な💉を国民に打たせようとする政府も分科会もメディアも、国民の命を何だと思っているのか！！,19,coco
40-2,地方メディアの反乱はうねりとなって、中央を飲み込む!!,23,rosafoetida14
41,ワクチンの情報がそんなに無いのに打とうと思えるのが逆にすごい,13,one,0
42,ニュース番組の切り取り見て、目に涙を浮かべたのは初めて。男性アナウンサーの最後のコメントに心を打たれました。後遺症で苦しんでいる方が1日でも早く良い方向に状況が進んでいく事を願います。,6,shirokuma,0
43,このような真っ当な報道に大変感謝いたします。溜飲が下がるような思いで涙が出ました。取材に応じてくださった女性のご回復を心から願います。,48,meguko chan,0
44,素晴らしい！本来あるべきマスコミの姿。何があっても局はアナウンサーを守ってあげてほしいです。,40,halmama,0
45,ＳＮＳなどを見ると、打った後に歩行困難になったり、死亡したという報告が結構多いですね副反応で死亡した多くの人達のご冥福をお祈りいたします,567,sweet dreams,16
45-1,@na o. 書きこみみろ。,0,なかとみひとし
45-2,打った人もよく考えて欲しいのです。何も考えずに、何でも人のせいでは、同じ事の繰り返しです。周りに打つことを止めてくれた人はいなかったのでしょうか？,4,mingzi
45-3,副反応ですね。,1,おぱんちゅうさぎ大嫌い気持ち悪い
45-4,散々言われてるように、治験薬ですからね、これは。強、弱、プラセボ  の3種類のうちプラセボ以外のに当たったんでしょうね…副反応ではなく主反応ですね。,18,びききLL
45-5,@なかとみひとし  おしゃる通りです。打ってしまえば、カウンダウンがはじまっている。しかし、同僚の家族の琴を考えると本当に笑えないです。母もすらぬまに2回打っちまったし、悲しいです。,9,USAF勇気
45-6,@なかとみひとし 何様じゃ？,6,na o.
45-7,@lemon 様よく言って下さいました。おっしゃる通りです！家族間でも別れていますね。政府とマスメディアと西洋医学を無条件で信用してしまっている人だらけで、そういう人たちは、なにを言っても耳を貸さず、もう終わっている、自業自得だと、言われたらそうなんでしょうが、笑うべきではないと思います。うちも家族のうちの半数が接種していますし、実の両親には、説得できたと思ったら裏切られて、つい前日、内緒で三回目も接種されてしまいました。たくさんの周りの人たちが接種してしまいましたが、身内にも、友人や知り合いにも、知らない人でもこれ以上、誰にもタヒんで欲しくありません。,27,白石れいこ
45-8,@なかとみひとし 笑わないでください〰️😞私の大切な家族や多くの友達が打ってしまいました。何も考えず、政府の言葉を鵜呑みにし、自分で調べなかったから自業自得ではあるのですが、愚かだったんですが、でも4なないでほしい😭,41,lemon
45-9,今は後遺症 って言ってるよ,10,輪火曜
45-10,@USAF勇気 今更手遅れなんだが笑。副反応出た人間は覚悟するしかないだろ笑。二回目接種して半年過ぎるからそろそろ来る笑。まあ今年中に蝿が落ちるようにバタバタいくよ👍,20,なかとみひとし
45-11,もはや主反応ですね。イギリス政府が出したデータを見ると接種者と非接種者の感染率、重消化率、死亡率に差がないことが読み取れます。,76,まっちゃん
45-12,私の務めっている会社では3月中に4名帰らぬ人になった。異常事態です。,105,USAF勇気
45-13,副作用ですね。副反応と言う呼び方はもはや相応しくありません。,88,もっこり小太郎
46,この情報出せるかどうかで信用に値する報道機関なのか、公平な報道機関なのか判別できてありがたい。,243,2525イカチリ,2
46-1,東京以外のテレビ局が、一斉にワクチン後遺症について報道し、キー局包囲網を作るしかないですね。,5,rosafoetida14
46-2,東京のテレビでは、やってないな,15,相馬翔平
47,本当にすばらしい。勇気も凄い。メディアが世論を誘導するから、その大切さを認識する。感謝します。,48,黄昏れのブイゼル,0
48,私も副反応で苦しんでいます。最後の男性キャスターの言葉に涙出てきた,296,なん ならなら,16
48-1,@原田博之 様５０万以上ですか・・確かに収入減の中だと幾つもの病院に行けば負担が大変ですよね。私はＣＴや採血などしましたが、自己負担は２万円もいきませんでしたから、症状が重いとかなり特殊な検査されて有るのでしょうね。現状を教えてくださり有り難うございます。,1,けい
48-2,@けい 様色々な病院で検査をしてもらっている方もおりますが、医療費だけでも皆さん50万円~100万円を超えている人もいますので、コロナ禍で収入が減ったりしている世帯では医療費が、かなりの負担になっていますので救済措置が必要だと思います。,3,原田博之
48-3,私も、昨年5月にワクチン接種による後遺症に悩んでおります。,5,増田忠重
48-4,ルミンAという薬があります。一部の薬局で売ってます。,1,HEY!HEY!HO!Channel
48-5,診てくれる病院、少ないんですよね…国はお金をこのような研究に費やすべきなんじゃないかなぁもうワクや、パスも意味ないでしょ,7,かおりかおり
48-6,@Keen Bobson 暖かい言葉ありがとうございます,3,なん ならなら
48-7,@けい 民間療法っていうか、鍼灸は国家資格ですし、漢方はもともと日本や中国でずっと使用されてきたものです。長い人体実験の歴史があります。それがアメリカによって潰されたわけです。,13,matu oke
48-8,@けい みんな病気で悩んで西洋の病院や薬の量や種類を変えてジプシーして、それがダメとなると、なぜか整体に行って、最後の最後で漢方、鍼灸にたどりつくって感じです。時間の経過が命取りになります。病気が軽ければ早く治るけど、病気がこじれるとそこから漢方、鍼灸のドクター巡りがはじまります。気のせい、心のせいなどと言う医者はヤブ１００パーセントです。自分には治療できない、分からないとハッキリ言うべきです。患者のためにも。,13,matu oke
48-9,@【asukotaTV】公式２回目拒否したので今ではほぼ症状ありません。検査を勧めたのは自分の体を知らないのは怖いですし、ワクから時間が経ち過ぎると別要因だと言われますから、その時の対策も兼ねてです。検査結果は５年間は保存しないといけませんが、それ以後は破棄出来るので微妙ですが・・ご心配下さりコメントを有り難うございました。,5,けい
48-10,@matu oke 確かに個人病院(クリニック)とかだとまだ親身にしてくれますが、高度な検査が出来る大病院は無理でしょうね。対処療法なら本人の苦痛がとれる民間療法含めた治療が一番ですね。色々コメント有り難うございました。,10,けい
48-11,@matu oke しかし外見に出る症状なら自分自身分かりやすいですが、内臓はＣＴとかでないと分かりませんから。詳細は書きませんがワク後、私も体調不良となり検査結果で不安感は少し解消しました。因みに異常有りましたが、私も医者からはワクとは不明と言われました。,9,けい
48-12,@けい 病院で検査しても何もない、異状ない、気のせい、心のせいって言われる。昔から病院はそんなところや。慢性病に対しては。,16,matu oke
48-13,全国有志医師の会のHPで真摯に診てくれる医師を探してください。一日も早い回復をお祈りします。,36,Keen Bobson
48-14,どの様な症状か分かりませんが、続いているなら病院で検査した方が良いですよ。,17,けい
49,どのメディアも情報を隠して摂取のみを促す中、現状を発信して頂き、ありがとうございます。やはり治験期間なので、公平な情報発信は気になります。このアナウンサーの意見も、何度聞いても涙が出ます。応援しています。,29,わっはっは,0
50,こんな事言ってくれるアナウンサーさんがいるなんて！感動しました。,13,にこたん,0
51,事実を包み隠さず伝えてくれてありがとうございます。もっとワクチン後遺症の患者さんの苦しみについて報道してください。本当にワクチンは安全なのか？今起こっていることを正しく知りたいです。,22,ぱふぇ。,0
52,サンテレビさん　頑張って発信を続けて下さい。　宜しくお願いします。　因果関係なし！と判断されて苦しんでる方々が沢山います。,30,安藤知康,0
53,最後、アナウンサーの方怒りが溢れて声が震えてるように見えました素晴らしい報道ですねこれが本来の報道だと思いますが,86,スキーバレー,0
54,素晴らしいです！声を上げてくださってありがとう。これからも視聴者に寄り添った公正な報道を！,233,C T,0
55,サンテレビさんありがとうございます、救われてる方たくさんいると思いますm(__)m,55,GT GT,0
56,ありがとうサンテレビさん兵庫県民として誇りに思う,53,yasusi iwasaki,0
57,因果関係を認めると都合が悪いからなんでしょう、本当に怒りしかない。サンテレさん有難う！,9,spirit 55,0
58,きちんと真実を報道して下さりありがとうございます。これこそ国民の知りたいニュースだと思います。私の身の周りでも数名体調不良の方がいらっしゃいます。また報道してください。宜しくお願いします。,7,ララキキ,0
59,神戸市とサンテレビ頑張ってほしい　全国の為に…,6,兵庫ウサギ,0
60,コロナ報道に嫌気がさして、主流メディアを見なくなりましたが、サンテレビさんと、藤岡勇貴さんを応援します今後とも、国民・市民に寄り添った公正、公平、公明な報道をお願いします,17,Mario Y,0
61,素晴らしい番組ありがとうございます！最近はTVを見ても何も信じられなくなってしまいましたが、このような番組がある限りまだまだ捨てたものではないなと前向きになれます。,165,Kenichi Takaguchi,0
62,この2年間ではじめて TV報道に共感し感動しました！真実を報道してくれて本当にありがとうございます！,39,hope sideman,0
63,アナウンサーの最後の勇気ある発言感動しました。頑張って下さい。,27,杉浦淳子,0
64,素晴らしい報道姿勢に心から敬意を表します。日本のマスメディアは真実を覆い隠し、時に嘘を垂れ流します、サンテレビさんは唯一無二の良心ですね。,4,川西敏弘,0
65,現実を伝える「勇気」に感謝します。伝える側も命がけな世の中。本当に・・・,24,shidoremi08,0
66,サンテレビも本当のこと報道してくれるから好き。,14,あき,0
67,圧力もあるでしょうに…素晴らしい真実の報道を有り難うございます。応援致します！,5,のりのり,0
68,ワクチン後遺症について政府は実態調査をせずに否定している。その通りです。岸田さんは口先だけです。政府の無責任さには怒りがわきます。このようなまっとうな報道をしていただいてサンテレビさんには感謝いたします。,12,effv,0
69,勇氣ある報道に感動しました。心のある方がいらっしゃることに救われた思いです。本当にありがとうございました。,26,aya Lemon,0
70,ガテン系元気いっぱいだった友人がワクチン二回目接種あとにリュウマチ系になり薬の副作用も相まって仕事完全復帰出来てません。男性では珍しいのとそれまで何でもなかったからワクチンしか考えられない、と言ってます。先生も、最近同じ症状の患者さんが最近増えたと言ってたそうです。,28,佐藤,0
71,報道ありがたいです🙏男性アナウンサーの最後のお言葉、涙が出るほどありがたく、心強く、励まされます‼️身近で本当に酷い接種後の病状を聞くにつけ、誰も責任を取れないのに、推奨だけされることに怒りと悔しさを禁じえませんでした💢どうか一人でも多くの方にリスクもあるのだということを伝えてください‼️,123,okryoko st.,0
72,サンテレビさん、他の主要メディアのようにメリットだけを報道するのではなく、ちゃんとデメリットまで報道されていて、素晴らしいと思います。信頼出来ます。このアナウンサーの方の発言にも感動しました。,48,えっちゃん高見悦世,0
73,公平な番組制作をしてくださってありがとうございます。ワク○ンの後遺症について追求する内容や、最後の男性アナウンサーの言葉はとても勇気がいるかと思います。圧力に負けずに、これからも公平な番組制作をお願いします。応援しています。,3,da-misa,0
74,このキャスターの意見が強い。感心しました。自分も今回予想以上の副作用で驚き、どう考えるべきかと思っている所、この動画が一つの参考になりました。,34,725 silent,0
75,サンテレビさん、報道機関の鑑ですね‼️関東ではこのような真実を伝える局が存在しません。国民にとっての悲劇です。今後も国民の利益となる番組作り、期待しています✨🙏,101,プルメリア 山田,0
76,まさに報道の大義！勇気を称えたい,144,🛸chko🛸,0
77,もっと報道して欲しい。私も三回目のワクチンを打って、10分程で半身が痺れました。注射を打った所も強く痛み、先生に訴えるとそんな直ぐに症状は出ないと。熱も39〜38度が4日続き、薬も効かずに本当に怖かった。幸いにも、私は一週間ちょっとで強い症状はほぼ消失しましたが、微熱、倦怠感、軽い目眩は続いています。四回目のワクチンは怖くて打てない…悩んでます。,256,0718acid,30
77-1,@koto その通りだと思います,0,Satomi
77-2,打たない。の一択ですよ。そもそもワクチン効果はあるの？確証、格率されてるとは考え辛いです。情報なんて上でいくらでも情報操作できますからね,1,中野家次女
77-3,@びび 様、毎日フツーに4000が亡くなってます。❕😂,1,宮田和博
77-4,@びび 様、コロ前が年間15000人で騒ぎに成ってからは8000人に減っていんのです。大したこと無いと言うことですね❗️,1,宮田和博
77-5,撃ったらダメでしょ🙅‍♂️,3,閑人のつぶやき
77-6,いけのり通信で検索してくれたら症状名の英語を日本語に訳してくれてます、でも本当に情報統制の厳しい事、すぐに削除されますから、何でも疑い、知識を得て知識武装して下さい、,4,ニーナニーナ
77-7,@すたみなたろう 頭にキャベツで笑う,9,ベス
77-8,何に悩んでいるか、整理しましょう。上司の圧力ですか？家族の反応ですか？貴方が行動することで、あなたの周りの方も救われるかもしれません。僕予想では四回目打つのは三割以下。どうせ間違って乗っちゃった列車を降りるなら、早いほうがいいです。,33,Keen Bobson
77-9,なんでそんな怖い目にあっても、4回目を悩むの？もしかしたら4回目の後遺症は何ヶ月も続くかもしれない。そして後遺症で苦しんでいる方々は有効な治療法を探っている段階なのに。,27,halmama
77-10,毒竹輪でなくなったかた既に7万人😢多すぎます。ニュースでコで亡くなった方１日4~5人。毎日4000人が他の事でフツーに亡くなってます。50人出ても１県あたり1人。😢それが大騒ぎする感染症なのでしょか❔亡くなった方には申し訳ないですが、ばかに少ないのですネ。⁉️,18,宮田和博
77-11,頭にキャベツを乗せる療法も効果的ですよあとメルカリにもグッズが売ってるのでチェックしてみてください,5,すたみなたろう
77-12,この567騒動以前から船瀬俊介先生の動画や記事を拝聴してましたのでハナからどんな💉も打つ氣は1ミリもありませんでした。何人もやめた方が良いと言ったのに自ら考えず良く調べもせず自分の身体を治験に捧げに行ってしまいましたよね。責めるてるわけではありません。氣が付いたなら、自分で調べ自分の頭で思考されて下さい。,52,T T
77-13,悩んでます。と、言う人は又打ちますよ。陰謀論ではありません。目を覚まして下さい。自分の体が悲鳴を上げてます。心配なら　血まなこになって　クグってお調べ下さい。お大事にしてくださいとしか　言えません。,62,Kiss Yukko
77-14,打たなくていいです。私は1回も打っていません。食生活を改善して免疫強化に努めています。コロナだけが病気ではないですから。,80,koto
77-15,打てば打つほど健康になれば良かったんですがね。これは、打てば打つほど不健康になっていく。,77,おかめ八目
77-16,@歌のお兄さま 厚生労働省のホームページにワク副反応データベースてものがあります頑張って見付けてください。すごい症例あがってますので,50,ランリンルン
77-17,打たない方がよいです！あたし一回目打ってかなり強い副作用、心筋炎みたいな感じになりもう怖くて二回目打ちません！💦,65,本城Yuuka
77-18,@rosafoetida14 膠原病の検査を受けてみてはどうですか？,15,けい
77-19,打たないでください。まずはデトックスをされることをお勧めします。,71,vivi
77-20,これ以上打ってはいけません！私は2回目接種から3ヶ月ほど経ってから、左半身に出る違和感に苦しめられています。足の裏や肩が時折痛むので、立ち上がるときには右手を突いてからでないと立てません。軽い倦怠感や息切れも出やすいです。このため3回目は打たないことにしています。,86,rosafoetida14
77-21,医者の言うことはワクに関しては聞かない方が良いですよ。そもそも治験中のワクですから医者も分からないので。,98,けい
77-22,WHOもアメリカのCDCとFDAも4回目接種の予防効果は2カ月しかないと報道しているので、打たなくて良いと思います🍀,72,y m
77-23,脱髄が起こっている人もいます。そうなったら普通の生活ができません。,49,インターロイキン10
77-24,3回目で危機を感じたのにどうして4回目の選択肢があるのですか？立場上、打たないといけないのでしょうか？感染予防効果も期待出来ないなのに。,121,ポンダー!!
77-25,@歌のお兄さま リンクを貼ると自動削除になるのであの単語で検索してみてください。あるクリニックの医師が載せてました。,53,A K
77-26,@A K ソース提示可能ですか？ぜひ読みたいです。,19,歌のお兄さま
77-27,打たないでください。「1291もの有害事象リスト」と既に出てます。,119,A K
78,苦しんでいる方の現場を見ているからこそ、リアルで心に響く真の報道と感じました。全国でも極稀な報道機関、日本の正義の味方です！感謝！,22,5人のママちーちゃん,0
79,男性アナウンサーの方の勇気ある発言に感謝します。サンテレビさん応援しています。,5,マンボ,0
80,今、報道規制の強い中誠意ある報道をして頂き有難うございます🙏💕。サンレテビニュースさんの報道を見て、多くの方々が早く気付いて下さり、被害を回避して変わらね健全な日常生活を送って下さることを心から願っています。感謝致します🙏❤️。,5,りこちゃん,0
81,この概要をご覧ください！！！！　サンテレビのスタッフさん、凄いです。文字起こし付き、有難うございます。そして、こういう取材が欲しかったぁぁぁ！！！両方の問題について取り上げて下さることは、どっちが良い悪いで終わるのではなく、非難の応酬にせずに、双方の問題として（予防接種すべき・ダメとか、感染したら大変・しても風邪）考えていくきっかけになるかもしれないなと思います。実際に、どちらのしんどさを抱えている人達がいますので。,63,Maya Saijo,0
82,勇気を出して発言して下さりありがとうございます！誰もワクチン後遺症の事を取り上げてくれるメディアはありませんでしたが、サンテレビが伝えて下さり嬉しかったです。ファンになりました！これからも応援してます🎵,6,kaori n.,0
83,アナウンサー様！渾身の想いを込めて、被害者に寄り添う勇気の報道に感謝致します！どれだけ、被害者の心が救われているか知れません！私もセミナーを通して、地元に訴えて行きます！,4,小林なおみ,0
84,公平な報道をありがとうございます！初めて信用できる報道を見た気がします。応援しています！,6,hoshizola,0
85,最後の言葉、感動しました🥲感染後の後遺症は、味覚臭覚の軽症でしかも治って良かったですね✨💉後遺症の方、善良な医師に巡り逢えますように。,40,k yoshida.,0
86,拝見して涙が出ました。勇気ある真実の報道をありがとうございます。これからも一部の権力に阿ることなく、マスメディアの鏡としての報道をお願いいたします。,13,yukky ssik,0
87,確かにCBC TVとサンテレビさんだけは、真実の報道してくれてます。頑張って下さい。応援してます。,10,ペコタントム,0
88,この、男のアナウンサー素晴らしい。勇気をもって報道してくれたことに感謝。,6,のはすぎ,0
89,正しい情報をありがとうございますワクチン後遺症で苦しむ方が早く救われますように国が否定しないで救けてあげてください。たすけられないなら無責任に国民に推奨しないでほしい,4,まき,0
90,YouTubeを観ている方達だけしか理解していないから、この真実をテレビでもっと詳しく報道すべきです！,46,りんりん,0
91,素晴らしいと思います。苦しんでいる人、沢山いると思います。メディアでしっかりと真実を伝えてもらいたいです。,15,H,0
92,大変勇気のある報道、本当にありがとうございます。,8,みむらみき,0
93,副反応どころか、月曜日に知人の元気なお母さん（73歳）が3回目の摂取後、少し熱があると言っていたら亡くなりました。みんないい加減目を覚ました方がいいと思います。,118,情弱じじいCH,4
93-1,ほんそれ,6,中野家次女
93-2,本当に早く目を覚ましてほしいです。😥,24,カフェオレ
94,このようなほかが、報道されないニュースを取り上げてくれて、感謝しています。今後も引き続き続けてほしいです。,2,suzuki ran,0
95,コロナ関係の報道に疑問を感じて一年程前からほとんどテレビを見なくなりましたコロナ死亡や後遺症は大騒ぎなのにワクチン死亡や後遺症はスルー偏り過ぎですCBCとサンテレビさんだけは国内で貴重なまともな報道機関だと思います残念ながら私の地域ではまともな報道機関は有りませんテレビでCBCとサンテレビの番組が見たいです,19,さとちゃんあきちゃん,1
95-1,ABCや広テレとかも報道していました。,2,rosafoetida14
96,勇気ある報道ありがとうございます。東京在住です。高校生の娘が接種後から体調不良が続き秋から学校を休んでいます。先週厚労省と東京都のワクチン窓口と区の副反応ダイヤルに電話したが何の進展もありません。早く神戸や名古屋のようにワクチン後遺症相談窓口を開設してほしいです。若い娘の未来がこれからどうなるのか不安です。これからも応援していますので、偽りのない報道を続けて下さい。,74,ゆかぴよ,4
96-1,ありがとうございます！有志医師の会、さっそく検索して連絡してみます。今は何より情報がありがたいです。本当にありがとうございます。,3,ゆかぴよ
96-2,東京こそ、窓口設置して、ちゃんと対応して追跡調査すべきですよね！あんなに打っているんだから、具合悪い人が少ないわけがない！全国有志医師の会が後遺症窓口設置しています。東京は5つくらいの病院が載っていました。是非そこにご連絡してみて下さい。ご家族もお辛いですよね。一日でも早く娘さんがお元気になられることを願っています。,7,永遠のレシーバー
96-3,都知事・小池が都民をニラとしか見ていないことが解ります💢,7,rosafoetida14
97,ワクチン後遺症の事をやっと伝えてくれはって、心待ちでした。こちらの番組のようにもぅとメディアが伝えて頂きたいです。ありがとう！,137,裕美子 秋元,0
98,勇気ある報道ありがとうございます。これからもよろしくお願いします。,40,koto,0
99,サンテレビの姿勢に感動すら覚えます。兵庫県民の誇りともいえるテレビ局ですね。,3,パルちゃんねる,0
100,ワクチン💉接種を📺で煽るだけ煽って、相当数の後遺症患者さんや、亡くなられた方々の事を思うと胸が張り裂けそうです😭😭😭本当に絶対許せません💢どうか、この番組を全国民に広めて行って頂きたいです😭,5,roulette,0
101,ワクチンを受けた後の後遺症がまだ認知されてないからもっと報道してほしいです。,2,kagura,0
102,このような報道をしてくださるテレビ局があって、びっくりです。うれしくて涙が出ます。私の見ているテレビ局はどこもかしこもワクチン接種をあおるものばかりです。アナウンサーの方もきっと、勇気がいたことでしょう。心から感謝いたします。これからも真実を報道していただきますよう、お願いいたします。心から応援いたしております。,14,雪の華,0
103,締めくくりの言葉に涙が出ました（後遺症についての事実を一部の曲、しかも地方局しか伝えないのか…）被害に遭っている方々の気持ちを考えると悔し涙が出ます,23,MoHi,0
104,ありがとうございます。本当にその通りだと思います。勇気ある発言に胸打たれました。,3,海空,0
105,このような報道ありがとうございます。高齢者の方への情報提供に役立ちます。ネットの情報のみですと信頼性にかけると思われてしまうようで聞く耳を持ちません。,140,みっきーみっきー,1
105-1,ジーちゃんバーちゃんは驚くほどテレビ見てますね。cbc、ABCも一緒に紹介すれば、考えるきっかけになってくれると思います。,2,Keen Bobson
106,アナウンサーの方の最後のコメント、まさにそれです。何故地方のメディアしか報道しないんですか？　自分的には、地方の方が接種後の副反応や死亡者数が多い気がしますが、追跡して教えてくれるメディアはいないでしょうか。何故？どうして？どうすれば？を考える国民になりたいです。,87,A K,3
106-1,その通りですね。国民の命を軽視した日本人と思えないメディアの偏向報道。大手メディアはもう日本人じゃないのかもしれません。藤TVなんてもう韓国かと思うような内容ばかり。参政党の演説は真実を語って下さってて、日本を取り戻さなくては！と熱く思いました。この男性アナウンサーの方の言葉に感動して涙が出ました😭,9,coco
107,勇気ある報道、素晴らしいと思います。,9,tuk08344,0
108,ワクチンを接種した人がコロナに感染しやすく後遺症が酷くなってるのかも検討してもらいたいな。,76,りー,0
109,素晴らしい報道です。そして最後のコメント、泣きそうでした😭  有り難うございます🍀応援してます。頑張って下さい。,5,アロマ1018,0
110,男性アナウンサーの方の勇気ある最後の発言に感謝します。サンテレビさんありがとうございます🙏,21,おたき,0
111,事実に則した報道ありがとうございます🌟これからも市民側に立った報道よろしくお願い致します🌟,3,Orange Apple,0
112,本当に知りたいのは、みんなに知って欲しいのはこういうこと！サンテレビさん、ありがとうございます。そして、最後の藤岡さんの言葉、勇気を振り絞って伝えてくださり、ありがとうございました。涙が出ました。感動しました。この現実を知らない人の為に、やはりメディアが何度も何度も真実を伝えることが重要です。どうかこれからもよろしくお願いします。心から応援しています！！,23,永遠のレシーバー,0
113,全国、、いや、世界中の大手メディアが本当のことを伝えない中、血の通った報道をありがとうございます。他も正気に戻り、本来のあるべき報道を心がけてほしいのだが、、。,3,hrsk .w,0
114,藤岡アナウンサーの言葉に涙が出ました。ありがとうございます。サンテレビさん！頑張って下さい！応援してます！,11,りえ,0
115,コロナ後遺症の人がワクチンを接種済みかを言って欲しいと思いました。接種してないときは、未接種と強調するのに。接種してるからあえていわないのでしょうか,24,Michiko N,0
116,最後のコメントに感動しました。,142,gis yumi,0
117,素晴らしい、メディアの鏡。メディアは内側から、正義と情熱、愛を持つ者によって変わっていく。応援いたします！,17,mondk'nt,0
118,素晴らしい情報有難うございます。私も一回目のワクチン接種後1分以内に打った場所の皮膚の中から激しいかゆみと呼吸困難で救急車をもう少しで呼ぶ羽目になりました。それ以来頭がぼーっとなっています。それ以降は接種怖くて受けていません。何かあっても誰が保証してくれるのでしょうか。私も極度の化学物質アレルギー者です。,4,Kaori S,0
119,この様な重篤な副反応が起こり、後遺症で苦しまれてる方の報告が上がってきても接種を止めないのは、政府からすれば想定内の出来事だからなのでしょうね。,4,じーつー,0
120,闇のダディさんのお陰でこの番組を知ることができました。中立的な報道と藤岡アナウンサーの思いやりのコメントで感激して、番組登録させて頂きました。これからも中立的な報道に期待します。,20,さっちゃん,0
121,嬉しくて心が震えました。モリカケ問題から政府が信じられないと思うようになり、コロナワクチン問題やロシアウクライナ問題でメディアが信じられなくなりました。まだ日本も捨てた物ではありませんね。ありがとうございました。,4,Yukie Kanda,0
122,このアナウンサー素敵!是非どんどん政治の件も伝えてほしい！,16,もぐたんもふたん,0
123,『ダディの学び舎』というダディさんのYouTubeで紹介されていたので福岡からですが応援させていただきたくこちらのYouTubeを見させていただきました。正しい情報を伝えてくださっている藤岡アナウンサーの勇気に頭がさがります。上が用意した『打ってください』原稿をそのまま調べもせず読むだけの全国のアナウンサーに見ていただきたいです。感動しました。,31,カズノッチ,2
123-1,特に在京キー局。アナウンサからの内部告発がこれから起こり得ると想像します。ほとんどのアナはお上の命令にいやいや従っているだけです。,1,rosafoetida14
123-2,自分が読む原稿に修正かけられるアナウンサーって、どれらいいるのだろう？大御所様はできるだろうけど、イヤイヤ喋って苦悩するアナウンサーもいるだろう。有志報道者の会とか、できるといいな。,4,Keen Bobson
124,他のテレビ局が偉そうに報道の自由や正義を語る権利はありません。サンテレビさん、頑張ってください。,2,苑子,0
125,伝えるという報道、素晴らしいと思います。,5,りんちょ,0
126,国がワクチンを推奨しているのだから責任をしっかりとるべきだと思います,6,モカっち,0
127,神戸市長がこの問題はあまり認知されていないと言っていたが、国の圧力があるのか知らないが、殆どのメディアが報道しないから知らない人が多いのだろう💢もっとこの問題を積極的に報道して下さい。,5,原田博之,0
128,公平に報道しようとする姿勢が素晴らしい❗️他の局もちゃんと報道してほしい❗️,8,上野えりか,0
129,ありがとうございます！何を報道すべきか。本当の意味で国民の為になる情報とは。その嘘が付けない勇気ある姿勢に感謝します。世の中の意図的な酷な国策、仕組みを分かった上で言える言葉を仰ってるとは思いますが。多くの方々が気が付きはじめてるように全てご存知なんだろうなと必死さが伝わり泣けてきました。  なぜ1部の利権、目的のためにこんな苦しまなきゃいけないのでしょう。神戸市長も姿勢、変わって欲しいです。くれぐれもお身体にはお気をつけ下さい。,28,RUNA,0
130,ワクチンのメリットとデメリットをわかりやすく説明されている医師は全国に何人いるのですか。,41,綾小路真,2
130-1,目立たないだけで、無数にいます。,8,rosafoetida14
131,ワクチン推奨の報道ばかりの中、真正面からクチン後遺症について声をあげて頂き有り難うございます取り組みが大きく拡がり今扇動の他の情報番組もワクチンの真実に即し追従してくれる日を心待ちにしています,26,蒼蒼,0
132,今のこの異常な時代に本当に心ある調査報道なさる希少な局ですね。感謝しかないです。とても分かりやすい内容。被害の深刻さや被害者置きざりのワクチン運営の実態が見えてくる。報道の鑑。どうかこの姿勢を続けて日本国民を助けてください。応援してます。,16,SORA NAKAJIMA,0
133,素晴らしい報道ですね！アナウンサーの方や番組関係者の勇気に 感謝します‼️,3,Kazuko Tojo,0
134,勇気ある報道に感謝です🙇,6,てるてる坊主,0
135,これからもっともっとこうゆう事例が表に出来くるね,6,医療系サラリーマッチョのり,0
136,いいね、コメントでこの報道をもっと目立たせたい！勇気ある、そして心から訴える男性アナウンサーさんの声に賛同します。ありがとう。,4,k ki,0
137,打ってから具合い悪くなっても因果関係曖昧にする政府。苦しんでる人たちのこと自分の身内のように考えてほしい😢,99,美沙,2
137-1,我々はモルモットです,0,中野家次女
137-2,実験用のマウスの生死なんか誰も興味はないだろ？そういうことなんだよ,6,正体不明
138,素晴らしい報道姿勢です。特に最後の締めのお言葉は拡散すべきコメントでした。ありがとうございました。,3,masahiko tatsumi,0
139,素晴らしいとしか言いようがありません。よくぞ言って下さいました。サンテレビさんとアナウンサーさんの勇気に感謝します。この波紋が大きなうねりになり、国を動かし、苦しんでいる方々が少しでも楽になりますように。,1,ユカリン,0
140,この男性アナウンサーは何という方ですか？この方も副反応で苦しむ人に寄り添い、勇気を出して発言されていると思いました。応援します。,7,Naominten,0
141,チャンネル登録しました。利権に塗れないで自分の言葉で発信してくれる藤岡アナは、私達の真の代弁者であると思う。こういう報道なら応援したいです。,2,月藍子,0
142,私も昨年の8／16に1回目のファイザーワクチンを打ってから１時間後にアナフィラキシー、吐き気、食欲不審等今4月ですが、吐き気と倦怠感等に悩まされていますかなり痩せました血液検査しても別に異常はありませんしかし、今まで食べていたものにアレルギーを起こしたりしてほんと苦しい思いをしています県の相談センターに連絡してもそんなことがあるんですか？とかまだ調査がはっきりしていないのでわかりませんという返事で情けなかったです医療費はかかるし仕事も体調崩しても勤務しています本当に苦しく辛いですいつになったら元の元気な体に戻るのか教えては欲しいです,8,いずみママ,0
143,藤岡アナ、スタッフの皆様、真摯な報道ありがとうございます。私は　北海道在住者ですが、道内では、全く報道されてません。情報弱者で、あふれかえってます。北海道は　本州よりもワクの接種が遅く、様々な反応事例も遅い為、周りは気づいてない状態です。藤岡アナの最後のメッセージ　心に響きました。　ありがとうございます。弾圧もあると思いますが　応援してます。,7,ёYo-Koё,0
144,せっかく良い報道をさるているのですから、サンテレビさんは感染者数のニュースを正しく【陽性者】とする方が良いと思います。もはや感染者という表記が正しくない事は素人の私でも知っているくらいですから…。,29,ptw,0
145,陰謀論者でも何でもないけど、そもそも具合い悪くないので射たない。いまだ未接種。インフルの予防接種すら射たないけど、風邪すら全くかからない強靭な免疫力に感謝。,51,rideon,0
146,アナウンサーさん、テレビ局さん、よくぞ放送してくださいました。今後もどうか本来の意味のメディアとして報道していってください。どうかお願い致します。この放送で救われた方が多いと思います。ありがとうございました。,12,echo Sabai,0
147,メリットが上回るなら打てって。。。打たなきゃどうなるかわからないのに結局は自己責任。責任取れないならなら過剰に推奨するべきではないですよね。実費にして公平な情報を出して打ちたい人が打てばいいんです。いまは情報が偏りすぎているしとにかく打て打てな政府、自治体、専門家の異常さがぬぐえない。,31,tetu,0
148,愛知県民です。キャッチいつも見ていましたが、大石解説に感動してチャントに乗り換えていました。キャッチも応援していきます！愛知県はワクチン後遺症の対策が始まってますから、メディアもやりやすい面があるのかな。,6,くうぽん,0
149,すぐに医者にかかったり、クスリを飲むのを止めれば、健康になるし、長生きが出来る。製薬会社や医者の金儲けの犠牲になってる事にいい加減に気が付くべき。人間は無数の薬を作っても、無数の病気に苦しんでる。,4,サニー大山,0
150,サンテレビさん、そして藤岡アナウンサー勇気を出して報道してくれてありがとうございます。全国テレビでは触れもせず、ワクチンを推し進めるだけの報道ですね。メディアを信じられなくなってすっかりテレビを見なくなりましたが、とあるYouTuberさんのお陰でまだ捨てたもんじゃないな、と涙が出ました。サンテレビさんとCBCさんの報道は偏りがなく、真実を伝えてくれています。メディア、政治、色んなしがらみがあるかと思いますが、どうか国民に真実を伝えてくれる事を願います。,5,ns,0
151,もうメディア全く信用しなくなっていたのですが、こんな局があったのですね！どうか大手に潰されず、スポンサーに製薬会社からの圧力がかからず、こういった番組が継続できることを願います。,8,☆RIEKO☆,1
151-1,もしスポンサーたる製薬会社が圧力をかけてくるのなら、局として、当該製薬会社を刑事告訴することも本気で考えるべき。毅然とした態度を!!,0,rosafoetida14
152,素晴らしい局ですね。私もワクチン後遺症で極度の耳鳴りと帯状疱疹に似た皮膚炎であちこち受診しましたが結局どこの医療機関でもワクチン後遺症とは認めてくれませんでした。言われる事は気のせい、たまたま重なっただけとかです。ワクチン打つ打たないは本人の自由なので皆さんはよく考えて接種して下さいね。ただ私から言える事は何が起きても国も医療機関も絶対後遺症とは認めてくれないので諦めてください。,37,びぃ,0
153,確かにクルーズ船の時は強毒であったが、弱毒化が進んだオミ株でどれだけの後遺症があるのか、データを出してほしい。また、現在後遺症で悩まれてる方は、「全国有志医師の会」を頼って欲しい。後遺症は症状が多様で治療法のデータ蓄積も無く手探り状態だが、この会の医師達は少なくとも患者さんを真摯に診てくれる筈です。最後に男性アナさん、HP見たけどお名前がわかりませんでした。心からの発言だと、表情と声でわかります。世論を変えるのは、継続と私欲を捨てた誠実です、感謝のメールを局に送ります。,42,Keen Bobson,0
154,素晴らしい！！！　この方を失脚させるような事が起こるようなら、もう絶対にサンテレビは観ません！,4,Eriko Miyagi,0
155,ワクチン自体が人体にどう働くか良く分かっていないので、もし後遺症が認められたとしても治し方が分からないですよね。それが怖くて打てないです。コロナの後遺症も分からないけど、他にも予防法はあるから安全な予防法を私は選びたいです。,5,mari mari,0
156,両方の情報を提供して頂いているのが、ありがたいですね。子宮頸がんワクの時から何かおかしいと思って、結局コロワクは治験中なのでやっていませんが、今では、赤ちゃんに実施するワクに何が入っているか不審に思っているくらいです。現時点で関係ないので添付文書は見ていません。今回の騒動で日本の食品添加物1500程で支配層が住んでいると思われるヨーロッパの30〜60程度と比較して桁違いに多い事がわかりましたし、日本の食品は農薬も結構使われているし、調べれば調べるほど、色々な事がわかったのが有益だったと思います。また、何かおかしいと思ったら、立ち止まって調べる癖をつける事が重要かと思いました。,11,クルクラット,1
156-1,農薬より堆肥の方が安心。,2,rosafoetida14
157,後遺症を患って苦しんでいる方々のために発信くださって感謝いたします。最後の勇気あるコメント素晴らしかったです ♪主要オールドメディアは見る気失せる今日このごろ。,5,kirara hoshino,0
158,病院勤務していた昨年は、シェディングで関節痛・手足のしびれ・不眠・蕁麻疹、そしてセブンのコーヒーのニオイがうんこのように感じられました。加齢の成果と思いましたが、辞めたら治りました！,40,VG,1
158-1,ちょっと書き方が笑😅でもシェディング らしきものは私もありましたワクチン接種したばかりの人が近くにいると生理のような出血と腹痛が続きました不思議なことに休みの日はなんともないんですそして休み明けに接種者と同じ空間にいたらまた生理のような出血と腹痛夫はある日から動悸がしたり体調が悪いと訴えるようになりましたそれは私が2020年5月にワクチンを接種してからでした,4,空マンハッタン
159,偏向報道ばかりの見る価値もないニュースばかりのなか、隠されている問題をしっかり取り上げてくださってありがとうございます。,33,a a,0
160,あくまでもコロナワクチン擁護の風向きになびくメディアの多い中で、いまや社会的弱者としてコロナワクチン後遺症で苦しむ方々の困りごとの事実をありのまま伝えようとする数少ない報道に感謝です❗️❗️これからも、現場の状況を真摯に伝えてください❗️❗️期待しています👍😊,3,上野えりか,0
161,ウイルスへの抗体の為のワクチンで人体に影響が全くないはずがない。熱が出るのは副反応として認めるけど、後遺症は認めない…とか、矛盾してるよね。私は後遺症は無いが、20年近く3日以上ずれた事無かった生理周期が10日以上早まった。その後はその周期で落ち着いたが、ホルモンへの影響もあるんじゃないかと思い、妊婦さんの接種とか心配してしまう…。,31,maippuh,1
161-1,自分は今まで28日以内に生理が早まったことがなかったのに3日も早くきたときは更年期かぁ？と思いました。ワクチンのせいもあったのでしょうかね🤔ギリギリ30代です。,0,みこ
162,今のテレビやメディアは真実を伝えていないこのテレビは素晴らしいです🤗応援したいです❗️,4,深尾恵子,0
163,「どっちの後遺症もある」と言えば自分が「どちらの」後遺症なのか攪乱できるしな。ほんとうまいことできてる。メディアはもう全て価値がない。,46,ckzonex,0
164,原因不明は全部救済しないとね　分からない物を打たせたんだからね　自己責任なら打つ前にこれで何が起こっても補償ありませんよとB4用紙の表表紙にそれ書いて署名させておくべき　因果関係が無いと証明できなければ全部責任負うべき　　そうでないなら打たせるな,8,なかとむ,0
165,副反応で報告されてないケースたくさんありそうです。私の身近な人も若いのに打ってから帯状疱疹になりましたが、報告データベースにはそれらしい報告が見当たらなかったです。2021年なので報告されてたら載っているはず…,36,mi na,0
166,岸田首相の、魂の抜けた心の無い言葉に苛立つ。大丈夫か…人として。一方、藤岡アナのキリッとした目、しっかり意見を言う姿勢に、大変好感を持ちました。ありがとうございます🙏登録しました🔔*ᴗ ᴗ)⁾⁾⁾,22,CHIEMI ISHII,0
167,死者1500人以上出てて1件も因果関係ないのはおかしいこういったところがきちんとしてないから打ちたくない人が増えるんだよな,97,アビス,2
167-1,ねぇ～、深い内容分かっててそうしてるんだから、もう鬼畜の所業、、,19,donnahide
168,最後のアナウンサーのコメントが熱い！！　感動しました,14,Jose_Kamala,0
169,この放送を見てチャンネル登録し番組拝見する様になりました。勇気あるコメントをTVで聴ける事を諦めていました。応援しています。TVしか見ない人、ネットも見る人、両者で分断も起きています。色々な視点で今日本で起きている現実を特集して下さい,3,目が点,0
170,マスメディアの仕事をしっかりされています。今後ともよろしくお願いします。,17,ナマケナイナマケモノ,0
171,メディアは一方的な見解しか放送しない、と失望していましたが、よくぞ発信して下さいました。多くの方に見て頂きたいです。ありがとうございましたm(_ _)m,2,なべなべ,0
172,応援してます。本当に、ありがとう御座います🥲,6,i ken,0
173,ワクチンの後遺症かどうかわからんけど、もう3か月以上左前腕部分だけが、異常に痛い。筋肉痛のかなりひどいような痛み。打つ前はこんな痛みなかったからつらい。,54,mata Channel,8
173-1,@うんちゃん 怖い事言わないで😅もう治らないと思うとワクチン接種した事、後悔しかない。,0,mata Channel
173-2,@ハッピー 同じく伸ばしたり曲げたりするたびに痛みます。筋肉痛かと思っていろいろ貼ったり塗ったりしてみたけど効果ゼロだから筋肉痛じゃないと気付きました😣もうワクチン3回目はやめとこーと思ってます。,0,mata Channel
173-3,私も痛いです。調べたらsirvaという状態みたいです。筋肉注射を、失敗されたのだと思います。腕は伸ばしたり捻ったら痛い程度だから諦めてます。,2,ハッピー
173-4,@Erai コロナ後遺症については「無症状感染して後遺症だけ出る」「肥満、抜け毛」等の信じ難い報道があったので、フェイクかと思ってました。完治をお祈り申し上げます。,1,Keen Bobson
173-5,接種したら自己免疫疾患になる可能性有りますから、症状有るし検査されてみては？,8,けい
173-6,二、三年後はもっと酷い事になるよ,8,うんちゃん
173-7,私の場合はコロナの後遺症ですが、約半年間会社を休んでいましたが現在は7割程改善して復帰しております。残っている症状は何とも言えない筋肉痛と筋力の低下でしょうか．．．mata Channelさんはたぶん接種後の後遺症でしょうね、お察しいたします。,9,Erai
174,危険だと医師の説明を聞いていたのに自筆署名してまで人体実験に参加頂きかつ自己責任の下で治療費も自費負担して人類の未来に貢献頂き感謝してもしきれません。僕は小心者で医師からの説明を受けて怖くなり武漢ワクチンを打たずに帰った卑怯者です。ありがとうございます。,13,いつも運がいい無線技術者,0
175,こんなに被害が出てきているのに推進の立場を変えられない厚労省は誰に忖度しているのか？ どこから圧力をかけられているのか？,81,ariesrie,4
175-1,一般人も。率先して反ワク等と馬鹿にする人も。同調圧力する人も。,3,さゆ
175-2,WH○とかビ○ゲ○ツとか世界の財団ですね。,13,ランリンルン
175-3,国際金融資本、米国内ネオコン、中共。以上から圧力をかけられていると疑うべき。,21,rosafoetida14
176,アナウンサーさんがここまではっきりコメント出来る！放映する！素晴らしいです👍✨,98,obatarian sanuki,0
177,どこまで行っても自己責任！目覚めるのが遅すぎた。国は絶対に責任をとってくれません。歴史は繰り返すんだよ。国民を殺すメディアと政府。悲しいけど仕方がない。目覚めない同胞ばかりで悔しい。。,60,松奈良一,3
177-1,同調圧力で追い詰める一般人、反ワク陰謀論者等と揶揄して中傷する一般人も。こういう人達は最初から安全圏からものを言って、更に隠れられるから質が悪い。,3,さゆ
177-2,完全に同意します,7,イワナ番長
178,男性アナウンサーの最後の言葉は泣けてくる,4,ーべ,0
179,最後のコメント、感動しました❣️勇気ある報道をありがとうございます‼️,7,竹内洋子,0
180,真実の報道をありがとうございます,8,ri ma,0
181,枠沈後遺症の方はD-ダイマー検査を受けられ血液精密検査にて好酸球％を調べられれば異常有りの結果が出る可能性があると思われます。,14,H J,0
182,まさか、このサンテレビがこのニュースを流してくれるとは、夢にも思っていませんでしたが、よくやりました！これからも、もっと流し続けて、アレの🙅‍♂️な所を教えてあげてください！,2,たう,0
183,ファイザーとの契約事項もしっかり報道して欲しい。海外での報道も大事です。今ファイザー製薬は訴訟をおこされてますし、少しずつファイザーの資料が公開されています。副作用だけでも1290種類確認されています。ファイザーが発表しています。そう言った真実も報道してほしいです。,8,吉春,0
184,素晴らしいです‼感動しました😭他のメディアも続いてほしい‼,6,りやん,0
185,素晴らしい！これからも真実を伝え続けてください。権力にへつらう大多数のマス○ミと違うスタンスに敬意を表します🙏,3,閑人のつぶやき,0
186,素晴らしいニュースメディアがまだあったんだと感激しています。,5,Toshio BAN,0
187,兵庫の放送局なんですね。素晴らしいです。全国放送は真面目な顔して適当なことしか伝えていないと思う。このような誠実な報道を見ると、全国放送ニュースなんて見る気失せますね。,4,ronron7972,0
188,ワクチン後遺症の報道は他では見たことがありませんでした。たまたまですが欲しかった情報に触れられありがたかったです。,2,トッキー,0
189,素晴らしい！サンテレビさんありがとうございます！,92,元の日常チャンネル,0
190,地上波でちゃんと報道されているところがあったのですね。偏った報道のみばかりと感じるので素晴らしいです。少し安心しました。,3,so Yamao,0
191,うわあすごいなサンテレビ。これを見たかったんだよ,19,and,0
192,ありがとうございます😭言葉にならないほどに感動してしまいました。メディアとしてのプライド観させていただきましたよ！サンテレビさん、どうもありがとうございます🙏,16,mint ami*,0
193,関西のTV報道は良心的ですね。関東ではこんな報道まず無いです😓,46,y m,1
193-1,キー局は報道統制されている電通やCMのスポンサーが殆ど製薬会社系な為です‼️でも昔から統制されていた事にコロナ報道によって気が付く事が出来ましただから特に大好きだったワイドショーは全く見なくなりましTVはドラマ位ですね,7,【asukotaTV】公式
194,藤岡アナウンサー、よく言った！その言動は必ず、副反応や有害事象で苦しんで方々の心の支えになります！,7,Kuma T,0
195,コロナ感染後遺症は沢山あるね!しかしコロナワクチン接種して副作用も沢山あるよ!接種後2日間全身の激痛、そして寒気が1ヶ月!鼻血固まらりはなずまり。、次は心臓不都合、４回目は死にたくないから拒否だな😰,18,鉾マックス,0
196,コロナ関連の報道ではじめてまともな意見を聞きました｡ありがとうございます｡,9,Eri S,0
197,私は3回目摂取から1ヶ月が経過しましたが、まだ頭痛と倦怠感が続いてますそれを言うと、周りからは花粉症のせいじゃないかとか、低気圧のせいじゃないかとか言われますそれらの影響がゼロとは言えんけど、ワクチン翌日から、ずーーーーっと、一度も痛みがおさまらずにいるのよ。薬が効いてるときは痛みはだいぶ収まってはいるけど、それでも無痛にはならない。1、2回目は、3日めには復調してたんですけどね。,3,秋山,0
198,主要メディアに対しての製薬会社関連からの圧力を感じてなりません。言えないんでしょうね．．．数日前に東京のあるテレビ局の記者さんとお話しする機会がありました。局の人でも未接種の方はいるそうですが、接種に対するマイナスイメージの報道は現状ご法度のようです。ハッキリと言っていました。,55,Erai,1
198-1,製薬会社と国際金融資本の不審な関係を白日の下に晒すしかないでしょう。今は、国際金融資本が本家と分家で、さらには分家同士でも対立しているので、弱体化の兆しが見えてきています。そうなれば、製薬会社も圧力をかけづらくなっていきます。,9,rosafoetida14
199,クラルクラツトさん、あなたの考えに賛同します。何事も不審なことは先ずよく調べて確かめてからと心掛けることが必要ですね。枠のことなども早くから疑問な要素が満載でしたのにこんなに沢山の人達が安易に打ってしまうとは驚きです。重ねて何回も疑問に思わずに打つのでしょうか？医者にも治せない副作用があるのにです。命にも拘わる懸念も有ります。,1,やまもも,0
200,サンテレビは関西の希望‼️,12,ガサネカサネ,0
201,ワクチン摂取と引き替えに摂取前の生活・・この局のニュースは良いですね！本当に知りたい事が知れた。他の局では無理💢,3,孝,0
202,サンテレビさん真実の報道をありがとうございます✨久しぶりに正義あるメディアの報道に感動してます✨,3,T SEINO,0
203,アナウンサーの勇気あるご発言に感動しました。🇺🇸言いなり偏向報道の大手メディアも見習ってほしいです。,3,ようかんあんこ,0
204,サンテレビさん応援します‼️ありがとうございます👏,51,ぴんぽん,0
205,すごい、素晴しい、鳥肌が立つほど感動した!,3,T Shirakawa,0
206,素晴らしい報道です！全報道番組がこうあるべきです！接種後、これだけの死亡数、後遺症が出ているのに因果関係なしと判断する機関とは一体どんな集団でしょうか？日本民族絶滅を望んでいるのでしょうか？もはや、日本政府は日本人の為に機能出来ていませんね。国会議員の何％がワクチン接種しているのでしょうか？絶対多くの方々が接種していないか、パフォーマンスで打っている政治家の中身はプラセボでしょうね。,4,Mami,0
207,私昨年コロナ感染になり左神経麻痺になり歩く事が出来ずリハビリ病院でリハビリを受け装具を付け杖で少し歩けるようになり今年1月に家に戻ってきましたが現在も週4回リハビリに行っており介護度も4級になってしまいました。,2,小川紀子,0
208,素晴らしい報道ですね。,6,安井翔太,0
209,これこそが正しい報道というもの全てのメディアはサンテレビを見習うべき国民は気づき始めていますよ,3,つばくろう,0
210,報道に感謝！！,32,馬場美世,0
211,打ったことが原因と判断されたものはないとの大臣の発言ですが、逆に打ったことが原因でないと判断されたものもほとんどないので、打ったことが原因かもしれないという認識を持って対応をされるべきだと思われます。一方で、統計からはフラットになるべきところ、打って数日までに死亡が突出していることから死亡との因果関係も統計的に明らかと云えますので、少なくとも因果関係があるという可能性があるという姿勢で対応されるべきと思われます。この番組もアナウンサーの方も素晴らしいです。今後も宜しくお願いします。,4,H J,0
212,一生を犠牲にされて、悔しいだろうな。,111,ヒロ君18号,0
213,自分が発言することで収束がおそくなることはない。ご自身の身体をまずは第一に考えてほしい。早く、完治して社会復帰することを願ってます。,17,あきこ,0
214,ワクチン打つ派だけど、さすがに13分後に症状が出てるのに認めないのは酷いなぁこの女性も変に騒いでるアレな人じゃないし、ここまで重い症状の方はちゃんと救済してあげて欲しい,2,なっとう聖闘士,0
215,たいへんありがたい内容でした。さいご感極まりました。世界からみても、特に日本は個々の主張などを潰しかねない「同調圧力」の強い国。他の方と同じでなければいけない感性が、非常に強い。埋もれた苦しい症状の声が、まだ多数あるとも思われます。「あるイジメ被害者」のように見捨ててしまうことなく、弱者にもっと寄り添い、そして、「救う対策を早急に実行」してほしいです。,2,とにろくし,0
216,最後の発言☘️素晴らしいアナウンサーですね👏👏👏👏👏👏,135,クッキーベリー,0
217,最後のキャスターのコメントに感動しました。これぞ報道番組ですね。,5,村田峰子,0
218,この番組の何が凄いって、世界を敵にしても、今苦しんでいる人を今悩んでいる人、今潰されそうな人と寄り添う、戦う報道という名の愛だから。,3,Sabel L,0
219,大手民放、NHKではなぜか報道しない内容,124,zhen M,4
219-1,NHKを信じてる人達が打ってるんだろうなあとは思います…。,2,mingzi
"219-2,だって　""国営""ですよ？国はどちらを推奨してますか？○て○て、どんどん　ですよね。,1,びび"
219-3,なぜか？？疑問に思う人もいるんだね、、、,5,安部心臓
219-4,NHKにとっては、これは国民に知られたくない情報なのに Youtubeで報道されて、「ワレェ！何 報道してくれとんじゃぁあああああああ！！」ってなもんだろうね。,31,宮本むさ苦しい
220,自分も８月に２回目のファイザー接種後に味覚異常になり今も治らないです。甘味、塩辛さも分かり難くなりました。,1,太郎,0
221,日本でコロナ関連で身体に障害を出てしまうと…表面的に憐れみを人々は、与えるが…本音は、ウザいで片付けられる現実,2,365日脈打ち直立不動,0
222,伝えてくださってありがとうございました。最後のメッセージ、素晴らしかったです！本当にありがとうございます😭,3,日本が大好き!毛利,0
223,サンテレビさん、素晴らしいです！藤岡さん、これからもがんばってください✨,4,risa iida,0
224,有り難う御座います🙇⤵️最後の言葉に泣きそうです。早く(世界的なイベントなので、どうかとは思いますが……)因果関係を認めて、製薬会社から！！(国、皆が納めてる税金ではなく、この💉で儲けた金で！！！)救済されますように！！検査異常なし、を検査を変えて分かるように、異常を見つけるように、そこにお金を注ぎ込んで欲しい、いやすべきです。どちらの方も助かりますように……。,2,hana knights5,0
225,シェディングについても取り上げてほしい。,23,komainusanaun,1
225-1,日本にも苦しんでいる人がいるんですね。,3,シュテファニー【ホリスティックヘルス意識】
226,これからの新しい時代は本物しかのこらないマスメディアの本当の仕事を今後もお願い致しますサンテレビ様登録しました！,3,r GD,0
227,力強い芯の言葉に涙が込み上げてきました。ありがとうございます,2,OGW松月,0
228,チャンネル登録しました🙏サンテレビは日本の他のテレビ局より一つ上の存在として世界から査定を受けるでしょうねこんなものを受けさせられて即激怒するのが普通のあり方なのになんでこんなに呑気なんでしょうね,4,湊,0
229,国は、選挙と利権の事ばかり気にしていないで、国民の権利と命を守るべき！,8,ヒーラーズゴールド,0
230,報道規制されるってまるで北やロシアと変わらないですね。,16,RIPPLE,0
231,打ったら当日は仕事休まなきゃ行けない様なもん良く当たり前の様に打てますね。,48,高木ぷぅ,0
232,全国放送お願いします！うちの親ほんとヒドイんで💦父から打たないと非国民って、かなり罵倒されました。,15,ほしきらきら,2
232-1,親御さん、本心ではイヤイヤ打ってるのでは？0回の人に圧かけてくる人って、「私はこんなに頑張ってるのに！」な可能性あります。,1,Keen Bobson
233,切り抜きから来ました！よく言ってくれました！感動しました！日本も捨てたもんじゃないよぉ(´;ω;｀),10,りすぼん,0
234,関テレの報道ランナーもぜひこの問題を取り上げて欲しい。,1,meijitenno,0
235,今出なくても、10～20年後どうなるか、国は一切責任負わないよ。,4,26番目のM,0
236,分科会と報道機関の責任は重い。,30,荒井まめ,2
236-1,特に分科会が主犯であるのは間違いありません。その会長の尾身茂が、先月末でJCHO理事長を退任しましたが、私には、尾身はJCHO内部のゴタゴタの影響でJCHOを追放されたのでは、と考えられます。また分科会の全メンバーの背後関係を洗い出す必要があります。尾身自体がWHO出身ということも踏まえ、テドロスとの関係、さらに中共との関係は疑うべきところ。,7,rosafoetida14
237,サンテレビは頑張ってますね。追跡調査予定ありなのに９ヶ月経ってもしてないのは驚きです。,5,クリナップクリンミセス,1
237-1,分科会や医師会、製薬会社が妨害しているからです。,0,rosafoetida14
238,いろんなメディアが報道してますが二つはっきりしてるのは、メディアも国も専門家の中でも言ってることがバラバラということ(なのでどうしたらいいか混乱します)。厚労省は因果関係を絶対に認めてくれないこと。,11,ゆう株,0
239,素晴らしいニュースですね！感動しました‼️まだまだメディア関係の方にもしっかりした方がいらっしゃるんですね。。これからも頑張ってください！応援しております❣️,3,Fujiko Kobayashi,1
239-1,応援するなら金送れ‼️,0,socialmovementer
240,2つの後遺症についても調べて欲しいのですが！ｼｪﾃﾞｨﾝｸﾞもあると感じるのですが…この様な事も調べて欲しいです,11,obatarian sanuki,0
241,正しい情報を発信するのはとてもいい事だと思う。こういったSNSを見てワクチン嫌だと思うならそれでいいし、色んな情報を得た上で打つと決めたならそれもいい。化学物質を作る仕事をしてる身からはちょっと複雑だけど。,6,Luna M,0
242,普通はこれだけ被害があるとストップになるはず,11,kao kao,0
243,サンテレビジョンさん素晴らしい✨心に響きました。ありがとうございます😊,3,Panda Yuka,0
244,最後の数十秒はこの男性アナウンサーの気迫に押された訴えたい気持ちが痛いほど伝わってくる,1,aa272,0
245,枠珍の副反応・後遺症を取材報道する姿勢が素晴らしい‼️他のメディアも見習えと言いたいが、わざと報道しないのだから、期待するだけ無駄だな。😔,1,夕霧,0
246,動画のアップ、ありがとうございます。在京キー局は広告係に成り下がっているので、探さないと様々事が分からないので、本当にありがたいです。サンテレビ・ＣＢＣ　ガンバレ！,2,dai-oki@syn,0
247,私はたまたまコロナで後遺症が残ってその後にワクチンで症状が回復したタイプだったけど逆の人も居るのも事実コロナの後遺症もワクチンの後遺症もどっちもどっちって事だが…長い時間は掛かるだろうけどきちんとした発生率の調査を進めて欲しい,1,07 Kooya,0
248,ワクチンしないで良かった。在米ですが、私の周りはワクチンやってない人が多い！分かるワクチンやってコロナになった人が多い！,10,Samurai Sakura,2

249,ワクチン接種については、自己責任です。これははじめから言われていた事です。この女は、それを分かっていて打ったんです。,1,s owl,0
250,体のしびれ、半身のしびれ、起き上がれない。眩暈、吐き気、一時的ですが、このような服反応出た方が、私の周りだけで数人います。,42,ささ,0
251,アメリカで売れ残ったワクワクを日本が買わされている様な気がしてきました。政治的圧力ですね。,67,bluecassette8,7
251-1,アメリカに日本は逆らえませんからね,0,モコ
251-2,@angelheart ですよね,1,bluecassette8
251-3,@matu oke GHQの影響ですかね。,3,bluecassette8
251-4,在庫処分,5,angelheart
252,ワクチン接種後、入院。退院後通院しています。国は、障害を認めてくれないばかりか、病院側は、全く面倒だと言わんばかりに、医師が因果関係を証明することは難しいと、門前払いです。これは証明する事への記載を面倒がる医師、病院側の体制に問題があるとみておりましたが、実際、証明することは、国がほぼ認めていない現状である以上、私の様な症状を抱えている人は、全く救われない。今まで普通に暮らしてきたのに、突然普通の生活が出来なくなってしまった。いつまで続くのか解らないこの現状に向き合う怖さ。。。クラクラする頭の状態で救済制度を調べまくっての現状に屈するしかない。。。諦めの状態で半年以上病院に通い続けています。予防接種により、障害が出た場合の救済制度を国が拒んでいるなんて、詐欺の憲法です。こんな国かと悲しくなっている人達がどれほど居るのか、目の前で見て確認してみて、ものを言ってくれと願うばかりです。,4,lovbenz,0
253,１０年公開できない契約を結んでるんじゃないですか？国がそれを開示すべきではないでしょうか？？,20,Y T,0
254,ワクチンの罠 船瀬俊介知らないことは罪である。知ろうとしないことは、さらに深い罪である。2014年の本ですが、今、読んでも、学べることが、ありました。,84,#14 #24,2
254-1,船瀬先生も真実を伝えて下さってますね。井上正康先生も科学者の立場からの配信、ニコ動で鹿ドクターや長尾先生とか沢山の国内外の医師や科学者が真実の配信して下さってます。言論統制言論弾圧されている今、真実のコメントが消されずに沢山の方の目に留まり、1人でも多くの方が真実の情報に辿りついて命を守れますように😭,14,coco
254-2,貴方はラッキーな人でしたね、船瀬さんの本に巡り会えたのですから。お医者さんで言えば内海聡医師が有名ですね。医師会からの嫌われ者ですが。言って見えることは正しいと思います。,12,momiji akiha
255,臨床試験継続中ということは、・・・あっても不思議ではない。,3,cyanmi kanda,0
256,１回目接種後、次の日から息苦しさありました。何日もずっと続きました。２回目を緊張しながら保健師さん、医師と話しました。冷や汗かいて、受けれないなと思ったら案の定、受けないほうがいいと。アレルギー持ちです。,5,里子 佐々木,0
257,でも…今やっと報道していいよって上のさらに上から言われただけで、ダメって時に報道してたらもっとよかったんですけどね…,3,ミコ&こはる,0
258,藤岡アナウンサーの勇気に拍手👏☺️魂こもってますね～😃💗✨,7,私のひかり,0
259,私も2日高熱、今は頭痛と夜微熱がモデルナワクチンしてから2週間続いてます。糖尿病なのですが異常数値の365となり副反応怖いですよね4回目は、打ちません,8,臼木妙子,0
260,私の友達が３回目ワクチン接種ですごい体調悪くなりそれが吐き気や毎日目まい頭の痛みだるさ下痢握力低下たくさん病院にかかっても病院の対応が悪く悩んでます、咳も増えた事もこのYou Tubeの方と同じ感じです,7,いまさずかじゆり,1

261,サンテレビさんありがとうございます。そして最後の藤岡アナの言葉がカッコいい！！,6,m e,0
262,こういうケースがある事を、主要なメディアは報じませんよね。何かしらの意図を感じます…政府関係者の皆様、あなたが、またはお近くにいらっしゃる大切な方がこんな症状になったらどう感じられますか？ご自身の事としてお考え下さい。レアケースだとしても、現実として苦しんでいる方がいるんですよ？もっと声を大にして訴えるべきではないでしょうか？,6,TKDこうへい,0
263,素晴らしいです。ありがとうございます。,2,佐藤美和子,0
264,こういうのを地上波の全国放送しないのがおかしい,2,ストーンアクティブ,0
265,何故国産ワクチン開発にお金を出さないの?ファイザーモデルナにお金を契約したから?ちゃんと悪い事も報告しなさい。デタラメなデータは　より大きな誤ちになりますね。,10,リドレイ,0
266,4回目って簡単に言ってるけど本当に大丈夫か。,4,直角さん,0
267,逃げずに戦う人はかっこいいね。,6,Sしばのすけ,0
268,自民党、心は痛まないか…全て知っているはずなのに…ファイザーとの契約内容は余りにもひどいよ。もう全員辞職してほしい。それとも裁判にするか…,6,ふみ,0
269,サンテレビすげー！❤️応援します！✨,5,赤い鳥小鳥,0
270,個人的にふつーに病と戦って得た免疫と後遺症の方が納得いく、人工物の連発打ちで壊されたら人災だわ,24,ランたん,0
271,ワクチンまあでもこれ悪いのは国じゃない。あくまで任意なのに打った奴だ。そのせいで周りも追い込まれて打ちたくないのに打った奴がいるとおもう。俺もボロカスに言われたけどたとえば子供に打つのかと必死に訴え続けたら周りには理解してもらえたよ,28,やらないか?ウホ!いい男,0
272,日本は８億回分以上を確保しているとのこと。政府は日本の人口って何人か分かってないのかな？,5,ーべ,0
273,Twitterで知りました。本当に素晴らしい事だと思います。TVのニュースはバイアスかかり過ぎて、もう二度と観ることも無いと思っていました。Twitterで知り、サンテレビさんの心意気、そして特に一社員であるアナウンサーとしての発言、さぞ勇気がいったと思いますが、後世に残る勇気と正義感だと思います。応援してます。チャンネル登録させて頂きます！,4,しらやまけいこ,0
274,そろそろ治験レポート発表して欲しい,1,海の男気,0
275,日本で ワク〇 の中身を調べないといけないのでは？ ( 勿論やってますよね？ 治験中なので 副作用の調査も やってますよね？ )  結果が出るまでストップした方が良いんじゃないですか？,5,奈良ぷー,0
276,アナフィラキシーがあれば接種をしないという選択もあったと思います。あとの祭りですが残念です。,6,マーチ,0
277,いいね最後の発言の締め✨💕涙が溢れました🥲良かったですありがとうございます😭✨ありがとうございました😊👍✨,3,mutu,0
278,自然感染で いいんじゃないのかワク後遺症が こんなに大変なのにワクチンじゃないといけないのか本当に 疑問です,4,にゃにゃみ,2
278-1,@rosafoetida14 ありがとうございます私は インフルエンザワクも一度も うったことかなく周りが 打ちなさいと 言ってもスルーしてきましたちょっと 天の邪鬼な性格なので…,0,にゃにゃみ
279,現在のステルスなんちゃら株での重症化リスクと後遺症の実態は未だ検討すらされていないのでしょうか？,1,t s,0
280,サンテレビ頑張れ、藤岡アナ頑張れ。支持します,9,Sigemi Iwamoto,0
281,藤岡キャスター、おそらく居ても立っても居られない想いでの発言でしょうが本来当たり前の事ですよね、他の大手メディアが本来の役目を資本主義の利益の為に果たさないでいます、恥を知れと言いたいですよね。,3,vario roof,0
282,サンテレビさん、ありがとう。,4,KONOHA roy,0
283,いや、初期の頃から認知してたんで未摂取です。,7,中野家次女,0
284,サンテレビニュース、がんばれ！！！！！！！！！大手メディアは見習え‼,5,ハルミちゃんの気まぐれYouTubeおば婆,0
285,メディアの鏡です。ありがとうございます。,22,MM TT,0
286,サンテレビさん❗️ありがとうございます✨,9,みさこちゃん,0
287,CBC、そしてサンテレビ。少しずつ報道側も気づいてきたのではないでしょうか。,7,高佳,0
288,厚労省の隠蔽体質にはがっかり。逆になにをもって因果関係と認められるのか。その定義を明確にすべき。,0,前田寿司,0
289,サンテレビニュース素晴らしいです🥺✨男性アナウンサーの方も素晴らしい✨🥺,1,ミーコ,0
290,偏りのない報道ありがとうございます🙇‍♀️ワクチン後遺症で苦しんでいる知り合いがおります。主治医にはワクチンの後遺症だと断言はできない、でも、ワクチン接種後に同じ症状の方を何人も診てきたと言われたそうです。後遺症に苦しんでいる方は若い方ですが、社会復帰のめどがたっておらず、ご家族も大変苦しんでおられます。薬害のなにものでもないです。。,15,あわゆゆ,0
291,東日本在住の僕にとっては、かなり新鮮な内容のニュースでした。僕はワクチンに対して正直言って、打っても打たなくてもどちらでもいいと思います。ただ、事実から目を背けた報道や偏った報道をする在京キー局はいかがなものかと思います。基本的に、東日本のメディアは在京キー局に忠実？なところが多く、今回のような現実から目を背けるような報道をしていることがあります。ワクチン接種率の増加により新規感染者が減少したのは周知の事実ではありますが、その後のアフターケアに関してはもっと国が目を向けるべきだと思います。西日本のメディアは市民に寄り添った報道も多く、情報の真偽を確認する上では、かなり好印象です。,43,たく,2
291-1,打っても打たなくてもどちらでも結構ですが、自費で打って下さいませ。あと後遺症で国を訴えるのも止めて欲しいですね。,0,mingzi
291-2,打っても打たなくてもどっちでもいいという態度はクソ。どっちがマシかで常に判断しないと早死するで。,3,matu oke
292,政府のことを信用するとこの様な被害者が出てくる。世の中の情報は疑っていかないとならない。,0,ヒムロック,0
293,もう少しちゃんと評価してほしいけどね。「後遺症」名目の外来なども開設され始めてるけど、誰かが儲けられる新たな口実を作ってるようにも見えなくはない。これまであった症状を単純に言い換えてるだけの可能性もある。,1,Hiro,0
294,奇跡✨素晴らしい、としかいいようがないほど、サンテレビさん以外は絶望的です,21,st 34345,4
294-1,@Keen Bobson そうなんです。大石アナのCBCさんもABCさんもでした🤦‍♀️教えていただきありがとうございます🙇‍♀️,0,st 34345
294-2,@相馬翔平 そうでした！前から報道してくれてましたね。大石アナ、大事な番組を忘れてました。教えていただきありがとうございます。,1,st 34345
294-3,ABCもこないだいいの出してたよ！,3,Keen Bobson
294-4,CBCニュース！,6,相馬翔平
295,テレビ局で一番に動くべきはNHK！民放は、スポンサーの関係があるので自由に報道できないと思う。だから、ほとんどの民放はあまりにひどいと思うが、それでも多少、仕方がない部分がある。　一方、NHKは国民から強制的に受信料を徴収しているのでスポンサーへの配慮の心配はない。それなのにNHKは、コロだけでなく、様々な面で公平・公正な報道をしていない。NHKの影響力は絶大だ。NHKは大変革をすべきだと思う。できなければ、国民は政治に働きかけて、NHKを変えていかなければいけない。,3,鈴木利夫,0
296,サンテレビジョンさん、ありがとうございます！男性アナウンサー、ありがとうございます！,2,303 Hachimantai,0
297,サンテレビさん、ありがとうございます。応援しています。地方局から今の偏向報道を変えて行ってほしいです。,0,yukinowata,0
298,藤岡アナの最後のメッセージ感動であります,6,長谷川聡,0
299,サンテレビすごい。,4,はねまん,0
300,もうサンテレビしか観ません！ありがとうございます！,2,帝之takayuki,0
301,アメリカでも流してほしいですね。アメリカのCMはドクターが打つべきだと言っていたり打つことそれが正しいとメディアでは伝えていたり、何も信用できません。政府は何かを隠しているとしか思いませんねお金お金で人間なんてどうでもいいのでしょうか。自分の子にも打たせるつもりもありません。旦那家族は打てと未だに言い続けますが負けません。という気持ちです私は。,5,Moepii,0
302,ありがとうございました😊,3,なりとし,0
303,打った人が感染すると後遺症になりやすいんちゃうん？,5,AquaOOOaupA,0
304,今更報道しても信頼なんて取り戻せない,2,吉岡慧,0
305,素晴らしい✨感謝✨,3,春,0
306,すばらいメディアです！ありがとうございます😊,8,にゃろめ,0
307,ダディの学び舎というチャンネルから飛んできた。いや良い報道だわ。反ワクの俺も勇気をもらえます。そして政府！役人！努力義務で奨めながら健康被害には無視って犯罪的だからな！！俺は保守寄りのおっさんだが、今の与党には失望した…一方、川田龍平くんなんか誠実に伝えてくれて偉いと思う。,3,焼き鳥B,0
308,因果関係もクソもない、打っておかしくなったなら原因以外の何者でもない、補償金逃れにしか見えないクソ対応,14,思うんだけど,0
309,打ったら負けとはいわないが、調べてから決めてほしい,3,バナナパンダパパ。みんなとわいわい系YouTuber,0
310,死者だって報告していない医療機関たくさんあります,10,test test test,0
311,サンテレビニュースはメディアの鑑ですね。偏向報道だらけのメディアの中でも極めて希少な日本の良心だと思います。,0,tk 3936,0
312,いいね100万回押したい。ほんと大手メディアは今だけ金だけ自分だけの刹那主義に侵されている。情けない。,5,koala,0
313,まさに今味覚嗅覚が分からずでこどものオムツ替えは鼻がいつも効いて交換していたのが大きい方をしていても気付かずで焦りました…治るのか心配です。,0,たろす,0
314,本当に貴重な報道有り難うございます🎵全国有志医師の会のHPで後遺症を見て頂ける病院が乗ってますので是非見て欲しいですね,2,【asukotaTV】公式,0
315,ありがとうございますm(__)m,2,dixdix1010dix,0
316,打つまでわからんのに、メリット、デメリットを考えるもなにもないよな。打って後遺症になる確率が低いとか言うけど、後遺症が残ったらその人にとっては100%だ。,1,zelfeed,0
317,最後のコメント素晴らしいです!,4,どんなときもがんばるんだ,0
318,CBC大石報道では、細胞が熱を出し、隣の細胞を熱で攻撃。熱を下げるしか方法ないみたいです。,0,今日の、ひとっ飛び！,0
319,感染しないなら何一つメリットは無いように思うけど。,2,バイトなんで,0
320,素晴らしい報道をありがとうございます。最後、アナウンサーさんの言葉が胸に刺さりました。ヘタレの神戸新聞よ、聞いたか？,1,山本しょうじ,0
321,たまたまお見かけした内容ですが私も１回目、２回目接種以降何だか変だなぁと感じ接種した側と体の痛みや違和感はずっとあり疲労感もあります。私だけじゃなかったんだぁと。専門職だけど３回目は怖くて接種出来ずにいます。,5,ドナルド最強の神TM,0
322,サンテレビさんちゃんと、伝えてくれてありがとう。家もちくわ騒動で家庭崩壊しましたせいじ○、テレビは責任を取ってほしいよね。,11,わんここねこ,2
322-1,同調圧力してる人も。,1,さゆ
323,マロ様と言えば、登坂純一さんもいますね地方系のニュース番組では枠否定もされることがありますね全国ＴＶでもしてくれることを切に願いますツイッターで拡散させて頂きますね,4,Yuunan,0
324,よく言って下さいました‼️サンテレビさんと藤岡アナの勇気に感謝します😄🙏✨全国ネットの局でも伝えて欲しいですが、大人の事情で出来ないのでしょうね💦在庫処分で接種を薦めている政府にはうんざりです😰皆さん、自分の身体は自分で守りましょう‼️良く調べれば、良し悪しが分かるはずです🔍,3,ミリキ,0
325,アナウンサーさん素晴らしい(TOT),2,ゆずソーダ水,0
326,サンテレビ🌞応援してるで！,3,かえるさん,0
327,コロナワクチン接種して無い方が健康的に暮らせる私は一度も接種して無いから健康的です。,5,GROMライダー,1
327-1,打ってないから元気です消毒しない、マスクしない、ワクチンしない…するのは手洗いとうがいのみ😁皆が気付けば終わるんです,0,バブマープル
328,素晴らしい報道です❗（👍）💨,4,大谷正明,0
329,コロナ煽りはもう後遺症のみしかない、しかも微妙。,18,本 日,0
330,「則武　福田　ニコニコ動画」オススメです。現役医師が責任持って発信されています。,1,humuhumu nukunuku,0
331,ワクワクのせいでなくなった人はいない？それは信じられない｡それならば最初から、ワクワクしない方が良い。,2,柿沼高江,0
332,エビデンスってさ何年も何年も検証してでるのさ、国が打てっていうからって強制じゃないんだからよく考えることがまだできるんだよ。日本はね。少し調べてらワクの開発した会社の社長が打ってないのがわかるのになんで打つかな🤔,2,MAH,0
333,素晴らしいテレビ。,4,はるかわおわお,0
334,まろアナの最後の言葉、響きました。,2,さわやかな空,0
335,藤岡さんありがとうございます☆,4,sikemokun,0
336,いずれも血栓症状と炎症による後遺症。納豆で血栓を溶かし、牡蠣などで亜鉛を補充かな🤔,5,ビー太郎,0
337,今まさにワクチン後遺症で苦しんでいます。改善傾向ですが。モデルナは本当にやめたほうがいい!アレルギー持ちの人は本当に注意したほうがいい!,1,jimtaro junker,1
337-1,どこのワクも同じ,1,バブマープル
338,サンテレビ応援します！登録しました,3,あみ,0
339,この動画に関しては素晴らしいの一言なのですが、貼り付けてある厚生労働省のページの安全性についての動画を拝見すると「後遺症は数日で治る」と明言しております。不信感しかないです。,0,K,0
340,最初から死亡しても保障する気なかったんやな,5,m h,0
341,打たない方がよいとは言わないアナウンサーたち,25,トワイライトゾーン,0
342,He is the real man,2,Yuka,0
343,動物実験で失敗した意味は!これから変異体が起きる!自分自身の身体観察して下さい（笑）,2,川平健之,0
344,素晴らしい!ありがとうダディさんからみました✨,3,渡邉裕子,0
345,ワクチン打ってから胸が痛い,12,かな,3
345-1,@YU KI ですよね,0,かな
345-2,私も三日前、三回目を打ちましたが、胸のあたりが痛いです,0,YU KI
346,順天堂の先生が面白いこと言ってた。「メリットとデメリットを考え　メリットの方が上回る場合は打つべき」何がメリット？何がデメリット？誰が、副反応・後遺症を予想してる？同調圧力・ニュース・政府広告等の降り注がれる情報はメリットしかうたっていません。率先して接種している人は、調べれば情報があふれているのに自分では調べません。この先生もどちらかというと、メリット協調的な話し方。,15,わたなべもりお,2
346-1,注射で体壊した人にはデメリットしかないのにね,3,matu oke
347,いまだに新567の存在証明がどの国の研究機関も一切されてないわけだけどそんなことあるかね？,38,Cat Pomu,0
348,打ってみなければメリットあるのかどうなのか？わからない様なものを打ってはいけないですね。今回は打て打てキャンペーンなので、何も考えず打った人が多かった事でしょうけど。これからどんどん真実が目に入る様になる事でしょう。とにかく、信じられるのは自分の免疫ですから。どう免疫を正常に働かせられるのか？一人一人が勉強する事が第一ですね。,3,にゃろめ,0
349,もう３回目にもなるのにいままで知られていなかったの？（笑）うつことはすすめる　都合の悪いことは隠そうとする　調査する気がないからね～　もう時間の問題です,3,ぺんぺん,0
350,ワクチン打ってから動悸、脈が飛ぶ,3,norizuki captain,0
351,ありがとう！　アナウンサーの鑑ですね👍👍,3,美恵子 伊藤,0
352,コロナ後遺症は調査すらせずに認定されてるの草,1,安部心臓,0
353,罹患で治ったなら良かったじゃない。枠の人は一生治らない。,6,angel presents,0
354,やるやんサンテレビ！,12,blind riot,0
355,サンテレビ、いいね❗,4,kazuya,0
356,味覚と嗅覚がここまで悪くなるって事は脳に何か変化を与えたのか？,0,いちさん,0
357,ありがとうございます,2,W.T,0
358,アナフィラキシー歴や喘息があったのなら、ワクチン接種は、慎重にした方が良かったのかもしれません。私もアレルギーが多くあり、アナフィラキシーなどの不安もたくさんあり何ヶ月も調べたり周りにアレルギー持ちの人に聞いたりなどしましたし問診の時先生にたくさん質問して大丈夫だと先生から言ってもらい安心して打ちました。調べたりしたので周りの人より遅く10月の終わりに打ちました。コロナ後遺症やワクチン後遺症がどんなに大変か苦しいかもっといろんな人に知らせるべきだし、だからと言って一部だけ切り抜いてワクチンが危険だと発信するのは違うと思うし、それを見て打つ打たないを決めるのは自分自身だと思う。,2,みえりん,2
358-1,いえ、慎重になろうが同じです。多くの健康な人も被害を受けてます。,3,ume
359,神回❣️,4,nanaorihara,0
360,音声が聞き取れなくなっています。何か不都合があるのでしょうね!,2,ミッチー,0
361,本物のメディアがここにあった,5,brachio,0
362,後遺症の報道きっちりやるのって、なぜかローカル局だね...？国からの 圧力が無いんだろうか？それとも権力に食いつく人が居ないからなのだろうか？,1,a y,0
363,障害年金だって因果関係を1例でも認めたらヤバいって思ってるだろうから難しいだろうな😅打たせるだけ打たせて後は知らんぷりって新手の健康サプリと同じだよ,1,t,0
364,東京のキー局が1番に報道しないといけないのに全くしない。ある意味があるのか報道として,1,ヒロクン,0
365,さすがおっサンテレビさん❤　みんなで真実を追求しましょーー☆,1,おにチン,0
366,賠償金の問題になりますからね。。。,1,Kimpei U,0
367,CBCテレビも、副反応の報道をしております。,2,ライオンSAN,1

368,政府「コロナで苦しむかワクチンで苦しむかどちらかを選んでくださいね」,2,ふゆづき,1
368-1,被害者『てめえらの血は　なに色だーっ!!』,3,rosafoetida14
369,でも、接種は進めるよね～(笑)4回目5回目続くよね～(笑)こういう報道こそ単なるガス抜きですよ。みなさん騙されてますから、早く気付きましょうね(笑),4,吟遊詩人,0
370,ワクなんて打たなきゃいいだけの話。,4,bambi0118,0
371,ここまで顕著ではないけど3回目接種してからあらゆることが調子悪い。体調も良くないし頭が働かない、集中出来ない、すぐイライラする。,10,こーの,0
372,地元の局もサンTVさんみたいな姿勢だったら良かったのになあ何も考えるなとりあえず打て打てですわ・・・,1,sakutto ringo,0
373,すごい！よく言った！,3,msht,0
374,病歴があったのに何故接種する判断をしたのかを掘り下げてないけど何故？,0,Silvergrass,0
375,子宮頸がんワクチンの時の「名古屋スタディ」って前例があってだな。,0,kou,0
376,うちの会社、去年からワクチン接種奨励してるが１人も打ってない。そもそも注射嫌いだから打たないよーだ👅,1,Megumi Hayase,0
377,P社の開示データ調べてみてね1300近くも後遺症ある😑,6,サンオリエ,0
378,日本のお偉いさんは、言うだけ口だけ他人事,3,ひつま節,0
379,絶対打ちたくねー自分18だけど、まだ1回も受けてないでー,92,DI CE,4
379-1,えらい消毒しないマスクしないワクチンしないするのは手洗いとうがいのみ😁おばさんより,2,バブマープル
379-2,素晴らしい！未来ある若者よ！このまま頑張れ！👍,10,coco
379-3,自己判断ですから👏👏バランスの良い食事と手洗い等の対策で十分だと思います！,13,けい
379-4,素晴らしい👏👏👏👏👏,21,ゆうちゃん
380,ワイも副反応で頭痛ずっと続いた,6,こむ,0
381,でもこの歩行困難ぽい女性は普通にコロナに罹っていたらもしかしたら死んでいたかもしれないのかな。少量のコロナでこうなってしまったならきっと重症化していたんじゃないかと勝手ながら思ってしまいます。でもワクチンという言葉がきっとあの時の自分へ後ろめたさが出るのかな。,3,PenChan,0
382,👏👏👏👏👏👏👏👏👏,0,NK-Tako,0
383,かっこいい、、、。,3,# kiyo,0
384,Zinc,  potassium, Vitamin C, Vitamin D,2,Mari Kleinen,0
385,１回目打った時熱が39度近くまで上がったからこれから絶対打たないって決めた。,3,コロロ コロロ,0
386,これぞマスメディア👏🏻👏🏻東京はダメですわ。政府の広報局。JKの娘でさえ、どのテレビも同じで気持ち悪いと。テレビ世代の私でさえ、もう、気分悪く見ません。エンタメだけ、やってればよい。井上先生や宮沢先生の取材もお願い致します。ありがとうございます。これからも、鋭い報道期待してます。,7,みたらし団子,0
387,実態を掴むとややこしくなるから、面倒になるから、やりません。岸田政権、自民党政権、素晴らしい地方ニュースがあったとしても、国が動かなければ、意味がありません。国を動かせるのは、国民一人一人なのを忘れてしまってませんか？？国を動かす、議員を動かす、それは、選挙に行き、たかが一票を入れに行くこと。訴えるのも必要だが、国民として最低限の行動だけはしないと、国はいっさい、動かない、動こうとしないよ。,3,森純太,0
388,0:17　ここおもろくて笑ってしまったわ,1,s y,0
389,モデルナは、ファイザーより濃度高いと聞いています。,1,KI715,0
390,藤岡アナ、ありがとう！伊藤准教授はもうちょっと勉強して欲しい。内海先生見習って‼️,2,彩空美(ｻﾗﾐ),0
391,辛いですね…自分の周りには、アレルギー体質の私含め、接種後後遺症がある人はいないんですが、この違いは何なのだろう…今妊娠中なのですが、妊娠中でもワクチン打ってる人もいて、感染者数も減らないしで迷ってしまいますが、まだ解明されていない事が多くてやはりこわい、、,3,な,2

392,ワクチン打たなくて正解だった(笑),0,abc,0
393,サンテレ凄い！テレ東解約しました！,0,ya yaの国造りCH,0
394,せめて、打つ前に厚労省のページくらい閲覧しておけば,5,amazing thailand,0
395,*_11:51_**_だいたいの人が テレビ見てる 時間に 全チャンネルで 流そうぜ？１ヶ月くらい ( ˇωˇ )_*,3,優月のあ,0
396,国「因果関係無し！！」,4,Ryoman,1
396-1,神『認めさせる!!』,0,rosafoetida14
397,アレルギーあるなら雑種したらあかんよ！,4,眞子,0
398,火事が起きたときの恐怖感火事なんてほとんど起きんと思うてるけど,3,相馬翔平,0
399,厚労省はひとでなし,7,ガォー,0
400,かわいい子羊の如く従順に接種した国民県民市民は淘汰されるだろう。そして私のように一回も接種しない非国民はイベ○を飲み生き残るのだろう。,6,マグナＢSＰの原発がヤヴァイ,1

401,いつになったら人がばったばった倒れるのですか？数年前のあの演技映像で日本中をだまくらかした。,35,ねこぱんち,1
401-1,何もしなけりゃ40万人がー！って言ってたな、ちょうど二年前の北大西浦。,2,Keen Bobson
402,素晴らしい素晴らしい素晴らしい目覚めよ　日本人,3,SONOKO U チャンネル,0
403,助けてくださいと言う前に、メディアに依存しきってた自分の非も認める事です。被害者意識のままでは原因から正すまでには至りません。自覚ができれば周りがちゃんと見渡せる様になり助けてくれる人達とも関われる様になるハズです。,4,岡本信行,0
404,安心安全と言ったのは誰でしたっけね。,1,大日本人,0
405,精神障害者の人権尊重を滋賀県立精神医療センターの柴崎守和医師は、最低の医療してます。妻の為にも助けてやりたいです。先日、デイケアから施設の間で抜けがけで、池に戯れるカモ見せてやりました。何で私だけ夫と会って好きな事出来ないの?カモは自由なのに!泣いてました!何とか医師をクビにして病院を変えて欲しいです。6年間も隔離状態です異常です。人権侵害極まりない!,2,高田富夫,1
405-1,刑事告訴も本気で考えてみては？,1,rosafoetida14
406,アナウンサーいいぞ！！！,5,ピ,0
407,みんなワクチン打ては違うと思う,0,shi yu,0
408,30歳女性って、画面で見ると90歳以上の老齢被看護者にみえる。,2,アンドウフミヒコ,0
409,サンテレビGJ👍👍👍,3,aurora,0
410,👍なニュース,3,Googleppy,0
411,打たなくてよかった。,5,YS,0
412,サンテレビやるなぁ,22,Taka,0
413,又私もコロナの後遺症のして病院に相談しましたがしょうが無いですねと言われ他にも沢山いるので皆さんの声を大臣に届ける様にして下さいと又相談窓口でわ無も出来ないのでと｡,1,小川紀子,0
414,可哀想に。,0,マッコールさん,0
415,製薬会社の雇われ工作員が、火消しにやってるんじゃない⁉💀,1,英明,0
416,10歳の子を持つ母子家庭の母です、子供が、2回目の接種を受けてから10日が過ぎました。微熱37.5℃が接種後からまだ続いて、頭痛も治らず、カロナールも効きません。始業式は辛くても出席させてそれからは学校に行けてません。私も仕事にも行けてません。熱と頭痛だけじゃ救済金の申請はできません。受けなきゃよかったと後悔。10歳以下の子供の接種はおすすめ出来ません。息子のようになるかもです。私は生活がかなり苦しいです。,0,タケポン,1
416-1,何てひどい···。,0,rosafoetida14
417,打っちゃダメなんだよ！,7,わたわた,0
418,国も何も保証もしない。自己責任でって言ってるのに同調圧力に負けて打つのがそもそも間違い。自業自得だよ。,1,Xの会,0
419,役人は他人事だから、どうでもいいのだろう。,11,ヒロ君18号,1

420,製薬会社に都合の悪い行動をすると消されるかも,1,_,1
420-1,その製薬会社を刑事告訴することも本気で考えるべきでは？,0,rosafoetida14
421,国は一切保証しませんよ。,4,医療系サラリーマッチョのり,0
422,アッパレ　サンテレビ！,3,shigeru tanaka,0
423,もうオミクロンでないと意味ない,0,こいこいみやび,0
424,因果関係なんか認めるわけないよ。打つのなんか自己責任だよ。死んでもかまいませ～ん、体がおかしくなってもかまいませ～んって打つんでしょ？仕方ないよね、自己責任だもの。,5,魘夢に爆血中,0
425,もう手遅れだよ笑。今更報道してもうったなら覚悟するしかないだろ笑。二回目接種者が一億だから。接種して半年だから。そろそろ来る笑。副反応出たのはほぼアウトだろう笑👍,4,なかとみひとし,0
426,コビナビに取材してください。,0,tom kam,0
427,局の判断で放送できるわけがないだろ。もうころな終わりなんだと思う。多くの人が2023年から元に戻るといってた。1年かそれ以上前から。グローバルエリートだか知らんがこの国を牛耳ってるやつら。みんなざいにちちょうせんじんだろ,1,TWO LastOrgy-,0
428,4月15日のSAGAWAチャンネルでサンテレビニュースが話題に！,1,Miki Haru,1

429,拝見しました。,0,GREEN-TIMES,0
430,火事は臭いで気付くものか？,0,ボンネタロウ,0
431,やっぱりか…　俺もだ。,0,中村主水,0
432,打ちたいけどめんどくさくてまだ打ってない早く打たなきゃ,2,あいうえおかきくけこ,2
432-1,『打つな！』というのが第一。同調圧力に負けてはなりません!!,2,rosafoetida14
432-2,打たなくても大丈夫です,3,chi-co
433,ワクチンをしないで重症化するか、ワクチンで後遺症になるか、、、。ワクチンしなくても、コロナにならない人もいるし、ワクチンは本当に効果はあるのか？どうしたら良いものか。,1,きじとらみけ,0
434,こういうの含めて政府は3回目を進めているのだろうか？,2,タカ,1

435,ほらほら。何で打ったのよ。自己責任,7,Rin Rin,0
436,0:56　そこ？熱は感じるやろ,1,s y,0
437,副反応付きのワクワクキャンペーンとか笑かすよな。どんだけワクチン余ってんねん（笑）,5,梶翔馬,0
438,あれ？デマ担当大臣の言ってる事と違うぞ？,8,栄二,0
439,結局どっちのほうがいいんやろ,0,谷林和四,0
440,怖いですね。明日は我が身ですね,1,横山祐作,0
441,因果関係が認められた数が0ならええやん全体の何%なのそれって？,0,あいうえおかきくけこ,0
442,3サル政策　見ざる聞かざる言わざる,1,ぺんぺん,0
443,キー局はふんぞり返っている,20,強権強弁政治粉砕党党首,1
443-1,在阪準キー局でさえ、在京キー局の態度を批判しているくらいです。,1,rosafoetida14
444,気のせいで済ませるなら、医者はいらない。私腹を肥やすだけ、保身に走るだけの政治家もいらない。圧力に負けて、偏った情報しか流さないメディアもいらない。みんなが知りたいのは、真実だけ。みんなが望むのは、日々の暮らし、子供を守りたいという思いだけ。,1,ニアノ,0
445,副作用、後遺症で本当に大変だと思う。自分も病気だらけで日常生活に支障がある程、だからこそワクチンは打たない何かあったとき国は因果関係は認めないし何の保証もしてくれない。最初から分かっていることだけにメリットしか言わない国の話は信用してない。だから自分は打たない。そして国は何の保証もしてくれないならば、１人で生活して体が何とか動けれるならば、保証させる為に俺なら生活保護受ける。出さないなら出させる。利用できるものは利用する。そこまで考えて打つべき。鳴かぬなら鳴かせようホトオギス。,1,太田功,0
446,そして、最後はムーンショット,2,while,1

447,昨日は寝てしまいました冒頭にＭＭＯと戦争ＭＭＯの動画ＣＭが流れました,0,Yuunan,0
448,証拠がないんだよなぁ,0,to-fu,0
449,接種を検索して意味を見たほうが良い,0,『』,0
450,絶対打たん,8,passion cool,0
451,作ったメーカー側は何も思わんのやろうかね？自分達の製品ディスられてんのに。正々堂々と弁解して欲しいよな🙄,0,つな,0
452,そもそもマリトッツォって何？,0,あい,2
452-1,@松奈良一 マジかよ！(　ﾟдﾟ)ありがとう,0,あい
452-2,簡単に言うと毒の塊ww,0,松奈良一
453,ワクチンは一度もしない,3,t k,0
454,湧永製薬のキョーレオピン飲みなさい,1,参議院選挙　で　やはた愛に投票する（れいわ新選組）,0
455,針を2cm刺せば良いのに3cm刺したら後遺症リスク高くなる‼️‼️‼️‼️,0,今日も楽しく‼️,0
456,TPPのISD条項,2,真世界秩序,1
456-1,米国はTPPには加盟していないFTAかな？isd条項はもちろん含まれているはずだと思う,0,Eurolivesendungs' straβe
457,公平かと問われると微妙。ワクチン後遺症・コロナ後遺症に悩む方を報道しただけ。ワクチン後遺症の方は検査に時間がかかったことに不満を感じておられるようだが、正確な診断が出ず治療を進めて大変なことになるより慢性疲労症候群で診断がついたことのほうが重要。あと、国から連絡を待つって姿勢がそもそもおかしい。国がワクチンを打った人全員に連絡するのはさすがにナンセンス。ワクチン接種後、数時間で亡くなった事例の因果関係も90歳の人がワクチン接種後数時間後になくなったら寿命なのかわからない。ミスリードさせる今風の報道機関色だな。ちゃんと科学的・統計データ(人数だけでなく、年齢、事象、基地の疾患など)に基づいて報道してほしい。そして、ならばなおのこと感染症5類っておかしいって言うべきでは？,2,Nanashi .I,0
458,FN5988だったりして😅,0,angelheart,0
459,自分の意思でワクチン受けてハズレくじひいただけやん。被害者ぶって大きな声で文句言えてるんだから元気に生きていけるとおもうよ！,1,グーグルグーグル,0
460,打たないことで感染するリスクか、打つことで重篤な後遺症が残るリスクか,0,rainlly,1
460-1,打っても効果低いしすぐ元の値に戻るから感染しないというメリットは少ない,2,たいぽん
461,こういった目に遭いながらも尚、まだ国のせいだ、とか　どうにかしてほしい、だとか助けて、だのと､､､だから言ったでしょう。射ってはダメだって。警鐘を鳴らしていた人が周りに必ず居たはずです。聞く耳がなかったのですか､､､？,0,櫻櫻,2
461-1,ですね、､､､射たざる負えなかったのでしょうね､､､職業的に　立場的に､､､,2,櫻櫻
461-2,同調圧力に負けたか、無理矢理打たされたかのどちらかです。事情次第では、強要の罪が成立しえます。,3,rosafoetida14
462,あ,0,友ちゃん,0
463,別の疾患なのでは？,0,Hiraken888,0
464,生きているだけで感謝しろよ,0,クリぼっち,0
465,自業自得,0,Jun Takeshita,0
466,マッチポンプ臭い報道だなぁ。あの政党がバックにいそうだわw,2,Yuri Ka,0
467,気のせい,0,雨宮広斗,0
468,三回射ったけど…なんもなかった。コロナのワクチンが悪っていうのは間違っている,4,藤田晋一,11
468-1,@あいうえおかきくけこ ワクチン中毒者への支持は低いということ。,7,忍者君
468-2,グッド0のコメに対する返信にグッド66反ワクチン集団の団結力恐ろしいな,2,あいうえおかきくけこ
468-3,今は、何もなくてよかったですね。。ただ、数年後が不安です。何も、無ければよいです。良かったですね。体質もあるんでしようね。,10,うまき
468-4,自分さえ良ければ被害者が出ても良いと。。打ちたきゃ一生打ち続ければ良いけど、被害があることを自分の経験だけ否定するな。,22,忍者君
468-5,プラシーボか記憶力、集中力、判断力が落ちるみたいよだからちゃんとお話はできないかも,6,輪火曜
468-6,心配しなくても一年後二年後と時が経てば答えはでるよ,16,うんちゃん
468-7,体質には個人差があるのです。,29,本多拓也
468-8,そういうスタンスがおかしいって話ですよ。影響出ている人がいる、それを事実だと認めず「間違っている」というのは相手を傷つけていることになる。その姿勢は改めるべきです。,93,M Y
469,俺は全く副作用、後遺症ない。3回打った。,0,波多野憲二郎,3
469-1,@波多野憲二郎 とりあえず気が向いたら血液検査でもして様子見推奨で。打てば打つほど自己免疫は乱れていくんで帯状疱疹や皮膚疾患が現れやすくなる。特に症状が無いなら、三回の内いくつかはプラセボだった可能性もあり,2,名無君
469-2,@名無君 1回目から8ヶ月経ちなにもおきません。副作用、後遺症出る可能性ないと思うんですが素人考えでしょうか？,0,波多野憲二郎
469-3,さて、これからこれからw,2,名無君
470,視聴率稼ぎのニュース。,0,歩廊下,0
