1,弱者側に立って、ちゃんと事実を伝えてくれる。本当のジャーナリストがいてくれて良かった。,657,暦の,4
1-1,このチャンネルは未接種で入院してる人の事は一切報道しないんですかね？でなければ、本当のジャーナリストじゃないのでは？,2,qvmk iwze
1-2,日本もこういう報道がされてるんだから、今後打つ人たちの後遺症は「自己責任」と言って良い,10,おいも
2,色々圧力があると思いますが、半年以上前から繰り返しあれへの警告を続けてる地上波で唯一の番組👏　これからも真の報道番組作りをお願いします！,491,ヤマシン,0
3,大石さん何時も情報の提供有難うございます。貴男は、真のジャーナーリストです。今後もこのような情報を発掘してください。,305,堀場和弘,0
4,大石さん、いつも分かりやすい解説と貴重なお話ありがとうございます。番組と動画を拝見させて頂いてます。大変勉強になります。ワクチンの後遺症について多くの方に広がりますように🙏 後遺症の方の話を聞くと胸が痛くなります(><) 後遺症の方のケアもこれから増えることを祈ってます！これからもよろしくお願いします😊,359,LOVE N.Hidetoshi,0
5,これこそ全国に流すべき報道なのに…わかりやすく細やかで知りたい事をゆっくりと伝えてくれるすばらしい,306,Kotarou Fuma,4
5-1,@Kotarou Fuma あ、分かってる方だったのですね、しかもそこまで。👌ただ、もっともっと気が付いてくれる人達が必要です。,14,fukuyamahironobu
5-2,＞これこそ全国に流すべき報道なのに…そこで止まらないで下さい、その”何故？”っを追求してください。みんなでそれをやらないと、この茶番デミック詐欺はいつまでも続き犠牲者は増える一方です。,36,fukuyamahironobu
6,大石さん、尊敬です。これからも頑張って下さい。応援してます🍀,293,アロマ1018,0
7,ここまで酷いことが起きているのに、私の周りではもう３回目の接種をした方々がたくさんいます。テレビ、新聞では一切報道されないので、年配の方々、若い世代でも大石解説のようなネット動画とかを投稿を見ない方々は、このような事実に気付きようがありません。本来、メディアや医師、行政が報道すべき事柄を一切報道しない、そればかりか学校でも会社でも半ば強制的に接種するよう推奨してきます。これは国家政府による「洗脳」なのだと気付いてほしい。,516,Ma sa,4
7-1,なんか言ってるよ,0,れもんまん
7-2,TV報道は洗脳してますね⁉️ころなわくちんは利権だからかな⁉️,2,シエル 水嶋
7-3,@さゆ 様アメリカの友人は『四回目？日本はクレージー！』だと言っています。,23,14えっちゃん
7-4,4回目が決まり、打つという意見のニュース報道してますね。,14,さゆ
8,大石キャスターは歴史に残るお方！どれだけの勇気がいることか！有難うございます！,325,SK,0
9,CBC忖度抜きで正しい報道素晴らしい。大石さん今後ともこの地方ならびに日本の為に辛く苦しんでる方に寄り添って正しい情報を共有できる世の中に導いて欲しい。貴方を尊敬しますいつも有難う御座います。,259,ARATAMA muddyboys,0
10,副反応で苦しんでいる方々の状態とサポート環境が少しでも良くなることを願います。コロバブルで丸儲け。副反応でも丸儲け。医療って何でしたっけ…。,448,シテル,9
10-1,@んら さん財務省の財政制度分科会が出している資料です。,2,シテル
10-2,@シテル たしかに弱毒化はしてますね。元々が強かったので今でこそインフル並みになってますがどこの調べでしょうか？こちらの地域は全くそのようなことになっていないので出所を教えていただきたいです！,0,んら
10-3,@んら さん＞インフルエンザなどに比べて感染力が強く感染力が強いということは弱毒化しているということです。＞コロナを受け入れることでどの病院も経営が傾いてしまってる新コロ患者を受け入れた医療機関の2020年度の平均収支は約6億6000万円の黒字で、患者を受け入れた94の国立病院の利益率は19年度比で6.7％改善しています。,2,シテル
10-4,@シテル 5類に落とすにはまだ難しいと思いますね。これだけ感染対策されても増え続ける感染者を見ればインフルエンザなどに比べて感染力が強く、まだ明確な治療薬もありませんからね。コロナを受け入れることでどの病院も経営が傾いてしまってるのは存じてます。一般診療との数が違いますからね。その中には手術なども含まれています。,0,んら
10-5,@んら さんコロ患者用の病床はICUで1床あたり1日最大43万6000円、一般病床は同7万4000円の補助金が支給されています。増床にも補助金は出ます。診療だけでこれらを上回る儲けをだせるのなら、やはりさっさと5類に落としたほうがいいですね。,1,シテル
10-6,コロナで儲けるって言いますが実際は普通の診療してる方が多くの人を受けれるんで稼げますよ！コロナでた病院は一般診療止めなければいけないんで,1,んら
10-7,子宮頸がんのワクチンでもあれでも、わからないと心の病ww,32,ryoji muto
11,全国で有志医師の会の方々も活発に活動されていますし、早く救済されると良いですね。いまだ治験レベルですし即刻中止すべきと思いますが…。こういった情報を大手メディアが黙殺しているのも怖いです。,181,ptw,0
12,大石さんの解説、わかりやすいだけでなく、「思い」が伝わってきます。これからも真摯な情報を期待しています。頑張ってください。,167,Mさっちょん,0
13,ワクチン打ってなければ、こんな悲劇おこっってなかっただろうに😢,499,Yuko ,1
13-1,血液内科に、血小板減少した方が居たわ、、2回ワクチン接種したら、バタバタと、なりましたよ、泣きそうでした、、,14,kunpunogogatsu
14,大石キャスターさんもですが、この番組を作ろうと頑張ってみえる、バックにおられる責任者の方々も、頭が下がります。真のジャーナリスト、CBCさんありがとうございます、😭感激です,214,しあわせあけとも,0
15,これはつらいね。医療従事者として優先的に接種されたのに。少しでもよくなりますように。,282,Tigers,0
16,ワクチンを打て打てしか言わないテレビ局ばかりの中、CBC、大石さん、本当に素晴らしいです_(._.)_,359,三世ルパン,6
16-1,精子が減るですか？大変です、女は子宮不正出血するか？,7,kunpunogogatsu
16-2,@黄金世界 さんでも、同じCBC制作でも、ゴゴスマは運子だ！って誰かが言ってましたよwww大石さんの社内での立場は大丈夫なんやろか？？？,18,Poohさん
16-3,@金の雲子 酷い番組ですね…そんなテレビ局は絶対許しちゃいけない。,27,黄金世界
17,難病により入退院を繰り返している最中です。主治医に接種は？と聞かれたので、怖くて打っていない旨を話すと...｢確かに接種により12%程の病態悪化がある。」と言われました。その中に入らないとも限らないので慎重になるのに越したことはないと思います。貴重な情報をありがとうございました。,284,宿命占い師 永田えみ,4
17-1,@kei hira 本当に良かったですね！拝読して希望を感じました。,3,alan
17-2,@スギハラマリコ 只の風邪ですから、勿論ワク未接種です。このパッチは体の周波数を正常にして健康にしていきます。ガン患者、血管系患者、糖尿病患者、全員改善されています。私の体感は、髪がうすくなり、ウィッグ検討始めてましたが、全く不要に、［ツルッパゲの方たちが皆髪生えてこられてます］,10,kei hira
18,このキャスターさんはすごいですねえ,464,KAORU K,0
19,よく放送した！と思う。youtubeとかの規制や圧力もあると思いますが応援してる！,144,Kトクオ,0
20,私の息子は医療従事者で渋々、ワクチン接種2回後、手指と下肢に酷い湿疹が出来て（赤紫でジュクジュク、かゆみと痛みで寝られないほど）接種した医師がたまたま、皮膚科医でもあったため、診察を受けました「先生、この湿疹の原因は何でしょうか？」の問いに「・・・・・・・」「お薬出しときますから」で終わりでした　　　　　無責任な医師が多すぎます！！！,84,yumi nishimiya,3
20-1,医療村に住んで生活してるから不都合なことは言えないのですね。村で生きていけなくなりますから。,14,えとうま
20-2,我が国の医師の倫理観は崩壊しています絶対に信用してはいけません,24,DLE EOT
21,YouTubeでもこうした情報が平等に流されていることに感謝です。,86,K I,0
22,私の職場でも  💉3回接種した人が  コロナ感染したり、 2回接種後から 皮下出血が増えている人がいます😥少し 身体に異常があると 癌かも と心配したり、、、そこまでして  何故 この💉を打つのか  不思議です。,163,中元真理子,6
22-1,あれをやると免疫を下げる作用がありますから、おっしゃる病気が出る人もいるのでしょうね。常識的には下げて良い事なんか無いのに、それを推し進めるなんて可笑しなことです。,14,えとうま
22-2,@Poohさん さま本当に  それを 実感してます💦,10,中元真理子
22-3,ワクチン激推ししてる分科会の館田教授も、アレルギーがあるから(副反応が怖いから)一度も打ってなかったんですよね💧,30,白妙
22-4,@2019 netboy 官僚や国会議員はもともと接種していません。怖さを知っているから。テレビCM等で官僚が接種を勧めていますが、しかし自分たちは打っていません。,35,1929wall street
22-5,因果関係は不明ですが、私の周りで3人、癌が発症しています。高血圧になった人も、正直言って、お金払ってまで治験協力する必要あるのか？って疑問に思います。官僚や国会議員は分かっているだろうから打っていない人が多そう苦笑,36,2019 netboy
23,河村さん迄動かして、大石さんスゴイです！一人残らず救ってください。戦争と枠のカラクリが、暴かれ始めた。身辺に気をつけて、大きな仕事を期待したいです！,163,Daian1222,0
24,私はワクチン接種していません。自身の免疫力や自己管理に委ねる事にしました。ただ外圧は凄かったですね。,74,正夫小森,1
24-1,自然免疫では新型コロナウイルスには対処できないから、獲得免疫を獲得するしかないよそのための方法はワクチン接種するか、新型コロナウイルスに感染するかどちらかしかない免疫力を自己管理するとは、後者のことなのですか？,1,G O
25,いつも真摯な報道ありがとうございます。このような方たちが救済される世の中であって欲しいです。,59,HI LOW,0
26,救済制度が早くできますように。,162,candy1179,4
26-1,@えとうま 様、副反がヒドイことが幾らかみんな解って来たみたいですね。‼️,1,宮田和博
26-2,３回目の動きが鈍いので少しずつ茶番と分かってきた国民が増えてますね。,8,えとうま
26-3,それよりもこの茶番デミック詐欺に国民が早く気付けるように願いましょうよ。,17,fukuyamahironobu
27,名古屋みたいな取組みが何故か全国には広まらない。臭い物には蓋状態。,405,鰻.,1
27-1,コロナ後遺症だけは分析して、対処する方針みたいですね。症状は似ていますが。,5,Yuri Ka
28,薬害は確実に存在するので推奨や半強制があるのだからそれに見合う補償と賠償責任が必要だと思います。,89,Nullpo08,1
28-1,政府は、ずっと一方通行。もっとこの情報を拡散すべき。,17,さとうのごはん
29,ずっと変わらず発信されていて背筋の伸びる思いです。敬意しかありません。フェアな情報発信ありがとうございますm(_ _)m,47,頃宮 治 チャンネル,0
30,そもそも医療従事者へ優先接種の意味は、患者や周りへの感染予防ではなく、医療従事者本人が倒れないように、医療が人手不足になって崩壊しないようにするためのものだと厚生労働省の資料にちゃんと載っているという解説をみました。報道でも世間も間違ってますよね？　人に感染させないようにという、ある意味強要で打たされていて本当に気の毒です。,318,C T,5
30-1,そもそも持病や疾患のある方　先方優先摂取に　疑問です。またすぐ　医療従事者は　先に打ちなさいが　やってくる。日本を支える　大切な人材なのになぁ〜。助かります様に願います。,16,Kiss Yukko
30-2,@茶番 皆ちゃんと分かってるか怪しいもんですな私も心筋炎の副作用すらつい最近迄知りませんでした、厚生省が注意喚起してた事すら,12,リヒリヒト
30-3,私の彼女は死を覚悟して接種していました。患者からも接種したのか聞かれるみたいで、辛いところ高血圧になってしまったので３回目は断っています。例のお薬が効いているみたいで服用を続けていて落ち着いています。,16,2019 netboy
30-4,医療従事者だけど、優先接種は周りにうつさないため、なんて一切言われてませんでしたよ。皆、ちゃんとわかって接種してます。,7,もよ
31,大石様のご尽力で、名古屋市長などたくさんの方々が動いて下さっていると思います。さまざまな圧力の中、心から尊敬、感謝しております。ありがとうございます。,75,blue幌,0
32,ベテランの域にいる従事者さんが、真っ先にアレを疑えない。又は疑う余地なくだったり、沈黙したまま指示通りに突き進んでしまっているのが、大半の現状ではと思います。観戦車のすうより、非外車のすうを国民に毎日毎日伝えて欲しいものですが無理でしょう。貴重な真実配信有り難う御座います。,147,Syacyuuhaku Tokyo Datsyutsu,5
32-1,隠語の使用、薬の名前を出せない…。怖い日本になりましたね。,28,ptw
32-2,患者さんに感染させない為と言うことで皆さん接種しているようです。私の彼女は高血圧になってしまって３回目は今のところやって居ません。ノーベル賞受賞者の方が作ったあのお薬を毎週飲んで落ち着いています。,27,2019 netboy
33,大石さん、ありがとうございます。チャントの放送時間を水戸黄門の後にしてください。そしたら確実に親も見るから。ちゃんとお金の面でも救済されるといいですね。,92,いまここ,0
34,私の母はワクチン3回目接種してから血尿、タンパク、白血球の増加が起きました。腎臓の専門の個人病院に行ったところワクチンは絶対打っちゃダメ！腎臓に異常出てる人が駆け込んできてる！と言われました。母は、腎盂腎炎になってしまいました。そして、息子は12年前にIgA腎症になったことがあります。ワクチン１回打たせましたが、何故か気になり2回目は打たせませんでした。ホント打たせなくて良かったです。,233,ふみきり,2
34-1,息子さん良かった,11,nakajima
34-2,知り合いが他の薬でそうなった事があると以前に聴いたことがあります。身体がリトマス試験紙みたいに自ら危険を教えてくれてるんですね。,13,えとうま
35,ほんとにCBCニュースはきちんと報道してくれる。,97,ぴ,0
36,深堀り解説ありがとうございます抗酸化サプリなどで少しでも体調が良くなれば…,95,おわたゃんねる(チャンネルではない),1
36-1,イベくん＋抗酸化サプリで様子見しています。今は状態安定しています。,4,2019 netboy
37,他局も、このようなスタンスが増えて来てますが、「ワクチンは多くの命を救いましたが」とか「私は2回ワクチンを打ちましたが」のような前置きを言わないと、主張したい事が言えないような雰囲気が、遅れていると感じる,71,ギャランゆう,0
38,ウィルスや免疫については獣医学者の方が詳しいらしいですよね。大変でしょうが、当事者として声を出して頂き感謝いたします。ご存じと思いますが、イベルメクチンの個人輸入は自分が使用するのみは適法と聞いています。,126,himawarihome,7
38-1,DLE EOT　様　ご丁寧にご返信いただき有難うございます。確かに私も接種済みの人には話をしていません。,3,himawarihome
38-2,@himawarihome さん私も井上正康さんの話はよく聞きます、データと事実に基づいて論理的に説明してくれますね。ただ、接種済の人には勧めていません接種した人があの話を聞いたら大変なことになると思います、知らぬが仏 伸び伸びと過ごしてほしいと思います。,7,DLE EOT
38-3,mRNAはこれまで獣医学の分野で20年間動物で実験がなされてきました、20年かけても動物実験で成功しないのでmRNAの研究は頓挫しています動物でだめでも人間なら大丈夫だろうと現在世界規模の人体実験を行っている最中です,14,DLE EOT
38-4,@某医学部受験生  様　ウィルスや免疫については家畜伝染病等があり専門的に研究される機会が多いのだと思います。京都大学のウィルス学宮沢先生も獣医学部出身の様ですし、大阪大学名誉教授の井上正康先生は医師ですがワクチンや免疫の専門で、私は上記の先生方の意見は良く拝聴するようにしています。,18,himawarihome
38-5,高血圧になった人には効いています。あくまで1人なので誰でも効く訳では無いでしょうけれど、ダメ元でやっても良いと思う看護師なら自分で調べて既に実験しているかも,8,2019 netboy
39,この方の活動だったんですね日本で初めたちあげてくれて　感謝してます　どうか完治して活躍される事を　切に願います,32,maruru,0
40,きっと今後も製薬事故と認定されない辛い方がどんどん増えていく。。4回目5回目n回目、、ずっと打ち続けていく。。,31,DAIDALOS,0
41,オーストラリアで後遺症に悩む方々のインスタがあります。英語ですが写真や動画(症状)が見れます。jab injury Australia  胸が痛いです。,130,Rugby LV,0
42,自分も難病もちなんで慎重になっといて良かった医者には有害事例はないから〜とは言われたけどね自分の判断を信じた,90,トッポ,5
42-1,そうですよね。やはり最後は自分の身は自分で守るしかないと思います。あと余計なお世話かもしれませんが、病院にかかるのも、あまり例の💉を奨めてくる医者は避けて、本当に信頼できる人を新たに探してみるのも、良いかもしれません。,14,alan
42-2,@2019 netboy 言われてた逆転写が起こっているなら残念ながら無理でしょうね。身内も打っているので言われてる事がデマであって欲しいと祈るばかりです。,12,ポンダー!!
42-3,@ポンダー!! 特に今回のは細胞内に入って作るもので、一度入れたら取り除けないです。血液交換しても無理ですね,11,2019 netboy
42-4,自分も基礎疾患があるので慎重になって打って無いです。基礎疾患がある人ほど慎重になるべきなのに。初めてのワクなんて後から色々と出てくるのは目に見えてるのに…始めから日本においてそんなワクを打つほどコロナが怖いと思う人が不思議。,20,ポンダー!!
42-5,病気持ちで術後だったので、自分の判断で接種はしませんでした。感染して4んだら仕方ないと覚悟しました。ただ、ワクできる前でに高熱出てダウンしたので、既に感染済みだったかも苦笑出た薬は解熱剤と咳止めだけだったかなマジかって思いました。😀今はイベくん持ってます。息子が高熱出した時はイベくんで治しました。,17,2019 netboy
43,やっと声が上がってきましたね。医療従事者の中でも接種後亡くなった方もいるはずなのに言えなかったんですよね。大石さんのこれまでの取材、報道によって、名古屋に相談窓口が設置されたのをきっかけに後遺症が広く知られることを期待します。でも　もう手遅れかもしれませんが・・1年前、アメリカではワクチン後の死亡や症状がSNSで拡散され、ワクチンが安全ではない、という認識が広がってるのか接種率が上がっていません。でも日本人はテレビをそのまま信じて　世界トップレベルの接種率になってしまいました。ネガティブ情報をすべてデマと決めつけて、ワクチンを国民に勧めた河野○郎大臣は今ごろ何処に・・。ただ誰も責任を取らなくてもいいようになっているので、どうしようもありません。,28,mek hal,2
43-1,自己責任であることすら知らなかったのかもしれません、医療従事者なら一番知ってて欲しいのに,4,DLE EOT
43-2,本人の希望で、打ってる形になってます。,4,月蝋梅
44,こう言った貴重な情報を勇気を持って伝えていただけるニュースこそ真に賞賛致します👏👏✨✨,19,ゆか,0
45,ファイザー社の接種後に現れる病名1291‼️75年後開示予定の文書が最近アメリカで公開されたようです。アメリカの看護士さん方が憤慨して居られるとか、恐ろしい事です😭どうか報道して頂きたいです🙏🙇‍♀️,243,クッキーベリー,3
45-1,１．「ファイザー社の接種後に現れる病名1291」については、実際にその項目が起こった場合に報告するよう安全監視要件リスト（管理項目）が設定されたいただけです。実際に1291項目の病名が発生することとは違います。そのことをあたかも1291項目の副作用病名があると報告書の一部を抜粋して語報道されただけです。２．「75年後開示予定の文書」も情報公開法要求された資料が451000ページ分に対し、1回目の回答が優先度の高い5500ページの資料を出したことから、このペースだと75年間時間要することから「75年後開示予定の文書」と誤解釈した情報です。,1,Mustang
45-2,公開されたということはアメリカの司法はまだマトモだったということですね。日本ならどうだったかな。,16,えとうま
45-3,去年受領された承認後有害事象報告の累積分析の件ですなまずもって去年のものを今年になってようやく渋々公開はかなり悪意がありますねまったく見知らない病名もズラリと見掛けましたので💉された方が今後更にどのような事態になるか…一度も💉してませんが気になる内容でした,58,おわたゃんねる(チャンネルではない)
46,治験中なのでやはりプラセボもあり、ロットで成分違うようで、厚生労働省も認めているようです、みんながみんな後遺症がでたら製薬会社・推進してる政府がまずいからなのではないでしょうか？早く良くなるとよいですね。,84,オリオン,1

47,3:25 「ブレインフォグ」という単語はコロナ発生前は鬱病患者によく使われる言葉でしたが、今ではコロナ後遺症によく使われるようになった。ワクチン後遺症で使っていただいてありがとうございます。,12,サウナカプセルホテル,0
48,このワク後の体調不良の方が多すぎます。推し進めるだけではなく安全性も検討して欲しい。とくに若者や子供にの接種には。,25,ポンダー!!,0
49,このような事実を摂取を勧めている政治家、厚労省は無視し続けるのか！到底納得出来ない。,26,ちーちゃん,0
50,完治してた病気が接種後再発したのならワクのせいだと思いますよね。全国で接種後苦しんでる人が沢山いるのに国は一切無視。このワクの危険性が分かってる人は殆ど居ないからね。,74,PlumaBlanka,6
50-1,@DLE EOT 医者でも分かってない人ばかりですからね,7,PlumaBlanka
50-2,接種すると免疫が下がるのだから殆どの人には必要ないのでは。むしろ弊害のほうが多すぎますね。,13,えとうま
51,いつもありがとうございます。,38,yukinowata,0
52,この動画をシェアしました　大石さん　有り難う,41,yo u,0
53,いろいろな研究結果で、重症化、後遺症が防げたり軽減できるので、ワクチンは必要な事は全国で取り上げられているのに、ワクチン後の体調不良の原因は、そろそろわかっていらっしゃるのではないでしょうか？　そういった情報も教えていただきたいです!接種は義務ではなく、任意なのですよね？出てしまうのは女性が多い印象です…,82,ラブたん,4
53-1,国会議員や官庁勤めや専門家などはやってない人のほうが多そうですね、そいうモノを打て打てとか余りにも無責任すぎます。,6,えとうま
53-2,新型コロナウイルス対策にあたる政府の分科会のメンバー、東邦大学の舘田一博教授が打っていないのです。人には勧めているのに。,24,無職独身子供部屋おじさん ねろ
54,打った人が見たら震える内容やな遅れて症状出てくるかもしれんし何せ治験やからこの人達はほんの一部の事例。これからどんどん出てくるよ、、,72,阪神tiger777,2
54-1,@DLE EOT 取り合ってくれるわけありませんよね💦,4,阪神tiger777
55,再燃したタイミングによりますが接種以前は治癒していたのなら今まで得た情報から憶測すれば再発原因はmRNAが生成する多数のスパイクタンパクが血小板にあるスパイクタンパク受容体に取り付いたため免疫食細胞が血小板を異物と認識し攻撃・排除したのかもしれません。,10,love and peace,0
56,大規模薬害が発生してる可能性ありますね。医療従事者は半強制接種になってて疑問です。報道続けてほしいです。このままろくに補償もなく報道も制限されたまま接種が続くのでしょうか。,6,mugi yuzu,0
57,難病が再燃したり食べ物も食べられなくなり呼吸もままならないって、もしこんな状態で風邪にでも襲われたらどうなりますでしょうか。弱い風邪でも重症化したり最悪の事態にならないでしょうか,11,S21,0
58,後遺症で苦しむ方々が多くいらっしゃる事に、凄く胸が痛みます。　　一刻も早く中止を求めなければいけない状況でありながら、何故?　接種を進めるのか?　やはり。目的は、１つだとしか、もぅ,考えられません!!　😅,100,ひとみ たかはし,2
58-1,@えとうま さん。おっしゃる通り、その事を聞いてゾッ〰としました!　救急車も出動。大変多く目立つ様な〰　やはり…　そうだと実感してます!　🤐,5,ひとみ たかはし
59,大石さん素晴らしい情報提供❗️高評価押しました👍,22,m h,0
60,いつも感謝しています,29,まんまるお月,0
61,ワクチン後遺症になられた経過のマンガは どの様にして読む事が出来るのでしょうか…教えてください🙇‍♂️,36,Shiina Masashi,0
62,父はいつも「 元々、そういう人は持病があったんだろう」の一言。。現実受け止めないよね。,21,まつ,0
63,大石さんの目を見れば、伝えたい思いを強く感じます。もっともっと伝えたい事があるのを感じます。しかし・・・。見えない物に恐怖する。見えないから恐怖する。嫌な話ですが、一度恐怖に取り込まれると身近で実際に見える大きな被害が出ないと恐怖を受け入れる事は出来ないのかもしれません。嫌な話ですが・・・。,22,Hirotomo Tanaka,1
63-1,ジャパネットたかたに似てる演技だと思う普通にヨドバシやビックで勝った方が安いのに、テレビしか見てない馬鹿はころっと騙されちゃうんだよね,0,G O
64,これこそがマスコミの姿他のテレビ局は見習うように！,72,Jun,0
65,これをテレビで流してくれれば。,19,早野武,0
66,コロナでそうなるよりワクチン打ってこうなる方が悔しいと思う。悔やんでも悔やみきれないだろうな。,40,Suzu Red,1
66-1,コンピュータ作って儲けた奴が、コンピュータウィルス作ってその対策としてウィルスバスター作って儲けているのと同じ構造だったら、どっちでダメになっても悔しさは一緒。,0,ボコリン
67,大石さん、ありがとうございます。応援してますよ!,11,kutibiruge,0
68,ワクチン後遺症もコロナの後遺症に似ているんですね．．．私の場合は昨年7月に感染して12月まで仕事が出来ませんでした。少し歩くとすぐに疲れ酷い倦怠感、階段は手すりを使わないと登れない、訳の分からない筋肉痛、それまでの趣味や日曜大工のやりかけのことが急にやる気が起きなく、ぼーっとしてしまい作業が出来ない、とにかくやる気が全く起きないのです。後遺症外来で漢方薬などの服用で徐々に回復し、現在も多少残っていますが仕事に戻っております。,63,Erai,3
68-1,厚労省が新型コロナウイルスはないと言っています。私も昨年7月から同じ様な症状でシェディングの症状と同じだったので、シェディングだと思われますが?,1,れもんれも
68-2,スパイクタンパク質を作りだすからでは無いでしょうか？,4,ポンダー!!
69,こういう報道を「ガス抜き」で終わらせては駄目。,56,猫神様,0
70,いつも誠意ある大石アナウンサーのCＢC放送「ワクチン接種後後遺症」の報道を「ネット」で見ています。新潟ではCＢCはTＶでは視れません。全国放送して欲しい内容です。CＢCは、関西圏の報道番組ですか？わかる方、教えて下さい。,39,武林瑞穂,3
70-1,愛知県の番組です,5,死神代行DIE
70-2,名古屋市のテレビ局です！,14,こーひーまる
70-3,東海地方ですよー,15,こんsan
71,基本は病気のある人は注意すべきということ,18,某医学部受験生,0
72,東海地方・名古屋の放送局ですか！！全国放送して欲しいですね！,64,武林瑞穂,2
72-1,やっぱり、愛知県は、才能あふれる人の力が、やばい。ノーベル賞を多く出している。説得力が、あり、物事の本質を求める気質にあふれている。,6,さとうのごはん
72-2,全世界で放映して欲しい。イタリアでこんな素晴らしい番組はゼロ😭😭😭,13,Norma
73,これぞニュースキャスターといえますね。正しい情報が、国民は、渇望してます。悪意のあるわくオシは、やめてもらいたい。😨🚑,49,喜喜,0
74,医療従事者ですが、政府が4回目と言ってきました。3回目の時も躊躇う人もいましたが、自分以外みんな打ってしまいました。たぶん4回目も言われるがまま打つと思いますね💧,52,mofumofu工房,6
74-1,@2019 netboy 様同僚にイベの話をしたらポカンとしてました。医療関係者ほど注射を疑いません。陽性になった人も数名いるのに残念です😓,11,mofumofu工房
74-2,@mofumofu工房 イベくん用意したり覚悟してから接種するしか苦笑拒否が無理なこと多いから,4,2019 netboy
74-3,@mofumofu工房 有り難うございます🌸とっても元気がでます✨感謝申し上げます✨🍀,4,大好き篤姫
74-4,@大好き篤姫 様痛かった人も多いですね💦重曹ドリンクやマグネシウム等を摂る事をお勧めします。お大事になさって下さいね😊,6,mofumofu工房
74-5,自分は3回目ワクチン接種してしまい✨日頃元気なのに接種した方が、激痛で着替えも出来なかったです。本当に辛かった🍀コメント有り難うございます🍋🍀,8,大好き篤姫
75,打ちたい人はどんどん打てば良いと思うけど、こういう情報をもっと地上波でもきちんと報道して、打たない人の理由を理解して欲しい。,2,nao,0
76,これだけ国民の事を考えているCBCさんの悪口を言っている、峰宗太郎先生って、何者？医学界のグレタかな？,148,ベルテシャツァルダニエル,3
76-1,@谷合誠 アンソニーファウチと言えば、今、アメリカのアマゾンでも大ベストセラー、リアルアンソニーファウチという暴露本です。製薬会社とビルゲイツとの癒着が暴かれてるそうです,5,matu oke
76-2,@谷合誠 マジで！？,2,matu oke
76-3,かつてアンソニーファウチの部下だった男です。,26,谷合誠
77,日本の総理になるべき人Ｎｏ．1,35,uhh@『激おこプンプン丸next』,1

78,大石様、報道有難うございます。,8,love and peace,0
79,予防接種どころか万病の元。こんなモノが遺伝子治療の第一歩だと嬉しそうにサミットで豪語してたバイエルの責任者は正真正銘のキチ。,57,斎藤誠,1
79-1,遺伝子治療に凄い期待しているのに今回のことで本当にガッカリみんなが実験台になってくれているので研究は進みそうだけど悲しい😭,8,2019 netboy
80,ワクチンに少しでも疑問に持ってないとこういう動画に辿り着かない。疑うことなく３回目打ってる人が山程います。こういうコーナーを全国の地上波でやっていかないと。,34,Yu kiko,1
80-1,全国の地上波は利権とズブズブだからムリかも。だから観ないほうがマシかもです。,6,えとうま
81,私も愛知県民です！愛知には大石さんがいる河村たかし市長がいる愛コロの方々もいるとても誇らしく心強いです👍愛コロの皆さまお身体に気をつけながら頑張って下さい👍大石さんいつもありがとうございます😊,14,白石れいこ,0
82,こんなものをテキトーに接種推進する国に怒りを覚える,15,map 3,0
83,真実の報道、続けて下さい。余りに片寄った報道ばかりで疑問に思います。厚労省も政府も、国民にキチンと責任を取って欲しいです。,7,りゅうちゃん,0
84,素晴らしい！本物のジャーナリズムを見た気がする,19,名古屋発信ちゃんねる,0
85,冒頭から強烈な話ですね。事実だから言葉がみつからない。テキサス州で裁判に負けてファイザーの治験データが出ていて、接種がヤバいのはもう明白。政府はなぜ続けるの?理解に苦しむ。,14,黄昏れのブイゼル,0
86,チャンネル登録者数10万人突破おめでとうございます💛　銀の盾の開封の儀の動画楽しみにしてます💛,14,Koji K,0
87,大石さん、CBC様、今日も素晴らしい情報有難うございました。スポンサー様、商品購入させていただきます。いつも感謝致します。,7,かんの,0
88,「コロナワクチン被害者駆け込み寺」というのがあります。,80,NOA,2
88-1,@西 さま苦しんでいる方達を救いたいと色々な所でたくさんの方達が立ち上がったのはうれしい事です。こういう動きをマスコミは一切伝えてくれないので、気が付いた人たちが情報を拡散し少しでも被害者やご家族が救われるといいですね。海外でも状況は少しづつ変わってきているようです。日本も変わると期待したいです。,19,NOA
88-2,コメントありがとうございます。駆け込み寺代表鵜川様に私もお世話になっております。私はワクチン遺族です。昨年８月に弟を亡くしました。駆け込み寺に登録してから第一歩が踏み出せました。こうやって苦しんでおられる方も救って行きたいです。,43,西
89,だから私は一度も摂取していません。自分で逝きたいから。でも、自分のいきざま（死に様）なんて、フツーの人には分からないから無垢に憂うんでしょうね。,60,りんようめい,0
90,爆沈を打った後で体調不良になっても、それから５６７に感染して陽性になると５６７後遺症ということにされてしまっている人がいます。ある爆沈推しの医者は５６７後遺症は爆沈を打つと改善することがあるというとんでもない情報をつぶやいていました。この状況はとにかく体調不良の原因を特定できないようにさせる手のように見えるので、とにかく誰でもこれから先には打たないことが１番の防御だと思います。,11,ユカリーヌ＠正義の味方ちゃん,0
91,ワクチンはリスクもあるので、残念ながら副反応に苦しむ方がいても仕方ないですが、国がしっかり補償すべき。副反応に苦しむ方への補償は急務だと思う。,29,HELLO HELLO JAPAN,6
91-1,@G O 様治験が必要ってどういう意味ですか?世界中の人達にリスクも伝えずに打たせる事が治験ですか？そもそも何の為の治験なんでしょうかね？,1,mingzi
91-2,@mingzi むしろ遅いと思うけど、最低限の治験は必要だから仕方ない出所は武漢研究所で間違いないだろうね,0,G O
91-3,@HELLO HELLO JAPAN 様お返事ありがとうございます。その事に思いが至らず、何のためらいもなく、打ってしまう国民が多数いる事に恐怖を感じてしまうのです…。そんな人達は副作用などには、考えが至らないのでしょうね…。,10,mingzi
91-4,そもそも出所がはっきりしていない病原菌に対するワクチンが、こんなに早くできる事が不自然と思いませんか?ワクチンのリスクとかそれ以前の問題とおもいますが…。,11,mingzi
92,名古屋は尾張藩主宗春の頃から反中央精神が強いところですもんね名古屋人であることを誇りに思います！,9,三条ひこ,0
93,愛知は大石さんや河村市長、春日井の末永議員などワクチン後遺症救済に熱心な方が多く、一斉送付しない市もあり、希望です,2,Tommy f,0
94,ダメ元でイベルメクチンをそんなに高くないですし,48,小林洋介,0
95,大手のテレビ局と全然違う。同じ国なんだろうか。,61,濃い太大損,0
96,CBCさん、本当にありがとうございます😊助けられました。,7,日斗実 大木,0
97,4回接種推奨とか狂気の沙汰ですね,22,masayoshi k,0
98,肝臓をやられると 皮膚、頭髪に変化が起きる。内面では、内臓にダメージ。エネルギーが出力できなければ倦怠感筋肉の劣化。細胞の劣化。補修昨日低下によりケガ等も治らなくなる。👈こういう心配が有るので、ドクちんという認識。集団接種によるＢ型肝炎は治らないらしい。一度壊れた内臓は死んでも治らない。と理解している。怖い,58,反日滅亡,2
98-1,@pianissimo tt ビームゲンはどうなんでしょうか？感染予防の為、打っています。,2,2019 netboy
99,大石さん、CBCさん、ありがとうございます！スポーツなどで強制的に接種した方々での事案はありますか？体づくりをしっかりしている方達は比較的には大丈夫そうなのでしょうか？ちょっと気になりました。これからも頑張って下さい！！,8,いっきゅう,2
99-1,海外のスポーツ選手は割と心筋炎で…だから拒否った有名テニス選手もいた,3,ジョーズちゃん
99-2,中日の…,5,mingzi
100,ITP寛解です。貴重な情報をありがとうございます。こういう情報を地方の同調圧力かける方にも知って欲しいです。,0,jun,0
101,私はワクチンを打ちません！インフルエンザに前二回かったのですが大した事が無かったです！でも、数年前にインフルエンザワクチンを打ったら、２週間苦しみました！もしか、ワクチンアレルギーかと思いコロナワクチンを拒否しています！それぞれの免疫力かも知れませんが、私はワクチンは合わない体質かと思っています！,7,Keiko Nakazawa,0
102,こんな事例が確実に起きてる中で、４回目とか言ってるんだもんな～。１～２回、３回目は大丈夫でも４回、５回と続けば副作用率も上がるかもしれんのに,18,アレキサンドライト,0
103,要約すると　う・つ・な　という良識あるメッセージだと思っております。,11,Shinji Yano,0
104,おそらく、気がつかない人も多いんだと思います。私の周りでも癌発症したりしています。本当に大事にならなければ良いのだけどどれぐらいの人が亡くなるんだろう,31,2019 netboy,2
104-1,@えとうま やらないと仕事辞めなきゃいけないと言われたら生活もあるからリスク承知で仕方なく打っている人多数だと思います。それで、癌になったりしたら無念だろうなぁ…。とてもじゃないけれど友人に聞けないです。友人もさすがに、これが原因で急激に癌になったんだろうと想像しているようでした。本当に可哀想年寄りならまだ言いでしょうけれど,2,2019 netboy
104-2,免疫を下げますから、そうなりますよね。でもこういう情報は自分から探しにいかないと教えてくれないから、もはや無知は罪みたいな世の中です。,9,えとうま
105,もう‼️誰1人として……アレをしてはいけない！この動画✨シェアさせて致しますm(*_ _)m,5,ヨッシー🐱,0
106,これ、懸念されてたとおり女性の被害報告が多いねーなんでだろ？10代の女の子にも取材いってたし、、、この大石解説の取材に応じてる方はどの回も女性だよなぁ？？妊婦にも枠を打たせてるけどほんと即効中止すべき,22,ひらたまさき,2
106-1,なぜ女性の方が多いのかを調べるために今まさに人体実験をしているわけです,4,DLE EOT
106-2,リトマス試験紙みたいに女性のほうが反応しやすいからでは。,0,えとうま
107,こうやって真実を報道してくださる方がいるのに、未だワクチン接種後の後遺症や死亡例は、因果関係認められずとして闇に葬られていることに胸が痛みます。私の夫も接種後から酷い咳が半年くらい続いており、円形脱毛症が7～8箇所もできています。夫は何処に相談してもきっと因果関係無しとされると思い諦めています。,6,青柳華百合,0
108,本人の同意を確認してからの接種が義務付けられているから…だれも責任とらなくて良いシステムが構築されてるんだよな。ちなみにビルゲイツを筆頭に世界トップクラスの大富豪の資産がこの2年間で倍増してるって先月のフィナンシャルタイムズに掲載されてたぜ。,16,半チャーハン大盛り,0
109,報道に感謝です国はリスクについても、先にちゃんと周知してほしかった薬害訴訟で国は責任を取れるのだろうか？ご存知かもしれませんが‥「Pfizer」には「1291」種類の副反応例があり米国食品医薬品局（FDA）に報告(『The Rio Times』March 7, 2022参照),18,ててこ,0
110,５月からは４回目だと、狂っている。,14,Kマイケル,0
111,今回の問題は、これまで何度もあった薬害問題の1つに名を連ねるようになるんでしょうね。厚労省の犯罪がまた1つ追加になる訳です。,0,歌山たけし,0
112,怖いな・・しかも今分かってるのは短期的なものだからなあ。長期的なものを考えた時にどうなるか分からないのはさらに怖い。ちなみブチューはしてません。,9,一休寿,0
113,給付金を出し渋るのに、これだけの被害が出ていて、大阪では開業医が、政治家に献金して、摂取回数、１万９千かい打って、１億円儲けたそうです。,19,フローネ,4
113-1,@えとうま はい、おっしゃる通りでございます。,1,フローネ
113-2,@フローネ 大阪のほうは維新が役所で働く人を減らしてますから手が回らないのでしょうね。維新は大阪の医療関係費も削減してますから、コロナ患者が少しでも増えると医療機関が直ぐ逼迫して脆弱になってしまうから、大阪に住む人達は大変ですね。でも万博とか利権絡みには税金を使うんですよね。,4,えとうま
113-3,@えとうま 特に大阪の、飲食店では、給付金が、届かない方が多いです。,1,フローネ
114,説明書に明記されてます「劇薬」と。打つ人は「生贄」そのもの。,19,YMO1112,0
115,国の分科会で「アレルギー体質だから打ってません。」という東邦大学かな？いましたね。笑ってはいけないけれど、本当に冗談みたいな、おかしなことです。,20,無職独身子供部屋おじさん ねろ,3
115-1,打て打てと言ってる人達は殆どやってなさそうですね。あくまでお仕事で発言してるだけでダブルスタンダードですよ奴らは。,7,えとうま
115-2,打ちましょうって言うお仕事だから言うけど、自分が打たないのは普通かなって思います。官僚とか国会議員とかも同じだと思いますけどね私の中では、だよねーーーーって思いました。,8,2019 netboy
116,最終的に何回打たせれば気が済むのか！？この枠は人類にとってとても危険！,19,montecarlosuper1,2
116-1,最終はないでしょう、永遠に打ち続けないと抗体を維持できず、細胞性免疫が負けて持病が悪化してしまします。,3,DLE EOT
117,大石さんはジャーナリストのかがみですね。,24,いつも運がいい無線技術者,0
118,CBCが視聴できる中京地区がうらやましい。,8,福田まさと,0
119,打った人も、見て下さい。打たない方が見てる気がしますがね😓👍,13,鈴木ひろみ,0
120,大石さん❗️ありがとう‼️,6,バケネコ,0
121,大手メディアの方々はこの番組を見てどう感じているのだろうか?そこを知りたい,9,小布施ピアノ♫,1
121-1,稼げないことをするんじゃない！この命知らずが！・・・的な？,0,ボコリン
122,いつも視聴者の方に向いた真実の報道、ありがとうございます。高齢者の叔母と叔父が2度目のアレを打った後から、2人共買い物にも行けないくらい体調が悪くなっているとの事です。特に叔母は免疫系の持病持ちなので、「打たない方がいいよ」と声をかけましたが、打ってしまいました。非常に残念ですが、大人なので納得の上での接種だと思いますし、それぞれの人生なので仕方ないですね。,5,H. M.,0
123,ホントはガンも治るらしいですね,12,クローバーーーー,0
124,ロシアでは戦争反対と言えない。日本はワク反対と言えない。同様な言論統制。,16,Kマイケル,0
125,私は元ママ友から、ワクチンしないことについて臆病者呼ばわりされました。,44,sharittoshabe,9
125-1,私も叔母から弱虫呼ばわりされましたよ。叔母は喜んで３回目受けましたが、私たちの選択は間違ってませんよ☺️,9,Yu.T
125-2,臆病者って意味不明ですね笑今のよくわからない世界には嘘も方便です😁アナフィラキシーとかそれっぽいこと適当に言っておけばいいんですよ😗もしくはもう打ったと笑,7,神草
125-3,臆病者上等、頭おかしい上等命が何よりも大切です２年後に、こんなことになるなんて知ってたならなぜ教えてくれなかったの？なぜとめてくれなかったの？、と逆恨みされそうですね。私は、ワクチン推進派は感情論で推進し、ワクチン慎重派はデータに基づいて考えているように思います。,13,DLE EOT
125-4,臆病者でいいじゃないですか。臆病者だから慎重になって無理をせず、平凡で幸せな暮らしが出来るのだから。,23,ポンダー!!
125-5,ありがとうございます🙇共通のママ友がいる前で言われて、決めつけられて、本当に性格悪い人でした。周りはわくわく信者が多いので、辛かったですが、私は間違っていなかったと改めて思いました。ご返信に励まされました🙇,18,sharittoshabe
125-6,臆病者…ふふふっ😊鼻で笑ってやりましょう。私は頭がおかしいと３人以上に言われましたよ。😤,22,Norma
125-7,命をかけたロシアンルーレットですからねゲームに参加するかしないかは本人が決めること,25,2019 netboy
"125-8,""元""ママ友さんめっちゃ失礼ですね。そんな方との縁は切って正解ですね。,48,ドゥンドゥン"
126,さらに自民党は憲法改正に緊急事態条項をあげていますがそれはただの権利を侵害するものでしかありません。次の参議院選挙では間違っても自民党、公明党、維新の会、国民党に入れてはいけません。改憲に反対している政党に入れましょう。,54,Jun,0
127,CBCテレビしか勝たん！,26,かなかな,0
128,病気に罹りにくいようにと、打ったのに、より強い疾患が発現するという恐ろしさ。,18,インコが大好きゴシキセイガイ,0
129,貴重な看護師さんを……許せない,5,松本なおみ,0
130,これ、youtube限定？ゴゴスマよりこちらを放送してほしいなこういう報道を見ると、支払っている受信料をNHKではなくCBCに変えたいぐらいです,14,サウナカプセルホテル,0
131,35〜36キロ。。さぞ辛い症状なんでしょうね。身体が楽になりますように。,6,nakajima,0
132,かんじんかなめ、と言う言葉。『肝腎要、肝心要』と記す。五臓六腑はどれも大事だけど、とりわけ肝臓、腎臓、心臓は特に大事だという例え。ワクチン接種によって、mRNAの逆転写が6時間内に確認された臓器は？,18,frehley smoke,0
133,心の病に罹患しているのは医師の方ではないか?,4,love and peace,0
134,後遺症で苦しんでいらっしゃることは理解しますが、同意・署名して自ら接種したのでしょうなぜ、未知の薬品の事を良く調べずに体に入れてしまったのか、続く犠牲者を出さないためにも接種に至ったプロセスを解明してどこかで止められないかを考える必要があると感じました。,9,DLE EOT,0
135,叔父も接種後の副作用後遺症で半年間は働けず入院生活。問題は厚労省や病院や自治体に問い合わせてもたらい回しにされて厚労省の補償制度（因果関係が証明されないといけないという悪制度）が一銭も受けられないということ。,5,yawning,0
136,重症化予防(という触れ込み)で打っても、それであの世に逝ってしまうのは代償が大きすぎやしませんかね。　コロコロでは死にたくないけど、ワクワク打って死ぬのはいい、みたいな人も居るらしいですね。　私にはちょいと理解できないけど。国の煽りは気にしないで、冷静になって本当に必要なのか考えて欲しいです。　My body, my choiceですよん。,14,Curious George,2
136-1,@えとうま さん感染に勝る免疫力はなしと言われていますね感染した人にも接種を勧める医師がいるとか、正気の沙汰ではありませんね,2,DLE EOT
136-2,まだコロコロにかかったほうが自然に免疫付くし良いのではと思います。,2,えとうま
137,大石さん、いつも拝見させて頂いてます。私も看護職ですが、うちの職場の看護師5名のうち4名は ワクチン否定派で 色々な情報を集めたり調べたりしワクチンを打たない選択をしました。大規模治験の最中に最低3年後のデータが出るまで、いえ5年後のデータが出るまでは恐ろしくて打てません。,0,タミー,0
138,CBCの大石さんの放送は、今後　日本人の教訓になると痛感します。日本のTVはCBCだけで十分です！,22,Siori Naitou,0
139,大石さんありがとう🙏🏻❤️,6,なな,0
140,大石さん、ありがとうございます😭,6,m m,0
141,4回目とかほざき出したね,62,ケツ穴評論家,0
142,真実を報道してくれることに感謝,0,K G,1

143,高額医療制度を使用すれば、収入によっても違うのですが一般的にはひと月の入院費だとしてもMAX44,400円となるはずですが、100万円もかかったと仰っていましたが、ちょっと理由がわかりません。また、後遺症で苦しむ方々がいらっしゃるのは厚生省も発表しているので、一般的な事実ですが、なかなかワクチンが原因で発生したのかどうかが難しいと言っていました。この担当したお医者さんが何を根拠に、後遺症だと言っているのかもう少し詳しくレポートしていただけると良かったと思います。,0,矢口,0
144,日本政府関係者は逮捕だろう。,102,kaze kami,7
144-1,@WATANABE ぐるでしょうね～なので選挙の時の裁判のやつ全員❌書いてますよ🤣マジックで,6,angelheart
144-2,厚労省、メディア、医師会とキリがない。全て明るみに出たら、それこそ文化大革命みたいな騒ぎになると思う。,20,ken satou
144-3,場合によってはマジで暗殺されかねませんよ。,14,永野聖志
144-4,告発はされているんですが、なかなか難しいですかね。,24,ぱぴこ
145,嘘ばかりのエセ専門家の発言と、それしか取り上げない大手メディアの中で、唯一正義感を持って真実を伝えるCBC様に感謝、感謝ですし暗黒状態の中での希望の光です,0,野良ちゃん,0
146,TV報道もちゃんと真実報道して欲しいね⁉️,0,シエル 水嶋,0
147,医療従事者がこんな状態では安心して病院に行けません。,6,鈴木幸,0
148,打たなくてほんとに良かった。打たせなくてほんとに良かった。でもコロナになったことはないし、この先PCRも受けるつもりは絶対にありません。,0,ああ,0
149,大石さん、カッコいいな大好きだよ🍀,5,絵夢,0
150,5年10年後に死ぬとは思って無いがこれでは打つ気にならない、こんな話日本だけじゃ無いからね　ワクチンが原因じゃ無いとか聞くがなら何が原因かちゃんと答えて欲しい,8,リヒリヒト,0
151,この方々がどういう考えで摂取を決めたか不明だけど、俺の周りの看護師は「子供にも早く打たせたい派」だったし、1、2回目ワクチンを射ちに行った病院の看護師は「データが出てますので」と摂取推奨丸出しだった（ワクチンに対してネガティブなデータも散々あったはずだけど）。「あっち側」に居る人達は偏った情報を聴きやすいし、患者を見る機会も多い。だからそれが正しいと思いがちなんだなと思う。逆の意味で陰謀論者と同じ匂いがする。俺は①仕事柄お客さんへの安心感②自分の健康状態から副反応も弱いだろうと判断③副反応を体感したかった、ので2回目までは打った。だけど弱毒化してからはマジ無駄だと思う。,6,長谷川純,6
151-1,@DLE EOT ありがとうございました～。ニコニコ見ましたよ、全部観る根気がなかったですが。,0,長谷川純
151-2,@長谷川純 さんテレビが言ってくれたら信用されるんでしょうか、、私は鹿先生や井上正康さんの発信で情報を得ています参考でご覧になって、信頼できる情報かどうかはご自身で判断してください。最終的には自己責任です,0,DLE EOT
151-3,@DLE EOT へぇ～～～はじめてききましたぁ,2,長谷川純
151-4,２回接種した人が３回目打たないと自己免疫が下がったまま抗体も下がってきますよ、そのままだと日和見感染で他の病気になりやすくなりますこれを回避するのが３回目の意味です。途中でやめることが最も危険だと私は思います。,0,DLE EOT
151-5,２回目までは私も意味があるのかもと思いますが、昨年末以降は、もう弱毒化もして本当に無意味だと思います。昔の型のワクとか害しかないと思うマジに在庫処分か実験か日本政府異常すぎる,8,2019 netboy
152,持病が再発しますよ家族も、二回目を打ったんですが何ヶ月化後に持病が再発。以前は手術しなくてはいけないほどではなかったに、今回は手術しなくてはいけない程、重症化してしまいました。やはり免疫力が落ちたせいでしょうね風邪も引きやすくなりました病気になりやすいのです,11,わんここねこ,0
153,ニコニコ動画・・・JPSikaDoctor「イギリスワクチンサーベイランスレポート第12週」「コロナ禍を終わらせる唯一の方法」「テレビ医者の世界」「mRNAワクチンの基本事項（カリコ理論）」,4,Y K,0
154,青森県八戸市でもワクチン接種後に休職されている医療従事者の方がいるそうです😞,6,にゃんトラ,0
155,名古屋市とCBCは、名古屋人の誇りです。,9,chie,0
156,気の毒に思いますが、自分の身を守れなかったのでは「豊富な医療知識」とは何だったのでしょう。,4,VG,1
156-1,学校で習った知識は豊富でも、未知の薬品の事を自身で調べるというスキルはなかったのでしょうか,3,DLE EOT
157,ワクチン接種者が産む子どもに影響はありますか？健康な子どもが産まれてくるか心配なので、ワクチン接種してる人と結婚するのが怖くなってきました…,9,渋沢栄二,1
157-1,ニコニコ動画で井上正康先生調べて下さい。お役に立つと思います。,0,イーストブルー
158,うちの会社には3回目接種をされた社員の方もいますがこういう話を聞くとゾッとしますね。後遺症を患った方々が一日でも早く快方へ向かいますように🌟,2,いでっち,0
159,ワク珍を打つ人ってこうゆう情報を知らないのか、信じないのか、自分は大丈夫って思ってるのか、どうなんだろう？,6,コガネメキシコインコ,0
160,ワクチン接種で後遺症になるなんて本当なんの意味あるのだろうって感じです今まで普通に生活しててワクチン接種受けただけで私も本当こわいよ大丈夫かなぁ,3,なっち,0
161,大石さんの解説、毎日番組内で放送されているのですか?YouTubeで拝見しておりますが、チャントが見れない地域なのでリアルタイムで視聴してみたいです。,1,むっちゃん,0
162,なんで接種したのかはわからんが、そもそも接種する前にこうなる事も覚悟していなかったのか？,42,やまだてつと,1
162-1,どうなんでしょうね私の彼女は死ぬ覚悟して打っていましたが、今は副作用が出ているので、３回目は許してもらっています。看護師も人間なんだけどな不死身じゃないっつうの、実験台はやめて欲しい,3,2019 netboy
163,大石さんいつもありがとうございます。応援しています回りの方にもお伝えしていますが理解してもらえません。,1,Pみなみ,0
164,なんでワク〇ンなんて打ったんだろう…,4,ガォー,0
165,大石さんありがとう、こびナビはどうみるんだろう,3,しゅーや,0
166,愛知だけでなく、全国にワクチン後遺症患者を救う会を作りましょう！全国に広げよう,5,すぱーくる_Sparkle ,0
167,これ、半年、一年後、世の中荒れますよ。必ず。皆さん備えてください。どう備えればいいかは俺にもわかりませんが。,6,きた,0
168,私も同じ病気持ちですが、そもそも免疫系の病気なのに何故打つかなあ？私はインフルのワクチンも打ちませんよ。ご自分の病気くらい、勉強なさって、医師の言うことを鵜呑みにはしない事ですね。まあ、打っちゃったし、お大事にしてください。,6,良趣〜ラッシュ,0
169,ダメよ。射ったら。職場の同調圧力にあっても　みんな我慢して射たないでいるよ。職場の同調圧力って　違法です。禁止されています。労働基準局に訴えても良いし　簡易裁判所に訴えても良いし。,7,櫻櫻,0
170,血管の炎症なのかな。,1,W B,0
171,イベルメクチンは?長尾クリニック長尾先生に。。。,37,mokotya,1

172,看護師、介護士ら医療従事者に選択肢は無いですからねぇ続けたいなら接種するしか無い経営医師なら誤魔化してる人もいるみたいですけどね医療従事者が結束して立ち上がらないと信用無くしますよね医療従事者の責任は大きいですよ,4,黒岩真司,0
173,世界一全うなCBCさん,17,S&Sチャンネル SnimaS,0
174,ワク後遺症の方が可哀想です。,0,くさっちくさっち,0
175,2日後に抗体がMAXまで上がると体に負担がかかるようです。,1,当たり,0
176,大石さん、この情報取り上げて下さいまして、有難うございます。私も看護師のお二方、によく似た、症状で検査入院中です。,3,千葉亮,0
177,イベルメクチンがいいかも,13,Hamai Susum,0
178,大石さんは以前と声が違う気がする,1,うどん仙人,0
179,誠実な情報有難うございます。いろいろな意味で正常な世の中になって行く事を願います,5,spike,0
180,よく消されないよね,17,ボイジャン,3
180-1,まだ任意だから。ケンポー改悪してないから。緊急事態ジョーコーしてないから。,0,月蝋梅
180-2,マジそれな,4,2019 netboy
181,コロナ被害を小さくするために、必要な避けられない犠牲者だったのかな。接種を受ける受けないを判断する余地を残さなかったのは、このＣＢＣも含めたメディアだ。,1,setsuo katsuta,0
182,注射　こわいですね。,7,26c62626yamashita,0
183,若い看護師さんたちが今でもほぼ強制状態で3回目接種されていることを思うと、心が痛みます。,1,CountrysideCat-田舎ネコ,0
184,アメリカの裁判所でファイザー社が呼び出され副作用について報告書を提出させられた。その時に1300種類の副作用の事例があると発表した！,6,araki1079,1
184-1,「1300種類の副作用の事例」については、治験とか研究において事前に関心がある有害事象が1291項目設定され、実際にその項目が起こった場合に報告するようリスト(管理項目）が設定されたいただけです。実際に1291項目の副作用があったこととは違います。そのことをあたかも1291項目の副作用の事例があると誤報道されただけです。,0,Mustang
185,3/1 FDAP社の承認資料開示有○事象 1291種類,7,がんばろう!日本,0
186,私もワクチン2回目接種後40日程度経過後、紫斑が出ていました。　それから血液検査を受けましたが異常な数値は出ていませんでした。　接種後すぐに検査していたら・・・幸いなことに嗅覚の軽度異常？（仕事中、就寝中関係なく突然焦げ臭さを感じる。）と半年たっても治らない紫斑。,0,井上英幸,1
186-1,ニコニコ動画で井上正康先生調べて下さい、お役に立つと思います。,0,イーストブルー
187,情報が遅いメディアに毎回失望する,3,i i,0
188,ロットごとに成分違うって聞いたけど熱とかだけの人は毒性低くて後遺症とか亡くなったりした人は毒性高いのにあたったって事？,2,森のブルドーザー,0
189,１回も打ってない・・・・・４回目もあると聞いて、ただ呆然と眺めてる我,10,おいも,2
189-1,@ボコリン えっへん。自然免疫最強,0,おいも
189-2,我打たぬゆえに我在り。生きててよかったね。,1,ボコリン
190,仕方ないじゃない。治験段階のを打ったんだよね？副反応とかでても治療は自己負担つていう同意書に署名したでしょ？,8,angel presents,1

191,いつもはっきりキッパリとした口調で分かり易く情報をお伝え頂き感謝しております。ワクチン後遺症問題は人として放置してはいけないと思ってます。遺伝子注射を軽々しく扱っている人類への強い警告のような出来事。地球に生きる人間である以上自分のこととして向き合わなくては！今後も取材続けて実態を教えて頂きたいです。,1,SORA NAKAJIMA,0
192,なぜいまだに大石さん以外のTVの人間はスルーする？なぜ、誰も声をあげない？できないならせめて長尾先生を積極的にメディアに出すべき。3回目どころか4回目？5回目？メディアの責任は大きいし、その責任を問われる日がくるだろうな。現に媚ナビは逃げ始めたし・・・。,6,サイコロマン,1

193,先日、CBCテレビさんを悪く言うTwitterを見かけました。でも今のTVは同じ方向性の情報しかない。それがおかしいと私は思っています。色々な意見はありますがどうか他のTVに追従せず真実を伝えて続けてください。よろしくお願いします🙇‍♀️,3,ぷちっと,0
194,残念ですが、その望まれている【適切な治療】と言うものが、現時点では無いそうです💦何故なら、ﾜｸﾁﾝ後遺症と言う病名自体がまだ国で認められておらず、薬理作用等の詳細は世界初の遺伝子薬品であり、その【治験中】なのでこれから研究される事項となっているようです。恐ろしい事です😔未来には有る治療法ですが、現時点ではまだ無いとの事。しかし、研究も日進月歩で進んでいるので近々その治療法等は確立されると信じます。,3,achako,0
195,CBCはこの際、ワク珍危険派に転向したらどうですか？もちろん全社をあげてです。多局はほとんどワク珍推進派だから視聴率的にもいいと思いますし、良心的な局であると思われます。そのうち必ず危険であることがわかってくるんだから、早めに転向した方が得策です。私は応援してます！頑張れ、CBC!,2,コガネメキシコインコ,0
196,大勢が当たり前のようにマスクをしワクチン接種してる日常、不気味です。,6,kokoro yamakawa,0
197,Twitterユーザーのガーベラさんですかね。,7,安部礼司,0
198,拡散すべき内容だと思います！！真実に目を背けたらいけない。こちらの動画は数ヶ月前からブレることなくずっと訴えてますよね。心から応援します！！そして私はこの先も絶対打ちません。ありがとうございます。,3,ぴこぽこ,0
199,👍👍👍,1,Mr. M,0
200,さんまも出川も打っていない‼️何か知ってる、、,2,14画,1
200-1,さんまさん打ったよ青汁王子もね,0,虎北
201,基礎疾患のある方は主治医の診察を受けてワクチン接種しても良いかやらない方が良いか相談して決めた方が良いと思います私も基礎疾患があり主治医に相談したら3回目はうたなくてよいといわれました,2,keitoku209,1
201-1,１〜２回目も相談されたんでしょうか１回目を止めない時点で倫理観のない医師だと思います,2,DLE EOT
202,そろそろ本質にメスを入れましょうよ。,2,鶴光,0
203,岸田さんも、国内のことを優先していただきたいですね、この関係の問題は、今後増えていくでしょうね、,0,江戸川ぶんご,0
204,厚労省「因果関係不明ですね」,1,hide hide,0
205,病気知らずの母親義母が、去年末に立て続けに難病にかかりました。2回目摂取済でした。ワクチンのせいだと思いたくないけど、、ワクチンのせいじゃない？とは本人にも言えないけど、、複雑な思いです。,1,おぽん,1
205-1,ニコニコ動画で井上正康先生調べて下さい。お役に立つと思います。,0,イーストブルー
206,口から食べられないと更に弱っちゃうんだよ…,1,さゆ,0
207,お注射推進の為の新型コロナ茶番劇も暴れてきましたね。,1,alain delon,0
208,後遺症対応センターを作って,3,もいぱもいぱ,0
209,何故に、厚生省は情報提供しないのでしょう❗💢😠,2,中永礼子,0
210,色々言ってても打ったんでしょ？,2,東の工事,1
210-1,自己責任であることは医療従事者が一番知っているはずなのに、、,3,DLE EOT
211,何故なら　自然免疫力が下がったから,6,hirogp,0
212,知り合いには一人もワクチン後遺症になった人居ないんですけど。,2,ダミー,1
212-1,ニコニコ動画で井上正康先生調べて下さい。お役に立つと思います。,0,イーストブルー
213,🌴🌏🐎未だに地方田舎では幼い子供達にワクチン接種され哀しい公開ありがとう御座います📱,0,宮本百合恵,0
214,発生したことを紹介しただけ勝手に想像して不安になるのは観ている人の問題で番組を作った者には関係ありませんとりあえず字面のインパクトで数字が稼げました,9,ooutsuke1560,2
214-1,@ジュリエッタ deたっちゃん 私の看護師彼女も当たったーーーー,0,2019 netboy
215,私も同じ血小板減少症、紫斑病でした。不安でワクチン打ってません。ワクチン打ってないと言うと周りからあからさまに嫌な顔されます。でも怖くて打つ決心ができません。自分のためじゃなく、周りの人のためにワクチンは打つべきなんでしょうか。,2,Alinco k,4
215-1,迷ってるくらいなら打った方があなたにとっては賢明という事です。,0,アクアマリン
215-2,打ってはダメです大変なこともあるでしょうが　ここはのらりくらりと時が経つのを待ちましょう　私も2回打ったけど今後の不安があります,3,tao tao
215-3,人のために接種するなんてこと、これまでの医療の歴史に鑑みてもありえませんよもし言われたら「あなたは接種しているから私が接種してなくても守られていますよ」と言って差し上げましょう。,11,DLE EOT
216,可哀想だな。医療関係者だと、受けたくないと言いづらいのだろうな😭何とか治ることを心から願っております。子供達の接種、非常に恐ろしいです😭,0,ちりめん　じゃこ,0
217,振り込め詐欺と同じでバレるまで、やり続ける。,3,吉田一至,0
218,いいからさっさと元ファイザーの副社長のマイケルイードン博士の内部告発を取り上げろって,1,浩二,1

219,持病の悪化ですね。,27,AquaOOOaupA,0
220,自ら障碍者に為らなくて良いのにな,0,hihi popai,0
221,※コピペですがアメリカ在住です。病院に押しかけてる方々のほとんどが接種完了者だと看護婦である告発者が暴露してましたよ。なぜそうかというとほとんどの方々に血栓が見つかったそうです。普通に健康だった人にはコロナ感染後に血栓はできませんよ。血栓はmRNAの副反応ですから。ほとんどの障害そして死亡者は接種した方々か接種した方々と生活空間をともにしていた方々です（接種者がスパイクタンパクを排泄し他者に感染させている疑いがあるそうです）。私の周りにも接種した方々が二人も亡くなってます心臓発作でした。コロナは呼吸器疾患ですから心臓病でも持ってない限りコロナで心臓発作で死ぬことはあり得ません。彼らはいたって健康でした。コロナが流行り出した去年テレビで病院がてんてこ舞いだということを聞いた方々がそれらの病院へ行ってみたら病人が全くいなくて静まり返ってたらしいです。その頃はまだワクチンがありませんでしたよね。国民に恐怖を植え付けるためにフェイクニュースを流しワクチンを打ちたくなるように誘導しようとした心理作戦だったのでしょう。ワクチンを打ち始めたら都合よくデルタ株が登場。しかしフェイクニュースからは病院が対応できないくらい忙しいなんてほとんど流してません。でも代替メディアでインタビューを受けてる医療関係告発者などは副反応で入院してる人で溢れてると言ってます。去年と今年の違いはワクチンです。去年私の会社でも感染者が多数発生しました。しかし死亡者はゼロでした。ワクチン導入以来私の会社でも死亡者が多発してます。私はデルタ株も実存しないと思います。なぜならある方がCDCに電話を何度もかけデルタ株にかかってるのかどうかを知りたいと聞いたらテストではどの株なのかは判定できないと言われたそうです。しかしCDCはデルタ株は感染力が強いなどと断言してますよね。死亡者の何人がデルタで死んだのか判定できないんですよ。なぜデルタ株は感染力が強いと断言できるのでしょうか？第一COVID-19ウィルスでさえ分離できてないんですよ。分離にも成功してないウィルスのワクチンが製造できるでしょうか？あなたがワクチン接種完了者かどうか存じませんがmRNA発明者のマローン博士（Dr. Malone)や元ファイザー者の幹部であったイードン博士(Dr. Yeadon)が接種してはいけないと警告してます。このワクチンを打つと多くの方々が２、３年以内に何らかの合併症で死亡するとイードン博士がおっしゃってました。このパンデミックは全てがデタラメです。目的はこのジーンセラピー注射（又の名をcovid-19ワクチン）を一人でも多くの人に打たせることが目的だったと思います。怖い話ですがつまりは人口削減のためです。,2,浩二,0
222,100万程度の医療費で甘えるな。,5,セイゲニスト,0
223,無関係だよーんだって政府が認めてないじゃん陰謀論乙ー,3,superspective,11
223-1,いっぱい釣れましたね,1,H Aono
223-2,あなた、大丈夫？？どんだけ羊なの。恐怖すら覚える。,37,hui qian
223-3,何がなんでも接種させたい政府が認めない事が正しいと思うんだ。羊さん乙ー,36,yuhito0214
223-4,せいふ？なんか信用してんの？,60,山桜
