1,母が小児科医です。クビを覚悟で患者への接種を拒否しています。「治験中であり安全性が不明なモノを子どもたちに射つ訳にはいかない」と。,578,mio,19
1-1,そのような方がいらっしゃって本当に有り難い思いです。ついコメントしてしまいました。,0,s a
1-2,有難うございます!応援しています🌸,3,Ｒ:輝く未来✨The shining future✨
1-3,素晴らしい。本物のお医者さんですね！,13,mint mint
1-4,医者として素晴らしいです。,14,y k
1-5,もしも解雇されたら次の勤務地を教えてください　孫を連れて受診します。関西でしょうか？,11,このはなゆり
1-6,@原田時宗 様〰️会場で、半日接種ウン十万と、読みましたが〰️事実はわかりません〰️バイトは、1500と〰️,6,mai ougi
1-7,素晴らしいお母様ですね。尊敬いたします🙇,29,鈴木はるか
1-8,勇気あって偉いと思ういます。一般のお医者さんは、政府の事をまともに受けて行動している。ワクチン接種副反応の事を考えることが大事と思う。特に子供のため。,31,原田時宗
1-9,勇気のあるお母さんですね。小児科医の方が声を上げてくれるのは嬉しい。,48,yamato
1-10,Respect,34,油管惧而蔽者
1-11,素晴らしいお母様ですね。これからも信念を貫いて頂きたいです。主人も病気持ちなので先生に相談したらお勧めしません。といわれました。感謝しています。お母様も皆さんに後々感謝されると思います。,62,山路千恵子
1-12,立派な先生であるお母様、誇りにされ、守って下さい。ありがとうございます。,62,ノームミッターマイヤー
1-13,素晴らしいです。,56,ポンレオ
1-14,母には、娘である私がHPVワクチン副作用に苦しんだという失敗経験があるんです。HPVワクチンにはガの幼虫が使われてますが、接種後重いガアレルギーを発症しました。新コロワクチンやインフルワクチンの中にもガの幼虫を使用しているものがあります。後悔しないためにも身体に直接入れるものの成分はよくよく調べることをおすすめします。,110,mio
1-15,近い未来に､お母様は素晴らしい判断をしたと皆様が言ってくれますよ。😉,102,伊予柑橘
1-16,応援しています！,97,そらまめ
2,流れが変わりつつあると感じます。これも大石さんのような方たちの真摯な報道や配信のおかげだと思います。いつも本当にありがとうございます。被害者の救済も必要なことですが、やはり未然に防ぐことが一番ですので、一刻も早く打たなくてもいいという流れに変わって行くことを切に願います。,229,HI LOW,0
3,今は叩かれることも多いと思いますが、大袈裟ではなく大石さんと、この番組は後に報道番組の歴史に残ると思います。政府、与野党、大手マスコミ全てがワクチン接種を激推しする中、下手したら潰される状況で疑問の声に光を当てるのは並大抵の勇気ではないと思います。,721,K K,8
3-1,@あさささはな ここ一週間くらいやね。毒チンのこと普通に批判できるようになったの。,6,ラッキー純
3-2,ワクを激推ししてるのも怖いけど、1番怖いのはグーグルに圧力かけて検索してもワク後遺症に関する情報を出さないようにしている事だな。５ちゃんでも一時期ワク関連の書き込みするとすぐに規制くらって書けなくなった。こんなとこに税金使って情報操作してるのが１番怖い,9,あさささはな
3-3,@たなか ビル・ゲイツは何でもふつーに発表しとるが？,7,ラッキー純
3-4,@ベテルギウス 計画では８月にコロナの茶番は終了。ＷＨＯの最大スポンサーのビル・ゲイツが言ってたね。,29,ラッキー純
"3-5,しかも長期からの計画的プランデミックです。10年以上前の🌏保険機関優生👨‍🎓🐚会議でのある人物の発言(詳しく書くと投稿出来なくなります)「🐑🐑🐑""""が強制枠を受け入れたら、それで🎮は終わりだ奴等は何でも受け入れる…略」,34,ベテルギウス"
4,もっと恐ろしいのは後天性の免疫不全です。自然免疫低下による自己免疫性疾患で親父がガンを発症しました。もちろん因果関係は認めてくれませんが、昨年の夏にワクチン接種後、帯状疱疹を発症しているので、その時点で免疫力が落ちていたと思われます。もともと免疫力の落ちた高齢者は注意が必要でしょう。,478,musasino3423,0
5,名古屋市が率先して副反応救済に動いてくれれば、日本全体の大きな動きになってくれると思います。東海エリアでは愛知県より名古屋市がリーダーだからお手本になってくれるとうれしいです。,709,ユカリーヌ＠正義の味方ちゃん,5
5-1,日の丸るって、日本の国旗では❔自は、心中日の丸でない方々も😣,0,mai ougi
5-2,@ken satou 名古屋は江戸の頃より中央政府には反骨精神をもって接しておりその名古屋人のDNAにも反中央の精神が刻まれていると思います。将軍吉宗の倹約令の時に仕事にあぶれた上方や江戸の芸能や工芸人を尾張に受け入れて保護したりしていました。おかげで尾張藩主吉春は中央政府の怒りにふれ隠居させられてしまいまいましたが。選挙でも親方日の丸でえばっている自民より革新のほうが人気があったりします。,41,三条ひこ
5-3,名古屋ってタモリとかに悪口言われていたり、イジられているけど良い所やん。名古屋市民は羨ましいですわ。,54,ken satou
5-4,ウナギイヌみたいな責任者は全く信用ならないですからね。,67,Shinji Yano
6,地上波でまともなニュースやらなくてネット等や海外の資料ではもちろん危険性を知ってて疑問に思ってたけどこんなに公平でまともに情報発信してる方がいるんですね。素晴らしい。,202,クマクマ,1
6-1,名古屋市の河村市長市民を守ってるんですね東京の知事とは大違い,2,村越洋子
7,ここだけ公正な報道って日本はどうなってしまったのだろうと思います。大石さんＣＢＣの皆さん、ありがとうございます。重症ではなく重篤の方が２００人以上いらっしゃることはとても看過できることではありません。大事な時期に人生を狂わされたお子様・ご家族、いたたまれない気持ちでいっぱいです。,621,TCB SKE,13
7-1,@プーチン&トランプ応援団長 いやあ、随分ゆるくなっていますよ!１回目の頃!その前後!と今では!,1,スズキマサミ
7-2,@スズキマサミ バン規制なんか終わってませんよ。,5,プーチン&トランプ応援団長
7-3,@スズキマサミ あんただけ,3,プーチン&トランプ応援団長
7-4,@プーチン&トランプ応援団長 全部肯定して称賛したら、人は信じませんからね!たけしにしろ、ブラマヨ小杉にしろ、今頃ですよ!You Tubeでのバン規制がゆるくなったタイミングで〜。セコさを感じるのは、私だけ？,5,スズキマサミ
7-5,@スズキマサミ お仲間だったら副作用は隠しますよ。例えばこんなの放送したりしますか❓https://youtu.be/EfnfaVxZNNU,4,プーチン&トランプ応援団長
7-6,@プーチン&トランプ応援団長 例えば、良い製品は、何もしなくても売れる？良くない製品でも、セールスが確りしてれば売れる？世の中に品物なんてありふれてて。良い品物もその他の品物に埋れ、特異性が埋没してしまう。製品の一般化が起こる。特別な一品、特定物だったはずのものが、その他大勢の種類物の中の一つになってしまう。良くない品物でもセールスが確りしてればうれる。セールスでは効率が悪いから、プロモーションをする。テレビを使って!テレビのコロナ狂想曲。これ、プロモーションとして観てみたら!?エンドロールのクレジットに、FDA、ファイザー、モデルナ、アメリカ政府とあり、制作、放送に各テレビ局。コマーシャルが訴えているのは、想像上の疾患に対する奇跡的な○○!○○は、何？しかも○○打ってるのに、その効能を否定するかのような行政の対応や、治療薬!?テレビは、ワクチンを魅力的な製品に見せるためのプロモーションの一貫。これをコマーシャル枠でなく、なんならニュース枠で煽ったところがミソ!大石さんもお仲間でしょ?,0,スズキマサミ
7-7,@スズキマサミ というと、どういう意味か教えて下さい。確かに、大石様はCBCのアナウンサーです。そして、CBCは中日新聞社のテレビ局です。東海テレビも同じです。中日新聞社は左翼席に座っています。大石様は、この報道して、椅子を持っていかれるかもわかりませんよね。私の目から見て、完全に今の日本の報道（左翼席のグローバリズム）とは異なった内容です。まさに、中立公正な姿勢と思われます。,13,プーチン&トランプ応援団長
7-8,マッチポンプに見えるのは、私だけだろうか？,9,スズキマサミ
7-9,そもそも公正な報道なんて無いし、視聴率至上主義でそれを目指そうとする人の方が少ないでしょう。何十年も変わってないと思いますよ。その前提でメディアの情報を見ないと簡単に洗脳されるでしょう。自分も何かに洗脳されてるかもしれないですが。,9,さとう
7-10,自民党や製薬会社や医師会はそんなことはどーでもいいんだ。,23,ラッキー純
8,子供の長い人生、どんな悪影響が出るかわからない物を今早まってしまうのもどうなのかなと考えさせられますね。大石さんとCBCさんの真実の報道のお陰で確実に救われる人達子供達がいます。本当に感謝です。他のメディアもデメリット開示を積極化し「個人の自己判断で打つ事を選択しましょう」な風潮になってほしいです。,482,ruka i.,5
8-1,@ラッキー純 政治屋の家族親戚の接種状況は全く出てこないよね。,25,ma sa
8-2,本当ですね!周りがやるからでは無く、親がしっかりと情報を得て判断して欲しいです!,87,Haru Kato
9,大石さんに本当に感謝しかないです。ありがとうございます。,269,moon,0
10,他の報道機関では小児科学会も小児科医会も接種を推奨しているかのような誤解を与えるような報道している中、このような発信をしてくれて本当に素晴らしい。ワクチン副反応認定者への救済の話が出てるのに、これ以上ワクチンによる被害者を増やさないようにという方向に話が向かないのは何故なのか。,415,茶太郎ちゃんねる,5
10-1,@しなか 言葉の取り方というか相手の意図の捉え方なのかもしれないですね。十分な議論や準備の上で接種を実施するというのは、言い変えると十分な議論や準備がないまま接種を実施するべきではない、とも取れるかなと。本ワクチンの効果は感染予防のためというよりは、むしろ発症時の重症化予防のためのワクチンとの意味合いが大きいことから、そもそも重症化することが稀な小児期の新型コロナウイルス感染症においてのワクチン接種の意義は成人・高齢者への接種と同等ではないといえる。ここらの一文を添えるのところが、本音を言えない精一杯の抵抗に見えました。もう片方よりは多少マシぐらいな話ですけどね。,11,茶太郎ちゃんねる
10-2,@しなか 日本小児科医会もその表現が精一杯ってとこかもしれないよ。,6,ラッキー純
10-3,日本小児科医会のホームページ見ましたか？議論、準備の上でワクチン接種の実施が求められると明確に書いてあるので、自分は推奨してるようにしか読み取れません。この動画の方が誤解を与えると感じましたが。以下日本小児科医会ホームページの内容抜粋総合的に勘案した場合、具体的な接種方法などについて十分な議論と準備の上で本ワクチン接種を実施することが求められる。,2,しなか
10-4,ほんとこうゆう報道はありがたいです、https://youtu.be/SrOteaNDlnwいい流れになりますように😊,22,成長チャンネル
11,市長さんが動くとは。リスクに対応出来る、当たり前なのに他はなかなかやらないから、素晴らしいように感じました。お医者さんも患者さんの為に働きやすいでしょう。,321,ch sA,0
12,名古屋市長見直しましたとにかく力ある方々がこうやってどんどん発信して行って今の状況が変わるのを本当に本当に心から願います😭大石さんは私達の希望の光です😅,107,アキちゃん,0
13,大石さんの勇気に勲章🎖。,699,hpitotaka93,13
13-1,良心に👍,3,油管惧而蔽者
13-2,おれもやれることしてワクSTOPしたい！チラシ配りならできる。やるぞ～！みんなでやろうぜ！,6,秀兄さん
13-3,私も今週からチラシ配り始めました。みんなでやったらすごい力になりますよ💪,5,優子あんど
13-4,そして河村市長には金メダルを。これで心置きなく噛めるがねーw,6,大河内拓雄
13-5,@HeartstringsRecord Noteでno1kaiさんが無料チラシ30万枚配布やってますよね！そういうので伝えていく方法しかないですよね。地道にやれば思いも伝わるかもしれません！,7,mi
13-6,@mi 草の根というと、チラシ配るとかでしょうか？,7,HeartstringsRecord
13-7,@gorudaku そうですね。テレビで言ってくれないと情報が伝わりませんよね。草の根でやるしかないのでしょうか。,7,mi
13-8,このような情報がどうして他のテレビや新聞ではでてこないのでしょうか？なんとかもっと広く知らせる方法はないのでしょうか？,8,gorudaku
13-9,@きちとら 何言ってんの？？,1,森の麦ちゃん
13-10,ビル・ゲイツ2021年10月1日グアンタナモン刑務所絞首刑１５分もがき苦しんだ,4,きちとら
13-11,@ラッキー純 ファイザーCEO逮捕された、ほかなYouTube,5,きちとら
13-12,大石さん😃ありがとう😉👍️🎶あなたは救世主です。悪⚪️に命を売った人は必ず裁きを受けます。自分の命は一つ、タヒされないように気を付けよう！,23,hondaアズビー
13-13,医師や製薬会社は悪魔だな。,74,ラッキー純
14,残酷なのは子供が正しい情報を知ってる上で、親に打たされる事だよ…逃げる事も拒否も許されない…悲しいよ…😢,55,食ぱんマン,0
15,いつもありがとうございます。奈良県は５波の時に緊急事態宣言を出さず散々県知事が叩かれていましたが今はそれが正解だったのではという風潮になってきております。コロナワクチンの副反応に対応してくれる病院を県が募ってほとんどの病院で対応できる体制もできています。奈良市では濃厚接触者になった場合のPCR検査を取りやめました。世の中が変わりつつあります。大石さまこれからも頑張ってください。,261,Black mint,3
15-1,奈良県民ですが、知事のやり方が素晴らしいとは思いません。後遺症対応病院があっても後遺症の知識など無くまともな治療はしてくれません。コロナ対応の発熱外来も小児科は奈良市に一つしかありません。子供がコロナで高熱がでても見てくれる病院無かったですよ。保健所から30キロ先の午後診療やってない小児科を紹介されました。電話番号教えてくれるだけです。直談判で行けと。奈良の医療は今、メチャクチャですよ。,4,marina -
15-2,奈良県、素晴らしいですね。,51,wa ka
16,「感染とワクチンリスク」の表がほぼ答えなんだけどね。若年層に関しては確実に不要。それ以外は自己責任で判断。,241,すずぽんの勝手に言いたい放題,3
16-1,オミクロンに至っては間違いないわ。　むしろワクチンで死亡した場合、一切フォローが無い現状が異常すぎるｗ,7,Masato
16-2,すずぽんさん、応援しております。👍,12,伊予柑橘
16-3,すずぽんさんいつも観ています📣,25,Yuri
17,全国放送してほしい。,277,mame,3
17-1,大石さん、関係者の皆さん本当に感謝申しあげます。日本のマスメデア、N,4,さくら
17-2,河村市長素晴らしいです。鎌倉市の市長も他の市長も見習ってほしい。,55,中嶋敦司
17-3,本当に！情報を知らない人たちに知ってほしい。,54,ぎぼっち
18,大石さん、CBCの皆さん、しっかり情報を伝えてくださり感謝しかないです。信用できるTVはここの番組だけです。これからも応援してます。,181,hachimitsu,0
19,さすが名古屋市だね。名古屋の福祉事業は日本のなかでもかなり上のレベルをいっていると感じています。,353,三条ひこ,5
19-1,@さんうさこ ほんとだて、よぉ頑張っとらっせる,5,ranger S
19-2,@三条ひこ  名古屋市長の年収は601万で、普通の会社員並みです。お金がいくらあっても満足しない、テレビでお馴染みの補助金稼ぎのお医者様とは大違いです。,22,さんうさこ
19-3,@さんうさこ ほんとそうですねー一度大須でばったりお会いしたことがありましたがとても気さくな方で肩に手をまわしてこころよくピースサインんで写真一緒に撮ってくれました,7,三条ひこ
19-4,河村市長は色々言われてますが、我々庶民には優しい市長です。,51,さんうさこ
20,名古屋市民です。河村市長は不器用とは思いますが、市民思いの素敵な方です。政治家の給料や権利を国民レベルに近づけるよう働きかけているからか、特権に甘んじたい勢力から疎まれ、メディアによってネガティブな印象を与えられていると感じています。,74,Saku O,0
21,意義に異議有り、。「打って打って打ちまくれ！」と言う知事、「よー考えてチョーよ」と言う市長。CBC、大石さん、今回も深堀ありがとうございます。,352,ドラママ,3
21-1,人間、金の奴隷しかいないからね。あなたも同じ立場で金握らせたら、なんでもするでしょーに。,1,健康
21-2,岸田さんワクやめましょう。,13,中嶋敦司
21-3,一人の地方局のアナウンサーの方が、県知事よりはるかに立派に日本人を守っている。,35,asibagu3
22,大石さんの説明力は分かりやすく、為になりますからありがたいです。,299,たつま,0
23,一貫した報道姿勢が素晴らしいです、今回もありがとうございます。,373,耶麻斗武瑠,1

24,ありがとうございます。三人の母ですが、冷静に考えれば答えは一つです。子を守れるのは、親だけです。,65,はる,0
25,事実を事実として比較できる情報をありがとうございます,330,suzukaze,2
25-1,@ちゃこのぶ 　ちょっと何いってんのか分かんないｗｗ,5,ken satou
26,【重症と重篤の違い】重症…重いが命の危険性が少ない状態重篤…命の危険性がひっ迫している状態コロナ感染が重症者、ワクチン副反応が重篤者となっていることにご注意ください,157,ptw,0
27,愛知県知事は打て打ての超推進派。。河村市長、どうにかしてください!期待してます!,177,Y GOTO,0
28,CBCさんが突破口になってくれて嬉しいです。色々な人に伝わって議論が広がるのに期待。子供接種開始まで日にちがわずかしか残されてないけど。,72,のむらさん,0
29,地元の打ちまくれーの大村知事には呆れてたしたが河村さんみたいな頼もしい方が名古屋にいてくれて嬉しいです！貴重な情報を頂きありがとうございます！,116,pootan,0
30,打つべきか打たざるべきか、しっかりと考える材料として正確に情報を提供して頂きありがとうございます。,110,m h,0
31,友達のお母さんが看護師さんですが、半強制での3度目の接種、そして子供がいる私達に、あんなもの絶対しちゃダメだと言ってます,169,t chan,0
32,いつも有難うございます。多くの健康被害結果が出ている中で、3回目、12歳未満なぞ言語道断。今後は被害者患者の救済の時期に入りつつあると思います。過去最大の薬害事件に発展する気がします。,117,ｸﾐﾉﾝ11,0
33,対立する意見の両方を伝えていてとても解りやすかったです。他のマスコミはワクチン接種をゴリ押しするばかりで反対意見は流しませんからね。,329,横山三太夫,1

34,最後の努力義務についての大石さんのお言葉が打たないと決めた者にとっては大変温かく心に染みました。努力義務に反する罪悪感もあり肩身も狭い。けれどこちらの居場所もちゃんと与えて下さるような大石さんのお言葉に心が楽になりました。大石さんCBCさんいつも応援してます。,135,ruka i.,6
34-1,@ふくちゃんマネージャー 結局自分の命を守るのは自分ですよね。努力義務なんて曖昧な言葉に従って打って後悔しても最悪はあの世行きで誰も助けてはくれませんからね。同調圧力なんかに自由と権利を侵害されるのは可笑しな話です。,9,ruka i.
34-2,@ruka i. わざわざありがとうございます。なんら法的根拠もない日本の『　努力義務　』ですからねえ。それすらまだ決まっておりません。相当難航してます。自分と家族の命と健康を守るためにそんなもん無視していこうよと決断し実行してる最中にわざわざこのタイミングで出てきたもんですから非常に残念に感じました。命と健康、安心安全、自由と人権・・・正義はどっちですか。大変ですけど、もうちょっと頑張っていきましょう。,11,ふくちゃんマネージャー
34-3,@ふくちゃんマネージャー そう言って頂けると有難いです。正義を貫いていこうと思います。,7,ruka i.
34-4,@日下 もともとおかしなわけのわからん日本の努力義務ですが、まだ今日現在で・・・決まってませんよ。このコンテンツのミスリードです。1月26日の○○分科会での議論（５～１１才）において座長さんもたぶんそうでしょうけど、複数の委員より『　努力義務　』反対の意見が出てます。当然ですよね。,8,ふくちゃんマネージャー
34-5,そもそも同意書が必要な薬品に努力義務はおかしいと思う,17,日下
34-6,正義を貫けばいいんですよ。遠慮はいりません。罪悪感？,12,ふくちゃんマネージャー
35,この報道が全国のお父さん、お母さんに届きますように…健康な体のまま成長させてあげましょうよ!,35,ママしゅん,0
36,河村市長頑張って！,267,堀越健司,0
37,河村市長、有難うございます。いつも名古屋市民の事を考えてくれてますね。　ずーっとずーっと市長をやって頂きたい！,206,Kunshi,0
38,大石さんは、信用できる。デメリットやメリットの解説も分かりやすい。,79,ナイス孝男,0
39,名古屋市民として、河村市長の決断と、それを報じてくれるCBCのこの番組のスタッフさん全員を誇りに感じます。ありがとうございます。,134,aiai mi,0
40,検閲から守られているのはこのチャンネルだけですね！他のチャンネルは少しでも否定的なことを言ったら隠語使っててもペナルティ、閉鎖ですからね・・・😅もっと伸びるべきチャンネル！応援しています！🤩,52,まるもり,0
41,全国や全世界で動くべき大事なんですけどね…今回も動画のアップロードありがとうございます💡,361,おわたゃんねる(チャンネルではない),2
41-1,この流れを止めれない理由があるんですよね、知ってても、大きな声では言えない、大きな理由がある。,1,レインボーママ
41-2,自民党や医師会や製薬会社が妨害しているんだろ。,19,ラッキー純
42,CBCさんが全国放送して欲しいですね！いつも報告ありがとうございます！,199,ユタキチ,0
43,打たない立場で、ずーっと肩身狭く、沢山調べて悩んでここまできました。介護の仕事なので止めようかも悩みました。止めないでくれと職場と、利用者さんに言って貰えて申し訳なく思いながら働いてます。私の立場でも、社会の一員として生きてて良いのかなと思える報道をいつもありがとうございます(*´∀人)💕,134,唯,8
43-1,@このはなゆり 本当にそうなりますよね😣守りたいけど守りきれないです…,0,オイシイクロワッサン
43-2,@このはなゆり こう偏りのある報道など本当に、腹立たしいですよね😭,0,オイシイクロワッサン
43-3,@オイシイクロワッサン 強い心でいますよ。なんで打つの？って最後まで引き留めているけど全く耳に入らないみたいで、どうぞご勝手にと思う今日この頃です。,2,このはなゆり
43-4,知人の務める高齢者施設コロナ前はどんどん利用者が増えていたのにワクチン始まってのちどんどん減っているそうです。健康だったのに具合が悪くなった人も増えているそうです。,2,このはなゆり
43-5,唯さん分かります…肩身が狭い…😣でも 流れが変わって来ているようですね！これまで踏ん張って来て良かったです😊私の変人扱いも少しは変わるかしら🤭,2,オイシイクロワッサン
43-6,@スギハラマリコ 多くの人がこのような考え方でいれば、周りを気にして苦しむ人などいなくなるのにと思います。「俺たちが〜してるんだから、お前も〜しろ」みたいな息苦しい空気感を、多くの人が無意識のうちに作り出しているのが元凶だと思います。自分には自分の事情があり、他人には他人の事情がある。それでいいのに。,1,Takanori
43-7,肩身を狭くしなくてもいいんです。堂々としていて下さい。よく調べて悩んで決めた事ですよね。嫌な事は嫌という。それが自分を大切にするという事だとある方が言ってました。私も周りに流されないで自分軸で生きようと思います。,3,スギハラマリコ
43-8,素晴らしいご判断と素晴らしい職場と思います。これからもご自身のお気持ちを大事にしてくださいね。,15,Takanori
44,河村市長さんは金メダル等の軽率な行動がたまに見受けられますが、根本的には優秀な方だと思っているので、今回の救済に関しての動きは素晴らしいと思います。この動きを市町村から広げて国に届けて貰いたい。,19,cat ren,0
45,歴史に残るジャーナリズムだと思います。,62,DJ jocool,0
46,打つほうが380倍重篤リスクあるんですね。ありがとうございます。,123,abebebebebebebe,0
47,大手メディアが絶対に報道しない真実の報道ありがとうございます。もっと多くの方にこの情報が届きますことを期待します。,52,keiko,0
48,叔母はワクチン２回目うち３日目の朝、心筋炎であっという間に亡くなりました、とても元気な叔母だったのに、残念です,24,ミントミント,0
49,大石さん、CBCさんいつも貴重な情報を正しく伝えていただき、ありがとうございます。丁寧な取材が希望の光となっています。,35,ねねむ,0
50,大石さんCBCスタッフの皆さんありがとうございます。愛知は知事がワク打て打て打ちまくれという人でおかしいので河村さんのように市長さんたちが立ち上がってくれることを願います。,73,ね,0
51,報道番組は嫌いだけど、唯一信じられる番組です。大勢の人が知って意見することで、地元議員さんや国も動かずにはいられなくなるはず。皆のために頑張ってください。他メディアの無責任な報道をするジャーナリストは恥もポリシーも無いんでしょうか。,145,satoko,0
52,いつも貴重な情報ありがとうございます。お子さんの保護者にとって貴重な判断材料となる情報です。この治療薬の短期的な効果は期待できるものの最近では疑問がでてきております。しかし一方で、長期的な遅発性障害や副作用については未知のもので現実的には政府は認めてはいませんが、これから増え続ければ決して放置できるものではありません。,190,SHI,2
52-1,治療薬の話ではないです。ワクチンですが。,5,echo Sabai
52-2,短期的な効果が期待できるというエビデンスは？有害事象や人口動態統計を見ると短期的に何万人もの血栓系の死亡者が出ているようですが？,12,ラッキー純
53,CBCさん、大石さん、ありがとうございます。まずは、地元の正義を目覚めさせてくれました。名古屋から全国へ👍👍,226,ノームミッターマイヤー,0
54,日本小児科学会と日本小児科医会のコメントを取り上げていただきありがとうございます。ほぼ真逆の見解を示しているのに、TVでは「日本小児科学会など」と一括りにされて「意義があると発表しました」とか嘘報道があったので、詳しく説明していただいてとてもありがたいです。これからもよろしくお願いします,78,倫理,2
54-1,@wa ka 自分はダディさんの動画を見て知りました。TV朝日を取り上げていましたが、この内容を把握していたら、とてもじゃないけど一括りにはできませんよね。希薄な情報で発信しないでもらいたいものですね。,11,倫理
54-2,そうだったんですね。他局の報道姿勢は本当に酷いですね。,9,wa ka
55,大石さん、ＣＢＣいつもありがとうございます👍　本来あるべきニュースを北海道からいつも見てます。,168,藤井誠,0
56,いつもありがとうございます！私ワク一回のみ接種しましたがそこから元々アレルギー体質だったのですが、寝る事もできない程の痒み、瞼の粘膜が剥がれる、不正出血(１ヶ月程の出血が間1週間開けて続く)がずっと続いています。こんな症状も認められると嬉しいです😣毎日苦しいです。,168,むーさん,3
56-1,早く回復されることを祈っています。,8,Gao O
56-2,血液内科で血小板減少症になってないか調べてみてください。他国でも血小板減少性に副作用でなり苦しんでる人が続出しています。不正出血は指標になります。,9,Gao O
56-3,大変苦しいと思いますが、どうか良いお医者さんの治療を受けられる事を祈ります。貴重な証言ありがとうございます。こういった声をもっともっとメディアで取り上げるべきだと思います。,25,日吉千穂
57,打ったその場で出たものしか認めない、な現状では、一・二週間経ってから副反応がでた人達は置去りです。名古屋市にはもっと広範囲に救済を行う先例を作ってもらい、これから出るかもしれない中長期的薬害の対応の見本となって欲しい。,74,Keen Bobson,0
58,ＣＢＣの社長さん、大石さんは偉いです。逆境に耐えて、真実を求め報道してください。,63,国立公園ライフ,0
59,そんな副作用の強いワクワクを子供に打つ人達の気持ちがヤバイ！鬼になると、後悔するよ！,145,小田護,0
60,支援も大事だけど、ワクチンを打つのをやめるべきだと思う。,113,にゃーちゃん,1
60-1,鎌倉市の13歳のお子さんの両親が、即中止を求めてます。大人だってまずいですよ。打った方はなんとか解毒してください。,10,ポンレオ
61,名古屋のイベルメクチン治験も応援しています！,108,ぱぴこ,0
62,大石様はじめCBCスタッフの皆様、真摯で粘り強いな報道、深謝申し上げます。感染後遺症は報道するのにワクチン後遺症を報道しないメディアが殆どの中、貴重な情報です。多くの親御さんに見て頂き、思い留まられることを祈ってます。,23,井原世之介,0
63,大石さん、スタッフさんおつかれさまです。そして小児科学会と医会の見解の違いを正しく報道してくださって本当にありがとうございます😭朝日はいっしょくたにして報道していましたので、疑惑が晴らされてよかったです。毎回正しい報道をありがとうございます。,24,Aoitori Mame,0
64,大石さんのわかりやすい説明ありがとうございます。全世帯、全世代、大石さんの情報発信を都度見てほしい。特にこのデータ部分を見てほしですね。もちろん慎重に判断することは必要ですが、、周りが・・とか、国は何も・・とか後から文句を言う前に調べる事は大切ですね。親が大丈夫だったから子も大丈夫⁉️そんな判断をするべきでは無い。明日は我が身｡副反応への危機感をもっと共有すべきですね。国はなぜ打たせようとしているのか？余剰在庫の処分を指摘されたく無いから？因果関係は認められない。因果応報輪廻転生騙されたと思う人も騙してしまった人も頭を使え❗️大脳をもっと使え❗️世の中には大石さんの発信以外にも沢山情報を拾える。一時期、発信者の中にはペナルティを下された人もいたが、最近は以前より拾える様になりました。,71,Jasts蛇巣鶫,0
65,信用できるメディアはこの番組だけ,61,もすまん,0
66,国が推し進めた治験ですからね国が責任を持つのが当然だと思います。,87,ペンタわっしょい,0
67,大石さんは真の国士,40,、、,0
68,大石さん！CBCさん！いつもありがとうございます！全国的に、こういう報道をしてくれ！,61,かなと,0
69,大切な情報発信をありがとうございます。子ども達への接種について、私も慎重に検討します。,46,Junko Mayuzumi,0
70,大石さん, 解釈有難うございました。,70,Sooleng Tan,0
71,日本小児科医会、初めて知りました。また、マスコミがワクチン推奨しか報道していない現実を知りました。大石さん、いつもありがとうございます！,22,博子✨,0
72,まさに事実とデータに基づく客観的かつ公正中立な報道と言えます。この様な報道が何故全国ネットではされないのか？不思議でなりません。もっともっと大勢で声をあげ、今行われている政府や分科会の対応や対策、そして全国ネットによるマスコミの偏った報道が変わることを望みます。,70,エルエス,0
73,CBCニュースで訴えられてきたことが、届いた感じがしてうれしいですね。国はいろいろ事情があるのかもしれませんが、亡くなったり、病気になったら完全に元には戻れないので子どもの接種を中止していただきたいです。お願いします🤲,81,gokigen summer,0
74,救済の波、大きく地域拡大して欲しい。,66,Jon taraiter,2
74-1,@ラッキー純 救済の賛同者を呼ぶ報道は不要と申すか。私は、この苦労話がワクの判断に繋がる大事な発信と捉えている。助けないという事は見捨てる行為、いつそちらになるか分かりませんよ。今後高い効果を期待する程リスクが上がると考えてます。後悔の無い判断を期待します。なお、このコメントは個人的な見解なので、返信には答える予定は有りません。,0,Jon taraiter
74-2,それは自民党と公明党と維新の会が阻止します。,2,ラッキー純
75,河村市長コロナの後遺症の方の救済頑張っていただきたいコロナ後遺症で苦しんでいる方お気の毒です河村さん期待してます,12,keitoku209,0
76,いつも公正な報道有難うございます。朝からワイドショーでは兎に角、打て打てしか言いません。NHKラジオ聴いていても、推奨派専門家が打て打て言っています。正しい情報が流れない状況。その中で、正義の光です。河村さんも良いですね。,63,Ky Karin,0
77,親族の若者が名古屋市の会社の寮に居てワクチン接種はしないのに会社側は何も言わないのは名古屋市長や貴方メディアのおかげかもしれませんね。名古屋市に感謝です。関東は国民無視の傾向ですね。努力義務は地獄への道…。,34,HIRUKO Y,0
78,まずは先例を作り、話題になるだけでも、大きいです❣️良かったです。子どもにおいては、将来的な副反応のリスクが未知数なことも、毎回伝えてほしいです。,21,Y M,0
79,よく　よく　よく子供の将来を考えれば答えは一つ、子供は日本の宝です、,204,omasa4552,0
80,大石さん、cbcさん、いつも本当にありがとうございます。河村たかし市長は、これまでいろいろ話題に事欠かない方ですが、政治家のあるべき姿を実行している、名古屋市民から支持されている政治家です。副反応支援とともに、きとんとした統計を明らかにしてほしいです。,101,S Tanaka,0
81,1%だけなのかな…子宮頸がんワクチンの時でもあれこれあったけれど、接種後の不調あっても精神的なもので済まされた人も多かったのでは…。若い子は、これから先の症状あっても精神的なもの、気のせい、因果関係なしとかとなりそう。でもこの不調で医療保険などで引っ掛かる事もあるのでは…もうこの先なにも症状が出ないで欲しいと祈るしかないのかも…。推し進めた政府には怒りしかない。,96,なひ,0
82,今後子供による組み換えや不活性等従来型ワクチンについても取り上げて欲しい,13,はまさお,0
83,河村市長、本当ならうれしいですね、反応じゃなしに、後遺症ですよ、多数の方が困っていると思います、大石さんの頑張りのおかげです。意義でﾀﾋでは意味がない。,90,cosu,0
84,大石さん、スタッフの皆さんは令和の侍です！！,109,のりのり,0
85,大石さんスタッフさんありがとうございます♪一般の人々へ少しでも情報届いて欲しいですね。そして、今回のワク○ンが怖いのは中長期的にはまだまだわかっていないというところ。海外や日本の専門家が指摘している自己免疫が攻撃され、後天性免疫不全の可能性もあるとのこと。子供達への接種が始まる前に何とかすべての国民にもう一度考え直して欲しいです。,55,protection Hide,0
86,このご時世に　真実を報道するメディアがある事に驚きです。j子供にワク進めてる人　後に問題が表面化した時にどうするんでしょうね。,57,kurenai JP,0
87,信じてる人にこの表を見せても考えを変えないと思われます。２年間かけたテレビや周りの人間たちによる反復学習の効果は驚くばかり。,134,令和の安全保障,2
87-1,洗脳レベル!,2,スズキマサミ
87-2,本当にそうなのです。私の夫ですが（2回済）最近は考えが軟化してきたので日常会話がコロや枠に流れた時にこういったデータをさりげなく画像を止めて見せたりしてきました。少しずつ興味を持っているように見えました。自分から「オミには枠してももう意味ないようだしなあ」と初めて消極的な発言もしたりして。ですが昨日3回目の予約券が届いた途端にソッコーで自宅スケジュールボードに枠日を書き込んでおりましたよ。なんの逡巡もありゃしませんよ。,12,オオデマリ
88,ぜひ地上波で放送してほしい内容ですね。テレビに踊らされて、3回目のワクチンを打った人は、オミクロン対応のワクチンが出てき時にどう思うのでしょうかね。,75,KAL,0
89,自称公共放送さんは何故メリットとリスク情報を両方提供しないのか？大手メディアは放送法違反の疑義が濃厚である。大石キャスターの姿勢が極めて誠実な対応です。そしてデータを見れば明らか。接種するメリットはない。打たせてはいけません。親の判断が正しく導かれるように願っています。名古屋市長、頑張ってますね。愛知県知事は論外。,45,soul Yamato,0
90,事実をしっかりと報道していただきましてありがとうございます。,19,P,0
91,まともな報道、当たり前の報道、いつもありがとうございます😭,14,bel tono,0
92,こんなニュースを見てしまうと、名古屋は横浜より人口規模は少ないのに福祉は進んでいるんですね。地下鉄網も名古屋のほうが横浜より発達していますし、色々羨ましいです。,82,A S,0
93,去年の名古屋市長選挙で、河村さんがなってくれて良かった。もし横井がなっていたら大変。ワ○チン、P○R検査も推奨派ですからね。,12,タイタン,0
94,ワクチンの後遺症は接種直後だけでなく期間を置いても出てきます。本来受信料を徴収してるＮＨＫが真剣に取り組むべき案件なのに何故消極的なんでしょうかね。CBCさん応援しています。,15,アシタカ,0
95,子供に接種させるかどぉか悩んでいる？もおね、、、悩んでいる時点で「アホか？」って思う。でも大石さんとスタッフさん達には大いなる感謝はします。日本のために、本当にありがとうございます。🙏❤️🇯🇵,12,fukuyamahironobu,0
96,名古屋市民としてCBCを誇りに思います、ありがとう😭,25,Forex Trader ★ Yuki,0
97,本来はNHKがこういう報道をするべきなのに、子供にまでワクチン推しで不気味なことに・・・,15,おいも,0
98,いつも確かな情報をありがとうございます。最近はもう大石解説の情報しか信じてないです。,8,ジャンプ力はボーダーコリー☆,0
99,メダルかじりの河村市長さんですね。あの時は呆れましたが、真っ直ぐな方ではあったんですね。大石さん、ＣＢＣの皆さま、いつも本当にありがとうございます！,56,Natsu 12,1
99-1,言動が特異なので誤解されやすいですが地元ではとても人気がある市長さんです＾＾,7,三条ひこ
100,いつもありがとうございます。大石さんだけです。,35,かりん,0
101,大石アナウンサーは「（ワクチンを）打って打って打ちまくれ」といった知事とは正反対ですね。公平な報道にいつも感謝しています！,65,ぱぴこ,0
102,大石さん、いつもありがとうございます。このような情報を早く多くのメディアが発信しなければいけないと思います。,7,わいす,0
103,名誉挽回の政治的思惑でも何でも良いから、河村市長頑張れ。,35,ioioio obuko,0
104,大石で行こう!　　の頃から　応援いたしております。CBC様、大石様、関係者様どうか希望の光でいてくださいませ。　みんなで、少しづつでしょうが力を合わせていきましょう。愛と光をありがとうございます。,21,あーあの頃が懐かしい(*´-`),0
105,大石さん、スタッフさん、応援してます。名古屋から、この空気を変えて行きましょう。小さい子にマスクなんてしたら口呼吸で将来に良いことは１つも有りませんよねどうか、もう終わりにしましょうお願いします(¨)(‥)(..)(__),121,music mysoul,0
106,お子さんが周りに流されてて決める事の無いようにと切に願っています。判断材料は調べればたくさんあります。河村市長の考えが全国に広がることを願っています。国が積極的にしないで情けない。,17,ゆ う,0
107,がんばれ～名古屋～～がんばれ川村さん！NYから応援していますううう。,57,New York【Mのお部屋】,0
108,素晴らしいですね。いつか本丸まで辿り着いて欲しいですね。勿論、省庁・政府より上の話です。,26,Sute Suteo,0
109,死亡率、重症化率から見ても、子供への接種は必要ないと思います。それより、副作用で後遺症が残っている大人の方も気の毒ですね。ドキュメンタリー映画も作成され、この接種が本当に必要であったのかを考えさせられます。,13,M・Savarin,0
110,名古屋市民で良かったー(T_T) CBCさんと河村市長を応援しなければ✊‼,53,あまおう,0
111,名古屋には医療過誤問題研究会なる機関もあり会員弁護士は調査を依頼できる。医療事故関係にたけてる。,126,本 日,0
112,CBC局、大石さん頑張れー🎌最後に愛と正義が勝つ‼︎,74,CHIEMI ISHII,0
113,河村市長！頑張って👍下さいね！コレをやって頂くと、噛んだ事よりも、偉大な仕事をしたなと、評価される事間違い無しですよ！,50,夏野雅哉,0
114,仕事で東京にいますが、まじで地元の愛知に帰りたくなった…,118,ドゥンドゥン,0
115,CBCニュースさん、長いことブレず真実の報道、国民のための報道感謝します。,5,T SEINO,0
116,ワクチンの危険性について女性週刊誌でも報じています。何もしらず、いえ知ろうとせずに危険なワクチンを打たないようこれ以上犠牲者が出ないようどんどんと発信して欲しい。,5,みみちゃん,0
117,打ってから1週間以内の方々が一部だけ認められたが、それ以外ほとんどまだ認められていない。3回目が始まってから救急車が再び多く出動しています。これ見るだけでも、認められた数字より数百倍多いと思います。,12,USAF勇気,0
118,大石さん、素晴らしいです。大手メディアは、全く違う二つの小児科団体の見解を、接種有効としていました。事実は事実として報道されることが、受けとる側に選択肢があると思います。メダルかじりおぢさん、否、市長さん、頑張ってほしいです。河村さん、薬害の問題に詳しかったような,8,SRVマニア,0
119,大石さん頑張ってください！,7,Shinji Yano,0
120,私の生徒さんはしばらくしてから身体中が痛くなり仕事も辛く目が痛くてサングラスをしないと半年は電気の下を歩けないくらいになりましたが、何の保証も受けていません。,24,aitaepeapea oviri,0
121,学会より医会の方が論理的であるのは、一つに研究費のつき方に問題があるのだろうと考えます。,63,miya,0
122,事実を丁寧に伝えていただき、ありがとうございました。まだ調べてない人達が、命をかけて打つのかを考える機会になることを願います。,6,苺杏,0
123,この報道が無ければ、私の中でTVは100％終わっていました。大石さん、スタッフの皆様、いつも真実の報道を、ありがとうございます。,6,あい あい,0
124,音が放送的にはオカシイ、でもCBC＆大石さん、頑張って、どこまでもフレー！！！,96,masakaradayo,1
124-1,音おかしいですか？私は普通に聞こえますが、、、,15,モロうめ
125,いつもありがとうございます。オーストラリア在住です。１月28日〜2月3日のNSW 州のコロナによる死者数は258人でした。その内未接種者は52人で、ワクチン摂取者は201人でした。さらに、接種者201人の内訳は、6人が1回接種、149人が2回摂取、46人が3回摂取でした。30歳の基礎疾患ない方が亡くなりましたが2回摂取済みでした。政府は2回摂取者と3回接種者の数字を見比べ、3回目と2回目接種の死者の差は明らかなので、2回摂取から3ヶ月経った人は3回目を打ってくださいと繰り返し言ってますが、もう明らかですよね。。,8,Rugby LV,0
126,インフルエンザ感染後のデータも入れて、判断してもらいたい。それでも、聞き分けのない親御さんは、子供に打たせるのでしょうね。,83,コニータニ,0
127,副反応疑いは、あくまでも副反応じゃ無くて、接種後の有害事象。接種後有害事象を副反応にカウントするのは適切なデータの取り扱いではありませんよ。,14,Mark,0
128,10代でコロナ感染死亡者の四人は本当にコロナが死因だったのでしょうか？交通事故死、既往症の悪化、等と言われている事にも触れて欲しかったです。,10,TM Kony,0
129,ワクチンのリスクを一切国民に知らせず接種を半強制する政府に不信感を抱いておりました。また多くのメディアがワクチン打つのが当然のような報道でこのようなリスクを報道するには相当の圧力があったと思います。リスクとリターンを正確に報道するこれからもよろしくお願いします。,7,匿名希望,0
130,努力義務なんて言葉だけで、実際は任意です。努力する義務なんてものはありません。厚生労働省ワクチンコールセンターに電話しましたが、接種は強制ではなく任意です、接種した方が良いかは自分で考えて決めてくださいと言っていました。したけりゃすればいいものです。,9,zdbs,0
131,努力義務なので、深刻に考えず、自分の思ったとおりにすればいいだけ。,45,瞳 山田,0
132,真実の情報、有り難うございます！！,5,高岸ゆう,0
133,命懸けの配信ありがとうございます。兄の知り合いの若い男の子が、接種後亡くなりました。周りも癌になったり、調子悪くなってる人が増えていて、心配な毎日を送っております。解毒をすすめてますが、早く完全に解毒出来るものを使わせたいです。,5,愛,0
134,「打って打って打ちまくれ」の知事が居るところに名古屋市長の「検討を指示」というのは朗報ですね。それと日本小児科学会と日本小児科医会というのがあるのを初めて知りました。,6,ボッケニャンドリ,0
135,素晴らしい司会者と放送局に拍手👏 👏 👏,6,T Y,0
136,メダル噛んでボコられたけど,こういうところは人情の河村たかし｡,174,リーダー,2
136-1,人情河村たかし感謝します,8,きちとら
137,努力義務は強制ではないので学校だろうがどこだろうが打たないという選択はできますよ。そもそも特例承認のものに強制する力はないですよ。治験中ですよ。効くかもしれないってものに強制してはいけないでしょ。国際法か何かにも取り決めありますよ。,40,sami ano,1

138,政治家、官僚、医療従事者及びメディア関係者の家族、親戚のワクチン接種状況を知りたいです。日本だけでなく先進国の小児科学学会の見解を聞いてみたいです。,5,ma sa,0
139,こういった情報もしっかり出した上でワクチン接種の話をしなければならないのに、他のメディアでは簡単に安全だから打て打ての連呼。。。安易に接種をすすめるコメンテーターや専門家は訴えられてもいいと思う。,9,Suzu Red,0
140,今回もありがとうございます。死亡や重症化してる子供は基礎疾患や肥満がある子ですよね。健康な子にはここに上がっている数字よりもコロナのリスクは無いです。そのあたりもぜひ入れていただけると、さらに分かりやすいかと思います。,20,dd,0
141,打つか打たないか、０か１かの選択にに対して努力義務とか舐めたこと言ってる辺り、全然自分達の発言や施策に対し責任を取る気は無いんだなってのがよく解る。,34,A Y,1
141-1,イギリスが色々規制引っ込めたのには、国を訴える人が続出しそうだからと言っている方がいて、私もそうかもって思ったので、今までの日本では裁判沙汰の表現通りきらってた過去がありますが、海外では、よく行われるので、日本でも起こした方がいいかもと思います‼️今回のこともインフォームドコンセプト？事前の確認が子供相手にできるかということと、親の勝手な代理承認でやれてしまうのということで、後で責任取ってもらえるように事前に何かしらの行動模索してみた方がいいかと思うのですが？ツウィッター界隈では、打つ医者に副作用出たらフォローして面倒見るようにの旨の念書とか、打って何かあったら訴えるかもの文書の告知書みたいなものの、雛型とか、色々模索されてますね、アルバイトの打ちっ放しのドクターへの警鐘かと思います💢個人的には、打った医者には責任が伴うと思います、看護師歯科医も同じですね💢打たれる人も、これからは写メや動画でも相手が誰か記録することをお勧めします‼️そして何かあったら訴えた方がよろしいかと思います、すでに被害受けた方多数いると思うので、みんなで力合わせた方がいいです‼️そういうことが出来そうにzないなら、撃たない方が賢明です古くて効かないドク🪟チンです、大人も調べたら撃たないよ‼️調べなかった人と、同調圧力で仕方なくの人達が売ってると思われます打てば打つほど、変異を増やして、ブレイクスルーするドク🪟珍、よく考えて撃たないでね(尾身クロンの新しい変異株更に打った人ほど感染するって、昨日どこかで発表されてたよ),5,ラムピカ
142,もし可能なら、秋田県の接種会場のトイレで亡くなった方の【その後の扱い】を調査してもらいたいです。接種会場のトイレで亡くなっても因果関係を認めないでしょうけど。。。,5,なかなかびー,0
143,いつも誠実な報道を届けてくださってありがとうございます。,4,kokoro yamakawa,0
144,今回のコロナに限らず昔から重症化する方がどうしてもいます。厚生省データーからも解ります。その方々の為にも病床を空けスムースに治療が行える体制を構築、５類に下げることが必要であると思います。,5,kio A,0
145,やっぱ河村市長だよなー,51,やつがれ,1
145-1,メダル噛んだ事を取り返す為に必死よ！,0,ケンケン賢者
146,河村市長、さすがです。大石さん、いつもありがとうございます！,5,花　夢里,0
147,CBCを国営放送にすべく、放送エリア外ですが、大石アナ及び番組スタッフに敬意を表します。一人でも多くの命を救ってあげて下さい。特に情報弱者。,5,李敏,0
148,大石さんご苦労様､真実味ある取材報道ありがとうございます。若者の被害者少なくなること祈ります。,3,堀保,0
149,大石さんの説明を見れば、一目瞭然で分かるでしょう!　打つか?　打たないか?　悩む事ではないでしょう。現在、どれだけ多くの人達が副反応で苦しんでるか。表に出てない数字も…　命と健康を天秤にかける必要性があるのか?　子供は大人とは違い　長い人生があるのです!　　早く!　気づいて下さい!　打たない決断を!　後から後悔してももう遅いのです。,18,ひとみ たかはし,0
150,素晴らしいトピックスです！ぜひ続けて発信してください😊,3,Julie Art,0
151,何か起こってから動くのではなく、起こる前に察知する人が多かったらと悔やまれます。次も予定通り進んでしまうのですかね。,23,ケロ,0
"152,本来なら ""努力義務"" ではなく ""判断義務"" であって欲しい。,6,戦隊マジレン,0"
153,他のワクチンの重篤者、死亡者数が知りたい。それで比べれば、どれだけのものかよくわかるが。,35,つばk,0
154,そもそもPCR陽性というすり込み印籠に疑問を抱かないのが不思議？おまけに追いつかないから❨みなし・・・)って??,45,power chord,0
155,例の注射は特に若い人が心筋炎になりやすいようです。心筋炎は軽い病気だといい加減なことを発言している医者がいますが、イギリス保健省医師の話では、心筋炎の５年生存率は約５０%だそうです。心臓の細胞は再生しません。いずれにしても数十年後までの遺伝子レベルの副作用・後遺症満載の注射ですから。,5,sunshine911,0
156,そうかそうか。効いてるね。これは本物やね。世界同時テロデスね。,38,GoodEND 420,0
157,これ見てまだ子供に打たせたいという親の理由を聞いてみたい。マスクだってそう。今はまだ分かっていないマスクによる悪影響がないとどうして言い切れるのか。。。(マスクに含まれる着色料や細かい繊維を吸い込み続ける行為。幼い間にかかるべき病気など。。。疑問ばかり),27,japonaistyle,0
158,CBCの報道姿勢は素晴らしい！！他のメディアは恐怖を煽るだけの偏向報道ばかりで腐ってる。CBCさん、大石さん応援しています！,3,Ernesto Ernesto,0
159,ワクチン接種,副反応で亡くなった方はどう対応なさっているでしょうか?,58,Sooleng Tan,0
160,大石さんが世論を動かしてる部分は大きいよ。メディアには世論を変える力がある。世論は政治を変える力がある。真のジャーナリズムは大石解説にある！,3,MB,0
161,ここの報道と同じものをなぜ他の報道はしないのか？！疑問しかない？！,7,よんけろ,0
162,打たせ隊が今、血眼になって小児で感染して重症化してる人を探し回ってそう。,33,guusuke,0
163,そして医療機関は又々儲けるって事ですヨ。,7,千惠,0
164,大石さん真実の報道心から感謝致します🤲全国放送してほしいです！他テレビ局見習え‼️,2,玄米,0
165,テレビで報道したのは大石さんだけ。ホントに感謝している。わっくち打った多くの人が、これから酸化グラフェン×５Gであの世へ,3,Seikou Katsuno,0
166,本来の放送局の姿です。ありがとうございます。日本の放送界はどこにいってしまったんでしょう。,2,チュン,0
167,気持ちは、打ちたくなかった．．．けど、この「努力義務」という名のプレッシャーで、我が家は、大人も12歳以上も打ちましたが、かえって全体的な免疫が低下しているように感じていて、後悔しています。12歳以下のお子さんたちには、心の底から、打ってはならないと思っています。,20,Motoko Watanabe,1

168,健康はお金で買えないのに…,53,675 zo,0
169,全国に配信して下さい！お願いします！,2,tam,0
170,情報難民の親たち、早く気づきなさい。我が子をまもれ。,8,瑞聖絽桂子,0
171,その注射、打たぬ判断、後悔なし,47,amazing thailand,0
172,流石名古屋市長だね。県知事はあれだけど。帯状疱疹、脱毛、眩暈、心筋炎になった知人がいますが、ショックだったのは頭痛からの脳内出血で同僚が亡くなりました。元気だっただけにショックです。血小板減少症、血栓ができたりするのでしょうね。怖いです。すぐに症状がでる場合と半年後、1年後、2年後と中長期にでるのかわからないです。信用できるTV局です。,4,Blue Diamond,0
173,ありがとう！大石さん❗️,4,バケネコ,0
174,学会と医会で意見が違うとは。知らなかったー！！,3,いっきゅう,0
175,名古屋の河村市長はえらい。うつか、うたないかはじょうしきを持つか持たないかの違いです。名古屋市独自の認定ができて日本中の市町村がそれに賛同して実施されることを切に願います。国とはいかに横暴で無責任かが国民の前にさらされます。この動きが出ると沈黙の医師や弁護士がおおきなこえをあげるでしょ。これまででは国による被害を受けた人は泣き寝入りで浮かばれません。日本人はおとなしく国家により去勢さてたようです。,5,Takashi Sasaki,0
176,サムネイルのタイトルに「？」がついているので　ちょっとがっかりしましたが、どうだろう・・・救済が、日本　世界で広がるといいね,8,まんなマンナ,0
177,素晴らしい報道,3,茶々,0
178,厚労省のホームページのQ＆Aに　書かれています。　　　ワ苦接種について　➡　予防接種法第9条の規定が適用されています。この規定は、いわゆる「努力義務」と呼ばれていますが★義務とは異なります。🔶★接種は、強制ではなく、最終的には、あくまでもご本人が納得した上で接種をご判断いただくことになります。　　　　　　　　こう書かれています。　　この厚労省の手法は、　　▲義務と思わせる様な▲同調圧力　誘導がある　書き方です。　　🔶★「接種は、義務ではない。」と　こう書けば良いのです。,8,国民主権に反するは排除,0
179,河村さんありがとう😊、リコール、メダル🥇のリベンジです。打て打て知事は勉強していませんね〜〜〜と言われています。頭はいいはずなのにとの事。全国に広がるよう願っております。有り難うございますm(_ _)m,5,Daian1222,0
180,国に認定されてる人、少なすぎる！！名古屋市の動き気になりますね！でも、国と同じ人数なら、多くの人が泣き寝入りになりそうで怖いです。,3,さくら,0
181,東京より大阪より、名古屋のマスコミが一番ニュートラル。名古屋が解釈した情報を全国は必要としている。,3,ya kaa,0
182,私も感謝感謝しかないです。😉👍️🎶,29,アロマ1018,0
183,名古屋市長って変わりもんでメダル噛んじゃったりしますが。市民の事を考えてる人だと思いますよ。間違いもあるけど私利私欲で動く人ではないと思う。キー局は終わってるよ。大阪とか地方の情報番組のほうが面白いし比較的公正だと思う。,3,さとう,0
184,家に帰ってから、一週間後に等々例は、多数あるらしいです😣河村市長、よくぞ発表してくださいました✨有り難うございます🙇情報を有り難うございます😂,4,mai ougi,0
185,この汁は新薬だから副作用と呼称するのが正しい。,5,OMEGA,0
186,名古屋市の河村市長よろしくお願いいたします。CBCさん、大石さんありがとうございます。,5,レモングラス,0
187,副反応が出てから支援されても何も嬉しくないに決まってます。そんなの要らないから元の体がいいに決まってます。後から金配ればいいで話が終わってはいけないのです。,5,もえぶたお,0
188,テレビの大手メディアは出所のハッキリしない情報ばかりで打て打ての大合唱ですね。,6,濃い太大損,0
189,打ったがために、自己免疫のバランスを壊され、病気にかかりやすくなるとか。微妙で絶妙な奇跡のバランスで生きているのに、勿体ないことするなあ。,4,みゆみゆ,0
190,名古屋は、CBCのおかげで救われました。,6,chie,0
191,大人が自分の判断で接種するのは構いませんが、保護者の判断で接種しなければならない子供は気の毒ですよ。接種を薦める保護者は子供のことより自分のことしか考えていないのです。周りから自分がどう見られるかしか考えていないのです。情報は沢山あるのに調べない、知ろうとしない、専門家が言ったからTVでそう言っていたから…いざ子供に何かあっても結局は他人のせい。メリットばかり言ってデメリットを言わない専門家とTVのせいにしているのです。だからこそ大石さんやCBCさんのようなメディアが必要ですね。,5,小麦畑の風,0
192,私は　河村氏は数少ない　まともな政治家だと思います。,8,Time's Arrow,0
193,本来入ってこれないモノが細胞膜を通って入ってくるわけで普通じゃないのは明らかですよ,4,syapeisyapei,0
194,大石さんいい人✨,3,すみだがわ,0
195,非常に分かりやすく良い内容です。ありがとうございます。人類初のmRNAは、日本小児医師会の言う通リです。14歳以下には接種を控えて、もしそれが原因で重篤になった場合国は手厚い保証(最大億円単位/人)を行うべき。私は、オミはインフルエンザ並みと考えるからです。,1,renonkkk,0
196,大石さん素晴らしい！,0,Makonaka,0
197,言葉では表現出来ない～感謝の念をお送り致します～感謝致します～。,1,jyo acitano,0
198,いつもありがとうございます,2,aitaepeapea oviri,0
199,河村市長は昔から好きです,4,まま,0
200,外国の偉い先生も数年後教科書に載る大失敗となると言ったとかね,3,ランたん,0
201,大石さん、本当にありがとうございます。,0,ハナミズキハナミズキ,0
202,よく分かりました,1,taku naka,0
203,政府「疑いは疑いであって副反応と確定してねぇぜ！」,1,superspective,0
204,大石さん有難うございます🙇子供達にワクチン接種ありえません。私の親戚は接種後すぐに泡を吹いて倒れ痙攣→植物人間になりましたが厚生労働省や自治体は因果関係無しの一点張りでした。悲しいです。なので、12歳未満の子供への接種は絶対に反対です。周りの方々には伝えています。大石さんのご活躍で命を救われる子供達がいます！本当に有難うございます。,1,鈴木はるか,0
205,社会的な問題になってますね、、,6,Nobu Uri,0
206,子供にはリスクしかない。もし、努力義務と言われだしたら無視だね。なんで、子供が命を危険にさらすのよ。やりたい大人が何回でも打てばいい。,4,犬と猿,0
207,女性週刊誌「女性セブン」もワクチン後の後遺症、ワクチン後の死亡について取り上げています。間違いに気づきどんどん発信してもらいたいです。,2,みみちゃん,0
208,あの学会もこの学会も、学会にはガッカリ。学会と聞いただけで寒気が出るわ。日本人を守る学会が出てきて欲しいわ。,6,goronyann,0
209,ファイザー製薬の執行役員の宮本京子本部長が、東京都の教育委員になっています、これはどう言う意味でしょう？打つ打たないは自由だと思いますが、10代以下の子供達の💉本当に良く考えて頂きたいです。,6,オリオン,0
210,中国のジェノサイドも放送してほしい。,3,さくら。,0
211,なんだかんだ市長の方がまとも知事は打て打て言うばっかで副反応救済の話聞いたことない(･_･;,3,k9,0
212,ワクチンはテレビショッピングの売り方と同じ。F色とM色、どちらにしますか？早く決めて！しない要らないというオプション、そこに無い。だけど自分で考える人は、最初からどっちも買わない。大石さんのヒューマンな所は、昔から社員目線より家族意識で仕事なさってる感じ。スタッフの方も素晴らしい纏まりだと推察。感謝します。,3,kitto mitto,0
213,十八歳以下は罹患しにくいから打たないで下さい！と、ファイザー社は、説明してるし、社長はやりません、きをつけないとね、,14,kunpunogogatsu,1

214,そもそも努力に義務って(笑)お子さん達をどう守るか？では次はお母さん達妊婦さんへの接種も問題ではないでしょうか？妊婦さん、母体も中の子も吸収率高そうですが…,25,黒岩真司,2
214-1,@缶コーヒー飲みたい そうですねそういった話をよく聞くのでその結果が怖いですね極論であってほしいとは思いますけど…普通に薬でも子供には与えなかったり妊婦さんにも禁止だったりするのにお注射はテレビで堂々と広めようとしてますよね少しでもおかしいな。と思ってほしいし、医師の方々も腑に落ちないところはあるのでしょうから、何が大切で何を守らなければならないのか？考えてほしいですね,6,黒岩真司
215,河村市長頑張って！,4,チタニウム,0
216,副作用って言っちゃっていいっすよ！,5,東の工事,0
217,東京在住ですこちらのニュースしか見ません。TVの毎日のオミクロン、医療逼迫、蔓延、ワクチン、感染者そんなニュースばかり、ワクチンワクチンワクチンまるで打てば良しみたいな流れ、テレビみては行けません。デメリットなど伝えるのはこちらのニュースだけ、だからこちらだけ見ます。,8,up up,0
218,努力義務は、義務ではないです。その努力と言う言葉で、親御さんを誘導するような言い方は止めてください。大石解説の配信は有難いですが、CBCは、ダブルスタンダードは、やめたらどうですか？,1,おにP,0
219,公式なデータを一切出さない報道があまりにも多すぎる。・・・まあ、厚労省のHPには全部載っているわけで、見ないほうが悪い。ということは言えるわけだけど。,2,GEN HIRATA,0
220,一度HIVの検査をするといいと、モンタニエ博士も仰っていました最近亡くなられましたが。。そう言えば、PCR検査を発明したマリス博士も、新型コロナに使ってはならないと言い残して亡くなられています共にノーベル賞授賞者,2,Anton0220,0
221,国は推奨はしていたものの 個人の判断でワクチン接種を進めていた。ここで市が支援する事は おかしい。市がまとまり県がまとまり 政府を動かすべきではないでしょうか？,6,おるおる,0
222,子供に接種させたい人はどーぞご自由に,20,70 70,2
222-1,そこを何とか食い止めていかないと、結局みんながやってるんだから！って波にのまれてしまう人が増えますよ。。。。,4,Shinji Yano
223,最後のデータを見たら親は打つわけないと思います10代20代にもこういう比較データを言ってあげればいいのに医者側はもちろん知ってるんだろね,10,ken matsu,0
224,心筋炎で死んだ親戚がいる。自分にかかってきたら100％。,6,cosmosjusinchu,0
225,毎回素晴らしい情報発信ありがとうございます。河村さんの発案は今苦しんでいる方に希望の光ではあります。しかし、その反対では「打ちまくる！」と発言している知事がいます。ここを何とかしないと、今後もさらに苦しむ人が増えますし支援もきりがありません。イタチごっこのような気がします。接種は任意で進んでいるのに、「努力義務」という言葉をやたらと提示する政府に納得がいきません。子供の接種が始まるにあたり、デメリットも正しく詳しく説明するTV番組を期待します。,0,れれさん,0
226,鎌倉市の長嶋竜弘議員も真実を議会で追求してる！この人も取り上げて欲しい！！！,1,淳子 太谷,0
227,副反応救済策は参政党も取り組むそうです。副反応とワクチン天秤にかけたら打ちたくないですけどね。違うのかな。,2,ノン,0
228,問題発生の根源を解決すべき。,1,めぐみ かん,0
229,2019年　75歳上の人口1619万人　2019年　日本の年間死者数138万人、内約110万人が後期高齢者新型コロナ重症平均年齢75歳冬季は特に死亡者が増えるのは例年のことです。,3,谷口輝彦,0
230,自分の子なら打たないです。絶対に。,6,Special Special,0
231,子供の接種で迷っている方はわたしのがいようの(おまけ)を参考にしてください。お役に立てると思います。,0,がえしおうむ@がいよう見てね♥,0
232,流石河村市長ですね。,6,ゆゆゆちゃん,0
233,岩手ですが、私の行き付けの床屋の人達は客の私に“タダのうちに打っておいた方が良いよ”と言いました。正直…馬と鹿な人だなと思いました。,5,タカクマ🐻,0
234,大石さん　番組制作スタッフ河村名古屋市長　ありがとうございます!　人としての真の勇気　いただきました。,0,中村敬,0
235,川村市長と大村知事とは見解不一致だろうな。良心的な政治家がようやく声を上げて動きだしたな。,2,jnb digin,0
236,流石、河村さん！,3,awk ward,0
237,どの学会もろくなもんでない。要らない。現場の人の意見が大事！,6,gebai,0
238,大石さん❤️ありがとう😭🥰😘,1,Miyuki tappymama,0
239,河村さんはいい市長,4,森野熊夫,0
240,子供達への接種を止めよう！みんなでやれることやろう！チラシ配ろう！,2,秀兄さん,0
241,副反応の実態と発生機序の調査究明が最優先事項だ。副反応分析に当たる政府の機関は、知っているものつまりアナフィラキシーのようなアレルギー反応しか因果関係を認めず、それ以外の自分たちが未経験のことを評価不能として放置しているように見える。,2,olivine first,0
242,大石さん、CBCのスタッフの皆さん、頑張れ！すでに動態調査では7万人が死亡しています。勿論交通事故や自殺なども含まれますが異常な死者数であることは間違いありません。,0,kei t,0
243,たかしやるやん！メダルの件は許せます笑愛知生まれとしては嬉し過ぎますね。,3,M K,0
244,治験中の薬やで！,30,栢本忠志,0
245,河村さんが救済に乗り出すの知りませんでした。興和のイベルメクチンを推してたし良いですね。🏅とリコールは❌だけどね。子どもの接種率アメリカは低いみたいですね。いつも真摯な報道ありがとうございます😊,7,いまここ,0
246,大石さん、長尾先生他の勇気有る先生方のお陰でドンドン動き出してますね😃,5,あみこ,0
247,そもそも、子どもはかからない。ただ今は、ワクチンした大人からのシェディングの影響を子どもたちも受けているので、いろんな症状出てきますね。,10,re cuo,0
248,今回も勇気ある投稿ありがとうございます。名古屋市長は以前、「売って売って打ちまくれ」と会見で発言したそうなので、今回の変わりようは何なのか気になるところはありますが、被害に遭われた方やそのご家族に支援がきちんとされることを願います。,5,Lavender,1
248-1,打って打って打ちまくれです。誤字すみません。,2,Lavender
249,大石さん。応援してます。,0,みや,0
250,さすが河村市長。あまり追及したら嫌。国の財政破綻するぞ。,1,十河政彦,0
251,名古屋市長!やるときはやる！市長さん名誉ばんかい（笑）他も良いことは見習うべき!2万では足りないけどね!国会議員は副作用知ってて打ってない方が多いと思うよ（笑）,1,ナッシー007,0
252,努力義務は接種を検討する段階で義務を果たしてます。紛らわしい言い回しは止めて下さい。,2,hiro u.,0
253,小児科学会と小児科医会とどっち正しいのか？10代だとワクでの重症化が多いけど死者は差があるのかわからない。どう判断するべきなのか？,7,ken tom,2
253-1,感染四人のうち一人は交通事故後に検査で陽性。二人は元々の基礎疾患が悪化して感染はおまけと聞いています。副疑いは報告制なので医師が「関連なし」と判断すれば上がらないし、面倒がって報告しなかったり、という事例があるようです。赤組水増し、青組氷山の一角。聞いた話ですけど。,9,Keen Bobson
254,事実報道して頂いてありがとうございます応援してます子どもの未来は、親にかかってます私は打たせないです。,4,sachi naka,0
255,愛知県は、何事も迅速ですね。政府が、遅すぎます！,3,宇野みか,0
256,勇気あるのかないのかわからん。若い子供に意味ないわくだから。今あるデータはほんの一部分の服反応と言わないと‼️,2,山空花虫,0
257,BS11あたりで番組枠を買取って流すのはどうでしょうか。ワクチン有無にしてもチャント!でちゃんと見たい人はいると思いますよ,2,イッシー!,0
258,50代、60代以上の場合はわかりませんが、10代以下の感染した場合とワクチン副反応の場合とで、重篤化、死亡等の確率がもしワクチン副反応の場合の方が多い場合、世界的にもそれを公表して接種しないで下さいというWHO等が言うのが正しいんじゃないですかね。世界的なデータではどうなっているのでしょうか？,1,のりにぃ,0
259,河村市長はまともな政治家です。時々攻撃されるけど、名古屋市の有権者は惑わされず、支持してほしいと思います。,0,mariko nakamura,0
260,若者の場合、基礎疾患ありと無しで表を作成したほうがいいかもしれませんね。基礎疾患なしの場合コロナリスクはほぼゼロになるのではないでしょうか？,5,tomtom bokuboku,0
261,子供だけでなく大人もそうですが、努力義務というならワクチンの安全性,効果をしっかりと保証してから言ってほしい。「安全じゃないかもしれないし、効果も分からないけど　打つ努力してよ」って国民の命、健康など全く考えていないから言えるのでしょう。5億個も買う約束しちゃって、意地でも国民に消費させようとしているのが見え見えです。誰が責任を取るのか？きっと打つことにサインをしてしまった人になるんですよね？,9,NOA,0
262,治験中の副反に補助金は当たり前です！副反リスクが高い物に打ち手に何故高額な補助金が出ているのか？不思議です。,0,なっこ,0
263,河村さんgood job,1,matsu,0
264,打たなきゃ良いじゃん笑,4,あかいすいせい,0
265,隣の長野です。すごく近いのに、煽り報道しかありません。愛知いいですね。長野は残念です。,5,Chi Take,0
266,なんで自ら進んでエイズ患者になる様な物を打ちたがるんだろう？自己免疫不全ってそう言う事だろう？,5,samurai heppoko,0
267,CBC大丈夫なんですか？こんな真実の報道やって？つぶされないようにゆるめに頑張ってください！,2,真田信繁,0
268,政治に関係があるか無いかで意見が変わるよね。政治家なんて老人だらけ。老人の存在は悪くなる「きっかけ」と「原因」をつくります。,1,新道裕子,0
269,多分無理だと思います。結局この医師というのは保険診療の医者なので。,0,高石直樹,0
270,副反応疑いで 死亡が 5人でしたよね？ なぜ 2人にしたんですか？,4,奈良ぷー,1

271,何故打つ事ありきなんですかね。いくら副反応を救済しようとジャブジャブ打ってたら意味無いでしょうに。,5,待たせたな,0
272,この局は不勉強だな・・・努力義務。まずは1月26日の○○分科会での議論（５～１１才）を学んでほしい。,2,ふくちゃんマネージャー,0
273,うった方が感染することも多いのが不思議ですし、逆に免疫力が低下していたりするんでしょうか,0,s a,0
274,あんなモノ👿💀💉打ったら…二度と元の体には戻れません！,2,ヨシタカ,0
275,オミクロン死亡平均年齢、87.5歳。厚生労働省の「簡易生命表（令和2年）」によると、2020年の日本人の平均寿命は男性が81.64歳、女性が87.74歳で、2019年と比較して男性は0.23年、女性は0.29年上回りました。どういう事でしょうか？どなたか説明して頂けますか？,2,ミク,0
276,マジでこの番組のアナウンサー、プロデューサーには(^_^ゞ…。某公共放送は捏造、太鼓持ちばっかり笑,2,ryoji muto,0
277,インフルエンザでも風邪でも一定数は重症化します！コロナによるものはむしろ少ない位ではないでしょうか？,11,hope sideman,0
278,こーゆー事に私の収めてる税金使ってちょーよwww名古屋の市民税高いんだからw,28,たかひろ,0
279,関東住みなのでCBCは見れませんケーブルテレビで見れるなら契約したいですここ数年、テレビは殆ど見ませんがCBCさんはみたいと思いましたYouTubeにアップしてくださりありがとうございます,0,m a,0
280,私は、大石解説以外は見るなと、言いたい。・・・がダメなんですよね～。年寄りなんかは既に他の情報を信じ切っているので、脳が認識しない・・・。でも、変えましょうネ。この名古屋から！,1,鬼頭康次,0
281,CBC放送が、2021.9に専門家が出て3回目ワクチン推奨の放送していたのを見て、がっかりした。今の報道は、どういう意図なんですか？,1,ume,0
282,努力義務って同意書書かせるのにおかしくないか？？,2,日下,0
283,なんだかんだと理屈を捏ねて打たせがる目的はなんでしょうか？因果関係は認められないので国は責任はとりません。全て自己責任です。,1,tadasi yara,0
284,イスラエル、イギリスの接種回数による死者、感染者数を取り上げて欲しい。,2,はまさお,1
284-1,ｊｐしか先生　参考になりますよ👍👍,0,ノームミッターマイヤー
285,🌴🌏🐎ワクチス接種後に御見舞では済まされ無いテレビ📺で声を上げて欲しいですね📱,0,宮本百合恵,0
286,あわせて、CBCさんにお願いがあります。とにかくこれ以上、陽性者の数に焦点を当てて、過去最多、過去最多と無意味に恐怖心を煽るだけの報道のやり方、もうそろそろやめにして、方向転換してほしいです。そうでなければ、こうした問題もなくならないでしょう。ご検討よろしくお願いします。,5,おがわだいせん,0
287,CBCさん、こういう報道ありがたいのですが、ボードの10代感染後重症者率を世代人口に占める割合で計算してますか？世代感染者に占める割合なら良いですが…？,0,Oくぼ,0
288,重症化してしまったお子さんに持病があったのか、持病のない元気な子が重症化したのか詳しく知りたいところですね。日常、手消毒を過剰にさせられていたとか、常にマスクを着けさせられていたとかでもその子の免疫力が異なると思いますし。,0,ycNo1family,0
289,軽い…「重症→重体→重篤」…重いコロナで重症ワクチンで重篤よく使われる言葉です！あとは分かりますよね,3,聚楽第,0
290,救いの手が増えるのは嬉しいけど、医者とグルになって副反応の補償を悪用する人現れませんように。かの国では偽造の診断書作るのなんか簡単だから…。,0,連専,0
291,日本小児科学会は推奨、日本小児科医会は慎重、いわゆる「専門家集団」が正反対の見解です和区賃について専門家すら意見統一できないのに、広く子供にまで打たせるって、常識で考えておかしいってわかります名前そっくりなのが厄介です　これじゃ一般人はどっちも同じ団体だと誤解しかねませんね,1,Side135 Bt,0
292,にゃ～ごや～の市長さん!,1,大田まま,0
293,救済支援も、勿論だとは思いますが。そぅなった原因はそもそも打ったから。打たなければ何もない!　　　　　接種反対運動!　河村市長!　呼びかけて下さい!,8,ひとみ たかはし,0
294,ワクチン通知＝地獄行きの切符,0,healing 77,0
295,因果関係無し？で亡くなられた方はどうなるんでしょう？,2,Eriko Miyagi,0
296,北海道の全ローカル局見習えっ！！毎日毎日くだらない感染数煽り、ワクチン接種煽りやめろ！！,9,さいくす,0
297,名古屋のタッカーカールソンかステユーピーターか!?GO大石!GO!あんた男だぜ!,1,mocci,0
298,ワクチン二回目以後、両手足の痺れとSIRVAと言う五十肩の症状が出ました。,5,浜田拓司,0
299,わざわざあえてあそこで努力義務に言及ですか。努力義務といえば、まずは1月26日の○○分科会の議論が大事ですけども無視ですか。,1,ふくちゃんマネージャー,0
300,メディアというのは国民の恐怖を煽るのではなく、味方でなくてはならない。大石さんを始めとしたCBCの姿勢、日本のどこのテレビ局よりも素晴らしく、誇りに思っています。　🙏🏻,6,10euro50,0
301,河村ええやん😃,3,中村パオキチ,0
302,私はAm○○on勤務ですが先月クラスターが発生しました。先月一杯7名が自宅待機中でした。　　なんと全員2回接種済みの人達です。　　　38〜39℃の高熱にうなされた人達やオミさん陽性者まで出ました。　予防効果率95%以上と言う謳い文句はなんだったのか‼️　我が社においては予防失敗率100%です。　その陽性者と毎日濃厚接触しながら仕事しております私はピンピンしております。　打たなくて良かった😃😃😃😃😃😃😃😃,7,17 devy,0
303,親ガチャ。調べる気があればいいけど。積極的に調べる人は少数派かな？うちの職場では。,2,やりたい事をすぐにやる,0
304,追伸　中には無症状陽性者もいて全く風邪の症状もないのに陽性者だからと言って自宅待機になった社員もいます。　どこも悪くないのに隔離なんておかしい‼️  P○○検査なんて意味ないんじゃないの⁉️　と言ってました。😫😫😫😫😫😫😫,7,17 devy,0
305,いつも公平な報道ありがとうございます。ただ引っかかるのが、接◯２回に限定したとは言え、伝え方として、10代ワク◯接◯後にタヒ◯した方は重複していないので５人、それは補足するべきでは？と思いました。感◯後の方がタヒ◯が多い印◯を与えてしまう。また感◯後は４と言っても１人は事故、１人は別の病気。リスクを過少に伝えている感じがしてしまうのは私だけでしょうか？,0,Toshiyuki Shoda,0
306,ワクチンのワクチン打ちたいです。,0,caster1334,0
307,このチャンネル見てる人はもう気づいていると思うけど、こんな茶番もうやめよう。たいていの健康な人は自己免疫で乗り切れるよ。,1,おその,0
308,今　日本人が戦わなければならないのは　コロナではなく　ワクチンなんです。,9,こめきち,0
309,井上正康先生の話を聞いてみてください。,29,芽,0
310,私の妻はワクチン接種後から２週間後にリンパが腫れ、悪性リンパ腫と診断されました。そうしたら、周りで同じ症状の人が３人もいました。３人共、７０才ワクチンを打つて２週間後、今まで健康だったのが突然になりました。年のせい、と、言われた,5,中村幹司,0
311,普通に考えて接種中止だと思います治験中ですよ,11,kouji ikeda,0
312,子供への接種が老人の為であるなら打たせる必要はないことは明らか。,6,スースズキ,0
313,寺尾さん達のおかげもある,0,真世界秩序,0
314,なぜ、焦って打ってしまったか？職域接種で、断れない雰囲気だから？うてば病気にならない？からかな。いずれにしても取り返しのつかない体になれば、生きた心地はしないだろうね。後悔するなら打たない勇気か、必要だと思うけどね。こどもには、できるだ回避したほうがいいよ。,3,喜喜,0
315,先にまずは、愛知県の県内の子供たちだけ先に助かればいいや。他の県の子供達は大人がワクチンをうたせるのはとめられへんし。県外の子の親は県外の親の重大責任でいいや。,0,雲のギョウザ,0
316,テレビでは放送しないんですか？,2,オグチシンイチ,0
317,河村市長に期待！危険なワクチン中止に希望！,5,24まゆみん,0
318,ワクチン接種後10代で亡くなったのは6人ではなかったでしょうか🤔,0,sky blue,0
319,こんにちは😃7月の参議院議員選挙を見据えた「スタンドプレー」ではないことを望みます。,1,Japanese Gypsy（ジャパニーズ　ジプシー）,0
320,冷たいかもしれないけど、自己責任で打った人にそこまでする必要があるのでしょうか?少し疑問です。,0,山田直子,0
321,デンマークは先進国,0,かた,0
322,「努力義務」ってなんだろう？「努力してね」なのか「義務だぞ」なのか？この二つは共存できない概念です。「自粛要請」も意味不明な日本語（日本語になっていない）でした。「自粛」は自主的に行うもので「要請」されるこっちゃないので、共存不可。政府もマスコミも発信している人たちって日本人なんだろうか？,1,VG,0
323,イスラエルがワクチンパスポートを辞めましたね。当然の帰結です。,7,谷口輝彦,0
324,地上波のMCやってる、芸能人の方々は偏向報道してる自覚無いのかな？自分の生活が守られたらいいのかな？,1,ピエロ空,0
325,やはりもう、感情論や観念だと、いかようにも人々をマインドコントロールできると思うのですが、こうして、目を凝らして、俯瞰してみると、理解を超える様々な事が起きて、許容を超えることが横行していますね。子供たちの中学でも、不織布マスクにしないのなら布マスクしてから不織布をしろとか、小学生に学校に病気を持ってくるななんて、免疫を作る段階の子供たちになんと横暴なことをいうのだろうと思います。ただ、怒るよりも、大石さんのように冷静に情報を集め、冷静に情報を伝えて、最終的な判断は本人の責任ですね。しかしかながら、報道はもちろん、全ての会社や人において目線の高さが露わになりますね。それは良いことかもしれません。,0,山崎陽子,0
326,有害な事が判ったならまず中止することか先決被害者を増やしながら、救済するって、ナゾやわ,0,amazing thailand,0
327,「感染した子供が高齢者に感染させるといけないから子供も接種を」という愚かな考えの大人が多いのに呆れる。,5,谷口輝彦,0
328,ワクチンじゃない、傘下グラフェンですよ😂,0,kunpunogogatsu,0
329,ひろゆきは打ちましょうって言ってるけど,2,s,0
330,名古屋はええで～大石がおるでよ～！名古屋で〇〇〇〇をと～めてまうでよ！,1,Mary Hudson,0
331,COVID‑19の見出しがYOUTUBEから付かないのは何でですか？DNAワクチン関係の動画には必ず付くものではないのですか？,1,ゆう太,1
331-1,知っててわざと聞いてるのか知りませんが多分直ぐに削除されない為の策だと思うんですが‥,2,ma na
332,🏅金メダル噛みつきおじさんこと河村市長、名誉挽回の大チャンス👏ええやん。,3,はいどーもJINでーす。,0
333,ファイザーという会社自体は日本政府との間の密約による協定があるので、 ファイザー社は全面 免責され1円も払わないことになっている。,5,River Euphrat,0
334,名古屋は　大変な地域ですね。,0,望月光雄,0
335,コロナワクチンは打ちません,3,少しの勇気,0
336,3回目打ちたくないけど、少数の会社俺だけ打たない、コロナ感染、めちゃくちゃ言われる、どうしようかな,1,てっさん,1
336-1,一番簡単な方法、「脅迫罪に値します」,0,死神代行DIE
337,テレビでは放送しないんですか？,0,オグチシンイチ,0
338,迷ってなんかいませんよただの1度も売ってませんから‪w,2,桃色月見草,0
339,知事に潰されそうですね。,2,S Chiba,0
340,死亡は重複しませんけどね…。,0,がえしおうむ@がいよう見てね♥,0
341,日本のFOXニュースと、タッカーカールソン,2,パキラ,0
342,なぜ救済措置は日本の税金でしなきゃならないでしょうか？なぜ儲かったメーカーは一文も出ないのか？？？,0,油管惧而蔽者,0
343,副反応なんて生易しいもんじゃなくて、立派な【薬害】でしょ,6,えぐれホタテ,0
344,アナフィラキシーだけかぁ,1,相馬翔平,0
345,流石は河村市長,0,John Paul,0
346,大石さん、いつもありがとうございます。すごく感謝しています。さて、以前のコメントでワ⚪チ⚪の中身こそを報道してください……とありましたね……私も知りたい……皆さんもそうですよね！！！で……ちょっと突拍子もない考えです……今の感せん……もしかしたらとてもこわい病…と思ってしまうのは、わたしだけ？？で？しょうか？　初期症状が、似てる……、そして、すぐ、消える、治る……無症状の人……あまりにもある病とぴったりでとてもこわい❗たまたま、偶然……今の検査に反応してしまうだけでは、ないかと……？？　わたしだけ？こんなふうに感じるのは？？　(あらゆるおこる病の可能性を調べてほしいなぁ………………　)　ただのおばさんの直感　ハズレてほしい……何もかもが、闇で本当に悲しいです。本当に辛いです。　わたしは、何も持っていないただの人……だからこうして感じたことを発信するしかありません。　幼い子供たち、若い人だけでなくお年寄りの方も大切な命です。！！お願いです。みんなで首をノーと横に振る勇気……力出しましょう。真実は、ひとつです。神様は、みています。推奨している方の動画になんとなく反対意見を出しても皆、無関心です。そして、消されてしまいます。でも、また、懲りずに続けてみます~🎵　意見というものは、違うからこそ素晴しいものが、うまれると信じているのですがね……賛成派のひとが、賛成派の人と話をしていても……反対派の人が、反対派の人と話をしていてもなんにもかわらないんですよね……頑張って自分の思いを間違っててもいいから発信していきましょう！！ほら、子供には、いうじゃないですか？！自分の思ったことを言ってごらんって(笑……　)　皆さん~勇気を出して伝えましょう‼️自分の意見、考え、気持ち……☀️　頑張ろう日本🗾❕　最後にもう一度……大石さん本当にありがとうございます。これからもよろしくお願いします❕,2,ちょ,0
347,岸田政権はただただ打たせたいだけ！,0,ヒムロック,0
348,若者が記憶障害？（笑）（笑）,0,竹村潤一,0
349,お見舞金二万円は少ないですねー,2,00 3,0
350,矛盾しか無い。子供達は重症化しにくいのに　ワクチンしないと駄目みたいな話はおかしい‼️,0,勝沼俊樹,0
351,2万円‼️🤣今時2万円で何が出来まんねや🤣🤣🤣冗談は顔だけにして欲しいわ🤣🤣🤣6人に2万円‼️🤣セコすぎる,3,丸山一機,0
352,重症になりにくい、死亡者も少ないオミクロンと言われ海外での事例もあるのにそんな状況でも重症化予防に接種の努力義務あるのか？3回をどんどん推奨する努力義務という圧力3回目があるということは今後の変異株ごとの感染状況では4回5回とあるのでしょうか…更には5歳からとか生後6ヶ月からとかの話も…,1,みそきち,0
353,尾身氏「子どもの接種は希望者のみにすべき」と発言https://youtu.be/z-xpR_76yrM,2,tea73j,0
354,打たなくていいでしょう。,4,hitomi mizumo,0
355,大石は組織の人形。ワクワクで正と悪にて、分断させたいのでしょう。情報屋はホンマに傲慢極まりない。,3,kaki sakura,0
356,任意やろ？,8,栢本忠志,0
357,不妊症に、なるようです。精子減るようだ、,6,kunpunogogatsu,1
357-1,男性は、調べてね、,2,kunpunogogatsu
358,「発症予防のメリット」　今医療崩壊危機が叫ばれてます。原因が本当に病気の猛威から来るのかはおいといて(ベッドの上に患者ではなくて札束疑惑)、発症予防効果あるなら医療崩壊防げるはずです。子供へ移したくないから2回ともキメたけど、3回目は無いと言い切る保護者もそこそこ居られます。キメた後で自分に万が一の事があったらと仰る人も居られます。発症予防効果も見込めず、家族崩壊リスクすらあるブツに何のメリットがありますか。　根性針の担当大臣は閣僚未経験者だそうです。推して知るべしだと思いませんか。,1,攻撃呆方法,0
359,わくは遅効性、今出なくても2、3年後。人間によりバラバラなのはロットによると聞いたことある。子供には少ししか悪いのは入れてないらしいですよ,2,888 monica,0
360,雪舟には異議がありますね♪大体、二十歳以下の日本人でﾀﾋんだの、たったの3人だよ！！！しかも、うち2人は、普段から『故宮器』着けるくらいの秒弱な子。残りの1人は交通事故だもん！最期、喉擦ったらWiiが見付かって、実は567ﾀﾋでした！たわけー！！！あたおかですか？wwwぜーーーったいに打つべきではない！！！,2,Poohさん,0
361,🤷,0,かいとさえこ,0
362,見舞金２万？　２００万じゃないの？　まったく救済する気なしだね,2,mitsu,0
363,死人に口無し？,1,日光助真,0
364,大石恵ｻﾝ？ﾄﾞﾌﾞﾈｽﾞﾐみたいに、美しくなりぃ～たい🐀色々闇深い世の中だなぁ～,0,LuCifer669【非公式】,0
365,追加情報；５６７より重い事象の発症率高いね,2,Emily.,1
365-1,小児研究出身としてはなんとも、あり得ないことで。優先すべきものがある。,0,Emily.
366,国民の皆さん、　ワ苦の中身を調べて下さい。　CBC局の方　　ワ苦の中身は、木県です。（キケン）調べて　気づいて下さい。　子供に〇〇してはいけない。木県です。とんでもない　ものが　入っています。　　　　ジワジワと　・・・・４　　　〇にます。,4,国民主権に反するは排除,0
367,ノババックスの現段階情報を取り上げていただきたいです!年齢が小さい方でも安心して接種できるといいですね…,2,ラブたん,0
368,目が怖いね,0,ケースケ,0
369,何で遺伝子組み換え人間になりたがる⁉️,1,村山和彦,0
370,死亡者数の桁違い数百人がネット上の真実。。。,1,Ken Oohashi,0
371,皆さん、にこにこどうがを観ましょう。↑にこにこどうがと、書いたら消されます。,2,ゆ ま,0
372,接種後珍しいくらい元気でビックリ食欲の９５歳の母親が半年後の亡くなる20日前に突然直腸癌になり死んだ。２０日前までいつの間にかバスに乗って買い物に行ったりおにぎり2個とてんぷら食べて元気すぎる母の死に方が不思議です。自分はコロナ接種の後遺症だと思っています。,1,gonnta nana,0
373,ここまで嘘つかれて気づかなければ、気が付かない奴が悪いて言えるね、,2,吉田一至,0
374,河村、遅いんだよ。河村って市民も自分も早く2回うったからって自慢してたわ。河村3回目はようて。,2,herakoi herakoi,0
375,🍊🍊🍊🍊🍊🍊田舎に移住することになりました。会社をやめさせられました。くわしい経緯は私のちゃんねるにあります。誰かアドバイスください。。。74,0,やばいやつ晒します,0
376,データを見る限り打たない一択じゃないですか。違いますか？,0,zegaprin,0
377,ここのコメント書きこみ、テレビ局関係の人ばっか？めでたい。,0,せっつん,0
378,毒を自ら進んで摂取した〇〇を税金で救済？,0,Koichi Yamada,0
379,ワクチンなしでどうやって収束するのか教えてくれ,7,空豆ぴーすけ,12
379-1,気にする人がいなくなれば収束。テレビを無視すれば収束。,9,猫岸夏目
379-2,収束しないのはゼロコロナを求めるから。オミなら恐くないよ、もう普通に暮らせばいいじゃん。,13,Keen Bobson
379-3,打てば打つほど感染者増,61,guusuke
379-4,PCR検査しなければ収束それだけ,73,不思議
379-5,テレビを消せば収束するよ,108,chris evans
379-6,ポルフェノール,9,死神代行DIE
