1,取材を受けてくれたり、声をあげてくれる人がいるのが有り難いです。この方たちの思いが闇に葬られないように大石さんには活動して頂きたいです。,325,Regina Phalange,0
2,私は未接種ですが、本当に胸が痛いです。1日も早い回復を祈っています。,362,はるうらら,0
3,〝反ワク〟のレッテル貼りでCBCへの攻撃を始めたこびナビの面々に屈することなく真っ向勝負の大石さん！本当に素晴らしい！！,1032,Q,23
3-1,@小川祐史 ラップしてたやつ見てきたけど、新興宗教の教祖みたいな胡散臭い見た目で草生えた,3,筋肉もりもりのワンちゃんじゃ
3-2,ワクチンを勧めなければ医療崩壊するのはわかる、しかし、こう言った事例を誤差と言わず後遺症の可能性として真摯に向き合ってくれればいいのにね。わざわざ反ワクと言って煽るのが良くないよね。,9,niki
3-3,ますます、これから後遺症が出る方声をあげそうですね。子供に接種も??ですよ,16,SH
3-4,媚びナビって、やってる事がちょっと外道過ぎやしませんか？,31,ガサネカサネ
3-5,みて驚いたし不快でした。,18,ことチャンネル
3-6,コメント14って書いてあるのに6個しか出てきませんね。返信があるのに元のコメントも消えています。検閲厳しいですね。,38,Y M
3-7,@Kiss Yukko 日本人がこんなに抵抗するなんて想定外だったのでしょうね。,46,Kiichi
3-8,橋下は昨日Twitterでつべこべ言わず打て！こんなんで国の為に命棄てることが出来るのか？みたいな事言ってた,80,めぐりズム
3-9,@小川祐史 厚労省も彼らに賞を与えています。権威づけ。とても信じられない！,74,naomi kato
3-10,こびナビ、恐ろしい、、、,75,naomi kato
3-11,@斎藤誠 こびナビの代表者は、例のファウチの下で働いていたことがあるようですね。,94,sunshine911
3-12,ふざけたラップ調で歌ってた医者居ましたが、こびナビでしたかね。,118,小川祐史
4,身内の看護師も2回目摂取後に次々と難病になりました。原発性胆汁性胆管炎の病気を持っていましたが、何十年も異常がなく過ごしていましたが、原因不明の免疫異常で血小板が12000ほどになり、胸水もたまり、強皮症や腎グリーゼなど次々と難病を発症しました。透析も必要になり、現在は寝たきり状態です。一度、心肺停止にもなりました。目も見えにくくなり、体温調節も出来ないです。それもコロナワクチンの副作用と認められないです。,671,にゅにょん,15
4-1,@にゅにょん お医者さんや看護師は、病院には逆らえない風潮があるように感じます…,7,i Ha
4-2,強制的だったり、医者を信用しきってる人多いと思います。身内もそうです。,15,ことチャンネル
4-3,身内に医師が居ますが、勤務医はほぼ強制的に打ってます,19,にゅにょん
4-4,@sunshine911 さん。知らなかった(間違っていた?)治験期間っていつの間にか伸びたんですね。今年の6月位までと思っていた😩,15,Norma
4-5,@いき 私の母の主治医はワクチン一回目直後寝たきり　その後リハビリでやっと車椅子で勤務に復帰されてます,48,にゃお
4-6,看護師は、医師の指示の元で動くという原則がある為、上司にあたる医師の考え方が、「医療スタッフは、全員、ワクチン接種するべき」であると、注射は、拒めません。病院は、医師をピラミッドとする指示組織ですから、自衛隊と似たような組織だと思っていますが…。,33,武林瑞穂
4-7,@どうも僕です どちらもありですね。いまはロットNoで検索できますね。英語ですが。副＆後遺症６０倍ぐらいの違いがある。塩水プラセボもあります。２０２４年まで実験中ですから。,43,sunshine911
4-8,@いき そうでもないですよ。医師でも聞きます。,23,のんさま
4-9,@いき 医師は打ってる人が少ないか、ロットが選ばれてるとか。,52,どうも僕です
4-10,阿保看護師が多いのも事実。『打つな』と言ったら、医師に『打て』と言われたといってた。『パワハラだ』ともいってた。納得してなかったっけど打ったんだろうな。『危険だ』と言ったのに・・・・,45,狂気之兔
4-11,看護師が不調を訴える件は良く拝見しますが、医師が後遺症になったというお話は聞かないですよね…なんでですかね、もしかしたら別物だったのでしょうか,91,いき
5,CBCは本当にこういう報道をしてくださるので、本当にありがたいです国は認めようとしないのは異常で打て打てだけはいう4回目なんかふざけんな大石さんこれからも応援します,886,まこっちゃん,15
5-1,🤣,0,HashimotoDavid
5-2,合法シャブ中…(￣▽￣;),2,hdes 929
5-3,@Kiichi あいうって人、どっちを胡散臭いと言ってるかよくわからないんですよね。笑,6,斎藤誠
5-4,@斎藤誠 心筋炎のリスクすら知らなさそうですな,8,リヒリヒト
5-5,@鈴木里美 さままさか、わら人形に刺そうとしてません？？,2,inojyou1
5-6,@inojyou1 あれだけ　１回目は　早く打った方が良いと　言った　かかりつけ医師が　３回目は慌てる必要ないよって　言ったんです。しかし　会社から　打てる人は打て　と通知され　渋々　予約しようと　相談してみたら　ファイザーじゃないから　止めといた方が良い　って　言われた。　けど　どうやら　確保出来た様です。　選んだ日は　友人の誕生日。（笑）　第１回目は自分の誕生日でした。　けど　まさか運が良いのか　悪いのか（笑）,6,鈴木里美
5-7,@あいう 国に殺されても、国の言うこと信じて笑い続けてそうで怖い。,10,Kiichi
5-8,@鈴木里美 さまモルモットはそこまで耐えられなかったので、人間でやっているのではないでしょうか？,32,inojyou1
5-9,@山下恵里香 医者がそうだと言っても国は因果関係は認めないですけどね。,35,斎藤誠
5-10,@あいう 胡散臭いって言っても接種後の重篤例や死亡例は数字で出てるし接種開始後の超過死亡者数も出てるしなぁ。,44,斎藤誠
5-11,本当にちょっと考えれば分かると思う🥶いったい何回打たせるつもりなのか⁉️恐ろしい〜😱😱,80,吉武マイマイ
5-12,胡散臭いとしか思えないのを本気にするｗ詐欺師にしてみれば、カモがネギしょってきているから笑いが止まらないやなｗ,43,あいう
5-13,４回目　５回目　モルモットか！？,95,鈴木里美
6,この方のような、深刻な後遺症に苦しむ症例は多数あると思います。働けないので収入も無く、治療費は自己負担。自分と家族を守るには政府を信用しないことです。,717,親日の一般人チャンネル,8
6-1,その信用できない政府は我々国民が作り出したと言わないあなたに欺瞞を感じるwwwいいねが500も付いちゃってますよwww,1,BFC
6-2,私も　接種した側が　可笑しいし何だか　一気に　歳を重ねてしまった様な感じです。　体力とかも可笑しいし　これも　後遺症　なのか？？,7,鈴木里美
6-3,それでもまだまだデマと馬鹿にする人いるんですよね…,27,さゆ
6-4,@山村裕美 名古屋市在住でなくても訴えてみてはいかがですか？媚びナビより期待できる回答を得られそうhttps://youtu.be/cwLAIoSNEYQ,8,サウナカプセルホテル
6-5,何度話してもなかなか受け入れてくれませんコビナビに連絡とれる方はいませんか？,27,山村裕美
7,CBCさん、大石さん、価値高い報道いつもありがとうございます。深刻な状況が広がっているのに、在京テレビ局は全く報道しません。,643,My Melody 1993,6
7-1,@福間資朗 様  おっしゃる通りだと思います。これから、司会者、国会議員、コメンテーターにワクチン接種証明書の開示を要望する署名活動したいです‼️,15,た−ちゃん
7-2,大きな流れとして、新型コロナが始まった2年前から、在京テレビ局は政府の対策を批判し続けました。新型コロナの不安は高齢者に圧倒的に多いので、視聴率が確実に稼げるからです。ワクチンが開発された後は、その流れでワクチン接種を早急に進めることを政府に強く要望してました。その結果としてワクチン接種のデメリットは自分たちへの批判にも繋がるため、放送したくないのでしょう。商業主義の在京テレビ局の限界だと思います。,30,福間資朗
8,ご自身が大変な中、愛コロを立ち上げたりすごいですね。ご家族のためにも早く完治するといいですね。大石さんの報道で救われる方が増えるといいですね。ありがとうございます。,396,いまここ,5
8-1,今更だけど、V を3回 打った人は自己責任で諦めるしかない年寄りは仕方ないけど、中年以下の人は残りの人生、旅行に行ったり、美味しいもの食べたり、好きな事をやってあと数年楽しんだらいい。それしか言えない、だって強制的に打たされたわけではなく自分から接種会場に喜んで行ったんだからしょうがない。若い子は子供作れないから本当かわいそうだ。,17,Minoru Harada
9,皮膚科のナースですが現場では接種後の蕁麻疹や繰り返す湿疹などでどんなに患者さんが訴えても先生は因果関係ない原因不明と言います無知なのか無責任なのか患者さんって先生をほんとに信頼してるんですよね私も接種止める活動もできる範囲でしてますが　もうたくさんの方が接種してしまってもうこれからは救済の仕事に関われたらいいなと思ってます,126,こころ,4
9-1,@こころ お返事ありがとうございます(^^)やはり皮膚疾患増えているのですね…ヘルペス初めての経験でとても不安な日々を送ってましたが、こころさんが体が異物に正常に反応してると仰って下さって大変安心しました。内服薬も飲みきりだいぶ症状も良くなってきました。こころさんの職場3回目打たれた方が多いとの事、大変でしょうが免疫力上げて上手にストレス発散して乗り越えて下さいね！ほんとに何処もかしこも接種者だらけなので未接種は被爆してしまいますよね💦私も免疫力あげて気にせず笑って過ごしたいと思います。食品添加物もコロナ禍で日本が一番摂取してると知り驚きました。デトックスしていきたいと思います。早く子供達が伸び伸びと以前のようにマスク無しで過ごせる環境にと切に思います。日本だけどうしていつまでもこんな状態なのかと疑問に感じてしまいます😅,9,24まゆみん
9-2,@24まゆみん 子供さん今はもう大丈夫ですか大変でしたねびっくりしたでしょうヘルペスや帯状疱疹は子供から高齢者まで２年前より増えてる気がしますその方が接種済みなのか未接種なのかが全員は確認できずどちらにしても皮膚疾患の影響もあるなあと現場で感じてますもともとアレルギー体質の方は良くなってたのにまた再発したりでもシェディンクにしてもそれは体が異物として反応し排出したいから皮膚に出て免疫も正常に戦ってくれていると思うのでだせてしまった方がいいのかなと個人的には思うようになりました私も職場は３回目済みの多い環境ですが　食生活見直しやできる対策はして免疫力上げる事に意識してあと気にしないようにしてます普通の生活もうどこに行っても被爆ですよね💦影響を受ける人と受けない人の違い結局自分の免疫力をあげる事が1番だと思いました前から日本は世界一添加物と農薬の実験の国と言われてるのでそれも含めあとは解毒　デトックスですね☺️今調べれば沢山でるのでできる事試していくといいですね子供さん大丈夫ですよ何か出ても回復の力もってますこの時代心のケアも大切なので無理はせず笑って楽しく過ごされて下さい1番被害にあってるのは大人の都合で我慢　制限させられてる子供さんですものよく頑張ってますよ子供さんに打たせない選択をされたお母さんほんとに感謝してますありがとうございます,10,こころ
9-3,現在中学生の子供が2月のはじめから瞼や顔、体中赤くなりただれて皮膚科2軒目でヘルペスと診断され内服と塗り薬でだいぶおさまりつつあります。皮膚科のナースさんということでお尋ねしたいのですが、子供にこのような症状増えていますか？うちの子は未接種です。接種者から未接種にこのような被害が出ると度々記事をみかけるのでその辺何かご存知でしたら教えていただけるとありがたいです。,7,24まゆみん
10,厚労省のワクチン分科会で公表している副反応症例や死亡症例の中にも血小板減少に伴う血栓症や血小板減少性紫斑病とか多いですよね。あのデータ見て平気で打てる人ってすごいと思ってた。,205,Kama Kama,0
11,貴重な情報発信ありがとうございます！参考になります！○びナビとかいうよく分からない(営利？)団体関係者がCBCさんを批判している様ですが気にせず発信し続けて下さい。,302,yuri yurian,1
11-1,見てて感じるけど、肯定する側のやり方は誹謗中傷ばかりなんですよね。そういうところでも判断してます。,19,さゆ
12,たいへんですね。心が痛みます。一人でも多く覚醒してほしいです。とにかく解毒して少しでも回復を願ってます。,275,マミーマミー,0
13,大石さん頑張れ！応援してます！,112,山岡透,0
14,遺伝子組み換え薬打って、何か起きたら不可逆でこの症状がずっと続くと考えたら地獄だ,206,Uzo4649,1

15,メリットがデメリットを上回るの名分の元、接種を薦めてるけど病気で身体を壊すのと健康なのに予防接種で身体を壊すのは比較の次元が違う、出血、血液疾患の副反応の出現の頻度の高さははっきりしているのに1500人以上の死亡者を含めて因果関係不明のまま３回目４回目打てと言うのはもう犯罪だろに。,389,vario roof,1

16,大手メディアは、触れない弱者の声、真実、CBCの報道に感謝します！,336,M. Ikeda,0
17,ここまで､ニュースにしてくれるC B Cさんは、なかなか凄いですね❗️大石さんも､頑張ってください。でも､国やその他の利権で、のさぼってる輩のせいで、被害者が苦しんでます。何とかして欲しいです。,522,石垣太郎,8
17-1,全て、国民の税金です。後からコロナ大増税がやってきます。おそらく消費税15%〜20%( 10年後 )毎年、医療費だけで国家予算の一般会計の予算ぐらい(80〜100兆円)が裏帳簿の特別会計から出ていると参政党の現役医師が言っていましたおそらく、米国製の V は一回10万円ぐらいすると思います。国産メーカーが作ったら￥5000〜¥1000ぐらいだと思う,17,Minoru Harada
17-2,@socialmovementer 税金です。関連で通常年間予算のなんと７割以上を無駄に使ったことをダニエル社長という方が検証動画出してくれています。,12,Y M
17-3,コロナ以降なにか税金上がりました？,8,socialmovementer
17-4,ですよね、ただと思わせて国民の税金ですよね。,43,石垣太郎
17-5,素朴な疑問なのですが、ワクチンを推進して官僚、政治家、製薬会社、医者等が大儲けしているらしいけどそのお金はどこから出てくるのですか？ワクチンが有料だったらわかるけど。,23,socialmovementer
18,看護師さんの早い回復を心から祈ります。同じ医療に携わる人の中でもこういう事象を否定し挙句避難までする者と、この看護師さんのようにこれ以上苦しむ人を増やさないようにと声をあげて下さる人、どちらが真の医療従事者かすぐ理解できるのに気が付かない人が多すぎると思う。,56,Shade Fun,0
19,看護師さんは、もしかして打ちたくなくても同調圧力などで打たなければいけなかったり、射たないと働けなかったりするから、本当に気の毒に思います。,310,ぱぴこ,16
19-1,誤字、すいませんでした🙏,0,Norma
19-2,@佳代 さんそうしましょう!応援します💪💪プラセボも多いから、３回中２回はプラセボだったと思い込む気持ちも必要だと思います。(ラッキーな事に３回でも良いです😄)そして、ネットで見つかる解毒方法を実践してみると良いと思います。それらの者を口にする時に心の中で「これで大丈夫」って思う事も重要だと思うのです。私はスピリチュアルな人ではありませんが病は気からの延長と言うか信じて解毒しなければ効くものも効かないと思っています。💗💗💗💗💗,1,Norma
19-3,@Norma さん3回目打っちゃいました‥。次は打ちません,1,佳代
19-4,@佳代 さんそれでも💉は止めた方が良いです。,1,Norma
19-5,打たなかった人がコロナになって、同調圧力が強くなりました。,0,佳代
19-6,打たないとクビになっちゃうけど打ちたくないって看護師さん泣いてた,5,愚民共
19-7,本当にそうですね。看護師さん達(看護学生の研修生)その人の性格によって同調圧力に負けてしまう。病院の上司の理解のなさや威圧度によっても全然違いますよね。一刻も早く全国民の為に中止して欲しい😭,20,Norma
19-8,@菊竹淳 聞いた事あります。なので娘もワクチンしません。家族全員していません。日常生活、手洗いとかマスクとか気をつけて生活しています。今の所コロナとは無縁です。ありがとうございます。,15,みみちゃん
19-9,@eri M それとmRNAどうこうの前に人体使用の前例がない事ぐらいは誰もが知ってるはすですよ。特例承認という事も知ってるはず。ただ接種者が可哀想みたいな事を言ってたらほんといつまでもキリがない。,12,斎藤誠
19-10,看護師してます。職場は強制しないのでワクチンしてない人はいます。ワクチンした人で喘息になったり眼底出血を起こしたり不調を訴える人がいます。自分は今後もしません。,69,みみちゃん
19-11,@斎藤誠 心弱い人が多いですし、仕事など天秤かけたら打っちゃう人多いでしょうね。私は、どう同調圧力に負けず貫けるかを考え、とにかくmRNAがどういうものなのか、調べに調べまくって、両親からの圧力には勝ちました。自分はめちゃくちゃ説明できるけど、論破出来るほど調べてから打てと言えと。ぐうの音も出なかったみたい。,42,eri M
19-12,それは言い訳みたいなもん。射った奴はワクチンゴリ押しする奴と同類。加担する事になる自覚を持てって感じ。,16,斎藤誠
19-13,医療従事者の方々がおかしいと思うなら声を上げてもらわないと、不幸な人が増える一方です。,42,mingzi
19-14,打ちたくない人は打たないよｗ,25,平城 奈緒璃
20,治験中だと知らずに打ってる人もいますからね、みんな調べない知り合いの方は二回目を打って具合悪くなり、一ヶ月まともに食事取れなくなり体重は４キロ減ったと聞きました今は体調戻りましたが、解毒が必要ですね,360,わんここねこ,6
20-1,@温泉大好き 　温泉も解毒みたいなもんや。,6,matu oke
20-2,@温泉大好き さん私は現状解毒というものが可能とは思っていませんが、その発言内容は間違っていると思います。人間には希望が必要です。希望を失った人間は生きる意欲を無くしたり発狂したりし得るでしょう。解毒という概念は、発狂に至らないためのストッパーとして、最後の希望として生み出された物だと思います。そういった人たちの希望を否定するのはよろしくないと思います。また、論理的説明を理解できない人間であれば、ワクチンの危険性も理解できないのですから、そもそも絶望の渦中にはいません。ワクチンの有毒性を理解してしまえる頭を持っているからこそ、絶望の中で希望を見出したいという藁にもすがる思いで、あるいは絶望を避けるために防衛本能が働いた結果「解毒」に頼っているのでしょう。まぁ、持論展開しましたが、私が間違っている可能性も十分ありますので、「解毒と言っている人」に対して違う捉え方をしている人も居る　程度に認識いただければ幸いですが。,9,M I
20-3,@温泉大好き そんな事はないはずです!　人間は強いですよ。なかなかしぶといんです。解毒出来るなら解毒してよかれと言われることは試さなきゃ口惜しいじゃないですか?!,26,美佐子 中村
20-4,@setsuo katsuta さん。何を夢みたいな事をって思われるかもしれませんが、色々な解毒方法を試して心の中でも「これで大丈夫」って思う事も必要(役に立つ)と思っています。頭の中で否定したらだめな気がします。人間の体にはまだまだ分からない事があるから…,28,Norma
20-5,遺伝子に影響が有れば新しく変わる細胞も人生終えるまで正常じゃなくなるでしょう。解毒とか体から抜くような事できるのでしょうか。,24,setsuo katsuta
21,大石さん、こんにちは！( *ˊᵕˋ )💖✨最近では、他の地方局などでも報道内容が少し変わってきたという話を聞きます。大石さん達の報道に勇気をもらって、少しずつ変わってきてくれているのではないでしょうか。とても影響が大きいのだと思います。いつも真摯で誠実、志のお強い報道を本当にありがとうございます🙏🌾✨,230,ゆちこ,3
21-1,そうですね、どんどん広がっていってほしいです( *ˊᵕˋ )🌾✨,16,ゆちこ
21-2,サンテレビやABCテレビでも枠珍後遺症を続々と取り上げ始めてますね。大石さんの功績が大きいと思います。あとは、２年以上茶番劇を報道してきた全国ネットキー局が変わるかどうか、ですね。,25,asibagu3
22,大石さん、貴重なお話ありがとうございます。これからワクチン接種を考えている方に後遺症と後遺症の会が広がりますように🙏 大石さん、これからもよろしくお願いします😊,67,LOVE N.Hidetoshi,0
23,アメリカでの調べでワクチンの後遺症の種類は1200以上あると言われていて、CDCで大問題になっているのに、日本の医療従事者の方は、そういう事もお調べにならないのでしょうか…。,110,mingzi,3
23-1,1291だったかな？,6,angelheart
24,さっきチャントで愛知、岐阜、三重の観光支援策の県民割の話題を取り上げていたけど、適用の条件が３回接種済みか陰性証明っていうことになっていて、３回済みなら何の検査もしなくても良いっていう施策に疑問が湧きまくりました。打っても感染するし人に感染させるのから検査パッケージが中止になってるのに、まだまだ打って打って打ちまくろうっていう魂胆が見え見えで本当に呆れます。こんなに接種後の酷い後遺症で苦しんでいる人がいるっていうのに、何で「３回接種済みなら補助するから旅行してください」って言えるんでしょうか？陰性証明があれば良いということにもなっているけど、それはコロP検査を受けさせたいだけにしか思えません。１日も早くみんながマスクを外して、５類にして、コロワク接種自体を止めて欲しいけど、せめてコロワクの無料接種を止めてインフルのように打ちたい人だけが打つようになれば５６７禍は終わります。これからも後遺症で苦しむ人の率直な意見を聞いて精神的にも救うような大石さんの報道に期待しています。,166,ユカリーヌ＠正義の味方ちゃん,0
25,偏向報道ばかりのなか、他のメディアがほとんど取り上げない問題を、しっかりと報道してくれてありがとうございます。,41,a a,0
26,いつも有用な報道ありがとうございます！推進派からはデマを報道するテレビとして攻撃が始まってると思いますが、私たちにとって、逆風の中、真実を報道してくれる数少ない処として感謝していますこれからもどうかよろしくお願いします,173,もりたたけし,0
27,先日大学卒業し、今週金曜から警察官として採用される者です。僕は昨年10月にコロナワクチン接種後に足に力が入らなくなったり、睡眠障害となって鬱病と診断されました。ほとんど寝れない状態になり、今まで感じることのない吐き気によって食欲も減退し、体がどんどん衰退していくのが分かり救急車を呼びました。夜中色々な検査をしましたが、原因不明。帰宅しても寝ることが出来ず限界だったので心療内科を受診しました。睡眠障害による鬱病と診断され、現在も睡眠薬を服用しなければ寝られない日々が続いて苦しいです。警察官の父の背中を追って警察官として頑張っていこうという気持ちも睡眠障害で意欲が低下し、あんなに頑張ろうと意気込んでいたのに今週から厳しい警察学校に入校するのは恐怖でしかありません。主治医は「ワクチンによる影響だから3回目は打たないでね」って言ってくださいました。ワクチンによる精神障害で悩んでる人も多い見たいですね。この方は僕よりも比べ物にならないくらい辛く大変だと思います。元気になって欲しいです。当たり前に不便なく生活できることを幸せだなと感じることが多くなりました。現在は鬱病は改善し、毎日 日光浴をして、運動を継続しています。,370,ああ,16
27-1,@matu oke 鬱病とかの対策にもなるので続けててました… 本当に大変な時はやめときます,0,ああ
27-2,@fpスティンキー ありがとうございます明後日から不安ですけど無理してでも頑張ります… 気持ちで乗り切りたい🥲,2,ああ
27-3,無理して運動しないほうがいいんじゃないかと。　病気が良くなってくると運動して体力戻そうとして元に戻ってしまうケースがあります。しばらくは安静にしてください。早く良くなりますように。,3,matu oke
27-4,つらいですね。全国に有志医師の会と言うのが広がっています。お住まいの都道府県にもお医者さんがいると思います。連絡とる事おすすめします。一応言われているのは、ビタミンＤ。それと味噌、納豆。減塩味噌はだめ添加物が入っている。どうか大事になさってください。あなた方の世代ははこの国の希望です。馬鹿な大人が沢山います。惑わされないでください。,8,ken bou
27-5,警察官は24時間勤務が基本です。まともな睡眠も取れないことが多々あります。あなたの身体が心配です。,11,安部礼司
27-6,お辛い中、よくお調べになりましたね。とにかく酸化を避けることが重要と聞きますが、私はビタミンEとビタミンC、セレニウムの組み合わせで抜け毛がすごく減りました！酸化の影響は髪に出るらしいので、参考までに。セレニウムは解毒にいいらしいですよ。因みにビタミンEは1000IU、セレニウムは200mcg、ビタミンCは1000mgの物を摂っています😆未来あるああさんが、少しでも症状軽くなります様に🙏,10,fpスティンキー
27-7,@Norma ありがとうございます！最近は果物特に柑橘系やビタミンC入りのゼリーを毎日食べるようにしています。5ALAがよく分からなかったです。,8,ああ
27-8,@ああ さん。抗酸化作用のあるアプリがいいみたいです。他の方も書いているように5ALAです。もしくは同じ抗酸化作用のあるグルタチオンサプリ。亜鉛サプリやビタミンCも良いと言われています。(ビタミンDは日光浴すればOk)最近、ネットで見つけて気になっているのがCBDオイルというものです。調べて見て下さい。後は個人的に大切ではと思うのが天然塩、本物の味噌＆醤油です。毎日でなくても玄米を食べる。しばらくはジャンクフードや味のついている食品を控える。アホかと言われるかもしれませんが、解毒しながらこれで大丈夫って心の中で思う事も必要だと思います。半信半疑で解毒したら効くものも効かないと。人間の体の神秘的な部分を信じて!,19,Norma
27-9,@ととと 早速試してみたいと思います,11,ああ
27-10,@もりた たかこ 正直体調は万全ではないですが頑張っていきたいと思います🙏,18,ああ
27-11,あなたにはあなたの大変さや辛さがある（あった）のですから、それを人と比べないであげてくださいね。自分に優しく、一歩一歩、希望のなかを歩いていってください。,33,シテル
27-12,@ととと 中村先生の所に行きましたが、ビタミンやミネラルのサプリを勧めてもらい少しいい感じです！ただ個人的には腸内環境を良くすることで排毒、栄養吸収できると思うので、ミヤリサンをおすすめしたいです。,14,Gラ
27-13,中村クリニックの先生が、解毒に週に1度カレー🍛が良いと仰ってました。身体に、入ってしまった金属とかを出す作用があるとか、後は定番の松葉茶や５ALAが良いです。　お大事にしてください🌈,51,ととと
27-14,同じ年頃の息子がいます。身体大事にして下さいね。,51,もりた たかこ
28,日本中でこういう方が多数おられるかと思うと心が痛みます皆さんが回復なさいますように。,69,love300mmf4cw,0
29,看護師の方は絶望にいたんですよね。それでも死にたい思いから自分を持ち直し他人を支えたいという想いってすごいことですよ。大石さんが耳を傾けてくれて社会に伝えてくれている。それはすごく大きいです。被害者の希望になっていることは間違いないです。,32,MB,0
30,泣けてくる。本物の看護師だと思う,73,Moto Iwa,0
31,うちの母もワクチン接種後（3回目　ファイザーファイザー3回目モデルナ）　頭痛吐きげがひどくて8日目に脳出血で救急搬送され緊急オペしました。。今でもまだ入院中で良くなっておりません　明らかにワクチン打つ前は元気だったのにワクチンうって体調不良を訴えておりました。まさかワクチン副作用が自分の親におこるなど思ってませんでした本当に打たせた事に後悔しております。。ワクチン被害が起きませんように・・・,41,ちょこいち。ちゃんねる,0
32,有志医師の会などと連携してぜひ活動を広げて欲しいですね,88,gomiakuta,0
33,大阪市立大学名誉教授の井上正康先生（ニコ動で講演会が視聴可能！）のおっしゃっていた通りのことが起きつつあるんだと改めて認識しました…。,187,seedokuda2,2
33-1,今はニコ動で発信されているシカ先生もずっと同じ事指摘されていましたね。,12,ken bou
33-2,それな。俺は早い段階で井上先生の見解を聞く機会があったからコロナ騒ぎ自体が茶番であることに気付くのが他の人より早かった。,59,houtoumusuko
34,戦うしかない。名古屋から日本を変えよう。豊かで、愛に溢れた日本を。,56,ちゃん黒ゴマ,0
35,皆さんの悔しさを考えるとなんとも言えない気持ちになります。私が出来ることは打って悲しい思いをしている方々の意思を受け止めてせめて医療費は国から全額負担されることを祈ることだけです。元気にやっている人々がいる裏側で泣いている人々がいる事を忘れないでいたい。,60,いき,0
36,３回目を打って、具合悪い人が続出しています。私の周りにも出てきているので他でもあるでしょうね。救急車が増えましたからね。聞いただけでも四人も亡くなりましたよ。こんな危険なものを進めるセイフ、メディアは異常としか思えません。,345,わんここねこ,2
36-1,私も打ってからか、体温調節が難しいです,4,佳代
37,ご自身も体調が悪いのに、同じ悩んでいる人を助けたいって、素晴らしいです😭早く元気になるといいですね😭,45,ハッピー,0
38,お疲れ様です  実は私もこの方と同じ特発性血小板減少性紫斑病という難病を持っています  現在も治療中で7万位です  ワクで悩んでいた頃、主治医から同じ病気を持っている人がワクを打ち内出血症状が出ている報告が10件位有るので打たないほうがいいとアドバイスを頂き私は打っていません  この方の回復を祈ります,84,shoichi kanai,1

39,CBC放送、大石さん、いつも有難う御座います。後遺症の方も、大変な中、こうして話して下さり同じ様な症状の方、家族の方も参考になり気付くことがあると思います。どうかこういう方を無下に扱わず前向きに治療、政府も早く対策してあげてほしいです。,41,まんまるお月,0
40,なぜこういった事を主要テレビ局は報道しないのかいずれバレるのにどんどん拡散してやる,63,ヴェールサクラ,0
41,cbcさん、大石さん、お疲れ様です。いつもありがとうございます。cbcさんはかなり初期からワクチン被害の報道をなさっていたので、最近の善人面した他局の被害報道とは歴史が違います。もっともっとお願いします。,63,S Tanaka,1
41-1,TBSだったかな。イスラエルを称賛していましたね。ついに狂ったと思いましたｗｗｗ,8,ken bou
42,ご自身もお辛い中、患者のことを考えられるとは・・・。看護師の鑑ですね。大石さん始めCBCの皆様も報道の鑑です。どうか圧力に屈せず発信し続けてください！全力で応援しております！！ありがとうございます。,28,TOMO F.,0
43,Son unos Likeex.Uno de los mejores ❤️Mañas no se la..,12,Elizabeth Perry,0
44,ワイと同じ病気だ　ワイは治療中だし打ってたら４んでたなー　因みに血小板は5,000まで下がった事有ったけど紫斑とかも出なくて採血するまで気付かなかった　5,000でも入院もしなくて普通に生活出来てたよ　この女性の前向きな姿勢には尊敬しかない,47,ainosedainomaeni52,1
44-1,私もこの病気疑いで今様子見してる😣打たなくて良かった。,7,だんごちゃんねる
45,大石さんとスタッフさんとCBCさんを全面応援です‼️,65,Aoitori Mame,0
46,愛コロ、Twitterフォローしました。接種後の凄まじい苦しさと闘っておられる方がどれだけいらっしゃることかと思うと、悔しくてたまりません。精神科や心療内科を受診しても、いわゆる身体表現性障害で片づけられてしまうので、更に精神的にもやられていらっしゃる方もたくさんいると思います。いくら、こちらが「子宮頸がんの時と分けて、免疫低下する後遺症という可能性も考えていただきたい」と丁重にお話しようとも、医者自身が思い込みを持っているところが残念以上にやるせなく激しい怒りも感じているところです。,80,Maya Saijo,1
46-1,わかる,1,Kei Kim
47,心身ともに辛いなか、人のことまで考えて行動をする…。なかなかできないことです。無理だけはしないでほしいけど、愛を体現する姿に尊敬と感謝の気持ちをおくります。,97,シテル,0
48,何の保証もない自己責任って酷いよね。8割の人が受けているというのに。でも私も家族も警戒してまだ受けてません。あと10年は警戒してみます。,99,S MIZUSUMASHI,1
48-1,大石さんシェディング大丈夫？症状の軽い人の方が酷いのかな。,1,fjiewojfolf3
49,ワクチン接種後の、帯状疱疹の問題もよく目にしますね。薬害の場合、誰が責任を取るのでしょうか？,83,0371 ottotto,3
49-1,河野太郎に責任取らせましょう,8,matu oke
49-2,製薬会社は免責ですし、ワクチン接種希望書も書いているのでかなり難しいですよ。,10,安部礼司
49-3,誰も責任取りません。政府を訴えるより、接種医師を訴える方が勝ちやすいという話も聞きますね。接種医師からインフォームドコンセントで、一札取っておくのがよいですね。どっかに文例ないのかな？,11,sunshine911
50,症状が改善される事を祈っております。,11,koko t,0
51,自己免疫疾患の既往症がある人は、全員、禁忌だと思うのですが、、、。喘息もリウマチも。白血病の既往も。,65,H　w　T,0
52,接種直後の副反応よりじわじわ体の中から変わっていく副作用が怖い。次世代生まれた子供にだって影響の可能性がゼロではないでしょう。,64,setsuo katsuta,0
53,2年前にデマ大臣の話を聞いて全く打つ気になれなかった。あと推奨してる医療者もほとんど暴言ばっかりで心が無いでしょ。騙されやすい日本人多くて困ったもんだ。,130,本 日,0
54,私は5人家族で、現在八十代の母以外は幸い接種しておりません。母は昨年の6月と9月に接種いたしましたが、接種前に打たない方が良い旨の話はしていたのですが母の意志を尊重して最終的には反対できませんでした。これは全く偶然かも知れませんが、昨年の12月に母が入院して初期の大腸腺癌と診断されました。その後今月の中旬に右の膝の激痛により歩行が出来なくなりました。現在入院中ですが、症状は偽痛風のような痛みみたいで、膝の中でウィルスが増殖しているそうです。原因は不明ですが、まず膝を切開して中の増殖したウィルスをきれいに取り除いてから薬による治療が始まるそうです。手術翌日より簡単なリハビリが始まりましたが毎日激痛と戦っているようで、家族としては八十代になって苦しいリハビリの母の姿を考えると、せめてもう少し接種を延ばして辞めさせるべきだったと後悔しております。,122,Erai,2
54-1,え！！膝の激痛ですか！？私の一緒に暮らしている祖母姉も、今まではピンピンして歩き回っていたのに1月頃から突然の膝の激痛で歩けなくなり、這ってトイレに行ったりお風呂に行ったりしています。祖母も私も家族も親しい人間には死んでも打つなと言っているので元気ですが、その祖母姉のみ打ったことで認知症がとんでもなく進んでしまい、歩けず、要介護認定を受けました。そして先日3回目打ったそうです。,3,里山ガールぼんぼん
55,今回の例を見ていて、持病のある人は絶対接種してはいけないと思います。,86,rinrinsora,0
56,たいへん貴重な配信です！ありがとうございます❣️これからもっと様々な病状が表面化してくると懸念されますね。癌やHIVなど免疫異常。。代謝や還元作用をうまく取り入れて一日もはやく根本から改善されますよう願うばかりです。※あえてのマスク😷は、できれば外したほうが免疫も上がりますね🍀,97,my maromin,2
56-1,大石さんシェディング大丈夫なのかな？症状の軽い人の方が酷いのか？,2,fjiewojfolf3
57,看護師さんは接種に選択の余地がないのが凄く可哀そう。。こうなるまでこのまま4回目5回目と打たされるのだろうか。体調異常多すぎ。集団訴訟いつ起こされてもおかしくないレベル。,82,kaokun,1
57-1,自分の命と仕事のどちらが大事か考えるべきでは？実際、声を上げている医療関係者もたくさんいらっしゃいます。,26,mingzi
58,接種後の体調不良に関して、積極的に報道する所と、頑なに口をつぐむ所とがみごとなまでに二極化していておもしろい,141,ギャランゆう,0
59,こういう事例が無いと逆におかしい。どんな薬品にも必ず落とし穴はある。無かった事にして、自己責任や原因不明で済ませてはいけない。早く回復なさる事を祈ります,12,将棋の駒使い,0
60,素晴らしい　プロ意識がだと思いますどんなに辛い時でも　患者さんを癒す事で　自分自身を支える事ができる　素敵好きです　早く治療方が見つかり　完治して　患者さんの元に帰る事ができる様になって欲しいです　又大勢の人に　ワのリスクを知って欲しいです　報道してくださる皆さんに　感謝します,10,maruru,0
61,最近はゴリ押しの奴らも言い逃れできないくらいに被害拡がってますますね。コロ死の殆どが2~3回接種者だし。自分の身内にもついに2回接種後感染重傷者でましたよ。未接種の自分や嫁、子供はみんな元気です。接種者がどんどん体調不良か感染していく。,104,スピーゲルスパイク,1

62,看護師をしています。接種したくありませんでしたが、ほぼ強制で2回しましたが、一度目から明らかに体力がなくなりました。忙しい日勤をこなすと、夜には動けなくなるほど鉛のように体が重いです。家のこと家族のことをこなすことがせいいっぱいで何もできません。政府やメディアは一切、このような症状を報道しません。接種してない上層部もいるようです。責任をもって、全てを報道していたただきたいです！！👍,118,ニコニコこずこず,6
62-1,@mingzi 様　そうなんですね。妹さんが無事であることをお祈りします。もはや、自分の身は自分で守らないといけない時代になりました。できる限り声を上げ続けてください。無力ですが、私も企業/公的機関に意見したり、SNSで情報発信し続けます。,6,asibagu3
62-2,@asibagu3 様ありがとうございます。私の妹も看護師で３回目打って、18歳ですけど子供にも打ってるんです。もう病院は信用出来ない物になってしまいましたね…。,9,mingzi
62-3,@asibagu3 様お返事ありがとうございます。私は医療従事者の方々が、ワクチンの後遺症に気がついてもなお、自分は打たないのに、患者さんに打ち続けているのが怖いのです。医療って何なのでしょうかね…。,9,mingzi
62-4,@mingzi 様　同意します。気付いた国民が一人一人声を上げないと、このままいくと、日本人が「根絶やし」にされてしまいます！,11,asibagu3
62-5,あなたも分かったなら声を上げてください!　声を上げてくださってる医療関係者はたくさんいます。,39,mingzi
63,うちの奥さんの幼馴染のバンド仲間が接種後急死した。本当に。でもヤフコメに書いたら数分で削除された。,207,John Doe,1
63-1,分かります。感想などなら、ある程度書いても大丈夫ですが、情報元を書いたりしただけでも消されます。例えそれが、公的な機関のホームページであっても。,11,tom wat
64,苦しいでしょうが、頑張って下さい。生きることの大切さ。行きたくても生きることさえ出来ない人もいるのだから。,17,稲荷寿司たのむ,0
65,今回もありがとうございます。この報道の継続が、自分で考えずに言われるがままに行動してしまう人への、メタ認知のきっかけとなると信じています。事実は下手なラップをぶっ壊しますよ。,37,Keen Bobson,0
66,CBCさん、大石さん。本当にありがとうございます。報道とはこうあるべきと示して下さいました。誇りある、放送に、感謝致します。,13,みゆみゆ,0
67,とにかくご回復を願っております。,10,Kj Absolute,0
68,何故こう言う声が世に伝わらないのか？何で皆んなは平気なのか？周りは3回目打って熱が出たとか平気で言っているのを聞いて、なんだか恐ろしい世の中だなと実感してます。,32,mag tsuji,0
69,愛コロの立ち上がる勇気に心から尊敬の気持ちを持っています。応援しています。,66,小柳絵理あ子,0
70,いつも明るく優しいおふたりが、思っていたより大変な病状と、戦ってることをしり衝撃を受けました。支援者が沢山名乗り出てくださって活動しやすくなることを心から願ってます🙏🙏🙏🙏💖💖💖💖,31,ラブまま,0
71,看護師にも、番組にも、本当に頑張って欲しい,0,Tomohiro Fujisawa,0
72,ワクチン推奨、非推奨はこの際置いといて、とにかく真実を追及していってもらいたい。これ従来のワクチンとは全く別物やし普通なら即刻中止レベルのワクチンやで。,30,勧善懲悪,0
73,悲痛ですね‥ワクを強引に進めた国の責任はあまりに大きい!!取材を受けてくださりありがとうございます。回復を心より願っています。,8,カカロット,0
74,私の母の主治医は50代ですがワ〇〇〇後　車椅子になりました。打つのは間違いだったとおっしゃったそうで母は3回目キャンセルしました,68,にゃお,0
75,看護師なら今回のワがどんなものかわかるだろうに、なんで打っちゃうのよ💦(免疫が抑制されるメカニズム) 仕事柄仕方なかったというかもしれないけど、打たずに最前線で働いている医師や看護師もいるからね？「反ワク」と言われてきた医師たちはワ後遺症に対しても一生懸命取り組んでるから諦めないで！また元の生活に戻れるよう祈ってます。ちなみにワ推進医師たちは「ワ後遺症などない」とのこと(呆)。,71,Yo Mi,0
76,言いづらいですが、このVは毒です。もう少ししたら、真実が明るみになるはず、、と私は信じています。,128,I J,7
76-1,@Alexandre Benois 忍耐強く頑張って書き込んでましたね、その姿勢をずっと見てましたよ。しかし今また次の緊張と恐怖を提供され、愚かにも人々は…本当に限界を感じます。,2,masa k
76-2,@Alexandre Benois そうですよね。ほんとにとんでもないことになってきました。AIDSの危険あるなんて、、,3,I J
76-3,> もう少ししたら、真実が明るみになるはず世.界で接.種が始まる前から生.物.兵.器であることがわかっていました。,3,Alexandre Benois
76-4,@hax karl 分かりやすい。サンクス。,3,kamisorinoyasu
76-5,@鳥は可愛い これからほんと恐ろしいですね。自己免疫疾患の問題、Vで不妊になることはないって言うのも嘘、それから奇形児の心配もある。2回打ってしまった人は、危ないものだと信じたくないだろうし、難しいですよね。,29,I J
76-6,数ヶ月後、数年後が恐ろしいですよね。広域火葬計画まで出して準備万端ということでしょうか。周囲の人達にも早く気付いてほしいですが、もうおそいのかもしれないと思い始めています。,37,鳥は可愛い
77,枠チン、やばいやん。2回目打ったら大丈夫じゃなかったの？→既に4回目(5月)施行を目指す。家族全員、まだ1回も打っとらん,109,志龍,0
78,人に対してワクチンは、打てとも打つなとも言ってはダメだと思う。双方強制はダメ。同調圧力もだめ。個々それぞれが情報を俯瞰しよく考えて決めた方がいい。私は様子見派で未接種です。,26,マーちゃん,0
79,大石様、CBC様！！真実の報道機関、感謝感謝感謝！！,18,tetter,0
80,真実報道に感謝します！、,15,Jun,0
81,とにかく巨大勢力に負けないでがんばって下さいこう言う番組は他県にはほぼ無く、誇りに思ってます,2,林圭子,0
82,F社が出した後遺症のリストに同じ症状が入っているかもしれないですね。少しずつ点滴から口で食事を取るようにして、体力を焦らず戻してほしい。愛コロ無理しすぎない範囲で頑張ってください。応援しています。,7,oo Tomo,0
83,三回目のワクチン打ちました。一二回目とは比較にならないほど辛かった。悪寒、発熱、起き上がれない、味覚障害、めまい…。1週間過ぎましたが未だに腕と脇の痛み、めまいが襲ってきます。高齢の親と同居しているので接種しましたが四回目はもう打ちません。,9,WAKAKO MASUDA,0
84,医療従事してるので後遺症の方を色々みましたが、世の中は子供たちにも凄い勢いで打ってるんですね。もう、好きにすればいい。,81,y oym,3
84-1,沖縄おばばの今回のソース貼り付けを　検索して下さい。妊婦、赤ちゃん、妊娠　卵子、、、、。,5,Kiss Yukko
84-2,そうなるの、そう思うのわかります。特に身近で目にすればそうなって当然だと思います。あまり気にしないようにして下さい。精神衛生上、悪影響だと思いますから。曝露感染、気をつけて下さい。,12,斎藤誠
84-3,昨日、ABCの動画を見ました。コメント欄で、医療従事者の方々で、ワクチンに肯定的な方が多くて悲しくなりました…。,25,mingzi
85,俺は2回目接種後に6ヶ月ほど体調不良だった。その間に歯茎に膿が溜まったり、腎盂腎炎になったりなど色々普段はならない病気も続いた。とてもじゃないが3回目なんて打てない。,17,ブログ太郎,0
86,日本でのワクチン接種開始と同時期位に日本アレルギー学会が出したワクチン接種を推奨しない疾患リストに特発性血小板減少性紫斑病が記載してあるのを見た記憶があります。他にも疾患が記載されていたので気になる方は是非見てみられると参考になるかと思われます。,6,reef,0
87,知人も、元々自己免疫性肝炎でステロイド投与していたのですが状態が良くなったので薬をやめていましたが、ワクチン接種後肝臓の数値がまた元に戻ってしまい投薬を始めることになってしまいました。,27,チロビー,0
88,可哀想に、治験中のものなんか打つからこうなる,135,Yamako,0
89,しれーっとイギリスは接種後に後天性免疫不全を発症すると発表してます。どさくさに紛れて。,86,ととと,2
89-1,じゃあ輸血も危ない？,2,ymk 9797
89-2,いわゆるエイズですね,29,sakura saku
90,ご自身がお辛い状況の中で、誰かの役に立ちたい、それが生きる希望になるとおっしゃる。涙が出ました。体調の回復、お祈りしております。,3,amyck6,0
91,医療従事者の方は射っている方がほとんどで、患者さんの様子も見ているはずなのに、何故気づかないのだろう、何故声が上がらないのだろうと思っていました。医療従事者で体調が悪くなった人はいないの？もしかして中身が違うの？…と大変失礼な事を考えたりしていました。私も医療従事者として働いていた事があるのですが、看護師さん同士だと結構色んな話をされていたと思うのですが、何か言えない雰囲気でもあるのでしょうか、それともそこまで多くないという事なのでしょうか、それとも副反応の延長としかみられていないという事でしょうか。一日も早く良くなられるようお祈り申し上げます。,42,Yumi,0
92,地上波でもっとこの愛コロ情報が広がりますように🙏大石さんよろしくお願いします。,45,JJ miku,1

93,イタリアでは、医療従事者や50代以上接種義務になり罰金まで課せてきました。4月からPassの緩和、5月からやっと削除のようです。個人で選択できる日本が羨ましかったですが実際、半強制だった職種の方もいた事でしょう。打つだけ打たせてこれは無いです!!,25,Chika,0
94,遷延症状(ワクチン後遺症)について厚生労働省は各都道府県に相談窓口を整えるように通知を出しました。これを機に広がってほしいですね。,25,yama naoji,2
94-1,それ自体は朗報ですが、こんな危険なものをまだ許可していることが恐怖です。実験台にしていることは分かるんですが、各地で副作用が報告されてるのを真摯に受け止めてワクチン接種の一時取り止めなど早急に行うのが政府としての在り方なんじゃないでしょうか。あまりに杜撰すぎる政府の対応。,1,ROSE BLUE
94-2,体が悲鳴をあげてます。シグナルを出してると思いますね。追加摂取は　命取り,2,Kiss Yukko
95,朝から晩まで戦争と疫病のニュースばかり。このような被害者への支援に一日も早く給付や情報が出てほしいです。放送ありがとうございます。何だかわからずに暮らしている人が多いと思います。 ついった等で後遺症を発信している人が沢山いらっしゃいます。多くの人が📺に縛られない情報収集する事が大事だと思います。,13,D sayo,0
96,本人しか理解出来ない後遺症で苦しまれ大変と思います。私は他県の者ですが一回目接種後後遺症が有り苦しんでいます。国がきちんとした弱者救済をしてくれないと後遺症が残った人間の人生を変えた事に責任を取る様にして頂きたいです。活動が愛知県だけでなく全国規模で活動が広がる事を願っています！お身体を大切にして下さい。,15,松尾律,1
96-1,どんな後遺症ですか？僕も後遺症で苦しんでます😢,1,りん太郎
97,1回目接種した時妊娠出産でできた副乳が再度乳腺炎となって接種前までは落ち着いて膨らみもそれほどではなかったのに今は本当に気になるし触って落ち込むほど膨らんでいて後悔しています,0,たろす,0
98,涙が出てきた。コロナ対策にmRNAワクチン接種に強く反対！,46,yuky ganden,0
99,CBCテレビさん！いつもありがとうございます‼️,43,Inoue,0
100,同じCBCなのに、ゴゴスマではそのまんま東さんがワクチン接種してない人へワクハラをしています。ゴゴスマでも大石解説をやって下さい！,8,Tuber You,0
101,大石さん、報道ありがとうございます。,6,m h,0
102,CBCと大石アナウンサーはメディアの良心です！発信してくださり感謝です。応援してます！,2,N,0
103,重金属デトックスもされてる事と思います。ぜひ早く良くなられますよう、お祈りします。,11,tum tum,0
104,CBCさん、いつもありがとうございます、応援してます。,8,カズ,0
105,こういうことを一際取り上げない全国メディアのクソさ加減地方ローカルの一部しか報道されない事実、闇を感じるね,74,ナツキスバル,0
106,あなたの使命だったのですね。今はお辛いだろうけどこうやって誰かの為にと行動を起こして頑張っている、きっと神様も応援してます！必ず良くなります‼️辛い辛いとこぼすのではなく、大丈夫大丈夫と笑顔を増やしていって下さい♡そしたら大丈夫になるような現実が引き寄せられます。少しずつ試してみて🤗私も難病もっています。でも大丈夫🙆‍♀️👌,23,HappySchoolミホ,0
107,いい加減、国も動けよ！他国民も大事かもしれないけど自国民がこんなに苦しい思いしているんだから！こんな接種止めちまえよ早く！！,14,m y,0
108,このような症状の人会社に３人います枠が原因ときずいてないですが、このような症状の人は全国で沢山いると思う…きずいても、もう遅いだが…。,20,1129 jasminetea,0
109,もうそろそろ、厚生労働省を薬害告訴する人達が段々と増えて来るかな・・てか？訴えるべきだよね？人生狂わされたんだから？反強制なら病院や会社も訴えるべきだ！,42,ryj777,1
109-1,以前、これから訴訟が増える事を見越して厚生労働省の幹部が退職してるとのツイートを見かけたことがあります,3,sakura saku
110,お辛いですね…良くなっていた病気がワクチン後に再燃したのですね。お仕事もできず24時間点滴の生活死にたいくらい辛い毎日言葉がありません。愛ころ会を立ち上げて自分が辛いのに患者さんを支えてあげたいとは本当に素晴らしい方ですね。泣けてきました。どうぞ無理をせず活動が実を結びますように祈ってます。大石さん貴重な取材ありがとうございます番組制作の皆さんの熱意を感じました。ありがとうございます。,33,jemi,0
111,つらいだろうけど生きて欲しい。全てが明らかになるまで。海外でも打ったあと全く食欲が出なくなった症状の被害者がいました,6,S21,0
112,自分が辛い状態でもできる形で看護師さんを続けている事はとても尊いです✨2回であれば免疫が戻ってくるって信じます！回復をお祈りしています🌟,13,Tan Shiro,0
113,看護師さんがお気の毒です。どうか、ご快癒されますよう、お祈り申し上げます。こういった被害に対して、きちんと真実が明るみにでることを望みます。一人ひとりが、自分は大丈夫だったから、ではなくて、こういった深刻な被害がでていることから目を背けてはいけないと思います。,1,TN,0
114,愛知県在住でファイザー２回接種済で３回目は回避予定です。２回目までは医師の石黒先生や犬房先生のアドバイスなどを参考に食事改善とほぼ初めてサプリメント（ビタミンC. D. 亜鉛）を時々飲みはじめて、現状家族と共に副反応はほぼ出ていません。個人的にはあまりサプリは信用していませんが、今回はやむを得ず量は抑えめですが服用しています。提案なのですが、「大石が聞く」のコーナーに先に紹介させて頂いたお２人の先生などにインタビューをして頂けないでしょうか？特に「犬房先生（Youtubeは”抗酸化チャンネル”で出て来ます）」はオリジナルの抗酸化サプリを「コロナ後遺症とワクチン後遺症の方」、「双方」へ無料配布されています。配布期間は何度か延長されていて0328現在では６月まで無料とのことです。裏にビジネスがある可能性は勿論ありますので、その辺りも含めて、是非大石さんに取材してほしいです。大石さんは十分理解されているのがわかりますが、やはりこの問題は子宮頸がんワクチンのような「リスクを煽ることをメインにした報道姿勢」では不味いです。地上波とネット発信が連携して着地点や現実的な解決策を探っていく先例になってほしいです。,10,ChickenCurry66,0
115,ワクチンの後遺症が出ている方々のお早い回復を願います。ワクチン接種するしないは個々の自由でしょうけど、私はもう3回目は打とうとは思いません。2回目を打ってから発疹がではじめ、手足などに謎の青あざができやすくなり。異常なほどの眠気。空腹も感じることがなくなり食事を作っても、少し食べたらお終い。一気に10kg減りました。私自身太っていてるので痩せてラッキーと当初は思っていましたが……異常な減り方だったので体力が持続しないのと眠気が凄く、仕事に支障がでたので病院へ、そしたらワクチンの後遺症だと。現在、発疹は少しづつ改善していますが、異常なほどの眠気と食欲不振は続いているので、3回目はどうなるか…怖くて打てないですね。,5,抹茶ころね,0
116,見てても、胸が痛みます。辛いでしょうに『愛ころ』を立ち上げられて、素晴らしいです。同調圧力で被害にあってる方は、数多いと思います。4回目のワク？とんでもない話です❗️この報道を多くの方に見ていただきたいです。真実を真摯に伝えて下さるCBC、スタッフさん、大石さんに、感謝しております。,93,小川眞智子,1

117,こういうデメリットがあることを、もっと報道しないとね。いい面もあるし、わるい面もある。テレビは、一方方向からしかやらないから、みんなカン違いしてしまう。,27,中山隆司,0
118,私も同じ病気です。ワクチン接種で再発の可能性が僅かながら報告されている、と担当医から説明を受けました。本当に胸が痛いです。1日も早い回復を心より祈っております。,1,☆nachi,0
119,辛すぎる,46,me,0
120,痛々しすぎる…,12,LONE PUPPY,0
121,以前、この特集でも医師だったか指摘していたコロナも抑えるけどそれ以上に他の免疫力も極端に落としている可能性ますます高まりますね・・,12,NO Doubt,0
122,大石さん、ありがとうございます。CMのないチャンネルの特集を好きで見ていたんですが、ワクチンで影響が出たことにいっさい触れない方針に、みていてむなしい気持ちになり最近見る気が失せてきてしまいました。名古屋市にワクチン後遺症相談窓口ができたのもCBCのみなさんが頑張ってこられた成果。これからもがんばってください。家族にも、この声が届いてほしいと思います（私の声は届きません）,5,Mary Hudson,0
123,今この位の情報があがってきつつありますが、この先の未来どうなっていくのかゾッとします。今後免疫不全の患者さんが大量に謎の症状に苦しむ方々が一層増えるのが目に見えていますよね。今からできることをしつつ、済の方々がもし症状が出て大勢の病気になってしまわれた方々が押し寄せ医療業界がパニック起こるのではないか？とかまで想像してしまいます。済の人数があまりにも多くてすべての人を救えるように今から対策たてておいて欲しいです。私は難しいけれどシェデ○○グに気を付けていきたい。,6,mint ami*,0
124,うちの子供もです‼️治った病気が再発しました。お願いです。もっと沢山の事例を集めてください‼️病気を再発させてまでにワクチン接種の必要性ないと思います。永久免疫がつくわけでなく、一年間に何度も接種するなら、他の病気を併発する人が増えます💢,7,ユコミン,0
125,先日世界仰〇ニュースでワに何故反対するのかの理由で、「フィルターバブル」という文言が取り上げられてました。同じものを見ていると関連した情報ばかりが表示され、自分とは異なる意見が目に入りづらくなるという事象です。実は指摘しているTVもこの現象を起こしているのです。TVの情報ばかりだと異なる意見が入らなくなり、やがては接〇すること自体が当然だと思い込んでしまう。TVが指摘していたこの現象をTV自らやっていること、リスクを報じていないTVにも同じことが起きてるんですよね。指摘しておいて同じ事を自分たちもしている、これに気づかないのはかなり恥ずかしいと思います。,65,mitsu koya,1
125-1,気付かないのではなくて、分かってやってると思います！,24,日吉千穂
126,なかなか、真実を伝えることは難しいと思いますがこれからもお願いします。,0,小豆島孝子,0
127,大変辛い中、看護師としての責務を続けようとする姿勢、ご立派です。それからこういう副反応、副作用を取材した番組を初めて見ました。テレビ局も立派。主治医の先生も厚労省に抗議して下さったり、同志の看護師仲間の方など応援の輪が周りにあるので、是非デトックスを頑張って力強く復活してください。祈ってます。,20,ややななめ,1

128,大石さん！いつもありがとうございます！頑張ってくださいね！！！,0,yuko amamoto,0
129,大石さん　いつも　ありがとうございますほんとに　もう　何と言っていいのかもう　やめようよ国も　メディアも　専門家と言われている人たちみんなオカシイ,17,Mi H,0
130,私もワクチン接種後、２回とも1ヶ月寝たきりで、３回目の今２週間経ちますがまだ寝たきりです。一回目でワクチンが合わなかったら、打たないっていう選択大事かと思いました。,4,yume-nao,0
131,感染したなら諦めもつくけどワクチン後に身体悪くしたら恨みしかないよね、俺は運が悪いから万分の1に当たりそうだしワクチン打つのやめてる(周りには打ったと言ってます),17,いちさん,0
132,見ていてなんだか、生きた心地がしないというか、とても悲しい気持ちになりました。食事療法で発酵食品、菌類（キノコ類）が改善に効くと聞いております。よかったら試されてみてください。,10,YMM,0
133,私の住む地域では、高齢化が進んでるせいか?　殆どの人が３回目、すんなり終えました。予防接種だと信じている人達ばかりです!　そんな中、身近でも最近、体調不良を訴える人が増えてきました!　可哀想だと思い、1人に知らせた処、「接種券が来るし、みんな打つから大丈夫でしょ?」って、そこで話しは終わりました。🙏,39,ひとみ たかはし,2
133-1,そのようですね!　うつらない!　うつさない!　ですから🤧,9,ひとみ たかはし
133-2,感染しないと思ってるからね？,9,サンチュクリ
134,自分ようやく最近モデルナワクチンの副反応が治りました。過去こちらのチャンネルでどこかの動画でもコメントしていますが、再度書きます。昨年10月6日にモデルナワクチン２回目接種して、当日は30分くらいしてから吐き気と腕の痛みが来た感じでした。当日は37.2～5℃ほど。翌早朝に発熱して38℃～徐々に上がり、39.6℃まで上がりました。解熱剤飲んでも全く下がらず2日ほど熱に苦しみました。プラスで頭痛少しと体のだるさがあり、なんだかんだあって4日ほどで熱は下がりましたが、頭痛が残りました。それから毎日頭痛のためロキソニンを飲む生活。飲むと普通の生活はできるけど、飲まないと頭痛で痛みがひどいと何もできなくなっていました。1月4日に頭痛が激痛に変わり、虫歯かと思って歯医者に行って、神経異常かもしれないとのことで痛みがひどかったので歯の神経を抜きました。翌日5日も激痛で、違う病気かもしれないと思い、脳神経外科とかにも行って血液検査やMRIをやったけど異常なし。1週間ほど小康状態で耐えてたけど、週末で痛みが徐々にひどくなり、金、土曜と耐えたけど日曜日に1月4日を上回る痛みがあり、かつ痛みによる睡眠不足もあって初めて救急車を呼びました。群発頭痛とか色々調べてみていたけど、結論救急搬送された先で貰った三叉神経痛に効く『テグレトール』が効きました。でも副作用が強くて39.℃まで熱が上がり、だるさもすごくて、でも頭痛は抑えられたから月曜日に再度通院し、追加で1週間分テグレトールを飲みました。その間発熱は38℃ほどだけど、頭痛は飲んでいれば抑えられていました。その後紹介してもらった脳神経外科で再度精密検査したけれど、微妙なものだったようで会議にかけるとのことでさらに１週間。くも膜のう胞の可能性があったとのことでしたが、否定されました。紹介してもらった先でテグレトールの副作用の件を話すと、それは危ないからとリリカという薬に変更し、それは眠気だけの副作用で済みました。3か月分薬を貰い、1月ほど飲んでいたけど、大事な試験があって勉強するために夜飲まないようにしたら、頭痛が少なくなっていました。そのまま朝夕2錠飲まないといけないところを、眠気で勉強出来ないから夜だけ飲むようにして、痛みも出なくなってきたから夜も飲むのをやめました。そして今に至ります。去年10月からの頭痛がようやく終息して安心とともに1月は殆どを頭痛に耐えながら寝て過ごし、2月は半分は落ちた体力のせいで夕方から寝て体力を回復させてと、相当な時間を無駄にして、なおかつ1月だけで6万円も医療費を払いました。今３回目のワクチンを打つ雰囲気に周りがなってきていますが、絶対に打ちません。もともとインフルエンザワクチンで38℃以上発熱する体質の自分は、もうワクチンの類はダメだと実感しました。10月からの頭痛で無駄にした時間を返して欲しいです。,5,marupasu,0
135,CBCさんいつも有り難うございますm(_ _)m貴重な情報ありがとうございます、とても参考になります,7,rina rina,0
136,ワクチン一回も打ってない僕はみんなの様子を見させていただきます,13,お前がうたうんかえ,0
137,CBCさん包み隠さず報道してくださいましてありがとうございます❗この方が一日も早く体調が良くなりますように。,0,あき,0
138,口から栄養取れなくなった高齢者の点滴より長い点滴…,8,さゆ,0
139,私はワクチン３回摂取しましたが、３回とも軽い発熱のみで済みました。この方の難病再発の原因がワクチンなのかはわかりませんが、一日も早く回復されることを願います。,3,K K,0
140,Son unos Xxlike.Uno de los mejores conciertos 🌈 mañas no se la,14,Emily Brooks,0
141,政治家が声高に、１日～万本接種を目標にしよう！という言い方に違和感しか持てないです😞💦その言い方には、ワクチンを消費することの意気込みしか感じません　何の為の、誰の為のワクチン接種なのでしょうか？政治家のその言い方にナンセンスと思慮、分別の無さを感じて幻滅してしまうのは私だけでしょうか？,16,鶴姫,2
141-1,だってウイルスまいて薬を売って儲かる企業が要るんだよ。政治の上に,1,大阪おけいはん
142,CBC、尊敬します。,6,将棋の駒使い,0
143,本当に、2回目3回目軽い副反応や何でもなかった人は幸運ですよ❗それが当たり前だと思わないでください🙏‼️,6,ぬんたのさんきぬ,0
144,やっと 放送されてきたか、、打てとしか言わない政府に不信感しかない,6,髭猫,0
145,勤務医です。腹を括って病院内ではワクチンの危険性をその根拠と共に実名で訴えています。でも病院はその中でよほど強い立場にいないと同調圧力に負けてワクチン接種せざるを得ないところです。お気の毒です。,1,Mario Super,0
146,「疾病増強」はないと厚労省が発表したのでは？しかしこの方はそうとしか思えない…寛解に持ち込むため最善を尽くしておられる方々の為に資金の面で補助すべきです。自助共助の範疇を超えています。,4,花と緑,1

147,因果関係が認められないばかり！そりゃそーですよね、全世界で前例が無いのも当たり前ですよね治験中なんですから！言い逃れの為の治験中ですよね？それなのに努力義務とか、同調圧力とか！いい加減にしてください！,34,t chan,0
148,上念司「アレルギーなどでコロナワクチンが接種できない人は(医療従事者として働くことに)向いてない」…………けっこう好きだったんだケド、この発言以降アイツの動画は見てないわ。,83,ぴよすけ,4
148-1,無知の正義感と倫理観は、常に悪の肥やしとなるいい加減に偶像崇拝はやめたほうがいいです。,3,masa k
148-2,上念さんはただのインフルエンサーですよ。,19,mingzi
148-3,つべさまにおべっか。そいうチューバーほかもいるよね。,19,瞳 山田
148-4,えー〜〜〜　ホントですか？なんと差別的な心のない発言なんでしょう。ずーっと見てないけど、やっぱりって感じですね。,28,Kiss Yukko
149,｢愛コロ｣に《イベルメクチン》に関する情報は入ってきていませんか？看護師なのだから もっと物事を深堀りして調べ倒していただきたいです。ご健闘・ご回復をお祈りいたします。,25,くにちゃんまん,0
150,看護師と有ろう者が医学の勉強を怠り、同調圧力に屈し有るで有ろう服反応を無視し接種に踏み切ったと言う事が良く分からないただ副反応が出た事は国が認めて特定の治療が受けられる保証ラインを早急に作るべきのも事実,13,あまねチャンネル,0
151,好きなものを調べる事には時間を割けるのに、こういう話は耳を傾けようともしない。そんな大人が多い印象です。7月に27歳の野球選手、8月に亡くなった30代の一般男性…健康な方が亡くなった時点でもう信じられないものになりました。自分が大事な方こそ、打ってほしくないです。メディアも、メディア自身が医学の知識も無いのに、安全面ばかりを取り上げるのはいい加減やめて頂きたい。CBCさんのように取り上げてくれるのならまだしも、無責任極まりないです。,4,もなか,0
152,子どもへのワクチンへNO!我々には自由があります,20,DaVinci,1
152-1,子供の生きる権利を奪う大人は恥ずかしい。,5,当たり
153,こんなのワクチンって言えるの？最悪だわ！,87,みどりおれんじ♪,2
153-1,@ポンダー!! さん　そうですよね！こんなに免疫力低下させて何の役に立っているのかと。おまけにファイザーのCEOは接種しないって言ってましたし。恐ろしいですよ。,5,みどりおれんじ♪
153-2,遺伝子治療薬と言う話しもありますね。真実はわかりませんが。,2,ポンダー!!
154,CBCはメディアの鑑!,18,つちのこ,0
155,持病がある人は、やはり医師と相談すべきかと。完治していても、難病指定の疾患がある場合は、医師に相談すべきですね。私は慢性気管支喘息があるので医師からもどんな副反応が起きるか分からないからやめた方がいい。言われて1度も受けてません。,2,大好きねこ,0
156,私事で、彼女も自分もワクチン接種後数日、軽くぶつかった程度でそこにアザが出来ました！結構治るのに時間かかりましたけど今はなんとか治りました。3回目、またなるのかなぁ…。,2,nocchannel,0
157,ついに5才の幼稚園児が接種してすぐに亡くなられたとTwitterに流れてきました。元気に子だったのにと…けれどニュースにもならないのですよね。,17,未来たん,1
157-1,幼稚園児に?信じられないですね。恐ろしい,1,山田直子
158,さすがに３回目受けた後はちょっと体調がおかしい時があるね。高齢の母も同様。　３回目は控える人が多いのは分るわ。,2,tomm187ab,0
159,持病のある人に積極的にすすめているけど、一番接種してはいけない人達なのでは？私はリウマチ因子があるので、打ってません。ワク担当大臣って接種率しか気にしてないし、そんなの比較して何の為になるのやら…大切なのは接種率じゃなくて予防効果とかなのに…,10,ふみ,0
160,看護師です。３回目打ってから色々な情報が入ってきたので、、、、。4回目は絶対打たないぞ！辞めろと言われたら辞めてやる！,86,マッサ,6
160-1,有名な日本の医学博士や教授は始まる前から⚠️説明していましたから、事前に自分で調べることの重要性を再認識する機会になりました。命にかかわることを人に任せるのはリスク。,15,当たり
160-2,@ナツキスバル ありがとうございます。解毒頑張ります。,3,マッサ
160-3,@steel HS ありがとうございます。有無を言わさず…という感じだったので悔しいです。職員の中にはインフルエンザのように定期的になるのが当たり前と言っている人もいます。頑張ります。,10,マッサ
160-4,とにかく急いで解毒しよう松葉茶、緑茶、イベル○○○○、亜鉛、ビタミンDなど,14,ナツキスバル
160-5,1回目始まる前から危険だと声を上げてた人たちはずっと陰謀論者扱いでした。今ようやく証明されつつある。負けないでください。,45,steel HS
160-6,もっとしっかり声を上げてください。あと、外国の事例なども調べでください。,24,mingzi
161,💉治験(๑¯ω¯๑),38,K. K,0
162,実際身近に、血小板が減ってしまう症状が現れ、入院している人がいます。,17,tom wat,5
162-1,@tom wat さん、御冥福をお祈り致します。ショックですよね😭免疫不全状態になってしまうとあらゆる病になりやすくなりますね。ありがとうございます！明日知人に朝イチで話します。助かりました。,2,mint ami*
162-2,@mint ami* 別の体調を崩して入院されていた方が、亡くなったと連絡がありました…。ガンが急速に悪くなり亡くなった方が、二人目です…。ショックです。おかしいです…。血液検査、必ずしてみてください。,3,tom wat
162-3,@tom wat さん、深夜にお返事ありがとうございました。そうですか…、済の知人も体調が悪い人がいるのでもしかしたらと思いました。病院で血液検査してもらうように伝えてみます。ありがとうございました。,2,mint ami*
162-4,@mint ami* 済の方ですが、2回は間違いないのですが、3回目はわかりません。,2,tom wat
162-5,こんばんは。そのお方は、ワ済の方ですか？済でしたら回数とかわかりますか？,1,mint ami*
163,私も　２回目以降　接種した方に違和感が有り　診て貰いました。段々　歳を重ねて来たから無理は　出来ないよ　と　まで言われるまでに　なりました。しかし　周りは　まだ若いんだからって　言います。　けど　この体で何が出来るのでしょうか！？不安で　不眠症に　なりました。,32,鈴木里美,0
164,副作用強いから止めよ、、職域接種は、免れない、気の毒ですわ、血小板減少傾向ですな、可哀想です,17,kunpunogogatsu,0
165,今のところ周りで知ってる人の被害者はいません。ので、危機感を持ってる人間は少ないです。まあ、気がついたときには。。。,7,きた,0
166,看護師の方は仕事辞めない限り打つしか選択肢がなかったと思いますこれに対して国がケアしないのであれば、国民を守らない国とは何なのかという問いを持たざるを得ません,17,Side135 Bt,1

167,やっぱり愛知県はすげえな😁,27,こめきち,0
168,大変ですが病気に負けず頑張って✊😃✊又私も昨年コロナにかかりその後肺炎の為体が動がなくなりその後左足と手に神経麻痺が起こりリハビリ病院でリハビリをして今年の1月自宅に戻って来ましたが歩く事が困難で左足と手に装具を付け杖を使っで少し歩ける事が出来るようになったので現在は週4回リハビリに行っており自宅でお風呂に入りる事も出来ず今月～リハビリでお風呂に2回入り事が出来るようになりました。,1,小川紀子,2
168-1,ワクチンって打たれました？,0,サンチュクリ
169,うちの介護施設は3回目を打たないとご家族は面会できない職場スタッフ　スタッフの家族は打った人が陽性になって　打たない人のほうが　コロナ罹患してないのに？？？,41,felicita y,1
169-1,家族が念書を出せばその違法行為は黒。草加の施設でなければね。,2,fjiewojfolf3
170,私も2回目接種後に腕に出状出血がありました。怖くなりました。お年寄りと接客する仕事上、3回目も打たないといけないそうです。こわい。,11,こはぴ,4
170-1,感染予防に期待出来ないのにね。ワクは発症を抑えて感染予防するのでは？無症状から感染するなら感染予防の効果は？,3,ポンダー!!
170-2,NOの勇気、持ってくださいね,9,ASS HOLE ATTACKER KAZ
170-3,自分の体と命を守って下さい。それ以上の大切な物は無いです。お年寄りや会社は　補償してくれませんよ。余計な事　言って　ごめんなさいね。,11,Kiss Yukko
171,今　日本でこんなことが起きているのに、いまだに他のテレビでは、放送されていないのは、なぜなのか？最近はテレビも新聞も信じられなくなってしまいました。,8,江戸川ぶんご,1
171-1,そんなあなたには国際金融資本の三角形の構図を調べてみたらわかると思う。メディアの上に大きな企業がいて、、、,3,大阪おけいはん
172,これみても何か変わるわけではない。西洋医学の治療したところでよくなるんだろうか…自分から情報を精査し調べなければ一生騙され続ける。,4,な,0
173,命、健康を取るか、仕事、世間的同調信用を得るかの賭けで自分から願い出て打ったわけだからお気の毒だが仕方ないね、医療関係者は治験であることも理解していただろうし。誰も強制などしていないのだから自分以外の誰も責任は取る義務はない、病を背負い今まで以上に強く命と向き合い自己責任で残された人生を生ききるしかない。,4,佐々木ともみ,1
173-1,医療従事者は、いやだと思っても、打たざるを得ない状況に追い込まれると思う。ワクチン打ったって、うつるものはうつるのに、医療に関係してると言うだけで、ほぼ強制なの、気の毒でならない。,3,たまちゃんキャット
174,体調不良で深刻な後遺症に苦しむ例もありますし、亡くなった例もあります。枠だと証拠が残らないのが最大のポイント。原因不明とか難病で片付けられてしまう怖さです。脱毛や帯状疱疹も異常な増加だと聞いています。短期間が終わり、これから中長期の副作用が出る頃だと思います。CBSと大石さんは素晴らしい。真実を報道してのジャーナリズムです。,0,Blue Diamond,0
175,酷い話だわ国は責任を取れ❗️,27,田中はな,0
176,ご自身が､難病を克服されて、看護士をなさっているだけでも…,3,古川恵子,1
176-1,大変かと思います。🙇ワクチン接種により、再発されて、どれだけ辛い毎日かと思います。まだお若いですので、焦らずに今は、治療に専念されて下さい。自身が､難病と闘いながら、会を立ち上げるなど、普通は出来る事では有りません。何も力になれませんが応援致します。,3,古川恵子
177,持病悪化ですね(´・ω・`),13,KINOpic,0
178,異常な世界ですよね！医療関係者は被害者で、私は憤りを感じています。早く回復される事を心から祈っています。私の周りでも接種後に数人亡くなった方や、脳梗塞になり介護4にまでなった方がいます…..でも原因は不明のままで、家族の方々も疑問に思っていないようでとても不思議に感じています😰皆んなそれまでは元気な方ばかりでした。見えない持病でもあったのでしょうか？私も身内の事情で已む無く2回受けましたが、これ以上は怖くて受ける事は出来ません‼️😤,22,vivi yoshie,1

179,３回目の、コロナワクチンは、絶対打ちたくないです！打っても全く効果なし所か、行為所が怖い！早くよくなってほしいです。動画上げて下さって本当にありがとうございます。,0,浅井りり,0
180,メタトロンやニュースキャンと言った波動の治療法もあるので是非❗️調べてやって頂きたいです😌🙏🍀,4,ぱてぃさん,0
181,CBCの報道に感謝します。ギラン・バレー症候群の症状が出ている方がいるようですね。被害が増えるのは悲しいことです。いい加減目を覚まして欲しいものです。,9,死神代行DIE,0
182,打ってしまった人たちを自業自得と揶揄する人もいますが、打たざるおえないようにし向けた職場の同調圧力にも問題有りです。💉の副反応によって普通の生活ができなくなった人にはクニは勿論だが職域で打たせた職場も社員や職員の救済に尽力するべきだと思います。4回目の💉も予定されているみたいだか、在庫処分のためにクニが勝手に買った💉をこれ以上打たせるなど、どこまで国民を人体実験に晒すのか恐ろしいです。,10,riko,1
182-1,自業自得。医師も患者に向かってそう言っていますね医療従事者ならなおさら調べないと、こうなるとわかっていても接種したでしょうか恐らく違うと思います,2,DLE EOT
183,CBC応援❗愛コロさんも。by愛知県民,3,green ai,0
184,確実にワクワクのせいでしょ😑,21,ケツ穴評論家,0
185,寝たきりのうえに嚥下機能が衰えた母親がポートを埋め込んで24時間の点滴してました。まずは食べられるようになると良いですね,0,おかやん,0
186,大石さんシェディング大丈夫？症状の軽い人の方が酷いのかな。,3,fjiewojfolf3,0
187,なんで接種するんだろ？理解不能。人に使われた事がない事ぐらいは最低でも知ってたはずなんだけど。,36,斎藤誠,5
187-1,ハッキリ言えば残念ながらIQの問題です高IQ者は常にマイノリティー、今回の非接種者の割合とほぼ一致って事です。,3,masa k
187-2,@齊藤節子 厚労省が治験終わってるっていっちゃってたからね。洗脳はスゴイと思います。まだ射つ奴いるし。救いようがない、手に負えねー。,16,斎藤誠
187-3,それだけテレビの洗脳は凄いって事！まだ治験中って事すら知らない人多いです。,25,齊藤節子
188,私の妻(看護師)は2回目接種後左肩？左腕がずっと痛いようです。ワクチンのせいだとは頑なに認めませんが…。3回目の接種はしませんでした。,7,shigechi-,2
188-1,@いき さん　そうですね。私と子供が毎日のように反対してましたから接種しない流れになりましたが、少しは不安に思っていると思っています。,2,shigechi-
188-2,3回目を受けないということは、実質本人の中では打ったのが原因だと認めているんめしょうかね？本当に良いものだと認識しているならば、3回目も打つような気がします。,1,いき
189,酷い現実ですね。これを認めない医師や政府は、人間なんですかね❔,13,鈴木ひろみ,1

190,うちの元気な７０歳の父は２回目直後に耳がほぼ聞こえなくなりました。喉の痛みも。耳鼻科に行ったら色々な処置してくれたけど悪化。加齢による難聴と言われ補聴器勧められて終わった。１〜２週間後に顎から首にかけてにボコボコが出来た。喉が痛すぎて食事が取れず体重６キロ減。違う耳鼻科に行ったら大学病院耳鼻咽喉科への紹介状を貰い検査を沢山して(ここまでで接種後一ヶ月ほど)悪性リンパ腫だと判明。血液内科に転科。ボコボコは更に増えて気管を塞いでしまう勢いだったのですぐ入院し抗がん剤が始まった。１〜２週間でこんなに急速にガンって成長するんですね…びっくりしました幸い抗がん剤が合ってボコボコは消えて体重も戻り元気になったけど、３回目を打とうとしています。打たない人は非国民だ!的な考え。一時期は接種したせいでリンパ腫になったのかも…と急激すぎる体調悪化を疑っていたのに、家族みんなで止めているのに聞いてくれない,8,ラベTA,1
190-1,コロ.ナワク.チンは生.物.兵.器ですよ。koroされます。,5,Alexandre Benois
191,正味政治家もほとんど打ってないからな,14,kk tt,0
192,私の周りでも異変的な症状が現れている方々が見られます。心配で仕方ありません。ワクチン後遺症の可能性について話もしますが、結局は本人の意思が後遺症と認めないと動けないのかなと感じました。大なり小なり相当数がいるのではと思いますし、今後ももっと現れると思います。世界で行われている仕組まれたシナリオは刻一刻と進んでいます。深刻な事態を予見します。,6,Hirotomo Tanaka,6
192-1,@socialmovementer そう思わせる事による朝鮮へのメリットは？,0,アクアマリン
192-2,ちなみに私は茶番だと思ってます。,1,socialmovementer
193,日本国民は最近の一番重大な事、厚労省の人口動態調査で超過死亡を深く考えなければなりません。何十年間も死亡者数は毎年ほぼ変わりなく死亡者数予測範囲の中で収まっています。例外は東日本大震災と2021年4月～9月です。2021年4月～9月は毎月2万人増えています。戦後最大の死亡者数です。前年度よりも67000人死亡者数は増えています。何十年間も死亡者数は毎年ほぼ変わり無かったのが2021年4月～9月に何があったのでしょうか？あれと因果関係が無いとする厚労省は国民が納得できる説明責任があるのではないでしょうか？,10,こーしゃん,0
194,枠賃打つと、お医者様は報酬もらえるのでしょうか,48,cathedral ksforty,6
194-1,しかも、非課税ですね。丸儲けです。,4,angelheart
194-2,最初、１本打って1万入ると聞いたけど、それは多すぎると思ってたら、3千円入ると聞きました。,6,たまちゃんキャット
194-3,一本で2000円くらいお駄賃がもらえたはずです,17,小林洋介
194-4,コロナ事業に77兆円税金使ってますよ。因みに東北大震災は10年で32兆円です。,20,もももも
194-5,そうです。日給30万です。尾身の病院は大儲けしています！,35,Rin Rin
195,You tubeのコメント欄に大石さんやCBCの応援メッセージを書き込んだって何も変わらない。ワクチン信者をテレビ脳だと言うのであれば、CBCとか他のワクチン後遺症を報道したテレビ局に激励の手紙とカンパでも送ればいいのに。,2,socialmovementer,1
195-1,以前、大石さんがこのコメント欄読まれているような発言をされていました。それでも直接、テレビ局に意見することも重要ですね。,2,asibagu3
196,仕事上 、受けない訳にはいかなかったんですよね。 保証は、してもらえないのですか？,9,1 m,2
196-1,念書や確約書の提示を出せば、打たずに済んだ。ただ同調圧力や病院内での未摂取に対するイジメ（この方が加害者だった事も、過去に在ったでしょう）とかね。介護や看護の草加テイストのイジメはハードっすよｗ法的にはラチェット条項やね。お調べをｗ,2,fjiewojfolf3
196-2,保証はありません。,2,鶴光
197,これを「気持ちの問題」と、一蹴する連中がいる。（有名な著名人など）河村市長は救済に動き出したが、愛知県知事は、打つのに専念してますね。この違いは、何ですか？,7,ライオンSAN,0
198,いいからさっさと元ファイザーの副社長のマイケルイードン博士の内部告発を取り上げろって,8,浩二,0
199,何で⁉️可哀想過ぎます‼️どうにか政府に責任を取って頂きたい‼️明日は我が身。人事ではないです‼️,13,白いゆり,0
200,つべこべ言わず打てと言ってる方はこれも気のせいですか？？？気持ちの問題ですか？？？,33,to shi,0
201,こんばんは難病女性点滴24時は新型コロナワクチン接種２回赤い保湿身体免疫難病特定疾患は,1,貴美子 本村,0
202,こんなにも副反応で苦しんでいる人がたくさんいるのに国はなにやってんだ💢,16,山口志津子,3
202-1,相談窓口は出来たみたいですね。でも原因がわからないと精神的問題とされるのかな？,0,ポンダー!!
202-2,国が企業の下なんだよね。この１０年間やりたい放題見逃したのデカイねｗ,0,fjiewojfolf3
203,ファイザーの新型コロナワクチンは原価76ペンス（約119円）に対して22ポンド（約3450円）で販売されていることが議論になっている,1,拓郎木村,0
204,ファイザー公式が接種後一年で1291種類の副作用が起きたとデータを発表したけどどう考えても毒だよねー,2,浩二,0
205,季節性インフル扱いになりそうだし、打たなくて良かった。,2,こてつ,0
206,ワクチン打ったら腕が痛すぎてトラックのハンドル回せなくなったじゃ無いかどうしてくれるんだ,0,コロロ コロロ,0
207,自己責任でワクチン打ったのであれば自分は仕方ないとおもいますよ。きつい言い方、ワクチンは強制ではなかったし、していない人も実際います。するしないは選べるはず,6,m ha,3
207-1,看護師さんは拒否しづらいでしょうね。,0,Mayumi Miura
207-2,@ぐり さん、知り合いの看護師さんはワクチンが嫌で退職した方もいたので。選べる立場ではいたのかなと思ったもので。,2,m ha
207-3,この方は看護師さんだから　職場ではほぼ強制だったかと思われます。,2,ぐり
208,こう言う症例はどれくらいの確率なんだろう?,2,07 Kooya,0
209,こびナビがCBCを批判しているって本当ですか？どこで見れる？本当なら是非公平な場所で議論してもらいたい。,5,Suzu Red,0
210,ワクチン接種は自己責任。国がワクチンを義務化しないのは、健康被害に対する補償ができない又はしたくないから。初めから想定できるリスクを回避するか、しないかの2択問題。簡単過ぎる問題ですね。,3,よしよし,1
210-1,簡単？ですか(・_・?)？,0,K-MAMA
211,大変申し訳ないのですが、ワクチンを接種すると、抗体作成の為に体の免疫力が低下するのは、当たり前の事ではないのでしょうか？この方は、他のワクチン（インフルエンザ等）は打たれていたのですか？,0,DCドライバー,0
212,コメント数と実際出てくるコメントの数がかなり違いますね。返信があるのに元のコメントが消えていたりもします。検閲厳しいですね。,9,Y M,2
212-1,コメント欄を最新順に表示し直したら、全て見えます。youtubeプログラムのバグです。URLを書いたら消されるかも。,2,sun flower
213,治験中とか、自己責任の文字見て打つのやめて正解だったわはっきり言って得体の知れないどんな副反応が起こるかわからんものを、打とうと思うのがすごい,0,tk leem,0
214,だんだん良くなっていくんでしょうか？,2,mint,1
214-1,それはわかりません。残念ですが　削減の為なのです。取り除くことは出来ないとよく書かれてますね。体の中に　不安を抱え続ける様です。遺伝子🧬も変えてしまうそうです。しかし、人間の体の仕組みも未知ですから　がんばってデトックスしたら良いかなと思います。幸い　日本人は８割摂取してるので　このままでは終わらず　治療の研究がされると望みます。もう、打たない事が必須,2,Kiss Yukko
215,私も自己免疫性肝炎という難病を持っていてワクチン2回打ち幸い何ともなかったのですが、3回目は打つ気になれず打ってません。後遺症の話しを聞くと怖いし打たない方がいいかなと思って。周りの人は3回目打ってる人多いです💦,0,るん,0
216,俺がワクチン3回目を悩んでる理由がこの動画だわぁ後遺症の出る出ないの確率が謎すぎる,0,シンプルA,0
217,まだ、子供に打たそうなんて思ってる親がいるのでしょうか⤵️,1,hitomi mizumo,0
218,絶対撃たないよ(;^_^A,4,必札遊人ch,0
219,免疫系の基礎疾患持ちなら、最悪の事態としてこうなることは予測できたでしょ看護師であるならなおさらの事　ワクチン接種は自己責任です,1,すたみなたろう,0
220,本当に、、3回目といい4回目といいさ、いい加減茶番劇と気付けないものかな？いまだにワクチン受けるなと言うとネットのデマを信じてる変な奴って認識多いし同調圧力もあるし。一周回って呆れてくる。,15,二代目ナムルマン,0
221,栄養は点滴か。多く入ってるのはブドウ糖だろうな、、、,2,セイゲニスト,0
222,私はiga腎症ですが、私も症状が落ち着いてたのに、受診した当時の数値までいきなり悪化しました。ワクチンしかないと思ってます。他にも症状悪化した持病のきたいるでしょうね。でも仕事場では打たないと白い目で見られたり嫌味みたいに言われるのが辛いです。,6,きなここってり,1
222-1,周りの目など気にせずに自分の体を第一に考えてください。,5,ポップタウン
223,私は1回目で体調変化しました。色々な症状がその日で違い医師はワクチンによる一部細胞壊死他にもこの動画の方のようにアザ。色々出てきました。まだ、治療中です。厚生省は認めません。,0,マリルマリア,0
224,接タネ会場に医者がベンツで来たのには驚きました😱やはり、儲かるのですね。離島や本当に志のある医者は、自転車や年式の古い車や軽自動車に乗っていますよ。,6,ぬんたのさんきぬ,0
225,怖いですよね😓,0,ポッカレモン,0
226,体の免疫力や治癒力に何故頼らない？,0,T M,0
227,放送禁止の薬を使いましょう。,2,五百石太郎,0
228,全部ぜーんぶぜーんぶワ苦珍との因果関係は不明でーす　さあさあ３発目４発目とバンバン打ちまくりましょう　５才児にも打ちましょ　って国がやってることヤ○ザと変わんねーだろww,16,ただの仮酢魔,0
229,ワ○○○で老化が早まるメカニズムがあります。5行ほど伏字で書いたんだが消されます。これも残るか？,13,sunshine911,0
230,俺は国を信じてないから打ってないけど、国を信じて打ってくれた人達を見捨てるのはあんまりだね、ウクライナ支援より先にやる事あるんでは？,2,cycgar,0
231,精神障害者の人権尊重を滋賀県立精神医療センターの柴崎守和医師は、最低の医療してます。妻の為にも助けてやりたいです。先日、デイケアから施設の間で抜けがけで、池に戯れるカモ見せてやりました。何で私だけ夫と会って好きな事出来ないの?カモは自由なのに!泣いてました!何とか医師をクビにして病院を変えて欲しいです。6年間も隔離状態です異常です。　人権侵害極まりない!,0,高田富夫,0
232,キーワード：ウリジン修飾（改変）ｍRNA。とは何か、を科学的文献を手がかりに皆さんご自身で調べて事の本質を学んで頂きたい。誰かから聞いた、テレビが言っていた、お国が言っていた、会社が言っていた、皆言っているから、それでは家族の命はもう守れないのです。,15,kimur ell,0
233,自己責任やからだから私は未接種です。,2,フェルト,0
234,自分は3回目打つけど、ワクチンはホントに強制されるべきものではないと思う。,13,万年桃太郎,0
235,自分は3回目打ちました　毎回高熱で2日位動けなくなります,7,さんさん,3
235-1,解毒に関する情報を調べましょう５年だという話もあります。,2,sakura saku
235-2,問題は中、長期,7,サンチュクリ
235-3,松葉茶などで解毒してくださいね。,3,I J
236,さすが、CBCさんや！ABCに負けたらアカンでー❗️,7,サウナカプセルホテル,0
237,難しいですね何ともない平気な人も居るし、重篤な後遺症の人も居るし、線引きが難しい、国も行政もメーカーもデーターがまだない段階だろうし、外人が外人用に作ったワクチンが日本人に平気とは限らないし、一日も早くこんな人は接種したらダメとか言うのが分かればいいのですけどね,13,本郷猛,1
237-1,なんともない人はただの水だったという話です〜ロシアンルーレットですからね,14,吉武マイマイ
238,私も2回目までは考えて打ったけど、まず連休まともに取れないし(掛け持ちのため組み方によっては週6と変わらない)3回目で想定外な症状出る人いる情報も聞いてるのですが…家族が(特に姉)打てとうるさくてもう家出たいです…,0,petitnyu1,0
239,ワクは任意です。自己責任であるということを忘れずに、射つか射たないか決めましょう。射てば割引サービスありますからね。,0,J J,0
240,24時間点滴で日常生活を概念するとかはないわ。ひでぇ話だな。,1,紫渚,0
241,国は未来ある若い方たちがこんなに辛い思いをされてる事を見て見ぬ振りできるのか😭いくら任意でも、国は無責任だと思う。枠を打ち始めた子供達👶🧒今後、何も起きないことを願うばかりです。厚生労働省って、国民のために働いてくれているんじゃ無かったのね。,16,ちりめん　じゃこ,1
241-1,自分達の利権が大切なんでしょうね、信用しては負けです,1,たまちゃんキャット
242,【枠】関連動画コメ欄の意見交換(メンション合戦？)を見ると…〖反枠派 〗最後まで議論しようと努力して諦める人｡【枠内派】最後には人様を馬鹿呼ばわりする変な人｡何処を見てもそればかりで、とてもじゃないが【枠内派】のコメントを読んで【枠】を打とうという気になれない。【枠内派】は【枠】を推奨しているのか？寧ろ逆なのか？人を馬鹿にして優越感に浸りたいだけの“馬鹿„なのか？（“コレ„は無限🎠🦌が陥るヤツ😅）,2,ihsako anan,0
243,3回目打ち終わりました。。。後遺症はいまの所ありませんが、副反応が長かったのと、自分は抗核抗体価が異常値なので、もう4回目は打たなくて良いのではないかと思ってます…。現時点で、2年間コロナにはならなかったわけですし。,5,nats usagi,1
243-1,ワクは発症を抑えて感染予防ですから無症状から感染すのであればワクの感染予防効果は期待出来ないのでは？,3,ポンダー!!
244,これでも補償無いんですか⁉️そりゃ三回め若年層進まないわ。みんな三回め行くな～打ってはだめ‼️,11,のんさま,0
245,エリザベス・イジー医師｢スパイク蛋白に免疫不全ウイルスが含まれる スタンフォード大学研究報告書｣以上、ニコ動で見れます。,6,ショーン羊,0
246,薬害か？持病悪化か、こういう事がほんの一部だ。という形で議論すらしないのは本当に悲しいですね。拡散したい情報です,6,G tommy,1
246-1,議論してほしい！林先生とか池上さんとか芦田愛菜ちゃんとかの番組で取り扱ってほしい…そしたら、自分も理解できそう,0,rush rush
247,中にはこういう、合わない人もいるからそういった少数派の方は大変ですよねワクチンだけに頼らず、早く薬で治すことができる様になればいいんですけどね単純に疑問なんですが、インタビュー受けている方は何故食事で栄養補給できないのでしょうか？,0,なっとう聖闘士,0
248,後遺症が怖くて、まだワクチン打ってません。,2,空ゆきこ,1
248-1,打って、後遺症でたら、打つ判断した自分を後悔すると思うが。簡単な質問です。,1,Moning mountain
249,良いワクチンもある、普通のワクチンも、そして悪いワクチンもある？？普通のワクチンはあってもなくてもどうでも良いので無くてもいいかな～と思います。あとのは、云わなくても誰でもわかると思う、、、(*´з`),0,アデ・ルーイ,0
250,さすがに4回目は自費でやってくれ。,0,直角さん,0
251,橋下徹これ見ないだろうなぁ,54,じゅに,4
251-1,@KOM 後、デマ太郎も,13,ととと
251-2,あの人もう、テレビ出ないでほしい。,17,I J
251-3,あとは三鴨廣繁とか❗️,11,KOM
251-4,橋本のツイッターにはりつけてやろ！,19,Rin Rin
252,政治家よ！４回目はノー！！３回目でもキツイんで！！日本製のワクチンまたなん？？海外製ばかりで。,0,暮らし捨て猫から飼い猫へ,0
253,あれ～⁉️ 河野が二回打てば 大丈夫‼️って言って無かったっけ～⁉️┐(-。-;)┌どんだけデーSに染まってンのよ⁉️,21,ふなっしーに対抗心を燃やすほんつけなっしー,0
254,なんで返信が見れないコメントが多数あるのでしょうか、、、,6,もかぞー,0
255,政府関係者全員見ろ,9,ゆうき,0
256,国が責任持って責任取れし、,0,名前のない怪物,0
257,最早、TVはCBCのチャンネルだけで良い件。だったらTV買っても良いわ。新聞は河北新報だけね。,3,Miki,0
258,私も2度と打ちません。,3,もも,0
259,なんでこのような、不確かなニュースを流すのか、無智な一般大衆は信じてしまうじゃないか、、、子宮頸ガン・ワクチンの時を思い出す、、、,3,平戸健一,1

260,医療従事者なのにちゃんと調べずに接種したのでしょうか,2,DLE EOT,1
260-1,どんな項目を調べるのでしょうか？,0,sun flower
261,愛コロのツイッター、フォローしました。,6,HooTa HooTa,0
262,以前ビ○・ゲ○ツが枠入り野菜を研究中って記事見ました🥶,5,fuji sakura,0
263,彼らの長い上着をきれいに吸う人々は幸せです。彼らは命の木の果実を食べる権限を受けて、城門を通り過ぎてその都城に入ります。犬と魔術師、不倫を犯す者たち、殺人者たち、偶像崇拝者たち、そして偽りが好きで一人の人たちは、外に残らなければならない。,1,효영 안,0
264,枠打って無くなった人は5人死んでいるが、枠打って無い人は感染した人も聞いたことない。,6,naha naha,1
264-1,亡くなった人は1500人位居ます。,3,sun flower
265,実験中のものは体に入れないようにね奴隷ども,0,HashimotoDavid,0
266,日本のテレビも政治家も何してるの？知らなかったじゃ済みませんよこれ,0,なかがわ,0
267,免疫不全疾患のある私はワクチンを2回接種していて、定期検診で免疫の数値などを検査しておりますが、全く異常はありません。逆に言えば、この方には何故そのような症状が起きたのか、持病との関係性とかをしっかりとまずは調べるしかないのかなとは思います。副反応は誰にでも起きうる事ではありますが、全く起きていない人もいるのは確かです。「食塩水だ」とか「ロットによって違うから」とか言う人もいますがご自身で直接見たわけでもないですからそこはあくまでも「可能性」として捉え、それぞれの人で何故違いがあったりなかったりするのかを冷静に化学的に分析する事がまずは大事かなと個人的にはそう思いました。,4,チャーリーブラウン,0
268,誰が責任取るんや？,0,abikings,0
269,岸田見ろよ🤬,8,にしの。,0
270,友人Kさんが私に言った。何が起こっているのか世界中でもまとまってきている感じだよなぁ・・・。bitchute動画サイトにあるマタタビの羅針盤さんの日本語翻訳動画にあった、海外の関連情報はわかりやすくてやばかったｗｗｗと・・・。,4,to to,0
271,大石さんはyoutubeで有名になった印象地上波では何の番組に出ているアナウンサー？若狭しか知らん･･･,0,サウナカプセルホテル,0
272,Twitterのガーベラさんだ。,2,安部礼司,0
273,岸田さん見てますか,6,鈴もち,0
274,コロ.ナワク.チンはワク.チンではない,6,Alexandre Benois,3
274-1,大.変な被.害が出ていたことがわかっていた。,3,Alexandre Benois
274-2,コロ.ナワク.チンは生..物..兵..器。世.界で接.種が始まって間もない頃から,3,Alexandre Benois
274-3,ということがわからない人が何故これほど多いのか？,3,Alexandre Benois
275,AIDSだよ😎,2,Anton0220,14
275-1,@チャーリーブラウン そうですか？それはお大事に、それと質問の件ですが、英国保健安全局に問い合わせればよいのでは？私にする質問では無いかと思います。まぁ、真実は時が解決するのだと思いますが3/1に米高裁の判決によりＰ社も1.２９１種の副反応事例を公表してますね、私はその様な不幸な人々が増えて欲しく無いと思ってます。,1,masa k
275-2,@チャーリーブラウン 思いませんね笑、ただもしあなたが既に接種済みだとしたら… 将来的に真実が明らかになりあなた達に何があろうとも、その無念をしっかり胸に刻み生きていきます。,0,masa k
275-3,@チャーリーブラウン ウイルスと病名くらい理解してますよ、ただ英国保健安全局はその様に発表してます。そもそも論点はそこでは無いのでは？笑,2,masa k
275-4,@masa k 「後天的免疫不全」はエイズウイルスなんすけど。というか発症している方々へのエイズウイルス検査や生活習慣とかの聞き取りや調査をしていなかったとしたら過去に既にAIDS感染の可能性も否定出来ませんけど？AIDSってすぐ発症なわけじゃないんだしAIDSとHIVの違いとか理解できていなさそう泣,1,チャーリーブラウン
275-5,@チャーリーブラウン おっしゃる通りです死にたいほど悩み治療法もわからない患者さんに、治療ができればいいなという親切心ですよわざわざヒールコメントする必要ないからね,0,Anton0220
275-6,ノーベル賞授賞者のモンタニエ博士が、ワク接種者はHIV検査してと言ったとのこと,5,Anton0220
275-7,@チャーリーブラウン 検査をしてみろと言いたいだけ,1,Anton0220
275-8,そういった「化学的見解」がない無責任な発言は止めて下さいよ,1,チャーリーブラウン
276,ニュルンベルク裁判,3,きちとら,0
277,サイトカインストームか？,0,さくらもち,0
278,このチャンネルが垢BANにならないのはなぜですか？,10,Happy chan,1
278-1,不思議ですね,9,千景
279,ワクチン打ったけど何も副作用無くて良かった良かった,0,緑のやつ,0
280,エイズ状態ですね。,3,ymk 9797,0
281,簡単に言うとロシアのおかげだね。,1,ソフトドリンク,1
281-1,それ思いました,0,なかがわ
282,病は気からですよ副作用なんか気にするなw,0,波多野憲二郎,0
283,素晴らしい報道です。ただ一応極端な方が出るといけないので中立意見を。可能性としてはワクチンだけじゃなくそのタイミングでコロナに感染していた事も考えられますね。一応接種前に検査してると思いますが完全ではないでしょうし。でも個人的には……かな？取り合えず心疾患だけじゃなく免疫疾患もリスク高いと[政府が]周知しろよカスってとこですねw自覚症状ない方でも事前にその辺の血液検査すればリスク下げれるでしょ。,0,もえぶたお,0
