1,この事を報道しない事が問題　さらに幼児にまで広げようとしてる事も,11,Taro Momo,0
2,友人50代男性二回目雑種暫く後、関節痛が酷くなり専門の病院でリュウマチと診断されました。男性では珍しいようですが、診てくれた医師が因果関係はわからないが、最近増えてきてるとのことでした。本人薬の副作用も相まって仕事完全復帰できてません。もう１人は一回目ワクチンのあとに、目の毛細血管が切れてしまい見辛くなったようです。二人とも、元気な男性でした。,13,佐藤,0
3,しんすけさん、重要な情報発信、本当にありがとうございます。すごく勉強になります。自分は打たなくて良かった!人にすすめることは絶対にできません!,30,ルーシー,0
4,いつも現実的でバランスの取れた情報を配信してくださってありがとうございます。私などでは正確にとらえられない解析を示してくださるので、判断材料として本当に助かっております。ありがとうございます。,36,くまタロウ,0
5,なくなった人は、数に入らないですよね😭。あと、重度後遺症の方。どんどん助けて欲しいです✨,161,えみみ,0
6,しんすけさん、いつもありがとうございます。後遺症の話、同感です。テレビ専門家が若い人が後遺症になるから早く3回目接種をしろと言われているけど、オミクロンでどれくらいの人が、どれくらいの後遺症になっているのかちゃんと示してほしいです。若いひとが、ワクチンの後遺症になる方がよっぽど心配です。,203,ke yo,2
6-1,本当に心配なのはそこじゃないと思います。これだけおかしなことを日本政府を含めて世界各国でやっていて、まだ問題がウィルスとワクチンの事にしている人達が沢山いるところ。しんすけさんの動画はとても良い物として、我々はもっとズームアウトして視野を広げないと。,12,fukuyamahironobu
7,今日お客さんのとこに営業行ったら女性の方がブースター受けて高熱と倦怠感がキツくて未だに脇の下のリンパに違和感があると言われてましたので、全国医師有志の会のHPの話しをして最寄りの県の後遺症を診られてる病院を案内しました。,260,ヒロクン,2
7-1,本来、率先してメディアや行政やかかりつけ医が、こういうことしないとだめなはずなんですけどね・・・むしろ積極的に,7,UPUP
7-2,ありがとうございます😊,32,加齢ストップチャンネル / 野中しんすけ
8,2回目翌日から膝痛再発して3か月ほど立ち上がりに時間がかかっていた為3回目は様子見しています最近の訃報が病院での看取りではなく自宅で亡くなっていた方ばかりで不安になります後遺症に向き合う医師が増え改善されると良いですね,10,つらたんつらたん,0
9,今までは、ワクを推奨していた知事、市長が、国民のために頑張っていると、大勢の人が思ってきたけど、これからは、打った事によって、後遺症に苦しんでいる患者に、知事、市長が、いかに真摯に寄り添って、対応してくれているか、フェーズが変わってきていると思います✨,183,マキメロ,0
10,二回目打って半年以上　打った腕の肘間接の内側に痛みがずっと続いています　肘をぶつけると痺れが走る軟骨あたりが　痛みます　三回目は　怖くて打てません,12,Yuユッコ,0
11,病気にならないために打ったのに、病院に通うっておかしくないですか？健康維持のために打ったのに健康が害されるってそれは薬害でしかないと思います。そんなものを政府が薦めるっていうのはおかしいと思います。打ってしまった方々は早く治りますように。,42,鋤田祐次,0
12,ワク〇ン後遺症で一般の病院に行くと、ほとんどが精神科に回され たらい回し状態が続いています。この傾向は本当に改善されるのか不信感しかないです。自分を守るのは自分！騙されない為に、色々な情報を自分で掴みに行って情報を精査する努力が大事だと痛感しています。色々な情報配信、感謝します。ありがとうございます。,2,Siori Naitou,0
13,配信ありがとうございます。全国の数字を人口80万の1県に当てはめるのはさすがにやりすぎではないでしょうか。人口8万の市なら全員になってしまいます。テキに隙を見せるようなものです。,2,matazous,0
14,こんなに苦しむ人が出る前に中止にしてほしかった。どんなにネットでデータを調べてワクを止めたい人に伝えてもネットでしょ？で相手に響かないから副作用が出ないように体にいいご飯を作ったり見守るしかない😞三回目も始めやがったしこっちが心配でどうにかなりそ🥲,47,にゃおちゃん,0
15,このような情報を発信していただきありがとうございます。私も現在接種した腕の痛みと狭心症のような心臓の症状に苦しめられていますそれで職を失いましたが一切生活保障などもない現状に絶望しておりました政府には少しでも早く保証制度を整えて欲しいです。,17,こーちゃん,0
16,河野太郎含め政府とか、激推し医は、どうするのこれ？打たせるだけ打たせて、尻拭いは別の人たちがやってるってどういう事？尻拭い出来ないなら、せめて責任は取ってくれ。責任取ったところで取り戻せないくらい色々なものを失ってしまったけど、お咎め無しで平然と生きているのが許せないんです,319,horipac,8
16-1,知らん顔ですよね。散々に煽ってまずくなったら隠れますよ。国のやることは昔からどうなのかを調べてみたら、残念ながら信用に値はしないんですよね…,17,さゆ
16-2,コロは怖いとだまして打たせているという事ですよね。悪質極まりないです。許せません。,28,スギハラマリコ
16-3,@ナナシー そりゃ、同意してることになるでしょ。無理やり打たれてる人はいないんだから。,12,じゅん
16-4,ほんとですよね。責任取れなくせに安全安心とかどの口が言ってるのかあー、その口か、縫おう,29,相馬翔平
16-5,@ナナシー フランスだったと思いますが、接種でなくなった場合、自タヒ扱いとして保険金支払われないことになった様です😢間違ってたらすみません🙏,13,okryoko st.
16-6,ワクチン摂取は自己責任で自分で同意した事になってるって話は本当ですかね？同意してるから国や会社が責任を取る必要はないって,42,ナナシー
17,若い人たちも、ゴールデンウイークで遊びに行く前に、ワクうちましょみたいなCMやってましたね。。。。政府は子供の幸せなんか何も考えていないようだなと思って見ていました。嘆かわしい事です。,134,S春香,1

18,風邪をひいて自然治癒力で直すのも許されない窮屈な世の中になってしまいましたね❗️,4,河西潔,1
18-1,風邪に効く薬なんか存在しませんからね対処療法のみです,0,亜紀
19,通例では葬儀業界の閑散期が始まる4月…それが今年に限って言うと4月に入っても火葬場の火葬予約が1週間〜10日先まで埋まっています。これは過去例がない異常事態です。この状況から葬儀業界では今、まことしやかに囁かれているのが、ワクチン接種によるものではないかと…そんな話を耳にします,159,おもてなし とっち,2
19-1,ほんとに４月から閑散期？4月5月は、自殺も増えるしストレスで心筋梗塞も増えません？,0,お金かからない系女子
20,対応頂いた美容師さんは、生理終わり頃打ったら1ヶ月以上不正出血が続き、心配で婦人科にかかったらそうゆう受診が多いと言われたそうです。打った家族は脱毛が気になりました。毛細血管や血液に作用するのでしょうかね…。名古屋市ではありませんが、ランキングに無かったので報告でした。,25,わっはっは,0
21,症状から考えると自律神経の機能障害ですよねしかもストレス性と違って原因を自分では除去できないので、ウイルス性の慢性疲労症候群とかと同じで完治は相当難しい気がします…相談窓口も大事ですが、相談しても基本対症療法のみで治らないと思うので、治す研究のほうも進めたほうがいいかなと思いましたまあ、国がワクチン後遺症を認めてないので望み薄ですが…,49,toto as (hiro),0
22,全国有志医師の会は初めて知り、まともな医者もいたもんだなと思いました。私はＴＶで洗脳されていないので枠珍を打つことは一生ないですが…。🤭ｗ,51,顔で全てを語る男…。,0
23,しんすけさんの見解に全面 賛成です✨周りの子供たちの枠の後遺症がどうかどうか出ないことを願うばかりです。しんすけさん💗いつもいつも頭が下がります✨どうもありがとうございました💗,151,マチルダ,0
24,全く驚かない。海外の情報を調べて予想通りの展開。,113,やりたい事をすぐにやる,0
25,厚生労働省は早急に実態調査をすべきだ。補償についても直ちに検討せよ。,10,K H,0
"26,Twitter上で、この相談窓口の番号にかけたが全然つながらないのであきらめたという方を見ました。回線数が多いようには思えないため、相談""できない""件数は多いと思われ、実態はもう少し多いのではないかと予想するのは私だけでしょうか。,64,トロントは厳冬でも恐竜が暴れる,0"
27,野中しんすけ先生、いつもありがとうございます。4月13日の動画を先に拝見しました。先週後半救急車のサイレンの聞こえてくる頻度が急に増大した感じです。しかも通過して行くのではなく行ったり来たりしている感じです。出動件数が増えただけでなく、たらい回しも増えているのかと思いました。土日だから多いのかと思ったら、平日になっても多いままで、しょっちゅうという感じになりました。メンタルをヤラレないようにしなければなりません（麻痺もヤラレた内ですよね…）。これからもよろしくお願いいたします。,4,Yumiko Sawada,0
28,息子が2回接種後 身体中の関節痛が出て 突発性リウマチと 診断されましたが  リウマチの数字はゼロで 検査 しても どこも悪くない！何故？痛み止めと 座薬で 必死に痛みに堪え 仕事に行きました。収まって来るまで 2ヶ月以上かかりました。3回目は絶対打たないと 言っています,50,san Mayu,0
29,一部の地域のサンプル数を全国に広げるのは正しい計算だけど、開設11日間のものを1か月に拡大するのはミスリードになる可能性が高いので要注意ですね,1,Kululu Shousa,0
30,現在ワクチンハラスメント受けて絶賛凹み中です。医療関係なので風当たりキツいです。,195,オーシン,17
30-1,@にぎりめし さま貴方様を尊敬します。打たなかった自分を誇りに思ってほしいです。にぎりめしさま偉い👏👏👏,4,りょうこ
30-2,自分も医療関係者です。アレルギーがー！基礎疾患持ちで薬がー！副反応がー！で初回から絶賛接種拒否中。,24,にぎりめし
30-3,あくまでも任意。打たずに頑張りましょう👍️私もエッセンシャルワーカーです。絶対に打ちませんよ～,23,しら
30-4,皆さまアドバイスありがとうございます。,12,オーシン
30-5,井上先生が代表理事を務める枠ハラスメント救済センターが設立されましたね。相談されてみてはいかがでしょうか？私は2回接種率96.5%の国に住んでおり、人格否定されているような気持ちで過ごしています。SNSを通じて知り合った少数派の友人達に救われています。,19,Asa SG
30-6,録音するのでもう1回言ってもらっていいですか？で撃退。ワクハラ撃退動画がありましたよ。参考になるかも。,20,さゆ
30-7,@空飛ぶイルカ 治験期間のびてますよ2024年,14,angelheart
30-8,勤務先を変えることは出来ないんでしょうか？看護師の離職とか増えてますよ。,18,太田真由美
30-9,治験は来年５月までとなっています。それまでに被害者が増えてきて打て打て祭りは終わるでしょう🥲,31,空飛ぶイルカ
30-10,厚労省のホームページにもハラスメントはいけないと書いてありますし有志医師の会にもハラスメント相談センターもあるみたいなのでとにかくどこかに相談してみてはいかがでしょうか？,34,【asukotaTV】公式
30-11,後数ヶ月で世の中ひっくり返るから頑張ってほしい。あなたは間違っていない。,53,はじめちゃん
30-12,名古屋の相談窓口の実態を伝えて、なんとか打たずに乗り越えてほしいです。,50,ぱぴこ
30-13,あと数ヶ月の我慢です,69,ナナシー
30-14,打ってなくても大丈夫の証明しているのに、自分の判断を褒めてあげて👏,106,りょうこ
30-15,自分の体を守れるのは自分だけなので、負けずに頑張ってください,125,空飛ぶイルカ
31,うちのマンションの50歳？女性も、最近歩行が上手くいかないらしく、息子さんに手を引かれて歩いています。先月はいつも通り元気だったのに覇気もなくてね。50歳で急に歩行困難などあり得ないです。,47,太田真由美,1
31-1,竹輪を食べると、免疫力が下がって色んな病気に掛かります。人に寄って時間が経ち、あとから発症します。😢,1,宮田和博
32,名古屋市のように遷延する症状がある事を認めて対処してくれるような都道府県が増えれば良いのでしょうが、まず打て！アピールばかりしているような県では厳しいのかなと思います。,49,guusuke,1

33,実際には、後遺症を疑いつつも忙しくてなかなか相談にいけないケースもあるのかもしれません。もっと沢山苦しんでる方々がいると思います。😢,17,あさみ,0
34,相談せずに諦めてる人もかなり居ると思います。,4,h N,0
35,相談しても医療機関に案内されない人もいるんだ…相談している時点で自分ではどうしょうもない状態だからと言う気もするのですが…,13,しどう,0
36,私も２回接種してしまいましたが、３ヶ月程経って帯状疱疹になりました。驚きましたが、ワクチン接種で帯状疱疹になるのを知って、そうか～😥と思いました。３回目は打たないつもりです。,46,しろくま,0
37,私の職場は、三回目打たれたかたがコロナウィルスに罹患し休んでます私はmワクは打ってませんが元気です,86,すみっこゆき,0
38,全国有志医師の会ホームページのリンクありがとうございます。後遺症に悩む友人に知らせます！,4,chan point,0
39,しんすけさんの勇気に感謝します🙇⤵️医師の闇、深そう❗,31,Hisako Yamaguchi,0
40,しんすけさん、いつもありがとうございます😀今の後遺症は、接種したかしていないかを分けて検証しないとダメですよね。うちの近くの消防署は2週間ほど前に救急車を2→3台に増やしました💦,28,りやん,0
41,これ　何の注射？色んな病気の菌入れて　どんな病気が発症するかのデータがほしいの？嘔吐した母が　もう死にたい　と言って　持病の薬を用量より多く飲んだ副反応軽い人には　苦しむ本人の気持ち　見ている回りの辛い気持ちがわからないだろうな悔しい!2回もコメ　ごめんなさい🙏しんすけさんありがとうございます🙇,24,梅むす,1

42,カナダの医師が2回済までの方のＤｰダイマー検査を行ったところ62％の方に血栓ができていたことを発表していますが死亡された方の解剖で全身に血栓ができていたという報告も複数ありますので後遺症の方はＤｰダイマー検査を行って血栓ができているかどうかを確認された方が良いように思われます。また打った方の血液の顕微鏡での調査で多種類の寄生虫も確認されていますので血液精密検査にてEosi%=好酸球の異常有無も調べられた方が良いように思われ血栓の原因となるスパイク蛋白や寄生虫の除去に駆虫薬IVMは必須です。,65,H J,0
43,オミの後遺症と言われているものが　ワクの後遺症の可能性,129,とーみん,3
43-1,感染源が接種者になってる説,9,KI SS
43-2,大正解！,17,太田真由美
43-3,👍,20,ま
44,相談者がもっと増えると思います。補償と治療をしていただけると、まだ救われます。,2,Masayuki Aoi,0
45,会社の40歳以上のパートさんの10人くらいが帯状疱疹になったらしい。現状、この枠の副作用は不明とされているけど、将来、接種者で指定された症状が出た人には全額を国か県の負担にしてあげてもらいたい。そして数年後、現在と真逆で接種は止めるべき動きになりそう。,42,勧善懲悪,0
46,コロやワクについてわかってきたことに対して柔軟に姿勢を変えていかないと、どんどん人災になってしまいますね。,97,まみルル,0
47,こんばんは。相談窓口の回線数を増やしたのであれば、今まで話し中で繋がらなく、拾えなかったケースが仮にあったとして、件数が増える可能性もあると思います。オミくん渦でコロ◯後遺症が増えてるという話もあるようですが、コロ◯によるものなのか、接種によるものなのかが混ざっていないか気になります。ニワトリが先かタマゴが先かみたいな話で。厚労省には、症状や接種履歴などをキチンと分析していただきたいものです。,59,Toshiyuki Shoda,0
48,日本政府は、３回目よりも後遺症患者のケアと死亡者への賠償金を進めろ！,95,ベルテシャツァルダニエル,3
48-1,@坂本貴 4400万って話はどこにいったのだろうね。普通に考えて、どんなものでもおこりえるアナフェラキシーだろうと会場で倒れてなくなったひとには、す～っとスムーズに払ってないとおかしいはずなのに、それも無視状態だからね。,3,UPUP
48-2,最初から計画されてる事で、日本政府もそれに乗ってるんだからいまさらそんなことするはず無いんですよ。,6,fukuyamahironobu
48-3,自己責任だからなー騙された方が悪いというスタンスになってるよね。,11,坂本貴
49,2回目まで終わってから、めまい、頭痛、ふらつきが酷いです。これは後遺症かわかりませんが、３回目はうたないです。,107,t,3
49-1,松葉茶が、いいらしいです。,1,宮田和博
49-2,後遺症ではなく竹輪を食べたからです。次はもう、辞めて下さい。,1,宮田和博
49-3,ワク接種実体験動画を上げてくれているユーチューバーさん達の動画のコメント欄を読んでください。１例や２例ならまだしも、メチャクチャ沢山の人がワク接種後に体調不良を訴えています。つまりそういう事です。,14,fukuyamahironobu
50,数字の大半は心理的なものとか、偶然とかだと思うのこんなのに比べたら皮膚科のステロイド処方乱用による被害とか、精神科の眠剤ばらまきとか、の方がよっぽど深刻だし取り上げるべき問題だと思うよ,1,to-fu,0
51,18歳の息子もワクチン2回接種後頭痛 めまい 吐き気 倦怠感が続きました。学校も休みがちでした。病院に行きましたがなかなか改善されず。精神的にも不安定になりました。これもワクチンの後遺症なのかもしれませんね。現在は鍼治療で少しずつ良くなってきてます。,25,87マッキー,0
52,先生、やはり心配が現実のものになったようです。決してオーバーではなく、コントやいわゆる「戦隊もの」などのように、人々がバタバタと倒れていく光景が現実のものにならないか、心配でなりません。とにかく変な症状が出れば直ぐに病院や医院へ行くべきだと思いますが、またまた更なる医療逼迫が心配ですね。,0,沼尾吉晃,0
53,私はノーワクなのですが、娘婿(ワク２回済み)が全員ワク2回済みの会社でのクラスターから貰って来たらしいオミに家族全員罹患しました。(陽性診断3月11日)高熱は出ず、微熱続きでしたし、私は味覚嗅覚異常も5日以上出ました。皮膚も数日全身がさがさで粉吹き状態になりました。今はそれらは治まりましたが、ただ未だに痰を伴う咳に悩まされ苦しんでいます。ノーワクの娘も同様です。婿の会社でも未だ皆咳が酷い様です。私自身の会社からは(全員ワク済み)ワク打ってないからじゃない？とハラスメント的なモノも受けています。オミもダラダラと続く嫌な症状としては決して舐められません。それでも、私はワクは打ちませんけど。,128,弓子,4
53-1,自分もノーワクです。会社で同じようにノーワクでオミに掛かった50代前半の仲間がいましたが至って軽症で後遺症などもないらしいです。掛かった際の症状の軽い重いは結局は “個人差”であり、同じ人間がワク打った時と打ってない時の比較は事実上不可能ですから接種は個人の判断で良いはずです。そこに意見が入るべきじゃない。打ってない人に対してハラスメントをする人達はウイルスへの不安とストレスから攻撃しているんじゃないですかね。まぁ〜何にせよ自分はノーワク続行ですよ。,2,茶丸
53-2,私もシェディングの影響と、マスク常時着用の弊害と思います。もしくは５Gか。何にせよ、ワク未接種ならいずれ回復すると思われます。,11,fukuyamahironobu
53-3,その症状はオミ感染じゃなく、ワク接種者から放出されるスパイクタンパクの弊害の可能性ありますよ。シェディングと言って、現在未接種者に広がりつつある二次被害です。,26,太田真由美
53-4,貴重なコメントありがとうございます！それでも、CMでは、3回目ワクチン接種をしなさいとか？自分も、3回目は、打たなかったです！田舎なので、余ってるのか分からないけど、再度摂取券届きました！打ちませんけど！,22,かなと
54,思うのですが、インフルエンザやその他の感染症で後遺症はないのでしょうか？私はコロナ感染後確かに嗅覚消失とともに後遺症と思われる身体の症状はありましたが短期間です。聞く限りワクチン後遺症の方が症状は多岐に渡り期間も長いです。,33,まーさん,1
54-1,５〜６年前、インフルエンザにかかって完治後の数週間は「何を食べても美味しくない」という状態でした。今思えば味覚障害だったのだと思います。,5,白妙
55,相談する間もなく、相談を躊躇している間に、相談しても、関係ないと言われ、精神的なものなどと突き放され真っ当な医療さえも受けられずお亡くなりになられた人たちも大勢いらっしゃると推測される,20,amazing thailand,0
56,人類初のmワクチンだからこそ、サポートちゃんとしてほしかったな💢と思いますし、ワクチンパスポートみたいな差別パスポートして何がしたかったのかな💢💢💢と思います,78,すみっこゆき,2
56-1,何がしたかったのか？？ク”レイトリセットですよ。知りませんでしたか？？,6,fukuyamahironobu
56-2,これからもまだ油断できないですよね…,9,さゆ
57,わたしの職場の部署内で枠2回打った２人がコロ陽性なり長期休暇私を含む未接種の人はピンピンしてます驚いたのは2回打ってコロ陽性なったのに、3回目を接種しに行ってまた熱出して休んでる事こんな後遺症だらけの枠チン意味あるの？,103,亜紀,6
57-1,@亜紀 様、ワクは全く効かない、あかし、ですね❗️ 打つ程掛かる証拠でも、有りますね。😂❕,0,宮田和博
57-2,休みたいから打つ人もいますね。いい加減にしろよって感じです。,8,太田真由美
57-3,@ポテメロ 返信ありがとうございますおっしゃる通りだと思いますし、内１人は結構親しくしてる同僚なんですが、かかりつけ医が好くない気がするんですよねガリガリ痩せ細ってる人なのに、食事制限させてる感じで？？？な医者です枠チン推進派なようですインフル、コロ枠と良い物として推進してるのでは？と疑ってますそもそも枠チンは劇薬なんだよと言っても、ハ？って意味わからないようです,22,亜紀
58,原因がコロナかワクチンかその他か調べるためにも、またそもそもワクチンの効き目を把握するためにも、感染者、入院者、重症者、死者数の接種・非接種の割合が分かれば良いと思います,23,ギャランゆう,1

59,枠　2回目済みの母が9ヶ月経った今でも腕が痛いと言っています最近は気持ちが悪いと嘔吐しています,28,梅むす,0
60,これを機に薬害の歴史を調べ、製薬会社は病気を直す気はないことを学ぶべき。自分は大丈夫って根拠のない自信は迷惑です(同調圧力の分母になる)同じ人間なんでたまたま後遺症が今はでてないだけ。体の中で異変がおきてるが気づいてないだけ,1,井上雅人,0
61,わたしの周りでは発熱は、打った方のかなりの方に起こっています。ただ、1、２日で落ち着く事が多いので副作用として訴えらないのだと思います。,1,せいこ たなべ,0
62,わくを、うって被害者になられた方々には、痛恨の後悔しかないと考えられますね。,73,喜喜,0
63,三回目のワクチン接種しましたが😃ほとんどなにもなかったけど🤔他にも難病２つ持ってますがその片方の難病が日本でも珍しい大脳の石灰化による全身の想像を遥かに越える激痛の一番きついと思うが😅注意事項守らないで余計なことしたんではないのか(´・ω・`)?,1,ヒロタン.,0
64,会社の集団摂取で3回目が始まったけど後遺症の爆発はこれからなんだろうな…どうなっちゃうんだろうか,63,ナナシー,0
65,その後経過の公開は重要と思います。　私は、ワクチン後遺症のめまいまではしないですが、疲れやすいです。2回目のワクチンは体調はそれほど悪くわないですが、精神的に筋肉注射でまた３日も仕事を休むという心理的不安があり、８か月の温かい時期にしました。これからの実施ですが身体的どうなるかわからない不安は大きいです。,3,小見美範,0
66,ワクチン２回目打った後、胸焼け、息切れ、空咳、痰、身体中に湿疹、余りにも酷かったので胃カメラ検査して貰ったら、食道にカンジタショウが発生してたのですが、後遺症なのでしょうか？今迄に、この様な事になった事がないので。,87,勝広 亀井,7
66-1,竹輪を食べると、免疫力が下がって、色んな病気が、発症します。😢松葉茶、味噌汁などが良いらしいですよ。,2,宮田和博
66-2,ナカムラクリニックの院長さんが　５alaが　いいと言われてました。塩とお酢の足湯も　いいです。,5,さごく
66-3,開示されたファイザーのワクティン副反応の事例は1,200以上だそうです。貴方の症状も含まれると思いますよよ。,14,fukuyamahironobu
66-4,You Tubeに16時間プチダイエットの動画がありますので、間に合うか分かりませんが解毒してください。,12,みや ひろ
66-5,お辛いですね。免疫が落ちるので、カンジタにも掛かりやすくなります。その他の感染症にもかかりやすいようですし、後遺症の可能性は高いですね。どうぞお大事に。,40,satoko
66-6,「　平　塚　の　河　野　太　郎　」　の　こ　と　を　東　京　地　検　特　捜　部　に　刑　事　告　訴　し　て　く　だ　さ　い　。,30,水澤秀成
67,私も３回目のワクチン接種してから体調が変わってしまい何なのかと思い居ました私は首のリンパから肩の痛みと頭の痛みと目まいと体のだるさ胸の痛み吐き気ワクチン接種してからですだけどワクチン接種からだって病院行っても理解してもらえない,18,なっち,1
67-1,概要欄の、全国有志医師の会で、受診して下さい。助けになってくれると思います。体と心を労って、一日も早い回復をお祈りします。,6,Keen Bobson
68,3回目を受けた知り合いと久しぶり会った。本人はワクチンと関係がないと思っているが、なんとなく耳が遠くなって、喋りの声はすごく大きかった気がした。,0,飛龍,0
69,コロナ後遺症で関節痛、下腹部痛、倦怠感、じんましんが2年間続いています。国や県にはカウントすらされないのかな？,2,ぐっちあっきー,0
70,ワク激推しのお医者さま、御本人はうっておらんとか………💧理由は、アレルギーと言ったとかね〜うちの娘は子宮頸がんで１０年続いてますやっと、日常生活が戻りつつありますが中高まともに通えませんでした,29,Ainn Laelia,1
70-1,福岡県で診療所を構える医師が厚労省に電話して、厚労省職員は１割ほどしかうっていないことが判明した！とFacebookに投稿。厚労省が「根拠の無いデマだ」と弁明するも、職員の接種率・接種人数は非公開でこちらも根拠の無いデマで応戦したそうでつ(笑),4,KI SS
71,オミ後遺症なのかワク後遺症なのか、もはやわからなくされてしまう状況ですよね、陽性が出ちゃったら。,34,ながいひろこ,1

72,予防注射、打ってこんな事になるんだったらオミクロンに感染した方がマシなんじゃないの？🤔？酷い話ですね😭,35,佐春,4
72-1,@散歩はれはれ 🤣🤣🤣,3,佐春
72-2,そう、ビルさんがオミはかかっても軽症だし、打つよりかかった方が後の変異株にも有効だと。そして感染力が強くて打つより速いので、打つ数が減って悲しいと言っていました。,3,散歩はれはれ
72-3,「　平　塚　の　河　野　太　郎　」　の　こ　と　を　東　京　地　検　特　捜　部　に　刑　事　告　訴　し　て　く　だ　さ　い　。,4,水澤秀成
73,去年の8月に(Φザー)２回目で左手の指が麻痺して、現在は力は入るが痺れは残ってる。なので3回目はスルーしている。娘が今日3回目を打って、熱が出てるが眠れないと言ってる。薬害の歴史は繰り返されるのかな？,62,宇家嘉孝,3
73-1,@水澤秀成 さん　元をただせば、「枠珍に菅～凛」かな？,4,宇家嘉孝
73-2,「　平　塚　の　河　野　太　郎　」　の　こ　と　を　東　京　地　検　特　捜　部　に　刑　事　告　訴　し　て　く　だ　さ　い　。,16,水澤秀成
74,心臓への影響は致命傷になるため、そこに焦点を当てて欲しいです。,15,山田そういちろう,0
75,こちらは接種率８６パーセントの北海道田舎町の住人です。私は治験が終わるまで様子見の立場ですが、お隣さんは夫婦共に接種済みです。奥様が接種後約１ヶ月後に肝膿瘍で入院しました。それも二箇所くらいの膿瘍が普通のはずが六箇所の発生なので医者もビックリしていたとのご主人の説明でした。退院してきた奥様のガリガリに痩せた姿を見て唖然としましたが、夫婦共にテレビ脳のため接種が原因とは全く思っていません。このような数値に上がらない後遺症の方々がたくさんいると思います。いつも貴重なお話ありがとうございます。,27,佐藤信一,0
76,接種バイトで儲けて副反応や後遺症で来院してもらいさらに稼ぐとか・・・医は仁術と言われたのは間違いだと思ってしまう事がバレたら病院とか医療関係者は焼き討ちにあっても自業自得やな www,0,キャスターまいるど,0
77,他の病の患者さんを看ながら、コロナ関連の勉強もして対応できるよう努力していただいてる医師・看護師の方々には、本当に頭が下がる思いです。ところで、しんすけさんの言葉が誰に対してなのか分かりにくいことがあります。僕は沖縄なので、周囲はそれほどヒステリックではないです。だから、そんなこと言う人がいるんだぁって、動画を見てると驚きます。そのせいか、しんすけさんが夢中で話してると、一部の医療関係者に向けての言葉か、一般市民に向けての言葉か分からないことが時々起こります。例えば、ワクチン後遺症って言ったら、コロナ後遺症って言う人がいる・・とか。僕のまわりでは全く聞かないので、空想で補うしかなく、しんすけさんの言いたいことを歪んで捉えてないか不安になります。,10,M O,0
78,日本は世界一，病院の数が多いって知ってる人多分少ないよね？確かに日本は長寿国として有名です。けど病院数が世界一は誇れる事でしょうか？私は逆に怖くなります。,1,JP STYLEー CHANNEL,0
79,河村市長、ありがとう<m(__)m>パンデミック始まって、愛知の感染者数多くて、不安になったお母さん達が、知事が動かないのでツイデモしてたら、先に動いてくれたのが、市長でした。市民が困ってると、動いてくれるありがたい市長です。で、市長が動くと、知事も動く。二人は仲が悪いけど、どっちも動いてくれるので、東京、大阪に比べると、県民はめちゃ、ありがたいです<m(__)m>しんすけさん、取り上げてくれて、ありがとうございます<m(__)m>,4,neiro tenno,2
79-1,@鶴田朝彦 知ってます。けど、結果見栄張って対抗することで、県民は助かってる。そこが良いところ。万が一、維新の知事とか誕生したら、河村市長を叩きまくって、イソジンとか雨合羽とかされたら、たまったもんじゃない。,1,neiro tenno
80,ファとモデで違うのではないでしょうか ( - - )。目視できるステンレス片が混入するような、日本の食品工場では有り得ないようなレベルの生産体制です ( - - )。何が入っているか、分かったもんじゃありません ( - - )。,102,m y,2
80-1,ナノコロイドカッター怖いですね,2,matora aki
80-2,「本当はアブね～から打つんじゃないぞ!」という善意から異物混入させてんじゃないかと思っている。,4,えのじ
81,多分出てくるだろうなーと思ってたら忽〇が言い始めたようですね。＜オミクロンの＞後遺症がああああ！！！！ですってｗそれ枠珍の後遺症だろうがｗ,102,kenichi F,0
82,もしかしてオミクローンの無症状の後遺症って……？非接種者と接種者で、コロナ後遺症?に差があるんでしょうかね？,29,紫の音の葉,0
83,SIRVAという五十肩の症状と手足の痺れが半年以上続いています。。。,6,はまたくGO!GO!エンターテイメント,0
84,二回目打って半年ですが打った所がまだ痛むのは何故？だから三回目は打ちません。,15,大黒天マロン,0
85,無料でワク打っても、後遺症で病院は自腹。これでワク打てと？,112,DXファイター,0
86,何だかワクチンを打ってから、過去に起きた状態が再発するってのは無いのかな？先ずは私の場合、椎間板ヘルニアを手術で治したんですが、再発したようです。そして、眼球を支える骨がくだけた時があったんですが、其れも治療を終わっていますけど、眼底出血か何かだと思いますけど、目が物凄くおかしくなりました。まあ、どうとも言えませんがその様な人の場合、再発かよ～？って形で終わらせているかもしれない人達が居るかも知れません。両方とも手術で治したのですが、何と言っても再発しやすい病気ですんで何とも言えません。,1,Kiyoshi Yuyama,0
87,しんのすけさん、こんにちは。はじめまして。僕は、まだ、ワクチンを一度も接種していません。決してワクチン反対ではなく、むしろ賛成な方です。小さい時から予防接種を何度も受けて来て今さらワクチンなどを反対できません。効果があり比較的安全ならば、すぐにでも打つ所なのですが、どれだけ安全なのか誰にもわからないワクチンのため接種はしないと決めました。当然絶対安全なワクチンは存在しない事も理解しています。日本人は農耕民族で比較的ウィルス感染症に強いということと。正直このワクチン実績が無い事。例えば、生で魚を食べる文化の無い国の人を突然日本に連れてきて、さばいたばかりの魚、当然日本人は美味しい美味しいと言い食べると思いますが。生で魚を食べる文化無い国の人が、その光景を見て何の躊躇も無く食べるでしょうか？僕は食べないと思います。それと同じで、よくわからないワクチンは、躊躇して打たない。という事、ウィルスも感染力は強くなるかもしれませんが毒性は弱くなるはずです。突然変異で感染力も無くなれば良いですが。あとどんなワクチンも２０人に１人は何も起きないそうなので、ワクチンを打ったから大丈夫という事でも無いようなので、治療薬と違うタイプのワクチンに期待します。,16,w bestguy,1
87-1,しんのすけでは無くしんすけですよ。,1,鶴田朝彦
88,(公式ではなく、実質)ワクのせいで亡くなった人は、どれだけ居るのだろう？３回目、４回目と進む前に、一旦止まって十分に検証する必要がある。特にこれから子供を作る世代は、本当に慎重であるべき。大げさかもしれないけど、最悪、日本人、さらには人類の、種の存続に係る可能性すらある。,0,H N,0
89,関節痛！？職場の人は私以外全員打ってます。年明けから、関節痛がずっと続いています。シェディングとかスプレッダー、でしょうか。,15,捨丸,0
90,ワクチン接種後の肩の痛み　SIRVA について、しんすけさんの話が聞きたいです,20,だい12,0
91,最近救急車多く走るのよ😱こんなに見たこと近年無いよ😎コロナが怖いウイルスだった（過去形）のは確かかも知れないがワクチンが有効だったかどうかは別問題です😡実際ウイルス発生少ない地域に居る私は打って無いけれど移ってない🤔髪の毛薄くなったので知らない間に治ったか、年のせいか😆,11,カピバラとぉさん,0
92,僕は、足の痺れと痛みです⤵️5ヶ月たっても、治りません入院もしました毎日、きついです政府、打った医者どう責任とりますか？ワクチン打った自分が悪いという人がいますが、国は半強制的でしたよ💢,69,りん太郎,0
93,しんすけさん、ありがとうございます✨仰る通りです✨お駐車後遺症の症状をこうしてみせて頂くと…私が思ったことは（ど素人がすみません💦）自己免疫疾患になって仕舞っていると思います???自分の事を書くのはどうかと思うのですが…思ったままに書きます（失礼致します）私は自己免疫疾患です（高年女性によくあるやつです）それがはっきり分かるまで、リウマチ、線維筋痛症、と、所謂どうだかよく分からない病名を疑われて治療してきました。それの病気の前は『副腎疲労』と、言うやつです。それが行き過ぎたら自己免疫疾患になって仕舞うらしいです。このお駐車後遺症はそう言う病気の症状そのものです。私自身3月初旬に発熱コロチャン陽性、その後自分でも信じたく無いのですが、コロナ後遺症の様な状態です。それはワクチン後遺症の軽い症状と同じです。しかし、自分でよく観察してみるとコロナ後遺症ではなく、（元々自己免疫疾患である免疫力の無い体に発熱でウイルスに負けて仕舞うと、体が中々回復せず、今、足に力が入りにくい、怠い等々…）後遺症ではなく、副腎疲労があると思っています。その証拠に発熱前1ヶ月、食事も問題なくやっているつもりが極度の便秘、発熱後も1ヶ月過ぎてもまだ腸の状態が戻りません、今無理矢理出して色がやっとまともになってきた所です。免疫力上げるために頑張っています。腸が悪いのは免疫力が落ちている証拠だと自分で思います。色々やって自分の一番の問題は睡眠時間だと思っています（短い💧）インフルにしても高い発熱の風邪の後はある期間怠いとか体がしっかりしないと言う症状はあると思います。コロナ後遺症…😅矢張り1週間以上続くのは長いと思うし、1ヶ月以上も続く状態なら副腎疲労、自己免疫疾患？だと思います。お駐車のせいでなって仕舞った分には、どうだか分かりませんが…ずんやり続く自己免疫疾患に、神経に作用するようなお薬は使わない方が良いと、経験から思います。私はその薬を続けて低血糖状態が続いたり、いつ倒れるか分からないナトリウム不足を起こしたり、挙げ句、舌が真っ白になって…よくあの状態で休まずパートに出て家事もこなしていたと思います😂ｵ⚪ｸﾛﾝでもコロナ後遺症と思って仕舞う症状の方は居るのでは無いかと思います。実際不必要に10日間も出るなと、言われてずっと屋内で過ごしているとめちゃめちゃ病気と向き合って仕舞います😂コロチャン信じてない私でもこのまま味覚がおかしいままだったらどおしょう、足に力が入らない仕事出来るか？とか心配になりました。ましてやホテル等閉じ込められたら…人が変わって仕舞うと思いました😂ｵ⚪ｸﾛﾝ後遺症は…先ずは自分の腸の状態、生活習慣を見直して見ると良いと思います。,21,obatarian sanuki,0
94,重要な情報を送信していただきありがとうございます。いつもチェックさせていただいています。一点残念なのはどの回でも思うのですがしんすけさんは想いが先行してしまって、同じ話を何度もしています。聞いている人の中には忙しい人もたくさんいると思われるのでぜひ、説明が行ったり来たりしないようしていただけるとありがたいです。,3,ポピー,1
94-1,あっち向いてホイ！,0,shunji takasina
95,よく考えたらならないように打って、後遺症で病気って、国を挙げて実行したことなのに。,5,ことチャンネル,0
96,WHOや厚労省は相変わらず同じ事を繰り返し喧伝して、、、機能不全,6,t s,0
97,↓　ばかな！　　　が、ほとんど　　　　　　　お天気日本人よ！！,0,kr4phw8p,0
98,私は年齢がギリギリなのと肺の持病持ちなので　ワクチンも打たない（ワクチン接種で肺の持病が悪化すると怖いので）し　コロナ国内初発生から現在まで　仕事と食料品の買い物以外は完全に不要不急を続けていますが　もう　若者で健康で　コロナ感染しても無症状か軽症なら　ワクチン打たずに　生活も全部自由にして老人と私のような病気持ちが　不要不急を完全にするか　ワクチン接種を数ヶ月おきに　コロナ終結まで続けるしかないですね,0,鈴木 A,0
99,これこそ表面上は目に見えぬ「ジェノサイド」なのだ！,0,Спутник № 0,0
100,流動的な社会になりましたね。80年代生まれの私からすれば、流動的、というと昔ニュースでよく観ていたイラク人質事件とかそういう国・社会の事を私は連想してました。今、まさか世界中でこんな事になるなんて。そして、その流動に流されない様に考えて生きてる人がこれだけ少ないのか、と改めて平和ボケ（の良し悪し）に関して考えさせられました。,8,Shari Shari,0
101,当初2人その後5人体制だと、相談出来なかった人もいたのではないでしょうか？,33,あかり 雪,0
102,有害事象なのか副反応事例なのかどう呼べば良いのか未だに分からないです…。,0,麻川太一,0
103,本当打たなくて良かったです✨,8,N H O,0
104,常にアップデート!賛成です,2,カカロット,0
105,チクチクする痛みが皮膚を移動する。その事を虫が体の中に居る。髪の毛が逆立つ。虫が体の周りにいてまとわりついている。そう訴える人がいます。今まで精神的な不調もなく今でも精神的な不調は無いと思うので服反応だと思われます。石も本人も枠のせいどとは思っていないですが,9,みかんうさ,0
106,なんだか、私の周りの接種者は、体温が低い傾向に感じるんですが。気のせいかなあ。,5,日紫喜燕,0
107,インフルエンザなのにコロナの検査で陽性になる事はありえますか？なぜ毎年すごい数のインフルエンザが全然いないのか気になります。,70,kkk.h,16
107-1,@太田真由美 様、全てをコロに名寄せしてしまうでしょう❗️😢,0,宮田和博
107-2,@太田真由美 元々研究所等でシャーレ上のコロニー有無を調べるもので、様々なウイルスが存在している臨床使用を想定していない。,7,Ken
107-3,@亜紀 それ、ありえますね。大体説明書に「臨床使用禁止」って書いてあるんですけどね。,5,Ken
107-4,PCR検査はインフルも風邪もコロナも陽性反応が出る。しかし区別はしない。なぜ？,16,太田真由美
107-5,@散歩はれはれ インフルしかり、他の様々なウイルスに陽性反応するような検査そもそもがコロでは無くて、本来の治療を受ける事もなく重篤化してるのでは？そんな事例あると考えます,12,亜紀
107-6,ファウチが去年、あの検査はインフルも陽性になると言っていました。あの検査はやめて違う検査にすると言っていたはず。なのにまだやっているって、どうなってる？,17,散歩はれはれ
107-7,@kamisorinoyasu さん。あらら、私が見た書き込みは間違った情報の可能性がありますね。,3,Norma
107-8,去年風邪ひいてコロナの検査したとき、インフルの検査もするか聞かれたべ,4,kamisorinoyasu
107-9,最近、ある動画で今でもインフルの検査はしてはいけないと通達されていると言う書き込みは見ました。,21,Norma
107-10,今はわかりませんがインフルエンザ検査をしないように通達されてましたよね,26,亜紀
108,ワクチン接種は自由ですよ。強制ではありません。もしかしたらワクチン打って助かった人達だっていると思いますよ。自分で考えて、打つ打たないは決めましょう。貴方の自分です。,0,レクサス,0
109,お亡くなりになった人を除いた数なのでもっといますね。,16,Y K,0
110,知り合いは一日寝込んだけど、相談せずにいました,4,ハヤシメシ,0
111,「　平　塚　の　河　野　太　郎　」　の　こ　と　を　東　京　地　検　特　捜　部　に　刑　事　告　訴　し　て　く　だ　さ　い　。,1,水澤秀成,0
112,10年後に色々後遺症出るとか見たがどうなる事やら,15,リヒリヒト,1

113,今晩は✨最初からわかっていたことです‼️枠打てば、短期副反応と長期副反応が出るのは勿論のことです‼️自己責任としか言えない‼️最初から打たないことです‼️誰の責任でもない‼️最初から治験と言ってたし人体実験ですからね‼️,46,Kaoru Honey,2
113-1,生物兵器😅,0,宮田和博
113-2,打つ前に副作用後遺症についての説明が成されていなかった責任は別。義務違反の可能性アリ。,7,太田真由美
114,風が吹けば桶屋が儲かる、今は、V打てば桶屋が儲かる。,51,Donna彦,1
114-1,調べたら日本の桶の9割が中国製だそうだ！,2,散歩はれはれ
115,こんばんは。初めまして。私の父が、７４歳。ワクチン３回打ったんですが。太もものあたり、から、つまりがあって。先週。カテーテル手術したした。歳のせいなのか？ワクチンのせいなのか、わからないです。,27,mayu mayu,0
116,東京都は1300万人、10人に1人がそこに住んでるから、、7から8000人具合悪い人がいるのか。コールセンター作ったら凄そう,2,相馬翔平,0
117,恐ろしいことです。,1,牛すじカレー,0
118,初めまして！11日の午後に三回目のワクチンを接種して来ました。接種初日は副反応が出なかったのと翌日朝は肩こりと接種部位の反対側の腕に違和感が有ったのですが熱が無かったので出勤。しかし…仕事をし始めた1時間過ぎに体調が悪くなりお昼迄の仕事後からは熱が上昇し身体がしんどく為りました。薬をので火曜日はひたすらねました。今日の早朝は熱は下がりましたが脇のリンパ腺辺りがまだ痛いし腕も筋肉痛みたいな感じ。峠も越えたみたいなので様子見です。,0,ぐれ きま,0
119,岸田さんは、とにかく何でもいいから打て!打て!って、煽りまくっていますが…　こんなに後遺症で苦しんでる人がいる!!　なんて、のを考えると…　さすがに、私は怖くて打てません!　🤐　打たれる方は、どれほど肝が据わってるのか?　😅,23,ひとみ たかはし,8
119-1,@宮田和博 さんオモチャの注射してるって近所の人に言い触らしましたよ。あと、企業社長さんらも打っていないそうです。ホント庶民を馬鹿にしてるわね。,0,太田真由美
119-2,@Riぶろん 様、移るの恐い、ノコノコ打ちに行く、免疫不全になる、気が付かない。😢😂,0,宮田和博
119-3,あの人自分は打ってないんだよーで、国民には打てと？ムカツクわ,3,太田真由美
119-4,なんにも決断したことがない岸田さんは菅さんの責任にできるんだから、菅が契約したんだからわしは知らんでいいのに。,1,石川誠
119-5,廃棄出来ない契約になっているそうですが違約金払っても中止すればいい事なのに…頭悪すぎ判断力無さ過ぎ‼️,15,【asukotaTV】公式
119-6,@Riぶろん さん。　そぅなんですか?　大学って、打たせたい側が多いんですか?　😔　差別としか言いようないですね〰🤧,8,ひとみ たかはし
119-7,肝が据わってるんじゃなくて知識がないのでただ、うつるの怖い！だけで打ってるんだと思います。だから大学でも集団接種してるんですよ。大学の中には打たないとクラブ活動が出来ないと言ってる人いましたね。強制ですよね。,22,Riぶろん
120,後半の話聞くと、分科会とかは確実に知識思考のアップデートできてないよなと思う。大体その手の輩は反ワクは自分の信じたいことを信じてるとか決めつけるが、どの口がそう言っているのかって感じ。単純に効果が疑問なだけなのに。,5,salt sugar,0
121,ありがとうございます。,1,早雲北条,0
122,フランスに居た中華系の博士が、コレを発表して直ぐに、天に召されたそうです。枠の中に、🐍キング　コ　ブ　ラのアレが入ってると‥ なんか話し聞いてると後遺症の症状が‥繋がるような。,3,ととと,0
123,１億人に対してですから予想通りと言えばそうですね。死んでる人も千人以上ですからね。,19,takeshi spa,2
123-1,7万人居ますよ。😠,0,宮田和博
123-2,これを微々たるものと見るかどうか…ですね。,2,さゆ
124,話とは直接関係ないが・7万8千いる→80万人のとこの約10分の1 これはおかしくないか？,5,旦渡,0
125,いますよねー。いつまでその話してんだよって人ｗオミの後遺症って、陽性発覚時は暴露したてで、隔離期間終わって発症してる可能性ない？って思うんですよねｗま、これからの情報次第ですね。,0,倫理,0
126,シンスケさん体調壊してませんか？ちょっと鼻詰まっているような気がしましたので。,8,inverse G,0
127,接種即中止！,18,46 93,0
128,これって名古屋市以外からも受診してないですかね？！,1,cub,1
128-1,名古屋県ですからね。,1,石川誠
129,オミクロンで、抜け毛が起きている！今日のTV報道,15,風クン,0
130,今日3回目打ちました。ファイザーですが6時間後痛みが始まりました。前回のモデルナと同じタイミングで始まりました。平熱で腫れも前回同様ありません。痛みがひどくなれば作業ができなので、会社を休むことになります。まだ特に後遺症の疑いのある症状がないだけ良いかと思います。毎年これでは精神的には気がめいりますね。,1,小見美範,1
130-1,病気に成らない為に打って具合が悪くなったり、仕事を休まない様に打って休むはめに成るって、おかしいですね。❕おかしいと、思って下さい。もう、打たなければ次の心配は無くなりますが。❕,0,宮田和博
131,後遺症？？？健康被害の間違いだろ,0,うんちゃん,0
132,サウナでシェディングで磁石が付くようになったと、体調が悪いと言ってるYouTubeの人がいた。実際シェディングで亡くなる人もいるみたい。取り敢えず、みんな磁石でくっつくか試してみて！！,0,Kみき,0
133,⛩🌌🦀🇯🇵💉推進した、議員、政府に全、責任取ってもらいましょう！,8,ま,3
133-1,⛩🌌🦀🇯🇵今年の流行語大賞！次に来るのはバカクロン！,0,ま
133-2,⛩🌌🦀🇯🇵次に来るのは‥‥馬鹿クロン！,0,ま
133-3,⛩🌌🦀🇯🇵当然医療費、国負担,0,ま
134,薬ガイ、有害事象ですか?,0,月蝋梅,0
135,一応情報提供ですが2月にオミクロンでも後遺症きました。会社で8人かかって2人がまだ後遺症で咳がとまりません。1人は倦怠感が2ヵ月続いて治りました。体感ですがオミクロンの方が後遺症なりやすいのかなって思います。,10,ベジータ,7
135-1,@宮田和博 様免疫力大事ですね。,0,love maru
135-2,@love maru 様、フツーの風邪でもタヒしそうな位、辛いこと、何回も有りました。長くなおらないことも何度も有りました❗️😢,1,宮田和博
135-3,先程気になるブログを見たのですが、オミクロンにかかると、遅めの後遺症が出る可能性があると書いてあったので調子悪ければ病院へ行って見てください。無症状、軽症で油断すると人によっては重病化するとの事です。,1,love maru
135-4,40過ぎてから、一度風邪を引いたら普通に一ヶ月ぐらい咳が出ます😓,4,白妙
135-5,新型コロナの2年前位に東京行ったあと風邪引きましたが、咳が数ヶ月続きました。オミクロンじゃなくても風邪の後遺症はありますね。過去のコロナには沢山種類があるみたいだし。,8,love maru
135-6,治験中なのですから、接種、未接種でコロナの後遺症がどちらが出やすいのか、どのくらいの期間でてくるのか、本来であれば調べるべきなんでしょうね。,11,ららーん
135-7,ワクチン摂取、未摂取での後遺症の関係とかも気になりますね,20,ナナシー
136,だから？ワクチンはどうすれば良いと思いますか？ワクチンを打って後悔する人打たなくて後悔する人。難しい問題だと思うのですが。,4,井上久美子,7
136-1,2年間、最初から打たずに、何も後悔何て有りませんよ‼️打たずに後悔してる人何て皆無ですけど⁉️,1,宮田和博
136-2,打たずに後悔する人っていないですよ。後悔も何も打ちたければ打てばいいんだし。打てば元の体には戻れない、そういう事ですよ。,12,太田真由美
136-3,@石川誠 舘なんとかという人を知らないですし、「感染の最大のリスクは陽性判明なので」も意味が理解できないのですけれど。感染の最大のリスクは陽性判明？ではないと思います。陽性でも症状がなければ普通の生活をしていれば良いだけです。陽性だから何なんですか？そもそもまだテレビに期待して見ている人が多いから、まんまと洗脳されているということに気付かないかぎりコロナ茶番は終わりませんね。テレビは本当のことは伝えてくれませんから。感染の最大のリスクは、支配者層の思惑通り進んでいる人○削減や日本人以外の者による乗っ取りなどではと思っています。,5,sumi
136-4,@sumi あ、そうか。なるほど。舘なんとかいう人はどうかな？ぼくが同じコロナの専門家の立場だったなら打たなくてオミクロンを経験できてよかったと思うが。普通の感覚だとちょっと困るわな。感染の最大のリスクは陽性判明なので、陽性判明防止効果はほぼないと思われるのでそれはない事はしっかりテレビには伝えてほしい。ワクチンを勧める専門家ははるかにメリットが大きいなどと言わずに当初ヨーロッパではメリットは何千倍高かったけれど日本では100分の１なので数十倍高かった事になって（つまり何十回も打ったらデメリットが上回って）、オミクロンになってリスクが減って何分の１になってとか言ってほしい。（何千倍とかメリットが高ければイギリス人やアメリカ人はワクチン開発前に全滅してるから）バレる嘘はつきたくないだろうけど。あと、医療機関はコロナの後遺症もワクチンの後遺症もしっかり診察治療記録報告を行ってほしい。,1,石川誠
136-5,ワクうって後悔している人はたくさんいるけれど、ワクうたなくて後悔している人は皆無ですけど。もう、すでに結果出ていますよね。,28,sumi
136-6,打ちたい人は打つ、打ちたくない人は打たないでいい。周りの為とか会社や学校からの要請はあってはダメなんですよ。打っても感染予防に期待出来ないのだから会社や学校も情報をアップデートしないと。いまだ感染予防効果があるとしてますから。,11,ポンダー!!
137,⛩🌌🦀🇯🇵📱（世界の裏窓から）検索水道水、P検査で陽性反応！（笑）,3,ま,1

138,今日鼻声ですね！,1,さんヒデ,0
