1,3回目は打たない人、子供には打たない人、周囲では激増しています。大石さんのおかげです。心から深く感謝致します。,1408,ニュースクールエックスチャンネル,41
1-1,射つというのはわかりません。日本人のみなさん､情報を集めましょう。,2,中嶋敦司
1-2,@PM AM こんにちは、自分が何故3回目を接種するのかという質問ですね。答えは簡単でケースバイケースだと自分は思ってるからです。自分は疫学を少し知っています。貴方は自然にコロナに罹った方が長生き出来るという考え方は何を表現したいのか分かりませんが、基本的に獲得免疫というものはワクチンで得ても自然に感染しても、自己免疫、自然免疫など数ヶ月で抗体は無くなります。ワクチンの場合、より安全に獲得免疫が得られるというだけです。また自分はどの国がどの考え方だからといってそれに合わせる気もありません。日本は日本です。あと、自分には基礎疾患があります。なので、今回疫学を少し勉強しました。勉強した事で疫学の定義、ワクチンの定義内なら物事が書けます。定義から外れて物事書いても「それ違うから」としか思えません。,0,もーみん
1-3,@もーみん 自分は副反応など全く気にしていません。しかし3回目は接種しません。理由がわかりますか？国がワクチン接種を進めることが出来る大義名分は個人の命より公共の福祉が優先される場合です。今のワクチン接種は公共の福祉が目的ではありません。個人命を守る、自分自身の為に接種しています。貴方はなぜ接種したのですか？自分はコロナに感染して免疫を得た方が長生きできる確率が高いから打たないだけです。言ってみればコロナに早く感染したい派です。これは今欧米で広がっている考え方です。,0,PM AM
1-4,接種率高くなることにつれて、接種義務化も進められる。結局国民の分裂にして今のカナダの状況に落ちる流れになります。,0,油管惧而蔽者
1-5,@もーみん 8人ｗｗｗ,0,nnnnki
1-6,@かいとさえこ 私は。どちらともありません😅,0,杉藤志おり
1-7,@もーみん ご忠告どーもｗ,1,nnnnki
1-8,@もーみん まあお前は毎日打ってろよｗｗｗ,2,nnnnki
1-9,@かなと そうですね。それが1番望ましいです。自分が返信してる人は誹謗中傷をバンバン裏で書き込んでくるのでブロック予定です。またその都度通報等しています。こんな子供だか大人だか分からない人がワクチンを接種した人達に物申す事が間違ってるんですよね。自分は一種の心の病なんだろうなぁと思ってますが、当人は気付くこともないでしょうね。,0,もーみん
1-10,キリがない！ワクチン接種差別のないように、飲み薬も、選択出来るように！,1,かなと
1-11,@nnnnki どこ情報でそんな事書いてるんですか？,0,もーみん
1-12,@ken satou 笑ってないけど…😒,0,かいとさえこ
1-13,@かいとさえこ 　そのうち笑っていられなくなるかもな。,6,ken satou
1-14,@nnnnki 😁😁😁😁😁😁,4,かいとさえこ
1-15,@虎子 打ってない人は素直じゃない……ハイ…😄そのとおり……,12,かいとさえこ
1-16,最近製薬会社逮捕ほかのYouTube,11,きちとら
1-17,@かいとさえこ あれですか。他のワクチン待っている方ですか。私も今のmrnaワクチン嫌なので、ノババックスや塩野義製薬のワクチンを待っています。,8,闇商人
1-18,この動画も８割の接種は日本人の美徳だとか、偏向報道のすりこみがありませんか。打ってない人は素直じゃないのでしょうか。,86,虎子
2,CBCテレビさん、常に他局が切り込まない事実情報を中立公平な立場で報道して下さりありがとうございます！日本で一番信頼できる放送局です。我々家族５人は未接種を貫きます！,1356,Eishin Go,18
2-1,@清水茜 そうなんですね。2回打ちましたが、3回目はやめておきます。,0,池田裕一郎
2-2,うちも7人未接種！！しかもコロナになったけど1日で熱も下がってインフルよりも楽だった……ワクチンの副反応…おかしすぎる！コロナになっても副反応よりも楽かもしれない,0,清水茜
2-3,@とくさん 未接種継続中😙,16,Eishin Go
2-4,最後まで意志を貫いてください^_^,5,とくさん
2-5,でも、接種している方々の方が多い。自分と他者を守るため……。副作用が怖いとゆうことは、薬も飲めないとゆうことですよね。薬にも、副作用出るものもあるのだから😁😁😁😁😁,0,かいとさえこ
2-6,@ゆう 普通にその考えおかしいですよ福島で原発事故起こったからって福島から来た人来るなって言ってると同じ,3,猫好きの裏 Nekozukinoura
2-7,大石アナの番組だけでしょ‼️このアナウンサーもワクチン接種してないのでしょうね🤷🤷🤷🤷🤷,7,かいとさえこ
2-8,他局できりこまない…他の動画では1以上まえからもっと切りこんでますが。,2,せっつん
2-9,@きちとら 下らん‼️,0,かいとさえこ
2-10,何故政府や製薬会社は口が裂けても免疫を上げましょうと言わないのか、上がったら困るからです,40,sakurai
2-11,我が家も未接種貫き通します!最初はこれを打てば感染もしないし、人にもうつさない　と言ってブレイクスルーとか何?皆なってるやん!打ってで色んな病気になってるし　死んでるやん(~_~;),122,中村勝
2-12,やってる事は褒められますが、データの数値は信じちゃ駄目ですよ。大石さんが嘘を言ってるのではなく、数値自体が信用できないっと言ってるのです。,89,fukuyamahironobu
2-13,うらやましいです。我が家は打つ派です。3回目はなんとか止めてほしい。,93,くうぽん
2-14,@ah0910 免疫力が上がるようお互いに頑張りましょう！,185,丹波鉄二
2-15,同じく、我が家も未接種を貫きます！！,270,ah0910
3,そもそも 服反応と呼ばれる酷い症状がでて、接種して大丈夫？ と思わないのが 不思議。今まで 予防接種をして こんな酷い症状が出たら 問題になっています。3回目なんて 考えられない。,1521,m a,132
3-1,@あさひは永遠 そいつらはまあ昭和人だろうなw,1,Novak Nadal
3-2,@なかとみひとし 中身すっからかんの割にやたら長いコメントなんだから、せめて誤字脱字やセンスのない絵文字はやめてもらいたいwただ反ワクチンはこう言う底辺の人間ですって周知したいならそのコメントは大成功！グッジョブ！,0,笑福亭翔平
3-3,@笑福亭翔平 まさにその通り笑反ワクチン派だけ特殊ですよね。笑本当に接種者、未接種者両方にも忌み嫌われています。笑笑,1,ゴールドスタンダード
3-4,尾身なんてただの風邪､毒ワクやめよう！,1,中嶋敦司
3-5,@ゴールドスタンダード 後、皮肉な事に自分の頭で云々は君もだろ。やたらデータだデータだと喚いているけれど、自分が信じてるデータだけ鵜呑みにして流布してる辺りは同じ穴の貉だと思うがね。,2,十六夜朔夜
3-6,@ラインの悪魔 ありがとうございます。,1,笑福亭翔平
3-7,@笑福亭翔平 あなた好き,0,ラインの悪魔
3-8,←はいどうぞ。,0,ちゃこのぶ
3-9,愚者と弱者はもういきていけんな,1,反逆同盟ＮＯ天（反逆仲間募集中）
3-10,@りおも 海外の報道をしっかり見た方がいいと思います。テレビでも正確な情報を報道しています。,0,鶺鴒
3-11,@wild is the wind だって自分の思考で言ってたらバカすぎるでしょう。笑なんのデータ見たの？,0,ゴールドスタンダード
3-12,@ゴールドスタンダード 雇われてたのか俺はw,0,wild is the wind
3-13,@ゴールドスタンダード 私らの代わりに在庫処理のワクチンバンバン打ってもらって大丈夫ですからね。,1,wild is the wind
3-14,@ゴールドスタンダード 理解しても笑えます,1,wild is the wind
3-15,@wild is the wind 自分の頭が悪すぎて理解できないものに直面すると、ふざけるか笑っちゃうんですよ人間って。,0,ゴールドスタンダード
3-16,@ゴールドスタンダード 私はあなたのコメにただただ笑えます。,1,wild is the wind
3-17,@Yuu Shimizu 心筋炎はワクチン打たない人でもなっています。笑笑熱と痛み以外の副反応ってなんですか？世界でどれほどのデータ取れてます？日本だとどのようなデータ出てますか？,0,ゴールドスタンダード
3-18,@wild is the wind とりあえずウチの大学病院は6000人ほど打ってアナフィラキシーも心筋炎も出なかったですね！都内の大学病院の医療従事者では心筋炎の事象はまだ出ていないです。,0,ゴールドスタンダード
3-19,@wild is the wind ウィー！,0,ゴールドスタンダード
3-20,@ゴールドスタンダード じゃあ４回目もイケますね。楽しみです。,2,wild is the wind
3-21,@wild is the wind もう1月上旬に打ったよ！熱も出なくて体調良好です！,0,ゴールドスタンダード
3-22,@ゴールドスタンダード ３回目もぜひ打ってください。期待してます。,2,wild is the wind
3-23,基地外がいるwww,0,ゴールドスタンダード
3-24,@アクアマリン 皆さん反対していらっしゃいますが？ここのコメント欄に集まった陰謀論者の方々は,0,ぺぺ
3-25,@アクアマリン じゃー日本人の8割は脳みそ飛んでっているのか笑,0,ぺぺ
3-26,@インキュベーター さん本当ですよね！私の家から徒歩５分の距離に外環の側道があるのですが、ワクチン始まってから、もう朝から晩まで救急車走りっぱなしって感じでした。ワクチン接種がだいたい終わったら少し落ち着いたけど。,4,m m
3-27,@田々 賢いと自分で思い込んでるだけでしょ,2,ぺぺ
3-28,@ぺぺ 様へ私もババですが、ワクチンとは無縁です。打たないように皆に声を大にして言い続け、馬鹿だと思われている賢いババです。ババがみんな馬鹿なわけではないのよ。,14,田々
4,打つ打たないじゃなくて、客観的に見て伝えるこの報道はめっちゃいいと思います(*^^*),687,びちごえこ,5
4-1,どういう経緯で死亡まで行くのか詳しく説明してほしい。また何日までが因果関係ありで、何日以上は数に入らないのかも？ここに上がっているだけでも千人以上死んでるのにまるで誰も死んでないように扱われている、俺は大問題だと思う。,6,Tomo UK3
4-2,つべもですが、現在ところ出る杭は打たれる状況ですからね。でも他の大手マスゴミは中々こういう発信でさえしませんから、統制下で何とか頑張られてると思います。,29,えとうま
4-3,@虎子 そう思える部分は多々ある。そう言う事も言わないと報道できないんでしょう。1回目から考えると随分と追及が甘いですから。,13,斎藤誠
4-4,その通りですね。俯瞰で観る事により正しい行動が取れる可能性が上がります。周りに流されるのではなく自分で判断できる人が増えるといいですね。,38,yamamoto gary
5,他局がいかに正義がない情報操作をしているかがよくわかります。報道が信用できない時代にありがとうございます。,493,is ta,0
6,止めて～‼️因果関係不明はもう無理が有りすぎ😣,650,猫田ゆみ,9
6-1,政府、厚労省、製薬会社、メディアDS操り人形さんたち,0,まさみ
6-2,接種会場で、接種直後に倒れてそのままお亡くなりになった方も因果関係不明で片付けられてたような？　責任取らないのなら最初から接種推進なんかしないでもらいたいです。,75,えとうま
7,打ちません。ちなみにコロナワクチンは接種してませんが、何ともありません。あるのはウザい接種圧力報道によるストレスですが、もう慣れました。しかし中京地区は良心的な放送局があっていいですね。,1349,Shovis,15
7-1,貴重な、コメントありがとうございます！ほんと、職場での圧力が、ひどいですよ！3回目は、打たない方向で、考えてます,1,かなと
7-2,大丈夫！同じ気持ちのひとはたくさんいるよ！,3,Boy Macaroni
7-3,@かいとさえこ お前程じゃねーよｗｗｗ,1,nnnnki
7-4,@nnnnki あんたもな😁😁😁😁😁,0,かいとさえこ
7-5,@tazago ❔❔,0,かいとさえこ
7-6,@nnnnki 例のアレでしょうね。次から次へと湧いてるよ。刑期が減るとか極めてしょうもない恩恵があるのでしょうね。,2,espi1ritu4542eses
7-7,インフルとかでも陽性→感染になっちゃいますからねー。,7,N K
7-8,@かいとさえこ 厚労省は、コロナウイルスの存在を認めていなかったはずですが,33,ぶーほーひー
7-9,@戦隊マジレン 笑笑笑笑,1,かいとさえこ
7-10,それが良い! 打った後 後遺症は発生しないかと一生涯ストレス感じて生きるより 今だけのストレスを選ぶ選択もアリでは？,62,戦隊マジレン
8,13歳の子が二回目接種当日に亡くなったと今日の副反応検討部会の報告にあがってますが、こちらの動画でさえそれに触れないのは、それだけセンシティブな内容ということでしょう。因果関係不明という便利で極悪な言葉によって、国もほとんどのメディアもスルーするという恐ろしい世の中。親御さんたち、子供を守れるのは親だけ。しっかりして！,754,r,0
9,半年後には薄れるどころか、未接種の人より２回接種済みの人の方が２倍ほど陽性率アップしますよ。YouTubeでは規制されて隠されてますが、海外は大変なことになっています。,1060,Masahiro N,17
9-1,@Masahiro N なんか僕も反ワクチン派になってきました!!!電磁波の問題が最近出てきてますし!!!,1,長谷川亮太
9-2,@Masahiro N 意向調査だったすまん。ソースを貼ると何故かコメントが反映されないから、自分で探してくれ。検索上位に割と引っかかるぞ。,0,長谷川亮太
9-3,@長谷川亮太 という噂話程度の不確実な情報を信じているのですね？何かそれを証明するデータがあるなら教えていただけますか？,0,Masahiro N
9-4,高学歴の人の方がワクチン接種率高いのマジで草生える,0,長谷川亮太
9-5,Ｆ社元女性社員顔出し動画,1,まさみ
9-6,@gaji king 報じられていたように、ってあまりそのような理由は信じない方がいいです。間違いじゃないでしょうが本質的な理由を隠しているとも考えられます。,6,wild is the wind
9-7,本当にそのとおりかもしれません。ドイツ在住ですが、ドイツで私の職場や友人の職場で感染してる人は２回接種したひとたちばかりです。たまたまかもしれませんが。。,55,A K
9-8,@かいとさえこ 英国のワクチンサーベイランスレポートでの年代別の陽性率では未接種よりも高くなっています。アメリカでも陽性者４人中３人が接種済みでブレイクスルー感染が当たり前になっています。,65,Masahiro N
9-9,❔❔,8,かいとさえこ
10,日本でも接種後に13歳の少年が死んでしまった。コロナでは、まず重症化しない少年が死んでしまった。もうこれ以上薬害犠牲者を増やすべきではないと思います。とくに若者、子供。日本の若者や子供を守ることが出来るであろうか？頑張れ大石さん。,1037,Japan Y M,36
10-1,亡くなった方や遺族には申し訳ないですがこればっかりは打たせた親は親として失格としか言いようがないですね。５歳からの接種が始まりますが絶対に打たせたらだめですよ。副作用の強さ見たら相当まずい薬なのは一目瞭然じゃないですか。。。。。,1,太郎田中
10-2,@te y うん、親は悲しいよそりゃーでも、まじで親が悪いよ,2,Yuu Shimizu
10-3,@菊竹淳両親は 病院の先生に受けても大丈夫ですか？と相談して医師の判断で大丈夫だろう。となったと記事に記載されてましたので考えも無しで打たせた訳では無いと思います。,3,よっしー
10-4,@斎藤誠 可哀想とか同情する必要もありません。同様に責める必要もありません。矛先の向きです。これで終わります。,4,吉川幸與
10-5,@吉川幸與 可哀想だなと思う気持ちもありますよ。何回もいうけど、でも事実なんで。事実を言ったら酷いんですか？訳がわからないですね。ストレス解消？だから事故は事実ですから。誤魔化して同情だけしてればいいって事？そういう臭い物にはフタみたいな考え方だと根本的な解決、改善にはならないですよね。,6,斎藤誠
10-6,@斎藤誠 それは、情報を知っている人の話。巧妙に仕掛けられた罠にかかり、洗脳された人に罪を着せるのはお門違い。説得しても聞かない人に対して、憤慨する気持ちはわかります。が、そのルサンチマンの矛先を子を失った親に向けてストレス解消しても何の救いにもなりません。,6,吉川幸與
10-7,@CHICO .A 4千円と思っていたけど4万円😱心が動きますね。職域接種を請け負った医者はどれだけもらえることか！でもこれって税金ですよね。不正な使い方で訴える事は出来ないのでしょうか？,11,まよまよ
10-8,@まよまよ 医者に寄るけど 勧める医者は 利権絡みの医者です。以前の動画で  1人撃てば 4万円報酬が政府から有ると言う記事を見た事有ります。そこで働いてる  看護師も 患者に撃てば  1回5千円貰ってた記事も出てましたよ。,14,CHICO .A
10-9,@菊竹淳 騙される方も 確かに責任が 無いとは言い難いけど…やはり騙す側の罪は 重罪に値しますよ。打て打てと言う側は、何かしらの利権の上で動いてる輩です。人の命より自分の懐に入るお金欲しさに  善人ぶって騙すのですよ。マルチ商法みたいな物ですね。,14,CHICO .A
10-10,@CHICO .A 日本は同調圧力が強いおかげでは平和と安全が保たれてるんだから、同調圧力に屈することは悪いことじゃないぞwむしろ反ワクみたいに同調圧力に従わない人間が増えたらこの国も海外と同じような治安になっちゃうぞw,4,pipipipi
10-11,@surudake minakotei 　「主よ、彼らを許したまえ、彼らは何も知らないのです。」イエスの言葉,5,吉川幸與
10-12,接種後に亡くなっただけで、接種が原因で亡くなったわけじゃないやんw平時でも一日に何人が亡くなってるのか考えてみろよw,2,pipipipi
10-13,「知らないというのは罪なこと。知ろうとしないのは もっと深い罪。」ジャーナリズム界の哲人・船瀬俊介先生の言葉,30,surudake minakotei
10-14,@もんもんものもの 様政府を責めてもどうにもならないから親を責める？よく理解できません。それで終わりです。,7,吉川幸與
10-15,@Yuri Ka 医者に相談してると思います。私も持病があって薬処方してもらってる医者から「枠打ちませか？」と勧められました。患者の命なんてどうでも良いんですよ。悪徳医院が多いです。,53,まよまよ
10-16,@吉川幸與 私には子供がいます！はなから打たせる気はありません！なぜならちゃんと情報を知り、大人でも犠牲になってるのにまだ政府や地方知事を信じる！これはもしかしたらと言うことを頭にいれなければならないと言うことだと思います！もう政府などは信用してはいけなかったはずです！元々コロナは子供は重症かしない！しても本当にごく数名。やっぱり今はもう子供を守れるのは親しかいない！私はこの事は一理あると思います！接種するさいの内容に親と子供がよく話してとかいてるのではないでしょうか？あとは自己責任だとも！政府などは言うだけいっといてあとはなげやりですよ！政府は責任を取りません。わかるでしょ？テレビでほうどうされても因果関係不明ですよ！この事からも政府などをせめてもなんにもならない！これはどう説明すべきでしょうか？？,37,もんもんものもの
10-17,本来ならテレビ局や新聞社が嬉々として報じそうな案件ですが、検索しても大手の報道記事は見付かりませんね。,32,uwrhwu uvwuirgvq
10-18,@te y 親のくせに良く考えもせず,まだ生きられた子供が亡くなっているのに,他者から手厳しい非難を受けても当然ではないのか？,43,菊竹淳
10-19,知らなかった…息子は学生ですが、打たないと決めていますでも…検査パッケージが導入されると、対面授業などに参加できなくなるのでは…と不安もあり、周りの友人も接種者が増え、自分も打った方がいいのかな…と気持ちが揺らいでいるので、免疫力をあげる為に食生活改善策を考えてます。,89,ah0910
10-20,@te y 悲しんでるだろうけどそれは自業自得。,50,斎藤誠
10-21,考える、疑う事を忘れてしまった大人は、全てを失って思い知る。これ以上の若い人を殺す事を許さない。絶対に声を上げるべき。,127,ちゃん黒ゴマ
10-22,他の方のお子さんだと思っても泣きたくなるね。,90,キーマカレーソイ
10-23,親が1番悲しんでるんだからそうゆう事言わない方が良いよ。遺族の気持ちも考えようね。,51,te y
10-24,打たせた親のほうが責任は大きい。,124,人民不需要自由
11,ココにコメントしてらっしゃる方は深い理解をしている方が沢山で嬉しくなります！私も勉強になります✍️CBCさんのようにﾒﾃﾞｲｱが沢山発信してくださることを願っています‼️今日もありがとうございます‼️,322,オイシイクロワッサン,0
12,打つわけないです。重症化も防ぐとは思えません。嘘ばっかりで信用してません。,820,カプリ島,1

13,水俣では、早く治って欲しいと住民は新鮮な魚を食べさせ続けた。未知の病に対抗するために。企業は気付いていたが黙っていた。国は早期解決の努力を怠った。重なる気がします。,223,Keen Bobson,0
14,この他に、ワクチン後の重篤者が数千人いますよね。重篤とは重症より重い状態だとの医師の解説を見ました。厚労省の発表ですから、合わせて報道してくださる方がいいのでは…。,278,ptw,1
14-1,まったく仰るとおり😥重篤者が数千人？！なんて、異常も異常です💦単に毒だと証明された様なものです…何故みんなその数字の酷さに驚かないのかが不思議でなりません…😞脳が思考停止してしまっていますね。,49,achako
15,絶対打たないです。先日2回目のワクチン接種をしましたが、副反応からか4日目にして息苦しい，胸が苦しく重いといった症状が出たため、病院で検査してもらったところ、軽い肺炎と診断されました。今更ながら打ったことに後悔しています。,365,ジャイアント白田,8
15-1,@surudake minakotei それは、同感です😹,11,home land
15-2,@home landさんへ、ご意見 ありがとうございます。あなたのおっしゃっることは、もしかすると正しいかもしれません。免疫力の高い人は何年か後でも何も起きないかもしれません。ただ私は何も考えずワクチンもどき毒を一つしかない自分の大切な体に射ってしまう無知な行動をしてしまう人達を哀れみ、そして絶望しているのです。,19,surudake minakotei
15-3,@surudake minakotei 海外のそれこそ一流の専門家や医師などがそう言ってますので、今後、ADEや自己免疫疾患などになるリスクは、高いとは思っていますが、プラセボの場合もあるし、自己免疫が高い人は大丈夫かもしれませんし、断定はできないのであまり脅さない方がいいと思います。,12,home land
15-4,残念でしたね。私の回りでも二回接種して色んな副作用 否 、主作用で痛い思いをして、三回目は止めようかなと言っている人が何人かいます。しかし、今気付いても もう遅いです。二回も接種してしまったら自分の大切な遺伝子が時間がたつにつれジワジワ組み換えられていきます。免疫力が破壊されて、たとえば風邪をひいただけで治す力がないので重症になり、最悪死に至ります。,25,surudake minakotei
15-5,心筋炎じゃなくて肺炎として副作用が現れたんですね。この薬は全身に回るみたいですから何処か炎症が起きるのでしょうね。,27,太郎田中
16,普段から選挙に行ったりボランティア活動や何かしらの社会貢献をやってる人達じゃない人が｢社会の為に💉をしなさい｣と言ってるのが凄い奇妙に思う｡,270,レイピア 🔱 【毎日投稿1000人目標】,3
16-1,不正選挙疑惑が持ち上がっているし政治に興味がない若者はある意味、正解かもな,22,hat vogue
16-2,@普通のWAVE その通りです｡,24,レイピア 🔱 【毎日投稿1000人目標】
16-3,先日の衆院選挙の投票率は55.93％で、戦後3番目に低い結果でした。あんだけワクチンは人のため世のため言っておいて、投票には行ってないのは確かに奇妙ですね。本当に社会のためと思っているなら、接種率と同じくらいの投票率であるべきだと思いました。,69,普通のWAVE
17,でも政治家さん打ってないんでしょ？,382,水樹水魚,2
17-1,政治家が接種しないのは政治家製薬会社医者が儲かるからと聞いてます,0,keitoku209
17-2,２０１９年に国会議員はだけは打たない法案を 即座に通したみたいですよ。加藤功労大臣も「オレはうたねえよ！」といった記事が スポーツ新聞に出てたのをYouTuberが取りあげていました。麻生さんも  その頃から葬儀屋の株を買い始めたとか😷    10年前からのビル・ゲイツのシナリオ(人口〇く〇ん)計画を知っていたのですよ。だから  ２０２０年  一方では 武漢コロナの恐怖を TVで煽り立てながら…一方で、安倍政権が 中国人観光客を大量に入国させたり 国民が?? と思うような事をやってましたよね?!国民からしたら  はぁ??っと思う様な事を  平然としてたのが当時の安倍内閣です。全て 知っていたんですよ。  国民は 🐴🦌と言うのが  あの方達は 知った上でのコロナ騒動でした。茶番劇に気づく人が、もっと増える事が  子供達の命を守る事になります！3回目～4回 ～⭐⭐⭐に近づく！   TV御用学者は利権絡み。気づいてください。これ以上将来有る 若者や子供の被害者を増やさないで欲しいです！,41,CHICO .A
18,大石さんの報道とてもわかりやすいです。ありがとうございます🙏私も接種したく無くて、今ワクチン差別で白い目で見られます。ワクチン打つ打たないわ個人の自由だと思います、ワクチン接種して亡くなってる人達の事はあまり報道しませんよね。大石さんの報道はとても気が楽になります。これからも宜しくお願いします‼️,261,長薗昌子,2
18-1,ワクワクはイデンシチリョウヤクですよね。ワ、ク、チ、ンではありません。3回目を、、打ったら、もう、後戻りできません。,12,スギハラマリコ
19,副反応よりもっと怖いのは、自己免疫が低下すること　風邪をひいても重症化するし、怪我しても化膿氏し、感染症になる,310,Maejima Daigo,12
19-1,それがシナリオだろう。風邪なのか何なのか分からないようなカスみたいなものでもこれによって脅威になってくるだろうね。それをカスの脅威だと躍起になって報道していくというわけか。,2,espi1ritu4542eses
19-2,@K C よっ願望論者,2,金正恩だブヒブヒ
19-3,ある人が病気は作られると評していましたが、まさにそういう事ですね。製薬会社にしたら願ったりかなったりですよ。,18,えとうま
19-4,陰謀論者が紛れてて草,6,K C
19-5,膠原病のような自己免疫疾患になるようです。,23,スギハラマリコ
19-6,全くその通りです。それが本来の目的で、それ＋でまだ実験段階だけど、５Ｇと６Ｇで脳の思考を操作出来るのかを観察している。,30,hinohara jun精進第一
20,素晴らしい報道ありがとうございます。私はそもそも絶対にこのワクチンは打ちません！,355,うめ,8
20-1,@y* m 様お返事有り難うございます。そうなのですね。我が家は単身赴任中の夫だけ、会社の圧力に負けて接種しました。モデルナを打った後、安堵したのか私や息子に圧力をかけて毎日の様に電話で「打て早く打て❗重症になるぞ❗」と言われます。何を言っても聞く耳もたず、「枠は、感染しないじゃなく予防の為、重症にならないためだ❗」と。かかりつけ医でさえも「まだ打たないの？」とあおられる始末…熱が出ても、カロナールと葛根湯でしのごうと思ってます,4,ah0910
20-2,@ah0910 様。コメント返しありがとうございます。我が家は接種しない治験に参加します😊分かっている事実は、死亡者が1359人？中学生も亡くなってる事実。そこは事実だし、様子を見てます。接種率も話半分で聞いてます。国会議員打ってないし。身内は国の機関に民間企業から出向してますが、打てなんて言われてませんよ。,13,y* m
20-3,@y* m 様本当ですよね2回目を終えた人も7割越えてきましたよね…ニュースを見るたび、焦る気にも少しなるような不思議な気持ちになります。惑わされないようにしないといけませんね,16,ah0910
20-4,我が家も打ちません！身内で職場で強要されることもなく、親しい友人も打ってないです。接種率本当かな～？？,57,y* m
20-5,我が家も打ちません！！,62,ah0910
21,5年10年経ってインフルの予防接種のようになっていたらそこではじめて接種するか考えるかなというよりインフルの予防接種もかれこれ10年以上打たずに健康体だから矢鱈めったらやらんでいいかなとも思ってる,298,おわたゃんねる(チャンネルではない),5
21-1,@斎藤誠 おっしゃる通りです。副反応を当たり前のように報道してる事がまずおかしい。,4,T Y
21-2,@Junko Morita もう充分に副作用の情報は出てますよね？異常と言える高熱が何日も続いたり腕が上がらないとか起き上がれないとか。こんな副作用が普通のワケがないんですよ。それをさも当たり前のように報道して「当然の副反応です」と説明する。死ななきゃいいみたいなのがどうかしてる。もう死亡例もすごい数になってますけどね。洗脳されてるのか思考停止なのかおかしいと思えなくなってる人が多すぎる。何があろうと自己責任だと理解もしてない。,18,斎藤誠
21-3,元気なのに 何故身体に外部から不確定なものを 入れるのでしょう？  副作用は 身体が拒否して起こる 反応ですよね,15,Junko Morita
21-4,@tk ja 予防接種法に則るのであれば努力義務なので最終的な判断は個人に委ねられるから強制しちゃいけないよそれと、反論する際に口調が悪くなる癖は印象最悪なんで注意しましょうや同じ意味での発言でも言葉尻ひとつで受け取られ方が変わるからね、同じ意見の側の人間でも無闇に語気を強めるのはやめてくれと思ってると思うんだ人には人の考え方があるわけだからせめて人権だけは尊重しようね,24,おわたゃんねる(チャンネルではない)
22,抗体に個人差があるだろうに一律3回目は流石に抵抗ある特に若い世代はもう少し様子を見て欲しい,324,つらたんつらたん,6
22-1,@まよまよ１３歳の子供さんも解剖してそうですが…喘息が有ったとか～何とかで 因果関係無しとの事らしいですね😤恐ろしい 世の中になりました😷,8,CHICO .A
22-2,@CHICO .A 今回のｺﾛｷﾁ騒動で思い知らされました。犠牲になられた方は大変とは思いますが声をあげて欲しいです。,5,まよまよ
22-3,@まよまよ 同感です！,4,CHICO .A
22-4,若い世代は必要ないと思います。若い世代は特に自己免疫が活発であり、コロナと呼ばれるモノも十分対応できますし、接種が仇になると鹿先生も言われてますからね。,16,えとうま
22-5,1回目2回目は2割が毒入りで3回目は4割が毒入りという情報があります。接種したらもう後戻りできません。,17,スギハラマリコ
23,子供に受けさせてる親が沢山居るようですが、受けさせた後に「何か」遭っても 何とも思わないのだろうか…手塩にかけて育ててきた自分の分身の様な存在を、よく調べもせず、周りやメディアが言っているからと、訳のわからん物を体に注入し 平気で居られる神経が私には全く理解出来ない。。,251,黄金世界,4
23-1,@moment bon 様全然余計なお世話ではありませんよ。自分の子供に注入する物、しかも急ピッチで作られた物に対して調べない親が多過ぎる気がします。そして副作用(とても副反応なんて呼べるものではない)の話を聞いても真剣に考えない親達が、尚も子供に射たせようとしている行為は罪深いともいえます。私の周囲の親達の印象は、やはり面倒臭がって真剣に調べないというものが多いですね。とても許しがたい事だと思います。,5,ガサネカサネ
"23-2,そういう親こそ、いざ何かあっても""仕方ないや""で終わらせそうな気がします。なんというか、子供の為に調べるという労力を惜しむ時点で、結局はその程度の愛情でしかない親なのでは？と極論かもしれませんが、思ってしまいます。,4,ガサネカサネ"
23-3,狂ってる親です。人の助言なんか聞かないし…将来、後悔してもしきれないほど辛い目に合わないと…分かってもらえそうにないので…私は諦めました。,33,moment bon
24,幸い、うちの会社では打てとか上から言われる事も無いので良かったです。何言われても打たないですけどね。うちの兄も３回目打つ気満々でした。情報がテレビだけなのでワクチンが絶対と思い込んでます。困ったものです,305,PlumaBlanka,3
24-1,自分の会社は強制して、「打たない」と言ったらキレられて、しまいには勝手に予約して、しかも上司はアレを栄養剤と同じと言います！,0,マグナム
24-2,本当におかしいなぜこんな危険なものを打たせ用とする政府恐ろしいです！そしてそれをテレビやメディアがまことしやかに伝えるから信じる国民が多いのです！騙されないようにしつかりとみきわめたいですね！,11,デコ
24-3,ほんと、我が姉もテレビしかの情報だから間違いなく ウツことは 感染ひろがらないためと、、今 減ってるのに,34,ecko hori
25,誰しもが空気中のありとあらゆるコロナや菌やカビを吸って生きてる｡身体の中にこれらが入って来ても発症するかどうかは本人の免疫次第｡空気清浄機やあらゆる対策を講じる前に根本的に必要なのは免疫力を上げること｡,430,レイピア 🔱 【毎日投稿1000人目標】,1
25-1,菜食と適度な運動。,0,Golden Unicorn
26,厚生労働省発表に、13才の子の接種後死亡発表ありました。なぜ報道されない？,514,じゅりるこみ,7
26-1,接種しなくなるのは未だ良いほうかも。下手したら無責任に推進してきた政権や政党や官僚らが倒れるのでは？　結局の所は自分達の立場が大切なんですよ。,27,えとうま
26-2,そんなこと報道したら、みんな打たなくなっちゃうからですよw,47,Yuri Ka
26-3,不都合は全部隠してますよね😢和歌山の事件でも、脅しのような事になってましたもんね😰本当は当事者が団結して声をあげると、流れが変わるのでは？と思いますが…デリケートな事なので難しいですが😣国が圧かけて黙られてると感じます😡,47,オイシイクロワッサン
27,まともな治験もせずに因果関係不明の激薬を接種させようと思うのは何故？？？？理解苦悩!！！！！,140,2010hyhy,0
28,これだけの人が亡くなられているのに関わらず、因果関係もロクに調べもせずに３回目接種？未来ある子供達に打たせるとかもはや狂気の沙汰ですね。,421,DXファイター,1

29,CDCは９月に3回目接種の検討を始め、その時点でトップ二人が辞めた。3回目摂取の協議は２日かかり、賛成２に対し反対16だったと思う。結局65歳以上は重症リスクが高いのでやむなしとなった。感染、死亡数が米国の２０分の１以下の日本が18歳以上OKなんてどうかと思う。他にはイスラエル、これはファイザーの実験国だからしょうがないとして、概ね3回目の接種を決めた国は少ない。それも高齢者か基礎疾患がある人というふうに慎重な傾向だ。,511,山本修資,10
29-1,@HJ ABOK あいつ、しばらく見てないが、どこに行ったのか?もしかして、逮○されてんじゃないの?w,6,美紀 真野
29-2,@斎藤誠 総理大臣が希望者にと言ってるのに上司が強要してくるとか意味不明です。任意なのに自分から参加してますからあとは自己責任です。,32,リュウ
29-3,@リュウ 人体実験、無償治験参加ですからね。そこは感謝すべきなんですけど、なんか根本的な事から勘違いしてるようでツベコベいう奴が多すぎるんですよね。ハッキリ言っちゃうと実験対象として自分から勝手に参加したんだから実験動物は黙って射っとけって感じです。,25,斎藤誠
29-4,@斎藤誠 そんなことのために一生を棒に振るかもしれないのに人間は愚かですね。目先の利益に飛び付こうとする。思慮深い人ほど慎重になる。,30,リュウ
29-5,おみがまた金騙しとるんじゃないの？,24,HJ ABOK
29-6,@正光 厚労省のデータに基づいて事実を述べているだけでは…,27,ぷー太郎
29-7,このような内容の動画が何故、削除されないのでしょうか！その辺りを考えないといけないのではないでしょうか？？？,15,正光
29-8,いや、幹部2人が辞めたのFDAですよ,19,ぺぺ
29-9,辞めたトップの役員は責任逃れ丸出し。もう充分に儲けたからさっさと逃げたんだろ。3回目を射たなきゃパスが無効になるという仕組みにしてるから2回射ってる人の殆どが3回目も射つと思います。,42,斎藤誠
30,コロナに罹ったことのある人が｢2回目のワクチンの副反応はコロナの時より辛かった。3回目は打ちたくない｣と言っていたのが印象的だった。,272,がおがお,4
30-1,@交通 AEDって…,0,笑福亭翔平
30-2,一回罹患して免疫出来ているのにワクチン打つとか意味が分からない,42,nnnnki
31,10代の子がどんどん心筋炎になってるけど、国はなんも責任取らないよね！絶対打っちゃだめだわぁ！,254,miso 244,2
31-1,@moment bon 様全くその通りです,0,keitoku209
31-2,ほんと…それです。まだまだ、犠牲者が増えないと打たせた親は分かりそうにありません。。ましてや危ないの助言も聞こうともしませんよ。。,10,moment bon
32,少数なんでしょうがアストラゼネカも忘れないでほしいですね。先日献血行ったら２社は接種後一定期間内は献血禁止に対してアストラゼネカ接種したら献血できないそうなので。,128,gozaemon,3
32-1,何が入ってるのやら。直前で問題起きて親が受けるのやめてくれたのでよかった。,5,ymk 9797
32-2,@菊竹淳 そうなると接種したメーカーを忘れた人が献血したら、怖いことがおきそうですね。今もアストラゼネカの集団接種が続いているのが不思議です。,22,gozaemon
32-3,一定期間と云うよりも,この先 ず～～と献血は拒否されると思います｡,19,菊竹淳
33,最初、枠珍打ったら重症、感染予防って言ってたのが・・・重症化しないけど半年で切れるから感染します。なので3回目打ちましょう！おかしいと気づかないですか？治験中なのでデータがないんですよ？これって！最近は政府の言ってる事が特におかしくて目的が枠珍接種って事が見え見えで、感染するのに接種証明やら枠珍パッケージで特典とかで支離滅裂です。3回目打ちたい人は勝手にどうぞですけど・・天国行こうが、副反応で後遺症が残ろうが自己責任って事を肝に銘じる事ですね。,433,ryj777,5
33-1,天国ならいいですね！,4,鈴もち
33-2,今、陽性者が少ないのは、PCRマジックですね。,32,バンタック
33-3,接種する国民側に著しく不利な枠枠ですよね。製薬会社だけでなく国側も、接種の際に治験中であることの同意のサインをさせてるくらいですし、司法もどうせお仲間なんでしょう。結局は最初からこんなモノに関わらないのが吉なんですよ。,41,えとうま
33-4,@863onodera F社等の製薬会社は免責ですからね、契約書には裁判されて負けたら各々の国の責任となってますよ。しかし解剖費用は実費で・・恐ろしい事に枠珍は痕を残さないとか言われてますね・・,37,ryj777
33-5,賛成、自己責任の上に国の責任が有ります。つまり自己責任でも最終的には国の責任です！そうでないと政治家も役人も存在価値無し。,52,863onodera
34,救急車増えすぎ3回目なんてやったら医療崩壊しそうですね,236,春出スネ,4
34-1,@home land さん地元のスーパーの催事場は喪服のセールばかりです。あれを見て誰も異常とか恐怖を感じないんでしょうか。(*_*),0,くまが集う喫茶店
34-2,そして葬儀屋が大繁盛しそうです。,9,home land
34-3,@NP2 気になる様になったのは3ヶ月位前で、それから毎日数回聞こえてきます。さすがに異常だなと。メディアの出す数字を気にしつつも、結局は体感で判断するのも重要かもですね,17,春出スネ
34-4,そう言えば今日、とある放送主の配信を見てたところ、病院が近いのかしょっちゅう救急車の音が聞こえてましたね。。あまり気にしなかったのですが、別な人が何度もサイレンが聞こえると指摘されていたのと、いまｃｎさんのコメント見て頭の中で繋がりました。現在僻地に住んでるので意識しませんでしたが、確かに緊急搬送増えてるようです…怖いですね。,42,NP2
35,3回目の副反応データ、ファイザーが出しているものが信用できる訳ないでしょう。自社商品売りたい会社がネガティブな情報を出すはずがありません。皆がするから、同調圧力が強いから程度の理由で打つのは本当にやめた方が良いです。皆さんよくよく考えて決断しましょう。,85,kyasu,0
36,2:6:2打つ人：周りに合わせる人：打たない人命を落とす可能性のある劇薬果たして打つのか！！,262,相馬翔平,1
36-1,打つわけないw,31,KOTETSU12345678
37,日本人は本当に和を重視しますね。心から納得して接種するというより、何となく周りが打ち出して増えたから自分もという感じ。7割超えたと聞くと打ってない人はマイノリティになるので肩身が狭く感じている人もいる。私は慢性的な持病がありどう作用するか分からないから打たない。ワクチン検査パッケージが始まると差別が助長され分断待ったなし。コロナなんかよりも何倍も恐ろしい。,42,リュウ,0
38,厚労省のデータは、あてにならない。人口動態統計数をにおかしな点がある。,197,Guyshar9999,3
38-1,厚労省はデータだけは正確なはずだけど、具体的におかしい点ってどこ？,0,nnnnki
38-2,地方は別として、首都の東京の毎日の感染者データも違和感だらけ減ったり増えたりしているように見せかけているけど、マスコミも言っているように「先週の同じ曜日」と比べる意味不明なデータ,17,TomYam shrimp
39,どうなるか分からない中で２回打ちましたがもう充分です。抗体が減ったとしても３回目は打ちません。,468,近数,9
39-1,現時点株）内閣府（日本政府）株主DS,1,まさみ
39-2,@虎北 ありがとうございます、赤血球の破壊が分かったとの事、私も２回射ちましたが、なぜか、全身倦怠感が続いて、いまいちやる気が、失せています、3回目をやる前に、抗体検査ゃ血液検査をする事が、大事な様な気がします、私も、３回目は、やりたくありません。,11,cat momoko
39-3,賢明な判断だと思います。,18,home land
39-4,@fukuyamahironobu ここに 来てるコメ主さんが、もっと沢山増えて  草の根コメント繰り広げて行かないとね！米国¨州に寄るけど  摂取中止にかかってるのに  日本は まだまだ あの手この手で  やって来てますね！恐ろしすぎます！,31,CHICO .A
39-5,@fukuyamahironobu 様私も見ました‼️日本のTVで流して欲しいですね‼️打っては、あかんて、訴えてくれるのにね‼️,51,ラムピカ
39-6,@虎北 アメリカの研究者が全く同じことを映像付きで暴露してる動画を見ました。,53,fukuyamahironobu
39-7,血液状態をモニターで確認できる機材があります。私は従業員８名の接種前と接種後の変化を血液の変化を確認しました。まず大きく変化があったのは赤血球です。本来ならば赤血球は流れ動きまわり密集したりしているものですが、接種後はまるで５円玉の穴に紐を通して赤血球を束にした状態に変化しておりました。素人目に見ても異常で流れることなく留まっていて単なる血栓というよりも赤血球ではなくなったという印象でした。８名中８名です。そしてその後は赤血球の形が破壊されており、その３か月後にようやく通常に近くに戻った者も数名いました。もし可能ならば血液状態を確認することをオススメします。,111,虎北
40,このチャンネルを見ている人は打たないと思うw,361,渋沢栄二,0
41,今回も素晴らしい放送をありがとうございます。勇気づけられています！,78,毒親育ち卒業チャンネル,0
42,死者数は氷山の一角ですねー笑,376,ひっち,3
42-1,しばらくの期間を過ぎてから亡くなった方々はカウントされていません。,4,Golden Unicorn
42-2,18.3倍という内部告発記事みました。（事実かどうかは別として記事があったことは事実）,4,まさみ
42-3,下手すると一桁違うかも？!でしょうね。,29,えとうま
43,8/3に亡くなった木下投手の副反応報告を11/12にやっと載せる厚労省。そして、その内容もひどい。ぜひ、ニコニコの鹿先生動画をご覧下さい。,295,BEXEL (ビクセル),2
43-1,見てます。笑真実を話す人は数が少ないので…私は昨年の春よりあの先生の動画見てました。。早くからパルスメーターの紹介や普段の食生活なども語ってたり…『何より命が最優先』という使命感……本当の医者です。,14,moment bon
43-2,鹿先生は観てましたが最近ご無沙汰でした。観てみます～ありがとうございましたm(_ _)m,16,あさひは永遠
44,2回目接種した2ヶ月後に群馬の施設内でスタッフ・高齢者20人以上のクラスター発生してる時点で、予防効果80%以上っておかしすぎるやろ。,171,うまかっちゃん,6
44-1,@home land さんスマホで調べ若い人達は射たないと思ってたら、、、ゲームするだけのスマホか音楽聞くだけのスマホ。朝から晩まで見てるのに調べ無い。不思議だ！,16,863onodera
44-2,それでも打つ判断した人の多いことw,10,home land
44-3,@菊竹淳 さん大切な人を守りたいから射つ大切な人を守りたいから射たない。理由は同じ。射つ射たないは論点すり替え本題はワクの中身。有効性や効果が有ったとしても射った後の安全性が大事。分からないから私は射たない！,21,863onodera
44-4,殆んど,理解不能です。,8,菊竹淳
44-5,あの日本全国がズッコケたニュースですね。,12,斎藤誠
44-6,25人が二回射って24人感染感染防止出来ないなら射つの止めて。重症化防ぐはそもそも感染防止出来ないから無理。,29,863onodera
45,国と製薬会社とメディアの結託。大石さん、CBCテレビさん勇気ある報道、心から感謝致します。,106,ns,0
46,3回目接種は流石にまずいでしょう。もしかしたら1回接種のみの方、2回接種の方の中で幸運にもプラセボ接種だった方もいるのではないでしょうか？だとしたらまだ間に合います。1回や2回騙された位、どうって事ありませんよ。しかし運はいつまでも長続きしませんが、野球は2アウトからです！しかし3アウトだとチェンジになってしまいます。諦めないで下さい！まだ可能性はあります！もし接種しようと考えている方が、もしこの動画を観ていたらどうか思い留まって下さい！！！諦めたらそこでゲ一ムセット！試合終了！でも諦めなければ奇跡の逆転勝利はあります！どうかお願いします！！！🙏🙏🙏🙏🙏🙏🙏,129,秋山真之,1

47,もう、流行ってないから不要！有害だし。,137,ktm200ls,0
48,信用できないファイザーのデーターでしか報道できないのがもどかしいところですね。。ギリギリのところで頑張っておられるのを感じます。,50,三条ひこ,0
49,2回打ちましたがもう結構です。最近知りましたがJPSika氏などデマでも何でもない至極真っ当な解説がなぜ取り上げられないのか謎です。,191,w k,3
49-1,sika先生は、ずっと次々にYouTubeはバンバンしまくってますが、それでも負けずに、データー共々真っ当な解説を私達に提示して下さって来ました。本当に、正しい情報を提示されると、正直困る国や立場の人々がいるからでしょう。。和ク沈太りの専門家が沢山いますょね。。本当にCBCさん、大石さん、有難いです。,16,Haru KiKi
50,地道な報道に感謝します。騒動初期は専○家会議や分○会への批判すら許されない空気でしたが、最近では検閲よけの隠語や伏字を多用しながら、自粛厨・茶番厨両方の医療関係者が流行病の針への批判を繰り広げられるようになりました。世間でも針への同調圧力が少し弱まったように思えます。,239,攻撃呆方法,0
51,大人であるならば、ダメなものはダメと言える大人であってほしい。次世代の為にも。今の世の中は腐りに腐りきってます。誰も経験した事が無いような地獄が今から始まります。今までの騒動はそのための準備期間です。,147,さぶろお,3
51-1,DSはサイコ,1,まさみ
52,木下投手が心筋炎で亡くなったとやっと厚労省が今回リストに載せてます。８月３日に亡くなった男性として。ニコ動でシカ先生がアップしてます。しかし厚労省の説明はおかしいと話してます。シカ先生は現役の心臓外科医です。詳しく説明してくれてますから大変参考になる動画です。,182,カイゲンルーシー,6
52-1,泣いて生まれてきたけれどあめブロみてください,1,まさみ
52-2,これ程関連性があって因果関係なしはあり得ないだろ、と看護師の野中さんも動画で話されてました。,8,tum tum
52-3,@マリクンクン 心臓が悪いみたいですよ。,14,栄二
52-4,@栄二 平田も具合悪くなったんですか？,9,マリクンクン
52-5,もう11月なのに、2ヶ月もガン無視してたんだね笑,33,Kan Kan
53,大石さん深掘りありがとうございます。アドバイスのように国民が自ら情報を調べ本当に必要かどうか今一度考える事が自分や大切な人を守る道に繋がると思います。今の時代受身では命が守れません。これに気付けよアドバイスはメディアではこちらだけです。大石さん関係者の皆様ありがとうございます。感謝してます。,44,笠置山マダム,0
54,3回どころか一回も打ってないww,441,比叡,9
54-1,@びーの 自分の上司はアレをオロナミンCのような栄養剤だと言い出すアホなだけじゃなく「打たない」と言ったらキレたり「おかしい」と言うゆうようなイカれた奴です。,1,マグナム
54-2,@こんこん 自分の会社の上司はアレを栄養剤と言い、しかも強制します！,0,マグナム
54-3,打つのは自由ですから。だからといって打つ人を批判するのはよくないし打った人を批判するのもよくないですね中には嫌だったのに打つことになったひとはたくさんいます,11,ましろ
54-4,私もです。あんな得体の知れないものを､ホイホイと打つ人の気が知れない！,9,びーの
54-5,@NP2 コメリカw,3,hide away
54-6,同じくです。,11,spica sama
54-7,僕もです。あんな得体も知れないもの打つ人頭お花畑でしょ。,148,こんこん
55,でも、［死亡に因果関係がある］の定義が変なんですよね。実際には最低でも10倍以上はあるよね。,100,犬雉猿,0
56,高齢者や既往症を持つ方が、重症リスクを避けるためと接種を推奨しているが、血栓等で死亡リスクが高まるのは高齢者や既往症を持つ方であると思う。かかりつけ医に、血栓のリスクは動脈硬化や高血圧にとって脳梗塞、心筋梗塞のリスクが高いのでは？と言ったら何も答えなかった。今やコロナに感染するのが稀な数値になってきているのに、死亡リスクのあるワクチンなんてとてもじゃないが打てない。,80,平一郎,1
56-1,最初は基礎疾患のある人は接種しない方がいいですと言ってましたよね。それがいつの間にか基礎疾患のある人はすすんで打ってくださいに変わってしまいました。もうめちゃくちゃです。,19,スギハラマリコ
57,自分は打っていないし、周囲の打っていない人は皆感染もせず元気に暮らしているし、今後も打つ気は無いです。今でも打たなくて本当に良かったと心底思っています。ちなみに打った友人は感染→発症→中等症１になりました。基礎疾患があったので、一概に枠が原因とは言えませんが。,82,ガサネカサネ,0
58,接種によって自己免疫機能が破壊されて567ウイルス免疫に置き換わる為に自己免疫が失われてあらゆる病気に罹り易くなりますこれが初めて開発されたm+rna枠珍の特徴です、、、、,107,omasa4552,2
58-1,自己免疫疾患が激増するそうですね。,20,えとうま
58-2,確かに最近、ヘルペスやアレルギーでたり、子どもの病気にかかる人が周りに増えている。,26,Kan Kan
59,大石さん、スタッフの皆さん、この報道を続けてくださって、ありがとうございます！大石さんの終わりのメッセージ、私もそう思います。あまりにも情報が偏りすぎです。悲しいかな、私の周りの人達は何も考えず、何も調べずに当たり前のように打っています。驚いたことに、いまだに打てば他人にうつさないと本気で思っている若い知人もいます。そして悲しいことに私の父は3回目を打つ気満々、いくら話をしても全く聞いてもらえません。情報源はテレビです。テレビを視て、テレビの情報をネットで探し、答え合わせをしています。それが情報弱者ということでしょうか。だからこそ、大石さんのように発信し続けてくれるメディアが必要だと私は思います。大石さんの報道が多くの方に届くことを祈っています。,26,K yuka,0
60,打てば打つほど、自己免疫がグダグダにされて、お迎えが早まるよー！,45,Sheep Pink,0
61,単にノルマと声明と賞味期限だろな～と思っています。,109,bloom,1

62,アストラゼネカワクチンもしれっと、一部の病院で健康調査とゆう名目で接種してる医療機関があります。副反応部会には上がって来てないから気になります。,36,元の日常チャンネル,0
63,皆さん、何故接種してしまったのでしょうか？何故、生殺与奪権をみすみす他者に明け渡してしまったのでしょうね？不思議で仕方ありません…,280,暇人33号,10
63-1,自分の意思でしょ、あワクチン出来たんだ早く打ちてぇなぁ、あワクチンって後遺症出ることあるんだ怖ぇなぁとかその程度の考えよ、別に悪いことではないでしょ,0,はみはみ
63-2,@favorite そうですね、あと聖書のヨハネ黙示録を読むといいです。聖書を読み、聖書の神を信じ救われましょう。,1,つきのあゆみ
63-3,散々発信しても、伝えても、打つ判断をする。盲目の羊どもにしか見えませんでしたよ。,8,home land
63-4,テレビのゴリ押し酷かったですからねー。もう気狂いのようにワクワク打て打てドンドンみたいな。普段テレビ盲信してる人は我先にと打ったでしょうね。あとは、お人好し。後悔先に立たずですね。,18,Yuri Ka
63-5,私は報道が毎年のインフルくらいならコロナを怖がりワクチンを喜び打っていたと想います。あまりにもコロナ、さーまたコロナー?で他の物を見るようになって、ワクチンの怖さを知りました。ある意味テレビに感謝です。,20,タントン
63-6,政治家とマスコミと官僚は絶対に嘘を吐かないし、国民の為に常に真摯に働いてくれているし、人口減少を心から嘆いているし、日本人の命を守ってくれる。と心から信じているからですよ。多分、きっとね。,63,NP2
63-7,3パターンだと思います。1情報や周りに流されて何も考えずに打った人、2同調圧力で打たなければいけなかった人　3高齢者や持病持ちなど本当にリスクがあり打った方がメリットのある人,58,Yuka S
64,因果関係を調査する知見もないまま摂取し続ける行為が信じられない。,18,IMRA Mr.,0
65,3回目を打つためにはまず1回目と２回目を打たなきゃならないｗ,201,A Y,2
65-1,つまり常に打ち続けなければならないのです❗️,10,えびまよ
65-2,と云う事は,５回目,６回目を,撃つには,まず,４回目も、｢必ず｣撃たなければ為りません！,49,菊竹淳
66,台湾は11／10、12～17歳の青少年に対するビオンテック製の2回目の接種について、実施を見合わせる方針を明らかにした。心筋炎懸念で,77,blue幌,0
67,2回も受けてて3回目開始までどうなってる事やら……😢,79,Lovin'you,0
68,打とうと思いましたでも、自民党・公明党の給付金がショボいので、期待裏切られたので、こちらも裏切り接種やめまーす。,74,A. N,0
69,ワクチンは打ちたい人は打てばいい。だけど、打てない人、打たない選択した人の差別はやめて欲しい。ワクチンパスポートないとお店に行けない、ライブに応募できないとかおかしくないですか？  この同調圧力もやめて欲しいですね。,58,R S,1
69-1,その通り。半ば強制という意味で言うなら、ドナー提供や献血の強制と同じ。いやもっと酷い。金儲けの意味を含めると。詐欺レベル,0,NANO
70,自分と自分の友達達はセッシュしてませんが、未接種部位の痛み　疲労感　頭痛　発熱　コロナ感染　　　０％　　　　 ０％   　０％　０％　　　０％でした。　健康的な生活による自己免疫が最強かもしれませんね。,85,NP2,5
70-1,素晴しい上にとんちの効いた良いコメント。,11,fukuyamahironobu
70-2,確かに。わろうた。,19,Kan Kan
70-3,@仲村望 ハッ( ﾟдﾟ)!　た、確かに…！！！　き、気付かなかった……。確かに…セッシュしてなければ部位の痛みも無いし、疲労感も頭痛も発熱もコロナ感染も０％だ…天才か…,31,NP2
70-4,接種して無いなら0%当り前なのでは?,8,仲村望
71,なぜ日本人はリスクが分からないのか？外国はリスクを懸念して接種率が上がらないのに,53,たまきん,1
71-1,義務化に対して大暴れしてますよね。羨ましいです。お年寄りも　メンズもお母さんも　行動してて、真剣にフリーダムを叫んでる。,2,Kiss Yukko
72,まずデータそのものに信用性がないからなよく分からないものには手を出しちゃいかんよ,94,じゃがまる君,0
73,3回目は接種率が減るでしょうね。,23,yama naoji,0
74,岸田政権になってもあまり変わらない全体主義。,145,マミーマミー,1
74-1,河野だったら独裁恐怖政治になってたかも。,43,Kan Kan
75,公平な報道、いつも有難うございます。ずっと応援しています。全ての方が気づかれますように。,16,かんの,0
76,国民の接種率は毎日のように公表するのに公人の国会議員の接種率をなぜ公表しないのですかね？議員達の職域接種の予約枠2000人で100人しか予約しなかったですよね？その後の報道は無くなりました…国会議員は約700人ですから明らかに少ないです。その辺りの調査もお願いします,50,NAO N,0
77,どちらか一方に洗脳するような報道ではなく、視聴者の頭で判断させてくれるような報道機関、当たり前のことが行われていなかったことに恐ろしささえ覚えます。,21,あまおう,0
78,大石さんありがとうございます❗️,53,m h,0
79,職域接種で仲間20代〜40代が役8割の方が熱を出していたように感じます。熱を出した方、14%と表示されていました。報告数の差なんでしょうが大石さんのところでも説明が無いですね。悲しい気持ちと共にもっと現実を報道してもらいたい。切から願う,37,hsamu nona,0
80,adeや自己免疫疾患、治験中だし危ないと思います,49,japan walk vlog rogutere ろぐてれ,0
81,感染予防効果を言う前に、個別に抗体値を測定しないの？裏付けも無いままに、💉ばかり推進するのは不可解やもっとも、赤ん坊の頃から、有無を言わさず、何本も撃たれまくりで、脳までやられてるから気づかないんか？,112,A N,3
81-1,く毛,0,菅野佳代子
81-2,抗体価調べるとまずいことでもあるんでしょうね。賢い人は自費でやってます。,1,シロネコ
82,ファイザーの感染予防 効果最初は95%って言ってたの 覚えてる?,60,Koji Takeda,1
82-1,で、いつの間にか　予防効果ではなくて、かかっても軽くなる効果として政府は勧め続けています。,6,びび
83,1回も打っていません。ウィルスに対して普通はワクチンは打ちません。おかげて倦怠感や頭痛などもちろんありません。,35,J U,0
84,夕方(チャント)でメインに大石さんカムバックお願い致します。大石アナの説明はとてもわかり易いです。,52,ピッコロprimavera,0
85,恐らく、ファイザーの社員よりも接種率の高い日本。笑,56,M T,2
85-1,遺伝子組み換え作物を一番嫌っていた国民が、一番いとも簡単に騙されるとは…,28,丸十勝
86,今コロナ流行ってないから打たなくていいと思います。今打っても効果無くなる頃にコロナ流行るかもしれないし😁,52,タケ48,1
86-1,その通り！,8,Kan Kan
87,リスクの多いなか唯一の真実の報道をしてくださりありがとうございます。,8,ななたろ,0
88,大石様はじめCBCスタッフの皆様に深謝申し上げます。接種後すぐに亡くなっても評価不能というものを接種しようとは思いません。,14,井原世之介,0
89,ジャーナリズムはまだ生きていた！応援してます！これからも頼みます！,95,サファリ,0
90,製薬会社が発表したデータを誰が信用する？,102,Osaki Hiro,4
90-1,接種のことだけでなく医療全体を疑った方がいいというコメントがありますが同意しますねライセンス料を払い製薬会社と協定を結べとかいう向こう側の思うツボ、今でも40兆越えの医療費で其の金は何処へ？本庶の抗がん剤の新薬の勝訴数百億支払、小野薬品も裏がありますね,17,hat vogue
90-2,そもそも安全性を科学的に判断できるようなデータが出てないと思うんですよｗ,25,A Y
91,コチラの局は　後世歴史に残る番組を放送されてると思います。魂の叫び❗️受け止めさせて頂きました。ありがとうございます😭,83,あみ,0
92,祖母が3ヶ月以上重い副反応でした。身体中が痛い、息が苦しい、頭痛が収まらない、悪寒がする、エアコンの風が体に当たるだけ辛い、と夏の間ずっと布団にくるまって寝たきり状態でした。体重も10kg以上落ち一時期38kgを下回りました。祖母も、「もう3回目は打たない」と言ってくれています。私達家族も絶対に打ちません。,22,Le Coq,1
92-1,職場の30代の人も夏に接種後、熱はないのに寒くて寒くてたまらなかったと言っていました。,6,ym
93,打つ打たないの病気のリスクより打たない＝反ワクのレッテル張りが本当にうざい,24,Mako,0
94,重症化を防ぐという根拠が不明なのと何かあった際は因果関係不明で片付けられる事。リスクしか無い事がよく分かりました。,11,KingOfPHP,0
95,まだ一度も接種していません。ちなみに61歳ですよ,216,村森たかやん,6
95-1,おーい！ワシも打ってないぞー(70代じゃ),12,びーの
95-2,皆さんと同じくワクチン打っていません。ちなみに自分は20代です。毎日元気に過ごせています。,23,9000 SO
95-3,ウチの家族も誰も打ってないし、300人位でノーマスクで数回、超密で集まろうと誰もコロナなどにはかかってませんw,20,home land
95-4,私は69歳です。家族5人とも打ってません。,48,Eight Man
95-5,うちの母親も74歳で、今では貴重な未接種者です。元気でいてほしいので、ワク○○は止めてほしいと頼みました。母は今元気で過ごしてます。追記:母は現在も風邪引くことなく、元気に過ごしております。,68,KT86
95-6,私の父78歳も未接種です。,64,ah0910
96,そりゃ毒を重ねて打っていくなら身体に負担かかるのは当たり前。違和感持たないのが無理。,19,リュウ,0
97,ダニエル社長や大石さんの話しを聞いて3回目のワクチン接種はしません詳しい説明有難うございます,4,keitoku209,0
98,あなたが思うより健康です（笑）断固拒否ですね!!,240,つかにえる。,4
98-1,ですねー😃ワクワクうたんで問題はなし♪,23,Funky凛🌈
98-2,@yama sho 一緒に正しさを見せつけてやりましょ（笑）株式会社内閣府に（笑）,37,つかにえる。
98-3,ほんと、世の中「うっせえわ！」🧡,62,yama sho
99,マスメディアの中では、CBC報道はまともで一番腑に落ち信頼ができますね。応援しています。,18,renonkkk,0
100,CBCがんばれ！！ありがとう！！！,70,そら,0
101,お、なんか気づいた人たちが沢山いるようだね,83,高橋 智久,0
102,死ぬまで打たせたいのかな🤔,81,洗濯しなきゃ,0
103,この程度の感染者数で流行り病とはとても言えません。コロナ騒動が始まってもうじき2年を迎える中、日本国内の陽性者数(感染者数ではありません。)は僅かに人口に対して1.3%程度。私の周りに感染どころか陽性になった人は皆無です。因みに、私は人口70万人の政令市に住んでおります。私の住んでる市は陽性者数は人口に対して0.8%程度。当然周りに陽性になった人はいるわけありません。2年近く経過しても100人に1人も陽性になっていないわけなんで。交通事故に会う確率の方が高いぐらいです。当然そんな低い確率から重症化する人数も死亡する人数も極稀です。しかも、コロナ死亡の平均年齢は80才なんで、ほぼ寿命に近いですからね。元々、ワクチンを全国民が打つ必要はないでしょうし、3回目なんてとんでもないと周りのほとんどの人が言っている状況ですし、当然だと思います。間違いなく健康な人は打つデメリットの方が大きいです。,94,はるちゃん,1
103-1,100% あなたに同感します,6,surudake minakotei
104,そもそも抑制効果の数字自体が当てにならない。製薬会社なんて数字改ざん可能だと思う。老人ホームで全員接種で全員感染とか矛盾が多すぎ。,19,おびまる,0
"105,そして""あの""【子宮頸がんワクチン】の接触推奨を再開しちゃいましたよ！,69,皆ヶ夢叶,0"
106,１回でもヤバいのに３回も打ったら相当ヤバいでしょ！,20,ド天然将軍,0
107,日本人の7割が2回接種にて重篤化、死亡しない。他の未接種の3割中の99,2%は発症、重篤化しない（厚労省のファイザーデータ）しかも、治療薬もでてくる。もう恐ろしいのは社会保障費としての増税ではないんでしょうか？,28,むへへちゃん,0
108,素直すぎて政府の家畜になった,7,夜樱小七,0
109,ファイザー2回目打ってから、体調戻らなくなりました💦3回目は打ちません。,33,さくら,1
109-1,@surudake minakotei 失礼なコメント,0,ムーンライト
110,ADEにより3回目のが副作用も当然強くなる。4回目やったら。。。,57,太郎田中,2
110-1,マウスは7回までだけど、人間は？ということですね。,13,当たり
111,国会議員、地方議会議員、全公務員の三回・接種を実施して接種証明を公表してから、国民に提案せよ　⇒　未接種の議員は多いような気がする。,12,uchikina boy,1
111-1,政治家は一人もうっていません。総務会長がテレビで言っていました,1,surudake minakotei
112,救急車のサイレンが頻繁過ぎてヤバいレベル。これで3回目が加われれば本当の医療崩壊になりかねない。体調の悪い人が多すぎる。,14,IWGP,0
113,毎年2～３回接種がこれから必要ということだよね～😅,14,marie,0
114,治験中の薬品で死亡者を出したら、どうするのか、製薬会社の広報に出演していただきたい。,30,川崎達也,2
114-1,任意=打つと決めたのはアナタですよね。　ですね。賠償もしませんよね。,2,びび
114-2,治験中なので　自己責任となります。政府は毒　買う時に契約しています。Fは責任取りません。泣き寝入り,4,Kiss Yukko
115,３回目は 打ちません❗️2回目に心筋炎のような副作用で一晩、死を覚悟しました翌日、医者から救急車呼びなよと言われる状況でした😇,5,Loki HS,0
116,未成年も、接種直後、もう数人亡くなっていますね。😭,77,そら,0
117,自分と年の近い知り合いが接種後約3週間腰の痛みが酷く生活に支障が出てます。今まではネットで副反応の症状を知るだけでしたがついに自分の知り合いに出てしまいました。,9,パーソナルトレーナーHIROYODA,0
118,打ちません。2回目接種後、仕事が出来ないほどの倦怠感に見舞われましたから。素直な国民性もあるかもしれませんがワクチンについてよく調べない人が多いんだと思います。一回目、2回目の職域接種でほとんどの親が子供に打たせてたのを見て私は正直驚きました。,5,orange508,0
119,人口動態統計も時系列と年齢性別で比較して欲しい。,4,bun,0
120,一回も打ちませんが、いつまで2類相当扱いするのでしょうか？5類なら個人判断になりますから文句はありません。,23,LOX-index,0
"121,服反応は認めるが その延長線上で ""脂肪 "" したら因果関係不明になる不思議な法則。,3,戦隊マジレン,0"
122,私はシカ先生や万冊から情報収集してワクしないと決めました。当初はしないから変人！＝悪！みたいに思われていましたが、今はやらなきゃ良かった…と周りの人達が言ってます(;-;),9,小池蓮,0
123,相談窓口が現在どのように機能しているかも調べてほしいです。,43,さゆ,3
123-1,@闇商人 表面上はどんなに大丈夫としてても副反応の継続や、知り合いや身内が亡くなったとか、相談して門前払いなど実際に体験している人がいますからね。接種が増えれば増えるほどこういう経験する人が増えるでしょうね。減るということはないでしょうね。それでも規模が少ないと押し通すか、しない人を侮辱してでも推奨していくか相手の言動、態度をよくよく見ないとですね。,2,さゆ
124,ワクチンパスポートは8回目まで枠がある。何回目で4ぬのか実験してるに決まってるわ,7,『』,0
125,あるお子さんのお母さんの話しです。これから厚労省の許可が下りたら５歳以上の接種が始まります。親たちが集まって話してるのは、「何でこんな子供に打たせるんだ！」ではないんだそうです。真逆、、「何処のメーカーが良いかな？ 」そんな会話らしく、そんな親たちがまだまだいて友達との会話止めたそうです。これだと８割の壁も簡単に突破出来るかもしれません。何故気付かないんでしょう？もちろんメディアか閉鎖的報道だからですが、やはり国民性なんですかね。荒療治しないとワクチンの８割は簡単でも、覚醒の８割は何年かかるかです(￣▽￣;),28,あさひは永遠,0
126,今日のチャント！だと打たせようとすうる演出だったのが気になります。海外に住む母親が喜々として息子に打たせているシーンが怖かったです。,24,neruneru nerune,0
127,3回目はより慎重に海外のように強制はやめてほしい。友達の知り合いの母が打って入院したみたいです。,5,y moon,0
128,皆さん、こちらを良い報道と仰ってますが…私には【将来不味いことになった時のための免罪符とも言える既成事実をつくっておく事を徐々に増やしていく作業を始めてる段階】のようにも見えますね。「ほら、きちんと報道もしてるでしょう。これが証拠」と。そして将来的にマジでやばい状況に陥れば　このような報道履歴の目立たなさという皆さんが現在薄々感じているものは一気に取り払われ、これらは勝手に数多くおすすめにあがって来て…現在目にしていない国民の多くが目にするようになる…のではないかと。見なかった者の責任ですね…時すでに遅し　(しかしこれも自己責任と)・厚労省のホームページには最初から「風邪」と。他にもメディア的な煽り事は書かれてないんですよ(かなり正直です)・認可はするものの　任意としつこいくらい強調されてます。・接種時にも「説明に前向きな内容は無い」上に　・更にその上での同意自署もとってる(とどめ)将来的に薬害訴訟に…？　　と始まる前から私は思ってますが政府(厚労省)相手に国民が『法的に』勝てる要素…これ在りますかね？現在(調べない無知層)国民が　勝手に自発的に　メディアが「きっとあっちが出口だ✨」と指し示す方向性に(大きな世論に？)のっかっている『だけ』なんですよね…(それは衆愚ってやつとマーケティングだよ❗と　僅かに免疫知識のある一般国民層と僅かな良識ある専門家群が最初から叫んでますが、マーケティング群からは科学データを誤解釈し杞憂を叫ぶ非常識層とレッテルを貼られ隅に追いやられている.という状況です💨)私達ももうこの先には社会的責任を負えません、反発や社会的圧力や不利益を被りながら既に個人で出来ることは皆さん何かしらしたと思います。杞憂を生じさせるのは何より　副反応の強さ　です。一般には「枠の副反応」と広く言われていますが「ヒト免疫のまっとうな非自己反応」に他なりません。若年齢層にみられるものはほとんど🐝毒や拒絶反応に近い強さにもみえます…(枠液自体が起こすものはまた別話です)接種する方は【自ら同意している】何が起こっても【自己責任です全てが】　仮に、国のいくばくかの責任を問えたとしても(医療費国負担等)「貴方個人は初めから致し方ないと認知された少数であり」身体や人生等全てがもう決して元には戻るものではないこと　を肝に命じていただきたいです。その上で接種を重ねたいなら　どうぞ　ですね…💨(私は現段階では接種を繰り返す事で発現する出来事、そこにはごくごく身近な危険が本当にあるよと。それだけ)最近はもう　その身を呈して　非接種を選択した者達を「私達とはまた違った意味で」護る役目になるのかも…　と思うようになりました。亡くなったり被害を受けて見せる事で…その目で見ないとわからないなら　仕方がないでしょう。【現在様子見の若年齢や子供層は接種層のその後を疑いの目を持ってよくよく観察してて下さい】現段階ではまだ未実現の杞憂ですから…酷いことにならなければ良いけどと　本当に思ってます。,29,hearts xxx glorious,0
129,ワクを推奨するなんて自民はもう信じられない。,4,妖精さん,0
130,科学的検証もせず打て打てとおかしい枠パスで行動制限もおかしいし、国民は実験台じゃないぞ,13,meria,0
131,野中しんのすけさんと言う方がデータを、元にYouTubeに、あがってます。大石さん、みてくださーい。それと、医師と政治家合わせて450人くらいの方が、厚生労働省にワクチンストップするように訴えている映像も流れたりしてました！見てください！私は名古屋市に住んでて、今日は救急車の音が一回でしたが、少し前は一日に何度も救急車のサイレンが頻繁になってました！別に病院の近くに住んでるわけではないです。異常に救急車が多かったです。とにかく、他にもYouTubeにデータを元に上げてる人はいると思います。目を覚ましてほしいばかりです。,165,yukko,2
131-1,@虎子 様 以前、野中氏が「ワクチン接種のアルバイト中、接種に来た学生と話しをした」との動画をup｡「ワクチンに懸念を持ちながら、ワクチン接種のアルバイトをしている時点で信用出来ません」とコメント。「視てもらわなくて結構です！云々・・」とキレられました。その後、一切視ていません｡,2,とんぼ
131-2,野中さんの動画は反枠だが、これは枠おしですよ。,0,虎子
132,三回目　みんな　打たないで！しか　ドクター　Twitter みて二回なら　引き返せるスパイクタンパク　あぶない心筋炎,17,tomoko m,0
133,3回で終わりのわけないでしょ？、いい加減気付きましょう。と、いう時期はとうに過ぎた。日本はなんやかんやで超速で脅威の70%超え、本当に笑えるwww。,28,マミマミ,1
133-1,3回で終わらない事くらい余裕で皆知ってますよ,9,ぺぺ
134,日本人🇯🇵は素直なの？　頭使って考えたら　疑問が湧いてくると思うんだけどな？不思議　頑固な私には分からないよ,40,maruru,3
134-1,@Junko Morita 日本人に服を売る時の効果的言葉一番人気です〜よく売れてますよ〜フランス人にはオシャレに見えますよ…どこかで見たジョ−クです。,1,びび
134-2,右に習え(並え)、 同調するのが 当たり前の国です 😥,10,Junko Morita
134-3,同意‼️この動画偏向,4,虎子
135,3回目どころか1回目で椎骨動脈解離から脳梗塞でえらい目にあいました。大石さん頑張って、早めにTVで情弱な方々にひろめてください,6,Shimatani Naoki,2
135-1,大変でしたね。。。私の父親も脳血栓と全体的に衰えています。あと足を悪くしてる人が増えた感じがします。間違いなくコレのせいです。本当に危険な薬物だと思います。どうか多くの方は接種しないでほしいです。,1,太郎田中
135-2,それは大変でしたね‼️身近な人達に伝えて欲しいです。宜しくお願いしますm(__)m,1,さやかK.
136,応援しています。無理ない範囲で、ぜひ続けてください。国民　治験って　知らないです。医療従事者でも。💦,1,ringo,0
137,インフルエンザワクチンも打ったことがなかったのにコロナのワクチンを打ったので人生ウン十年生きて初ワクチンがコロナの…😑自分の場合、体に異変があったので3回目は打ちません。,4,ラミライ,0
138,感染予防効果？　発症予防効果の間違えだと思う。,27,b206c172,1
138-1,実際はその発症予防効果すらないという。。,8,fukuyamahironobu
139,３回目打っても副反応で苦しい思いするし、仕事休まなくては駄目なぐらい副反応は強いから３回目は打たないです。３回目打ってもコロナ感染ならない保証はないです。,3,くまのプーさん,0
140,ワクチンが良かったかどうかは時間が結果を出すでしょう。自分は家族中が打ったので何も無い事を祈ります🤔,4,カピバラとぉさん,0
141,安全性とか効果より地獄のようなワクチンの副反応はもう二度と味わいたくないのでさすがに3回目は打ちたくないですね...,2,ゆっくりニシチャンネル,0
142,８０％の意味は１００人中８０人の意味ではない。「ワク有効率と同じ」厚労省の死亡発表は全くあてにならない。大石さんはこれ以上踏み込めない、ぜひ日本人口動態統計を彼が分かっていても、言いたくても言えない心境をくみ取ろう。,14,たこ元,0
143,中日ドラゴンズの木下投手の事例が厚労省の部会で心筋炎の報告が今頃されましたファイザー社の社員は💉を打たないように会社から勧告されています,15,さだクロ,0
144,素直な国民性笑同調圧力でしょ,17,Im Ken,0
145,ワクチン接種後に亡くなった13歳のお子さんのことを知りたいです。当時お風呂で亡くなっていたとか。,24,いまここ,0
146,そもそも「治験中」の「任意」のものを特典を付けたり職域に義務っぽく吹聴したり、こんなにゴリ押し推進するのがおかしいんですよ。目的は他にあると気づかない方が不思議,2,non fiction,0
147,これじゃだめだな一致団結して同じ方向に向くように促すのがメディアの役割じゃないの？国民は国家に生命を保障してもらってる以上国策には従う姿勢、態度を身につけようよ,0,清少納言,0
148,そもそもなぜこのふぁいさんだけをどんどん進めてるのか？打ちはじめのころあんなにもモデさんのように副作用らしき事例が報道されてたのにどうして疑問も持たず解決してんの？？モデさんはすぐ中止とかになってるのに！ふぁいさんだけコロナに対してめちゃくちゃお金もらってるのかな？日本の企業が薬をっていってんのになぜ海外の企業の方が先に出るの？？日本はどうなってんの？日本だって技術者いるでしょ？普通の人よりそこがずば抜けてる人が！どうしてでない？進まない？お金かけない？他国にばっかり頼ってちゃこの先生き残るすでなしじゃないの？そもそも3回目接種って馬鹿げてる！３回目で90%以上の予防効果？こんな短期間でわかるわけ？そんなにウイルスは甘くないんじゃない？わく打って90%以上予防できるものが出来るなら、ガンや致命的な病気にならない薬でも作ったら？？コロナは致命的じゃないし！変なものを体にいれて怖がるようなウイルスじゃないんじゃないの？かかったらよく自分の体に注意して適切な薬を適切に使用すれば死ぬほどでもない病気じゃないんじゃないの？様々な声をちゃんと表に出せってーの！ちゃんと反対運動してる人たちいるんじゃないの？無視しないでデマとか言わないでちゃんとしろって言いたいです！！本当に副作用によって苦しんでる人いないの？本当に因果関係不明なの？？会場のトイレでなくなってた人！あれなぜスルーなの？あんなことあって３回目推奨とか！さらっとながしてんじゃねーよ！と思います！あと子宮頸がんワクチン！あれなんでこの時期にこのタイミングで再開してんの？？？おもーい副作用があった事を忘れてんの？ちゃんと推奨とか進めるとかじゃなくてよく考えた上で！でしょ？ガンもだけどやっぱりなるひとはこれは運命でしょ？女性皆なる訳じゃない！怖がらない！怖がりすぎない！これ絶対だと思いますが！！政府が進めるべきものじゃない！！,23,もんもんものもの,0
149,打たない方がいいね３回目は,10,小野原正巳,0
150,もう強いウイルスではなくなっているのに3回目は必要がないと思う。元々日本では重篤死亡は極端に少数なのに煽りが酷いうえに情報の偏りもひどいですね。,3,sam,0
151,死亡者だけでなく重篤者の主反応や数を知らせてほしい。,9,豚ぴんく,0
152,無理矢理に3回目も打たせようとする職場、打たないと白い目で見られます,3,00 3,0
153,打つ派は何も躊躇することないよね。効果があると思って1回目、2回目と打ったんだから。3回目、4回目、5回目、・・・と打ち続けるに決まってますよ。もし、途中でやめ時点で、打たない派になってしまうしね。人によっては打たない派の人に対して同調圧力を駆使して威圧してきましたよね。打ちたくない人に強制的に打たせてきましたよね。そんな人たちがまさか、3回目打たないとかありえないよ。打たなかったら今までの自分の言動と矛盾するから、それはないよな。もし3回目を打たないなら、同調圧力を使って打たせてきた人たちに対して、どう説明するの？どう謝罪するの？いくら賠償するの？こういう話になっちゃうから3回目以降打たないとかありえないよね。,11,かいと,0
154,発生源の南アフリカは感染者急増してますが死者はほとんどないです。だから弱毒化した弱いウイルスですね。,6,ktyla,0
155,一度限りの人生。自分の健康・自分の未来は自分が決める。このような中立的な報道はその道しるべになります！ここのコメントは自分の頭で考える力のある方、しっかりと自分の意志を持ってる方が多い！勇気付けられます！ありがとうございます！,60,MB,0
156,3回目以降の効果はどうなっていくのでしょうか？？このまま打ち続ける必要が出るのなら、危険を冒してまで、急いで打つ必要があるのか素朴な疑問を持ちます。続報を待っています。貴重な情報をありがとうございます。,6,K T,0
157,私の周りの打たない人は、なんともありませんし、何か起きる気配すらありません。健康そのものです。打った人は倒れていて職場にまだ復帰できていない人もチラホラいますが。また打つのはマゾを超えて異常な世界だと思います。,32,REID SPENCER,0
158,打ちません！！変なもの、体に入れたくない。６０代の母親にも打たないで！とお願いして一度も接種してません。元気です。,16,はなはな,0
159,ワクパス導入したら、3回目以降もずっと打ち続けないとパスポートの効力切れて未接種者扱いになりますよ,11,mi yu,0
160,反ワクチンの内容でもないのにコメントを見ると打たない人ばかりですね！,86,Ran,9
160-1,タイトルが「あなたは、うちますか？」だから、打つ派も、打たない派も、コメントOK,3,ゆんゆん
160-2,@菊竹淳 さんお疲れ様11月21日発表の自然療法大学ルイ。御参考されたし,2,863onodera
160-3,@ぺぺ 撃ちたければ,この先 幾らでも撃てばいいのでは？ ｢その気｣さえ有れば｢いつでも｣,｢どこでも｣ 接種出来ます｡,21,菊竹淳
160-4,@863onodera 打たなくて後悔してる人いるよ,1,ぺぺ
160-5,@虎子 さん初めましてネットの話しは逆効果、調べた事はあえて話さず。射って後悔してる人は沢山いるけど射たないからって後悔してる人はいません。普通の言葉でオカシイと思うことを話す。,13,863onodera
160-6,反ワクチンというより、ワクチン押しにおもいます,1,虎子
160-7,射つ人達は見てない❗️,30,863onodera
161,「新型コロナのスパイク蛋白に対する中和抗体がどうなるか」しか考えてなくて、多体の効果が考慮されてない。そもそも、免疫学の基礎を知っている人の解説じゃないしね。こんなレベルの報道ばっかで嘆かわしい。感染症一般に対してバランスよく考えないととんでもないことになるよ。,15,ap std,1

162,日本人は従順過ぎる、まさに羊。,34,やまチェイスユー,0
163,わたしほぼ網羅したぐらい色んな副反応出たけどどこにも報告してないから統計的には副反応無しということになってると思う勉強不足なだけかもだけど副反応出たら報告する窓口ってあるのかな？それと因果関係は分からないけど頭皮が炎症して部分的に脱毛症になりました摂取前よりアレルギー反応が起きやすくなった気がするし滅多にひかない風邪をひいたりもしたので抗体が低下した可能性もありますわたしは3回目は打ちません何も考えず2回打ったことも後悔していますこれからは生活習慣や食事に気を遣ったりお腹を冷やさないようにしたりして（腸活）自分自身の免疫力を上げてコロナ対策していきますここまでワクチンを推し進めた行政が今更ワクチン打たない方が良かったですなんて言えないだろうし副反応についてもコロナ収束したら喉元過ぎれば的になかったことにしてしまうと思うから国は信用しないで自分で情報を集めて判断しようと思います,11,みさな,0
164,2回目まで打った人はぜひとも今後も打ち続けて欲しいです,9,好男(よしお),0
165,昨日韓国で、３回目のファイザー接種後、死亡したという知らせが一件報告されたという、ニュースがありました。事実関係は調査中だそうです。,5,w daisy,0
166,イスラエルのテルアビブの病院でファイザー（１４５名）とモデルナワクチングループ（１２０名）で４回目の治験があったがオミクロンへの効果は限定的だったとのことです。感染予防効果は期待できないみたいです。,2,Leberkäse,0
167,もともとたいした病気でもない。こんなもん打つやつの気が知れない,86,nnnnki,1
167-1,その通りやんな,7,あだ
168,三回目は打ちませんし、恐らく打てません。次は命が無いと思っています。私はワクチンを打った二ヶ月後かなり希なトロサ・ハント症候群という奇病を発症しました。肉芽腫が目の奥に出来る事が原因で起こる病気です。病変側の耐え難い眼痛と眼球の動きが麻痺します。あまりに酷い痛みに食事が取れず餓死寸前で入院までしましたが、MRIで原因が特定でき現在はステロイドで緩和しました。接種前までは全くの健康体で肉芽腫の原因となる免疫異常ということも異物が目に入った事も特に無く、直近の原因はワクチン以外に考えられませんでした。接種に関してはもっと時間をかけて選んでもいいと思うんです。打つ前に迷う事はいくらでも出来ますが体に入ってからではもう簡単に取り出せないので。皆様がどうかこれから後悔の無い選択を出来ますよう。コロナにも罹りませんよう…。,7,よそだ,0
169,海外ではスーパーコールドが流行っています。是非取材お願いいたします。,3,チャンネルYURYU,0
170,そもそも  まだ一回目も二回目も接種してない人は 三回目は射ちませんって 言えないよね！？,12,あゆむ,0
171,効果が不安定なのを打つよりも、ちゃんとした食生活、免疫力を高めた方がいいよ‪w‪w‪w死亡事例が全然増えてないのも闇なんだよなぁ〜😕,3,MASAKIN,0
172,自律神経がやられました。2かいめ接種後2ヶ月経って突然の血圧上昇、頻脈に襲われました。現在、自律神経整える薬で症状はでていません。3回は遠慮します。,3,aqua,0
173,自分の健康よりも、上司からのワクハラ回避の方が切実。。,2,30サスケ,0
174,ワクチン四回目がんばってください。,3,篠原正志,0
175,打ちま　　せん！！！！！！！！！！！！！！！！！！！！！！！！！！！！！,37,c y,0
176,70%？確かめるすべは？○フォンに並ぶバイト？接種に並ぶバイト？そもそも７割を達成しているわりには、何故騒ぐ。,39,日光助真,0
177,枠接種すると、重症化、死亡リスクが下がるとありますが、本当はコロ感染で重症化、死亡されるような方は、枠接種でお亡くなりになっているんじゃないですかね？,8,-C Masaru,0
178,今打ってる人で、治験してる状態そのものですね…,3,ばんばん,0
179,これから怒りや悲しみが渦巻く本当に辛い状況に精神がもつだろうか。,8,IWGP,0
180,大規模イベントのコミケでついにワクチン差別をやり始めた行かないからどうでもいいけど,16,第0宇宙のジレン,0
181,俺は打ちませんね、親も看護師で免疫も落ちると言われていますし、ワクチンが本格的に普及してから感染者が増えましたし、なによりちゃんとした効果や副作用をしっかり掲示してほしいですね…まぁ副作用は人によって違うので分からないと思いますけど…一番の対策法は食事と運動と睡眠だと思っているので、まぁ打ちたい人は打ったらどうですかね？,0,無垢,0
182,三回目接種して酷い副反応が長く続いています。四回目の話がありますが、とんでもないです。副反応の治療に病院に通院してます。,1,loreley lunar,0
183,できればイベルメクチンについても報道してほしい。,6,Chisato Suzuki,0
184,抗体値ってウィルスのばく露が無ければ下がるの当たり前。遊び歩いて頻繁にばく露があれば抗体値は下がりませんよね？,5,HELLO HELLO JAPAN,0
185,何回も打ったら体壊れそう,13,マリクンクン,0
186,これだけ問題になっているワク3回も打って、これから先に体が何とも無ければ良いですけど・・・。数年後、ワクのせいで体に変化が起きて他の理由で亡くなった、あの時打たなきゃ良かった・・・なんて事にならなきゃ良いですけど。因果関係を国が認めた事例が無い以上、打つ気になりません。これから先も認めないと思いますし。国はリスクよりもワク効果が上回ると言っていますが、例えば100人打って副反応で30人亡くなったけどコロナはおさまったのでOK！って事を国は言っているわけですよ。なぜこれだけの緊急事態なのに、強制ではなく「あくまでも希望者」なのか、です。,22,LELE. J,0
187,恐れながら申し上げます。いつも、拝聴しております。抵抗勢力にもめげずに、勇気あるご発言をありがとうございます💐ところで、ワクチン接種を進める側の議員全員は、2回接種済みなのでしょうか。念のため、貴番組で調査頂ければ幸いです。(打たない派・打てない派の日本人の一員より),1,台湾文化ラボ・Taiwan Hot Station,0
188,私の場合、一回目も二回目もここで述べられている4種類の副反応はゼロでした。なので、今月26日に予定されている三回目のワクチン接種を受けます。,2,Minoru Mike Aoki,0
189,打ったら副反応、二回三回打ってもブレークスルー感染、それたけでなく、シボウの可能性も。。打たなければ、健康でいられるし副反応もない。どんだけ具合悪い人を増やす気だ(|||´Д｀),11,ちゃんマル,0
190,接種して 亡くなった神戸の 女性に ショックを 受けて 接種をやる気は なくなりました。リスクの問題と言うが 私の 命は 1つ だからです。,3,井の英,0
191,副反応…？副作用・後遺症でしょ…,10,K S,1

192,素直というより従順で思考停止の国民が多いんですよね。,2,梅山千絵,0
193,ファイザーのCEOが私は59歳で健康なので打つ必要が無いと訳の分からない事を言っている不思議。,11,sdtk555,0
194,一回もワクチン打ってないけ余裕で生きてるしピンピンしてるんだよなぁ(),11,Å-RiSЁ -GuÍLtȳ KÌsŠ-,0
195,1発も絶対に打たんよ　笑,7,Shogo Horikawa,0
196,最初に厚労省のHPで今回のアレのメカニズムを見たとき自分の免疫をドーピングで強化する行為を繰り返したら、本来の免疫は弱体化していくと考え、様子見を決めました全ての薬物は、程度の差こそあれ繰り返すほどに依存性が上がり効果が弱まるからです一生打ち続け、その度に副反応に苛まれる覚悟がないなら、今、縁を切るべきです言論封殺でいないもの扱いされているだけで、あなたの味方は確実にいますしかも日に日に増えてきています,7,友尻ハルコフ,0
197,私は一度もワクチンを接種しておりませんよ……。普通に生活しておりますが何もありません……。ただ…私が気を付けていることは…免疫を高める食生活を心掛けている…だけです……。私の場合…年齢的にワクチンを接種する方がリスクが高いので…接種しない…ただそれだけです……。,4,hiro papu,1
197-1,同感です✌,0,みーみ粋
198,打つ人は何があっても打ちます。もう自己責任からの自業自得です。,8,本 日,0
199,うーん…打たないw,65,Elbow Misawa,0
200,CBC大石さん　接種者からのスパイク蛋白伝播の問題も取り上げてください。,7,Isobe Atsushi,0
201,7割の壁ってなに？7割が8割になったからってどうなるの？,13,ishu,0
202,ニュージーランドも、今月に入って一気に一回接種者が、90%越え、2回接種者が、80%超えしました。,7,Motoko Watanabe,1
202-1,ニュージーランドは人より羊の方が多いと聞くが,更にそれが加速しそう！,2,菊竹淳
203,素晴らしい報道です。大石さんと飲みたい🍺！(^_^*),21,Mc JILL MOOOOOVy,0
204,私は3回目反対！って訳ではない派です。打つ必要がある人は打てば良いし、怖いとか打てない人は打たなくて良いって思っていて、でもワクチンの良い面しか報道せず、発表せずの体勢のままの地上波メディア、国があまり好ましくなく、3回目接種に関して良いイメージが湧きません……。,6,えん,0
205,テレビに出られてる大石さんから色々言ってもらえれば国民も信用しやすいと思いますのでこれからも宜しくお願いします！,4,アッコアッコ,0
206,いろいろ調べて、血液サラサラ薬も飲んでるし、コロナの絶対打たないと決めていたけど、コロナ検査パッケージが始まると、仕事がつづけられなくなりそうです。生活の為、仕方なく打とうかなと考え始めています。あー、余裕があったら辞めるのになー😭,12,Rin E,3
206-1,たしか血液サラサラ薬を飲んでいる場合は、脳出血とかの副反応リスクが高くなるのではなかったかと思います。今一度よく調べられることをお勧めします。,3,wa ka
207,一回も打ちません🤣✌️✌️✌️,23,Sajana Tube,0
208,誰がなんと言おうとワクチンを打たず、コロナにかからないのがベスト。,9,k s,0
209,集団免疫どこへいった,35,Exhort,0
210,仕事の関係でワクチン打った人ばかりの中に一週間ほど居たんですが、頭痛と胸痛、吐き気と目眩が出て仕方なかった。出張から戻って暫く不調が続いている中、生理が来た。おかしい…生理は１０日前に終わったばかりだったのに。今まで生きてきて生理不順なんて一度も起きた事ないのにな😵💧まさか、これもシェディングの症状なのかな❔接種者に近寄るのがちょっと怖いなって思ってます。,10,4- leafs,0
211,愚かな羊達は3回目もタダで打てるから喜んでトドメを刺されに行くのだろうね😇🙏,22,金子勉,0
212,獣臭がしていた人から、匂いがあまりしなくなりました。時間が経過し解毒できているのかもしれません。三回目はダメですね‼️,9,ぬんたのさんきぬ,0
213,接種しても移るし移すし、重症化も防げないし、連日救急車のサイレン鳴りまくり。流石に3回目は体が耐えられない人増えそうですね。そんなリスク犯して絶対ません。もちろん一回目も打ってません。まあ、あくまで自己責任ですけどね。,8,home land,0
214,舵を切るじゃなくて「舵を廻す」ですよ。大石さん。,2,武士道國家を復活しよう。日の丸、君が代を廢止,0
215,感染予防効果なんて証明されてなかったと思います。接種リスク、厚労省に上がってるのは氷山の一角だし、それすら認める気なし。これから出てくるのはまた変異してる可能性高いのに3回目アルファ株用をブースターってリスクしか感じませんが……余ってるから？,2,Jasmin1999,0
216,まだ 治験中です よ,35,kouji ikeda,0
217,大石さん、ありがとう。CBCの皆様、ありがとうございます。,0,ミイラ,0
218,３回目接種しますよ。あえて３回目はクロス接種しようかなと考えてます。接種しない人はそれはそれで良いんじゃないんですか？両方が存在してどれが正解かなんて誰にも分からないのですから、全部の可能性にそれぞれ存在して良いと思います。,2,MASYU,0
219,私の地元ではコロナの患者より副反応で病院に来る患者が多いです、笑,3,マグナマグナ,0
220,二回目で苦しんでますので三回目は打ちません😅,2,でめきん,0
221,「感染予防効果」の定義とは何でしょう？,3,佐藤恒伯,0
222,正しくは感染予防効果ではなく、発症予防効果ですね。,0,前一,0
223,1回目、2回目も同じく未知の世界ですよね。なかば強要するところに恐怖を感じます。,5,aze ninja,0
224,あまり大っぴらになってないですがファイザー、モデルナはグラフェンオキサイド/酸化黒鉛が主成分,8,松田侑吾,0
225,絶対コロナ風邪ひきたくないならともかく重症化・死亡リスクの効果は保たれるのであれば特に要らなく無いですか？,7,S,0
226,もう厚生労働省の言う事わ、聞く耳🦻持たない,9,Mi wa,0
227,先週13歳の子が亡くなったんですね。海外では若い健康なスポーツ選手が大勢亡くなっていますし、最近また、推進派の医師が亡くなったとか。私は打ちたくないけれど、日本では受け入れる方が多いという事実に驚きました。海外の様子を見ていて、こんなに容易く7割を超えるとは思っていませんでした。,9,satoko,0
228,動物実験では6回目のブースト接種までに、全て死滅している報告がありますね。さあて、人間なら何回目のブースト接種まで生きのびるこてができるのでしょう？！ 素晴らしい人体実験は、ブレークスルークラスターを発生させるだけ。,11,ラジケン,0
229,たくさん死んでるやん。リスクしかないのに、打つ意味が分からん・・・,14,バタフライモンキー,0
230,反応というか、副作用というか、これは体が悲鳴をあげてるい以外に何者でもない、それを続けさせるということはどういう意図か生物として判断した方がいいと思うよ生き物だからね💪( 'ω' 💪),2,KE Mi,0
231,大石さん頑張るなあ,3,サウナカプセルホテル,0
232,3回目はデメリットの方が大きいから、打ちたくないなぁ…,4,モノクマ,0
233,日本では本当に9000万人接種したのですか？,45,鳥谷部崇,3
233-1,あやしいね、、、,4,Kiss Yukko
233-2,@ネオグフ 私もそう思います。未摂取者3100万人くらいで、その内の15歳以下が1500万人です。つまり1600万人が15歳以上の人。こんなに少ないですかね…💧,10,coco
233-3,ですね。私もそう思います。意外と打ってない人多いのかなと。,19,ネオグフ
234,私の周りでは3回目接種は絶対しないという人がほとんどです😅,3,セイントチャンネル,0
235,大石さん、ありがとうございます。ワクチン3回目打ちますよ。来年春以降に、なるようですが。ところで、インフルエンザワクチン、打ちました。,4,やまぴ,0
236,2回目の発熱14%って低すぎん？？,2,うーたろー,0
237,医師会の接種率ってどのくらいなんだろう,2,加藤あ,0
238,本日ワクチン3回目を接種します。私は接種したくなかったのですが、親が勝手に申し込みをしてしまい、打たざるを得ない状況です😢,1,漣,0
239,打つも、打たないも願わくば、個人の自由にして欲しいものです。交差接種嫌だ～！,0,健中,0
240,地道な報道ありがとうございます。まだ、検討します。今後とも宜しくお願いします。,4,坂本武志,0
241,1回目から未知でしょうが！,8,クリスタル,0
242,アメリカで血栓の病気で搬送者が増えてるらいいですね。,4,kurenai JP,0
243,副反応疑いの件数が単純計算でも低すぎません？アナフィラキシーとか重篤なもの以外はカウントされてないとか？,0,ぐらタンク,0
244,心配な人は打たないで‼️厚生労働省の公式ホームページや分科会の副作用や死亡者もちゃんと見て考えるように‼️,10,森まりあ,2
244-1,氷山　　海の下には何十倍の氷が有る,1,Kiss Yukko
244-2,でもこの数字はあくまでも報告された人数です。,5,森まりあ
245,まだ1度も打ってないしこれからも打ちません。政治家の先生方と同じです（笑）せっかくの健康をわざわざ失う意味が分かりません。でもさあ、本当に7割も打ってるの？,3,ghost 13,0
246,中立で放送局に会えたように思います。大石さん頑張ってください。62歳のジイジより,0,村田正美,0
247,CBCテレビさん、勇気ある取材と報道に関心致します。他のマスゴミは一切報道しない中、日本の闇の中で、希望の光です。頑張ってください。,0,KEN TAKAKURA,0
248,日本人は素直とは上手い事仰る。「権力者にはペコペコして、何でも言う事を聞いて騙される。」←　素直という言葉を翻訳したもの。,1,H M,0
249,ワクチン3回目？一度も打ったこと無い人は関係ないわな。2回目打った人だけ3回目頑張ってくれ(笑),8,ぽんた,0
250,データは短期間ですがかなり上がってるんです。それをくみ取らない政府、報道、マスコミが止めてます。,3,ちゃんさー,0
251,抗体依存性感染増強（ADE）についての報道はないんですかね～？？,2,ぴーや,0
252,洗脳されやすい国民性,10,8ゆきこ,0
253,俺の住んでる国接種率8割超えたけど感染拡大してるよ、死者はめちゃめちゃ少ないけど。,17,atrk,1

254,そもそも、大石さんは2回目を接種済みなのでしょうか？,4,やみやけ,0
255,ファイザーが５歳～１１歳までのワクチン接種を厚労省に承認申請中です。　これを厚労省が特例承認するとしたら、正に狂気の沙汰としか言えません。小さいお子様を持たない方達も 声を大にして、子供へのワクチン接種に反対して頂きたい所です。,11,丹波鉄二,0
256,うつ人・・永遠にばいばーい。,17,Wolfgang mozart,0
257,すみません、全ては心理戦に負けているのです！目覚めて下さい！,2,スダヤスユキ,0
258,叩かれるかもしれませんが、ワクチンは打ちません。打ってません。副作用のリスクを負い、予防効果を『上げる』ぐらいなら自分が持っている免疫力を下げない、健康を維持する、感染リスクのある行動をしないことに注力すべきでは？まあ個人的な解釈ですが。,0,yutty 3737,0
259,いつもありがとうございます❗早速拡散させていただきます‼️またよろしくお願いいたします。,3,Aoitori Mame,0
260,1年マスク無し消毒無しワクチン無しで家族みんな元気です死にたい人だけ打てば？頭わるすぎて笑える🦭,16,a t,0
261,死ぬかもしれないワクチン打たされて、まさに僕たちは実験台として扱われてるみたいですね(*^^*),5,もぐら隊長,0
262,モデルナは、ファイザーより強いですね。私の場合、イタリアでのワクチン接種で、一回目と2回目は、ファイザーで、３回目はモデルナでしたね。ファイザーよりもモデルナ方が、強いように感じました、夜中に熱がはじめて出ましたが頭痛薬でゆっくり寝ました、朝に通常の体温でしたね。,1,Yohei Nakamura,0
263,なんで今年というかここ2 3年はインフルエンザが消えたのかなあ不思議だなぁどうしてなんでしょうコロナもインフルエンザも同じやつがばらまいてんのかな？,3,悔3 後,0
264,医療関係者は３回目が、また打たされるんですね🥲医者は打たない人が多いかもだが下の医療関係者たちの人数がだんだん減っていきまともに働ける人間が少なくなってくるのではないかと危惧します。日本の若者が病んでいくのを見ているしかないのか。政府は発生状況をみて判断できないのだろうか。国民は気が付かないとダメになってしまいます。,3,koko,0
265,ナゼ？インフルエンザにかかると何年も移らない程の免疫力がつくのに…ワ◎◎ンでは、半年しか免疫効果が出ないのでしょうか？,26,ei co,1
265-1,インフル毎年かかる人腐るほどいますけど,0,ぺぺ
266,浜◯あゆ…も、ﾜｸﾜｸでひどいｱﾅﾌｨﾗｷｼｰで意識不明に(>_<)ﾂｱｰの為に打ちましたよね😓😱,11,すいかいちご,0
267,３回目はオミクロン株メイン２回目と３回目の接種は株違いで60歳未満の接種はリスクの方が多いのでは？数字だけでは説得力にかけます…,0,小林史人,0
268,大石さんにお願いです。政治家にワクチン接種回避の法律を作った理由を取材してください。,8,noyori,1

269,何かあってもメーカーにお咎めなしということが、医学的科学的な話より、僕を打たない結論にさせています。,5,みちてらす,0
270,打たないリスクを考えても、打たない方が安心します。打たないとどうなるか分からないものを平気で打つことができる人は凄いと思います。みんながやってるから怖くないなら日本人ぽいですよね。笑打たない人は今と変わりません。コロナに感染したとしても、殆どが治り後遺症もないのだから打たないことの問題点が見当たりません。ワクチン先進国のイスラエルを見て、あまり効果を感じられないし…意味あるんかなー………って思ってます。が、ワクチン打ちたいなら打てばいいし、打ちたくないなら打たないで良くない？薬のアレルギーがあるのでワクチンは薬じゃないとしても怖いです。とにかく議論の必要はないと思います😊個人の自由！,8,haruka F,0
271,そもそも大石さんは接種したのか？CBCでの接種率は？どーなってるの？どっかに公表されてるの？,2,ma ya,0
272,厚生労働省が、接種後死亡の事例を詳細に調査して、全て隠さず公表すること。それで納得出来たら３回目接種もするかも知れない(多分しない)。それぐらいの感じでちょうど良いんじゃない？？,0,H N,2
272-1,@もち きん そこまでしなくて良いよ。コロナかどうか特定すらいらん。ただ、接種後どれぐらいで死んだか＋直接の死因(心筋炎とか)＋年齢ぐらいでいいから、全数隠さず、公表してくれ！！,0,H N
272-2,死者全員強制的にAI撮影、解剖しないといけないんですけど,0,もち きん
273,真実を有り難う御座います。,2,キラ ベルサイド,0
274,抗体が上がるのですよ、皆さん抗体が上がるのです。嬉しいですよね。風邪引くと抗体が上がるのです。コロナ枠亭頑張って欲しいですよね。更にこういう公共報道は信じる人っているんですかね。70％に達しているらしい。コリャ大変。,3,TV50dai-papa,0
275,周りには嬉しそうに打つ人がいてもう止められません。情報伝えても、バカにされたように笑われました。もう自己責任だし、勝手にしてもらえばよいけど。子供にはお願いだからやめてほしい！！我が子の中学校でも、みんなどんどん打ってる😭「土曜日ワク○○だから、日曜日遊べないかも、生きて帰ってくるね。」と笑って言っていたそう。親が決めるのだろうけど、子供にこんな得体の知れない液体を何度も何度も撃って、身体のこと心配にならないの？恐ろしいです😰,32,らんらんらんこ,0
276,まぁ一回も打ってないけどね,6,気まぐれスナフキン,0
277,１回目から打ちませーん！,5,Rayne Snow,0
278,感染予防効果は、いつものように％だけ？重症化、死亡リスクのデーターは？保たれるって言葉だけ？,0,m mi,0
279,3回で済みますか？,31,_ N/A,1
279-1,済みません。詳しくは以下web現代ビジネス｜講談社｜2021.11.09 コ◯ナ対策の1年9ヵ月…ゴールポストが無限に動く「無理ゲー」を日本人はいつまで続けるのか,2,yukisoonn
280,3回目は、副反応が酷いことを覚悟して打つ‼️,0,はーとでござる♡,0
281,打つわけないインフルエンザも,1,Tリッキー,0
282,効果80％とかあるが　もともと20％も感染者がいないのに　何の効果基準？ワクチン打たなくても80％の抑止効果あるじゃないですか,14,arasi haruno,1
282-1,比較するもの間違ってます,1,ぺぺ
283,運転中にラジオを聴いていたら途中からなので何か分からないが何かの応募要件で💉を二回打っている事と言っていた。それも「二回の💉をお願いしています」と言った口調だった。厚生省も💉は任意ですと言っているにも関わらずこう言う差別が民間レベルで一般化しているのだからその内未接種者の完全孤立化さらには強制💉へち進むのではと感じる。三度めの💉で副反応、後遺症が拡大すればさすがに関連性を無視出来なくなるだろう。,2,Tom S,0
284,新聞の年寄りのお悔やみ欄が　やっと少し減ってきたのに3回目やれば　また増えるんじゃあないかな　今は新聞を見た感じでは1か月あたり全国で5000人くらい増加しているようだが　増加分で９００かける４０イコール３６０００で月5000人より多いかな？,0,ichisuke takenouchi,0
285,政府手遅れですね。,1,篠原正志,0
286,今までが言動が悪だったと認めるなら 全てをぶっちゃけて下さい!その方が、楽だと思いますよ～☺️,3,コリスハート,0
287,個人的な情報ですが、私の義理母はワクチン接種ご２日目の夜中に解熱せず亡くなりました。私は甲状腺機能亢進、心不全、肝機能上昇、副鼻腔炎悪化が最近になって発症しました。３回目は遺書書いとけと近所のお医者さんに言われたのでやらないです。,5,momizikiro,0
288,うつわけねぇだろ,40,Masatoshi Morita,0
289,CBCのキー局(TBSらしい)は、見てないのか？まあ、無視を決め込んでるのか？全国ネットで報じるべき内容である！！！,1,H N,0
290,モデルナの方が死亡率少ない？,1,Keisuke Okuda,0
291,大石さんはワクティ～ン接種しているのかな？,3,SDK41,0
292,枠沈打って帯状疱疹増えてるってことは免疫力下げてしまうって事だよね。いろんな病気に勝てなくなるなー。身体が,5,ふくとむあめしょふく,1

293,良い動画です。,0,金勉,0
294,情報（信用できない）乗っ取られている（信用できない）ので、打たないよ,0,kr4phw8p,0
295,みんなやってるから、3回目モデルナ打ったら高熱は当たり前。胸の圧迫感が追加されて悲惨だった。コロナに感染したらこんなもんじゃないと言い聞かせたけど、なんのために打ってるんだろうか。5歳の子供のワクチン接種は、もちろんキャンセルしましたよ。,1,のんたん,0
296,政府も厚労省も全員3回打とうね！えっ？嫌なの？何故よ？国民に勧めるものは先陣切って堂々と「本物」を打ちなさいよ！おいおい逃げんなよ！ちょまてよー！,7,とっとCH,0
297,やったー！無料だー！打つぞー！ってなるのかな？w,6,ジャガージュン市,1
297-1,知り合いが「私はワクチン打たない！」と告げると「どうして？タダなのに」と不思議そうな顔をしました,0,びーの
298,いやいやいや、という情報が平気でニュースとして流れてくるのでもう共感性羞恥が...,0,77 7,0
299,打ちたい奴にはさっさと打たせてこの茶番終わらせてくれ必要のない害悪な人間が減ってくれたら嬉しいわ,6,ところでさぁ、,2
299-1,そういう考え方にも同感します,2,surudake minakotei
300,大石さん、ありがとうございます🙏,1,あした,0
301,ワクチンの有効率の説明もぜひお願いいたします。私の周りだけかもしれませんが有効率の計算方法を知らない人が殆どです。,1,Kaputtman,0
302,モデルナの方が評判悪いイメージだったけど比率的にはモデルナの方が副反応、死亡、共に低いんだな,1,ざはち。,1

303,はぁ？三回目のワクワクチンチンだと！？……打ちません,2,木村徹也,0
304,ヨウツベだと、内容的にこれが限界なのかもね。odyseeにはたくさんありますが。,4,fuji sakura,0
305,一回打ったのでもういいです。,1,朝日,0
306,大石さんは打ってるのかしら？？うってないのかしら？？,9,tomo tomo,0
307,実際の接種率も捏造の可能性が有りますよ‼️沢山打ってるんだから皆も打とうよ。という罠❓,4,ねむねむひろぽん,0
308,結論：打つ必要なしということです。,8,tensoba allegation,0
309,政府と医師会のビジネスだと思いますが,1,坂本明義,0
310,素直なんかただのおばかなのかねぇー,16,mini mini,0
311,え、3回目決まったの知らなかった。,1,rea,0
312,しかしこれだけ強いアナフィラキシー出るのなら、本物のコロナにかかった時の重症化リスクって相当凄いんかなぁとも思う。周りにコロナ感染した人おらんから知らんけど,2,Happy happy,0
313,3回目は副反応が酷くて2日間頭痛と39度以上の発熱が続きました。さらに帯状疱疹まで出現し、仕事に支障が出ました。ちなみに私は20代男性で1回目、2回目は微熱程度が翌日出現しただけでした。3回ともファイザーです。今は打って後悔の気持ちの方が強いです。,2,オーリエ,0
314,2月23日の日経新聞を見てからにしよう。最低限のリスク情報は得られます…。,1,Y K,0
315,一発弾が入ったリボルバーでロシアンルーレットするような気分だよ,0,もりかわにごう,0
316,当然、討ちません。,15,Eight Man,0
317,因果関係は、明白となりましたね。水酸化グラフェンが混入していること、この事実は、公表した独医者が梗塞された事て、その後死亡したことで証明された。言ってはいけない不都合な事実を公表したから。　水酸化グラフェンは、永久に体内に残るそうで、免疫不全症候群に至ります。アメリカ保険省も認めています。,0,石原吉己,0
318,３回打ったら絶対に感染しないさせない重症化して死亡にないっていうことなら打つ価値があるけど、打った人がブレイクスルー感染している事実を重視しないでワクパス（検査パッケージ）をスタートさせようとしている日本って、いったい何を見て考えているんでしょう？ワクパスや陰性証明が必要なところだとワク済みの人が集まっていて危険だから行かないし、もうそろそろ１回目が打てなくなる期限が来るので、わたしはこのまま打たずに逃げ切ります。,9,ユカリーヌ＠正義の味方ちゃん,0
319,【再UP】目覚めよ日本人 vol.62「もう国民の半分が…。大衆をコントロールするマスメディアとは？」 - YouTube,0,kr4phw8p,0
320,打ちません。てか、家族全員1度も打っていません。,13,Seryo naru,0
321,あなたは３回目打ちますか？だなんて～もう毒だとわかっているのですから皆さん、毒なので打たないで！に出来ないのですか？,9,あ の,0
322,昨日大石さんの番組見てましたが、また。おかしなとこでおわりました,0,杉藤志おり,0
323,3回目が終わったら次は4回目と続くでしょうね。最後にはバイオハザードのゾンビなるでしょう。,4,ライズサン,0
324,こんばんは私は３回目のワクチンは打ちません３回も打つ必要があるのでしょうか,11,坂口明子,0
325,予防接種当日の入浴は禁止すべきだと思います。血圧のふく,3,光愛 真実 全て,0
326,誤字訂正売って❌　　打って⭕️,0,田々,0
327,まわりは３回目やる気満々です。私のまわりだけか？なんともないよーだって。すすめてきますし。あわせてますけど、してない事おこられます💧,21,キムムーキムムー,2
327-1,１回目,２回目がプラセボではないでしょうか？ワクチンもロット番号が振られていて中身の成分が4種類位,在ると聴いた事,有ります｡,6,菊竹淳
327-2,同じく。こちらも３回目待ってる人多いです。小６の子にも誕生日が来たらすぐ打たせたいと、早く！早く！の親がいっぱいだし。,5,* fuji
328,打ってしまった人は今すぐデトックスするべきです。,0,okdtw com,0
329,政治家、官僚、医療、メディア関係者の家族、親戚の妊婦、子供に至るまでの正確な接種状況が知りたい。私はそれで判断したい。,0,ma sa,0
330,どこに情報提供すればいいの？厚生労働省の女性が自殺（他殺？したけど、NEWSにならない小6女児の子の副反応死の担当だったみたいですね,1,にゃんねこにゃ,0
331,３回目は打ちません。何の症状もないのに何故焦って打たせるのかしら？もうすぐに終わります。,1,陽子 鈴木,0
332,CBCは日本に残された最期の良心！,3,s tm,0
333,自分１度も打ってなくて、仕事で打った人限定でという事柄が出てきて、接種証明書ある？と職場に聞かれたから、そもそも打ってないからないですよ？と言ったら「は？打ってないのか？周りに感染したらどうするんだ？！」と言われたが、そもそもなんでワクチンて打つんだっけ？と、ちょっと怒られる意味がわからなかった(´･ω･｀)なんか重症化を抑えるのが目的って聞いてたんだけど…違うのかな。一時期接種した人から別の人への二次感染は抑えられてるとか、だいぶ前のニュースで言ってたけど、最近の感染者数の報道見てると、それもどうなの？という疑問しかない。とりあえず自分はこれから先も打たないという選択肢を貫こうと思う。,2,トラコI'm,0
334,感染予防効果はありませんじゃなかったですかい？,5,kotarou599,0
335,アメリカからです。看護師ERで仕事をする主人。乳癌サバイバーの私。大学生と高校生の娘たち。打ちました。,2,kay key,0
336,三回目は絶対に打たないですが任意だから嫌な人は打たなきゃいいだけ。誰が何を言おうとも打つことを決めるのは自分全ては自分。,3,大黒天マロン,0
337,医療従事者です。2022.1.21 ワクチン3回目を拒否しました。私以外に未接種のスタッフは看護師に多いと聞きます。,4,タロウ山田,0
338,大石さん、CBC、ありがとうございます_(._.)_,2,三世ルパン,0
339,もう1回でも打ってしまったなら最後まで定期的に打ってほしい。,3,則次 田村,0
340,普通の薬だったら即中止となります。,10,kap kap,0
341,これからなん十回も何年も打つ人は打つのかな？,2,島田一行,0
342,３回目ファイザーきつかった！関節痛、寒気、怠さ、MAXキツイ,0,ドラえもんドラミちゃん,0
343,出所のはっきりしたデータ　カドミウム　鉛　アルミ　などなど・・・・・・・　打つたびに　あれなんですよね。大丈夫じゃないんですよ、回数重ねたほうが・・・・・・・,3,misakikouryouten misakikouryouten,0
344,俺は未だに未接種だけど元気ﾊﾂﾗﾂです異物は打ちたく無いね,1,田辺道雄,0
345,3回目絶対に打ちません‼️,6,Ernesto Ernesto,0
346,日本では、〇〇〇はほぼ終息しましたよ。さあ、皆さんメロンなどはずして普通の生活に戻りましょう。井上正康先生の動画をご覧になれば、ほぼ全ての事が腑に落ちます。三回目はやめた方がいいです。,10,terra,0
347,病原体接種はしてはいけません。抗体は無い方がよいのです、重要なのは白血球キラーT細胞です。騙されてはいけません。,1,井上薫,0
348,枠枕は３回目はもちろん、これから第六波が来て４回目、５回目…、と、どんどん続いて行きます。ぜひ日本の為世界の為に必ず連続して打って下さい。そして未接種者は枠枕接種者に大変感謝して、ありがたく拝んでください。接種者が多いお陰で、反強制気味とはいえ、強制されなくてもよいのですから。あ、私は感謝して拝む側です。ちーん。本当にありがとうございます！！　変に強制される日本にならないのも、貴方達のような動物実験に参加されている方たちのお陰です！！,48,LP4,0
349,私はしっかり科学的根拠があるのでワ◯◯ンは今までもこれからも打つことはありません。,9,IWGP,0
350,政治家や各省への不信感が強い国なのに彼らの安全！て言葉は信用するの不思議なんだよなあいつもすごい勢いで文句言ってる人も接種してるし普段は嘘つき！！てやるくせに安全て言うのも嘘。て疑わないのかな普段からの活動家て,2,お猿のショーン,0
351,打って苦しんだり、なくなるくらいなら免疫力を高める事に努力し、病気にならない様にするわ〰️それでも今のウイルスに負けたら納得出来る‼️わさわざ、自分の体に訳わからな物を入れるかな？,6,りょうちゃん,0
352,打たないしなんなら1回も打っていない,1,じんらい放送局,0
353,まったく…投与する気持ちはありませーん！(・。・) いらない。,0,Sino爺さん,0
354,ただの毒珍,16,カネヒキリ,0
355,空恐ろしいな。後遺症でなくなるようなら、拒否するのが、普通の感覚だろ？,0,喜喜,0
356,何を信用したらいいか分からない。ワクチン接種1回目から怖さは感じてたけど、かといって打たないで自力で未知のウイルスから自分を守れるかと言われたら、それも自信が無くて、最後は周りの声に押されて2回目も打ってしまった…。,0,manami,0
357,1回も打ってませんてか打ちません。よく海外で作られたなんなのかよくわからんやつ打てるよなって思う,0,フラン,0
358,厚労省発表の人口動態統計も調べるべきでは？過去25年で一番死者数多いですよね？この図の１４００人云々の規模じゃない。接種後２日以内に死亡した人はカウントされないとか聞いたし。本当かどうか調べて欲しい。,5,まるこめ,0
359,絶対打ちません!!,0,ほんきゆみ,0
360,3回目の副作用がこんなもんとも思えないんだが？3回目ロットの成分変えるのかな？,2,もえぶたお,0
361,絶対に打ちません💢,1,尾崎豊,0
362,心強くあれば他人に優しくなれる。自分の意思を強く持ち、弱い日本人は終わりにしよう‼️,3,食ぱんマン,0
363,打たないけど30年以上風邪を患った事は無いですよ。ご高齢の方々や基礎疾患がある方以外は、軽い運動や免疫力を上げれる食事をオススメします。まーショットしたけりゃ勝手にショットしてりゃいいけど他人にまで強要するのはやめろw,10,えくすかりぶぁー,0
364,日本はすでにいつもの冬。,1,Momo3,0
365,車両の運転もしずらくなりそうですね。,2,ミラクルみちる,0
366,コロナで喫煙者全員死ぬニュースを見たい！,0,Tah Chan,0
367,打たない権利。,1,超人機メタルダー,0
368,一回も打ってません。打つ気もありません,2,masayoshi k,0
369,そもそも打ちません周りに心筋炎、心膜炎脳梗塞になってる方がいます女性だと生理が止まったり不正出血🩸や生理中の吐き気や怠さなどの症状が酷くなった方や今まで生理痛がなかったのにひどい生理痛に悩まされて病院行っても原因不明危なすぎます,5,佐藤愛理,0
370,イギリスでは、マスクも緊急事態宣言も解除されました。,0,desk1589,0
371,税金を使うのわ　エタ勢力と薬剤企業の国税横領事件です,0,TAICHI3414,0
372,本気で重症化する人を減らしたい と思っているのであれば 去年の春頃のように 少しでも効果がありそうな物が有れば試してみようとするのでは？それをやらない どころか妨害してませんか？ 国民の命より 売電 に忖度する事の方が大事なんですかね？,5,奈良ぷー,0
373,いつもありがとうございます。我が家では　考えに考えて　希望しません。感謝しております。,4,明美 いのうえ,0
374,私は打ちません✨超絶元気です✨洗脳された私以外の家族は、、打つみたいです。コ⚫️ナなんて全然怖くもないのに、やたらとビビっててなんか情けないです,4,N H O,0
375,まだ打つ人いるんだね。まぁ、自由だからいいけど。一度も打たなくて本当に良かった。,3,ゆ ま,1
375-1,臨機応変だよ　今回に関しては打つメリットがないから打たないだけでだよ,0,喪黒福造　笑うセールスヤン
376,三回目ワクチン量は何CCですか⁉️,0,山岸千紗,0
377,みんながうつならうつと言う国民性,1,時空超越1コメラーうつほ,0
378,因果関係不明なら、なんで死んでるの？本機でもっと調べろよ。まぁあっても認めないだろうけど。,6,シャボン玉石けん,0
379,感染者がまた増えたら打ちます❗だって新型コロナの後遺症も酷すぎるし、無症状でも血管機能の老化があるのは怖い‼️…殺人兵器…なる程で憎い…。中国の責任なの⁉️アメリカなの⁉️そこもハッキリして償って欲しい‼️,2,* *O-S-H,2
379-1,@akiさん 私は反ワクのような意見はもう見飽きた！そう言いたいくらいですが、私はむしろPCR検査で漏れてしまう人々が多い事も知っていますし、陰性だったが、味覚が無くなったから要請だったんだと思うと言っていた友人も実際にいるので、そちらを警戒すべきでしょう❗,0,* *O-S-H
380,因果関係不明に対する判断基準が適切か、についても取材・報道お願いします。,3,ヨコハ魔の怪人,0
381,そもそも一度も打つ気ないwww,0,Novak Nadal,0
382,I love CBC & 大石さん‼️,0,Forex Trader ★ Yuki,0
383,一度も射っていません。射ちません。,3,8オチャメん,0
384,ワクチン接種後副作用で、兄二人と長男が脳血栓症になり言語障害になりました。,5,masashiro shiraki,1
384-1,主作用です,2,surudake minakotei
385,過去に黒人にワクチンと称して梅毒実験をしていたとか知ると平気で何でもやってきそうで。今回も十分おかしい事いっぱいだがマスコミ、政治家、専門家を表役者に立ててゴリ押し！気持ち悪い！打ってません,6,ランたん,0
386,コメント欄に本物がたくさんいるね,1,ネオナチbot,0
387,打つ予定はありません。未だに危険範囲,0,今日の、ひとっ飛び！,0
388,日本人いなくなっちゃう😭,1,ひより,0
389,副作用としてカウントされているのはよほどひどい事例でご自身自体がどこにも言わず救急搬送されたり受診されたりしています。あとは発信力のある芸能人がご自身や身内のことをSNSで公表したり。,1,杉浦里美,0
390,ワクチン接種差別は、もううんざりだ！はやく、飲み薬を選択出来るようにしてくれ！😡,0,かなと,0
391,もう二回接種して熱や副反応出た人達は早かれ遅かれ⚰️か重体で廃人確定ですよ。細胞更新が日々進みますから。どっちにしろ⚰️行きですよ。スマホきちがいのくせに調べようともせずトレンド追うだけだったんでしょう。今年が最後の年末年始大晦日お正月なんで枠接種二回した人達は悔いない時を過ごして下さいね。,5,なかとみひとし,0
392,テレビで言ってる対策何もしてませんが風邪すら引いてません,0,ふぅ太郎,0
393,私と家族は一度も打っていませーん！！！！！,6,ようこんぐ,0
394,普通に新型コロナの症状になるだけ🤣後は何が入っているかわからない(極小チップ、遺伝子組換液)🙄デルタ、ステルスオミクロン型なのに射ってるのは武漢型オリジナル🙄３回も射って何になるん🤣インフルエンザの時、型が違うと意味がないとあれだけ言ってたのに🤣獣の刻印お疲れ様です🤓,0,埼玉ヒロ,0
395,もう結構です。3回目は危な過ぎる。無視です。,0,ミロミロ,0
396,素直な国民性、とてもいい表現です❗ワクチンがどういうものなのか、もっとお勉強してからでもいいのでは!!　右向け右ですね。,2,中村とし子,0
397,1回目すら打ってません,1,ましろ,0
398,おぉー久々に興味そそられる動画に出会った！素晴らしい！,1,ロシヤ姉妹,0
399,茶番を暴かせる兵法。本番は、完遂しつつあります。,0,すーすー,0
400,2回目接種率80%近い日本人は素直？いえ、同調圧力ではないか？副反応検証しないんですか？うやむやなまま言い回しで国民が納得すると思っているのでしょうか。副反応で死亡とかコロナにかかるより悪いわ。ちなみに私も帯状疱疹で苦しみました。3回目は打ちませんよ。,7,羽野裕美,0
401,ファイザー3回目打ちましたが元気ですよ?,0,Princess H,0
402,大石君ワクチン接種の効果は人種によって違うと言う事を日本国民い公表してくださいね、かなり違いますからね,0,太郎足立,0
403,マスゴミの罪は月より重い。,10,Bertrand_Sushibar_Russell,0
404,冷静に考えれば、2回接種しても感染するなら、予防効果はない。沖縄感染者に重症者が極めて少ないことを思考すれば、まもなく、空気感染で、集団免疫が可能。弱毒化。それよりも知り合いが、2回接種後の　心臓病で入院した。この副反応ではなく、副作用のほうがはるかに恐ろしいことだ。数年後には　因果関係で大きな話題になるだろう,1,fisherman Nagara,0
405,それ以上は報道できないって事だよね。まー、仕方ないか。形だけの民主主義。,6,斎藤誠,0
406,一回目から未知ですけどね。重症化リスクを9割予防するといっても日本人の重症化率がそもそも非常に低いので、実際の重症化リスクはほとんど変わりません。高齢者など高リスクな人たちには意味があるかもしれませんが、そのような人たちは重篤な副反応率も高いかもしれません。厚労省にはそのあたりの分析、公表も行って欲しいと思います。,1,uwrhwu uvwuirgvq,0
407,どんだけ殺せば気がすむんだよ,12,shiroyagi31415,0
408,はじめから全く打つ気なし。マスクすらどうでも良いとずっと思っている,6,teruki murakami,0
409,治験中の代物。実験中のものを使うというリスクを考えてみれば誰でもわかること。だが、ネットやってない人、テレビでしか情報入れてない人は治験中ということを知らないだろう。地方の接種率が関東圏より１０パー高いのはそれを物語る。そういう意味でも、分科会代表・尾身茂の罪は重いと思うよ！接種後１３００人亡くなっている事実。因果関係が全て不明なわけがない。,13,サル男,1
409-1,1300人の方々以外は逆に「亡くなっていない」という事実でもありますが何故亡くなっていないんでしょうか、、、？,1,ちゃんしっぽな
410,モルモットになりたい奴は打て‼︎,8,U U,0
411,何か腹だたしい世の中ですね!自分の命は自分で判断し守る以外ないと思います!私は絶対に打ちませんよ!,4,藤田純子,0
412,毎日、毎日バカみたいに今日のコロナ感染者何名重症者何名死亡者何名と報道を何の為にしているのか疑問に思っています。聞いても私には､何を意味して伝えているのかその意図が理解できません。,5,ゆう,0
413,東京とか感染者15人で死亡者０人って朝のテレビでやってたけど。これ以上打つ意味あるの？,3,あおうえい,0
414,国会議員さん達は、なぜうたないんでしょ。死人が、でてないようだが。,6,森林みどり,0
415,だから！！三回目はどうしますかって？？動画なのに 最初から 打たないって 決めてる人が わざわざ 見て必死に 打たないって コメントしてるのが 本当に意味がわからん！！？,5,あゆむ,0
416,NHKが報道しないことをギリギリ拡散している、ほんとはもっと言いたいのだろう、大石さんの歯ぎしりが聞こえる。,2,Porco Tredici,0
417,1回目から断ってよかった,2,優貴土谷,0
418,自然免疫で充分です。私はマスクさえしてませせん。,8,ポンポン,1
418-1,私も同様です。,3,surudake minakotei
419,７割ですか？子供は、選べないから、気の毒です、生まれて来たのに治験する？可哀想な子ら、💦😭治験中だ、、、危ないです、,3,kunpunogogatsu,0
420,国やメディアが勧める物には裏が有る！だから俺は打たない,11,斬り捨て御免,34
420-1,@斬り捨て御免 さんに賛同します。ちゃん...なんとかとかいう奴、黙れ!!,2,surudake minakotei
420-2,@ちゃんしっぽな おんなじコメントばっか連投してヘタレは可哀想やな笑,2,斬り捨て御免
420-3,仕事あるから行けるわけないじゃん。何選ばれる側になってんの？勘違いも甚だしいわねいいなぁ、ヒマな人は気楽な事言えてw,0,ちゃんしっぽな
420-4,@ちゃんしっぽな お前の強さ俺に見せに来いやw名古屋来いww,1,斬り捨て御免
420-5,@斬り捨て御免 今度は「小僧」だってw自分より年齢が下だと思ってイキり出したわヤバいわねw,0,ちゃんしっぽな
420-6,@ちゃんしっぽな ネットイキリの小僧が元気やの〜名古屋来いや,2,斬り捨て御免
420-7,老害？こっちの年齢を信じちゃったの？ウケる,0,ちゃんしっぽな
420-8,「裏がある」んでしょ？早く何をもって裏を知ったのか何処の誰がやっているのか証明して下さいよ～,0,ちゃんしっぽな
420-9,子供はさっさと糞して寝ろと自分はさも大人だと見栄はっていざこっちの年齢を知ったらオッサンだったと切り替える変わり身の早業さすが お子さまwそれに最初から知り合いの事を言えたはずなのに後で帳尻合わせるなんて、、もう姑息すぎて笑うしかないwww,0,ちゃんしっぽな
420-10,@武士道國家を復活しよう。日の丸、君が代を廢止 言っている意味がわかりませんが冷やかしですかね？わざわざ遅い時間に冷やかしコメントご苦労様でした。,0,ちゃんしっぽな
420-11,@ちゃんしっぽな 裏と言わんでも資本主義の世界で何かを推し進めるのは金と利権しか無いやろそんな事も言わんとわからん頭やからワク信の頭は悪い言うんやぞ,6,斬り捨て御免
420-12,@斬り捨て御免 だって「裏がある」と自分で言っといて何をどう確証し証明として提示でき論理的に「だからこれが裏なんだ」と何も説明出来ていなくて、個人的な事をつついてコメントしてくる時点で貴方は話をはぐらかしているだけですからw,0,ちゃんしっぽな
420-13,@斬り捨て御免 ちなみに「裏」って何があると何を確証出来る証拠をお持ちなのですか？それを答える事が出来なければただの「妄想癖」でしかないのですが？w,2,ちゃんしっぽな
420-14,じゃぁ支援金10万とか受け取らなかったのね。マイナポイントもいらないのね？ついでに年金もお断りしたらどうですか？w,2,ちゃんしっぽな
421,自己で判断すればいいだけのことこういう動画を見る人は自分で決められない人,3,屑鉄八兵衛,1
421-1,は？,1,Kiss Yukko
422,本来、報道されるべき内容をちゃんと報道してくださって、本当に有難うございます🙏🤗✨何故、p社の株が売られているか、CEOが捕まったか、公務員は何故打たなくても良いと言われているのか、何故、効果の期間が短いのか。3回目行ったら、それでは終わらない⁉️全てネットで調べられる事です🤗,2,未来人,0
423,は～い!　pf pf mo やっちゃいました～!　次、もう一回　moでーす。4回目は流石に命の危険を感じるｗ先の2回は登録されてないからなぁ。4回目でようやく人と同じに2回やった事と同じになる。死んでもいいかって思ってる人は、何回打ったっていいんじゃないの?生きてるのもだいぶ飽きてきたのよ。,3,KAMEN 7171,1
423-1,4回目　結局、3回目と同じ。左腕痛みが1日半。微熱0.8度上昇。37度にも届かず。次の日に正常値。36.1とか。自分の結論としては、moの方が副反応出るね。pfの時は、左腕が1日なんか痛かった程度だから。知り合いの若者は、40度まで上がったって言ってたし。宝くじの当たらない自称健康中年は、こんなもんでしょ。,0,KAMEN 7171
424,一回も　してません。イタリア人は🇮🇹約　85%以上打ってますよ。義務になったので　罰金を払わせられます。🤷‍♀️,0,YoYo,0
425,勿論、3回目を打つやろ！つまらない議論をするな！,0,はるえもん きたの,0
426,ワクチン打った知り合いがキレやすくなったんだけど性格変わるの？,11,モダンタイムス,0
427,ワクチン接種する人が増えて1番得をするのは誰か？一度損をするのは誰か？を考えます。,0,poet in-prayer,0
428,三回目は、打ちたくないです。オミクロンには､効かないような事聞いたような気がするのですが。なぜこんなにコロナ接種を勧めるのか疑問に思っています。国民に先に打て打てと言って政治家は、様子見でもしているのでしょうか？亡くなった方も因果関係は、認められないと簡単に公表されていますがそんな簡単に公表できる事なのでしょうか？きちんと調べて結果を出しているのでしょうか？なんだか国民を実験台にして安全を確認してから政治家は、うち始めるのかと疑いの目で見てしますいます。それほど、今の政治家達は、信用できません。,5,ゆう,0
429,松ちゃんもたけしさんもただの風邪🤧と言ってる,5,春,0
430,一度も打ってないし打つつもりもなかったのに、2回接種で祖母との面会ができるということで家族もみんな打ちました。私も打たないと祖母に会えない...2回打ちたくないけど打たないといけない状況になりました。,5,るーるー,3
430-1,厚生労働省に聞いたら（１０／１１）一律に制限しておらず、ワク証明や陰性証明も具体的な方針は示していない。個別の面会は、入所先の施設と相談してと言われましたよ。強制ではありません。ちなみに私は、1度も打ってません。主人は施設に入居してますが、今週からは（今迄は外と中の窓越し）感染対策と施設の問診表に記入して部屋の中で面会出来る様になりましたよ。ワクを打っても打たなくても感染するし、憲法の予防接種法では、まだ強制できないので打たなくても良いんですよ。,7,Mikan-Mikan
430-2,確率的には副反応は出ても、重篤化ましてや○亡までには至らないとは思いますがキツい選択ですね…,2,丸十勝
431,日本の新規感染者が減って、なぜワクチン接種済み大国で新規感染者が激増しているのかすら説明できないのに、ワクチン接種により何％感染者が減ったなどと、ワクチンメーカー自身が都合良く主張する事が如何に出鱈目で馬鹿げた事かと感じる。,3,KATSU,0
432,コロナに罹ってその後の後遺症で苦しむ確率とワクチン接種後の重篤な副反応の確率で考えると良いんじゃ無いか？,0,Sekiyan Kazu,0
433,勿論、絶対打ちません☆,4,クレさんはイケメン,0
434,2回目打った時は辛かった。でもたぶん3回目も摂取すると思う。,1,te y,0
435,泣いて生まれてきたけれどアメブロご覧下さい,0,まさみ,0
436,偏った報道はいかがなものかと,0,Y K,0
437,コロナ重篤になりたくなくて接種して、発熱、倦怠感、死亡。いったいなにやってんの。,2,mako,0
438,インフルエンザは一年に一回の接種なのに、何故コロナだけ三回も接種せなアカンのか不思議！,2,v p,0
439,岸田総理は打ってますかねー,0,ももえももえ,0
440,副反応は皆さん出てる？ｷﾂｲなｰこの副反応、死にそう,3,みゆりこまちこ,1
440-1,三回目接種の副反応は酷いです。病院で副反応の治療をしていますが、医師も手探りで治療をしなければならない程です。副反応は何も解明されていないのに、四回目接種なんてとんでもない話です。,0,loreley lunar
441,40歳未満に打たせるの犯罪でしょう今後の責任は誰も取らないだろうし、もうオリンピック終わったんだから茶番はいらない,5,2019 netboy,0
442,#未接種者しか勝たん,6,天道あかね,0
443,3回目打つ側は、N95等マ◯ク、アイプロテクション、長袖ガウン等を救急セットとして用意。それだけヤバいということか。,2,IWGP,0
444,正規の臨床試験してないからね。特別承認だからね。自己責任と言ってなかったけ？因果関係証明したくないのか、出来ないのか分からないけど接種後に出た数字は事実(正規に申告してればの話だけどね),5,土屋貴史,0
445,ブレイクスルー感染の言葉ですが、通訳すると、ワクチンはききませんのです。,1,USAF勇気,0
446,昨日打ちました、今は幽霊です,0,康大 村上,0
447,撃ちません。,6,チンチクリン,0
448,打ちません！親戚が亡くなりました,6,春,0
449,別に打ちたくない人は打たなくてよくね？,1,究極の牛丼,0
450,あれ、河野太郎は一人も死んでないって言ってたよ？おかしくね？,10,e36m3ba,0
451,オーストラリアでも、アメリカでもイタリアでも、感染して入院してる人は、接種者ばかりと、看護婦が、暴露してるシーンの動画たくさんみてます割合が打ってない人少ないから、当てにならないという医者もいますが。それは、そうなんですが他の病気は、大丈夫ですかと、聞きたい,3,K O,1
451-1,私も摂取したくない派なんですが、その暴露してる動画貼っていただけませんか？,0,Romero Lucy
452,岸田よ、お前が接種しなよ。,3,サマンタバドラ,0
453,僕はパリ市内在住です。一昨日にファイザー社製の３回目ワクチンを打ちました。摂取前に鎮痛剤の一種アセトアミノフェン１０００ｍｇを飲んでいたので、頭痛・肩の痛み等は全く皆無でした。何故、日本の医学界がこの薬を注射前に飲むことを奨励していないのが不思議です。,0,Michitaka Okabayashi,0
454,打ちたいなら、打ちなされ。打ちたくないなら、打つなだなぁ。やはり,2,メリーめめめ,0
455,国民をヤク漬けにする気かよ,4,Спутник № 0,0
456,半年おきのブースター接種（笑　しないと接種者でなくなるって流れになる何発打つ気？,1,zerokonbu2,0
457,私は打ちません。,1,namasute5,0
458,大石さんありがとうございます。中日ドラゴンズの木下選手がやっと厚生労働省の死亡者リストに載りましたね。お亡くなりになってから2か月たって、たくさんの若い人が接種してからリストに載せるなんてずるいです（TT）,5,CountrysideCat-田舎ネコ,0
459,死んでも打たない,1,しゅりんぷ,0
460,政府って誰なの？誰が判断してるの？,0,F1ハヤブミクロマン,0
461,コロナワクチンは打ちません,1,少しの勇気,0
462,1回も打ってません😊打つ気が無いから,4,さ あん,1
462-1,アナタは勝ち組です,3,名無君
463,打ちますよ。,1,ロキ氏ポップ,0
464,年齢は「代」じゃなくて「歳」ですよ。大石さん。,2,武士道國家を復活しよう。日の丸、君が代を廢止,0
465,予防効果なんてないよ？あると思ってる人は無知。,6,angel presents,0
466,いらんよ。2回で十分,1,kazu hira,0
467,馬鹿しか毒チン摂取しないゎ〜(≧▽≦),0,*nao* nao*,0
468,もう、嘘は辞めませんか。,6,noyori,0
469,3回目? 2回目さえバカバカしい！,3,Sooleng Tan,0
470,私は、ワクチンは打つ気持ちは、ありません❗これからも打つ気持ちはありません❗マスコミの煽る報道は、信用出来ません❗,3,原田幸子,0
471,３回摂取したけどなんともなかったよ。人それぞれ身体が違うからよ副作用もちゃうよな。,1,おろしだいこん,0
472,ワクワクを接種する(したい)人のほとんどは地上波のお偉い専門家の仰る事が正しいし全てですからそもそもこう言う情報を得ようとする発想すら持っていません直接注意喚起しても聞く耳持たずなので、だから私は痛い目に遭うまで目が覚めないのだと　もうほっとくことにしてます。,3,ゴンチー,0
473,結局、信頼できる主治医を持って、その先生に相談して、その先生にお願いして接種する形が望ましいかと？,1,OyaMasayuki,0
474,ビル・ゲイツの命令,2,よこちん,0
475,感染予防効果とかもうはっきり言ってどうでもいい、そんな情報ばかりで肝心な安全性とかデメリットの情報がなさすぎ。予防効果あったって、死んだら意味ないじゃんね、、,2,rinaxx,0
476,最後のトドメ？,8,太田正義,0
477,感染予防効果が落ちても死亡リスクは保たれる？不思議と思わないのかな？,0,マーマン17,0
478,もう打たないよ面倒くさい,0,終末はワニ。,0
479,打ってないし普通に仕事もしてるけど全くなんともねーぞ。コロナって何なの？,0,クローバーーーー,0
480,ノーワクチンノー感染のワイ高みの見物,2,はせがーさん,0
481,コメント消しやがったな？結局ここも一緒かｗ,1,いち,0
482,2回目で辞めますインフルのワクチンは打ちます,0,ソシャゲTV,0
483,打つ予定ではあります❗まわりの人のためにもね😊大石アナウンサーは接種していないんでしょうか❔,2,かいとさえこ,0
484,岸田は一回でも摂取したのかな？,0,Aaa 、,0
485,接種会場で倒れても因果関係不明？とんだすっとぼけ具合ですね。,3,モリモリ,0
486,亡くなった方が1300人もいるんですよね。宝くじが当たる確率でなくなるとしても、亡くなってしまえば確率も何もないです。わたしも家族も打ちません＾＾,0,ともみ,0
487,私は三回目どころか1度も打ちませんでした。緊急事態宣言中も普段通りに生活、仕事も旅行も外食もバンバンしていましたがなんともありません。メディアに踊らされた田舎者が東京人をコロナ菌扱いしている方々を見ていてむしろこいつらの方がよっぽど被害者なんだろうなと可哀そうに見えました。周りの知り合いや友達もワクチンを打つ理由が会社員だと打たされるだとか周りがそうだからとか、その人の意思や思考は関係ないのだろうなと。それを日本人は真面目？とか言っちゃってて滑稽ですね。,1,ゆ,0
488,日本人ってミンナがやるとやってしまうと海外から揶揄されていたのは本当だった〰️ドイツはルールだからやると言う説はどうなっているのか。,2,ニンニンニンコ,1

489,私は普通にうちません。まだ一度もうってないです。それは食事だとか運動とかで自己管理でじょうとうだと思います。,4,pop pp,2
489-1,@占い師 ニートでも金持ちでもうたんでよか。,3,pop pp
489-2,ニートなら打たんでもええかもな😁,2,占い師
490,心筋炎のリスクをこれ以上取ってでも打つメリットがあるんでしょうか。3回目やっても4回目5回目とキリがなくなり、ゴールポストがドンドンずらされていく感じがします。もう、勘弁してください。感染を防がないので💉が切り札ではなかったことがわかったし、少なくとも結核未満の扱いでいいでしょ。,1,マイネルファンロン,0
491,今現在に至るまで自己免疫に守られて生きてきました。今後はそれを守ります。以上!,2,Marukoにゃんにゃん,0
492,私は3回目打ちたいかなーまだ1回しか売ってないけど,0,暇人,0
493,打つわけねー,4,headache .t,0
494,永遠の１００回,0,田中かなりや,0
495,３回目も何も政治家はまったく接種していませんが何か？で、誰か死んだ？,0,ぶーほーひー,0
496,こういう報道をNHKなどでもしてほしいし　国民的議論を沸き起こす必要があると感じます。,1,宮脇眞弓,0
497,コメント欄こええなあ,2,pomrick,0
498,バカは騙されて食われる。,4,金正恩だブヒブヒ,0
499,日本人の国民性とか何？個人個人の意見を大切にしましょーよ。因果関係不明のリスクも一応報告してください。あと打ち間違え、接種記録の間違え多過ぎです。,5,とり天,0
500,3回目接種しますよ。不安はあるっちゃありますが、基礎疾患持ちでそもそも免疫力がなく、通院してますし、親が施設に入っているので接種していないと面会するのにいちいちPCR検査受けるのも面倒くさいので。そういう事情がない方はご自身で判断されれば良いと思っています。,6,kiy zak,0
501,シンプルにデスゲームであることに気づかないほど我々はメディアに洗脳されている,2,エルデンリング専門チャンネル。。,0
502,マスコミにしては、異例の内容ですね、干されないか心配です。,2,新田重樹,0
503,おいはキチンと打ったばい💉打たんよりは打ったほうがましやなかとか？,0,ポコポンシャオロン,0
504,若い女の子に僕のワクティンを打ってあげたい,0,T-ARA,0
505,集団接種会場での死亡報告に関しては医師の処方、問診等の証明が出来ないからこの1300名に含まれていません、実際の所はまだ多いはずですよ。,11,しゅうちゃんねる,0
506,私は３回目のワクチン接種打ちますよ。決まれば🤗,1,ハル,0
507,シンガポール在住ですが、ここでは7割の壁をこえさせるために未摂取はスーパーで買い物できない、外食させない、極めつけは出社できないなど考えられないワクチン差別をしております。摂取は5歳以上の子供まで実施してそのうち未摂取の子供は登校禁止にすると思います。因みにワクチン摂取率上がれば上がるほど感染者異常に増え始めて本当に酷い状況です。,1,Apple,0
508,３回目を希望する人とかいるの？,3,薬師寺天膳,1
508-1,は～い！希望します！,0,qvmk iwze
509,陰謀論者多すぎ陰謀論とかって歳取れば取るほど信じやすくなるらしいからコメント主のチャンネル名見ただけで察しやわ,3,ぺぺ,0
510,こう言う報道をするべき！ワクチン接種差別は、やめてくれ！,2,かなと,0
511,打ちません、、　自分の身は自分で守らないと..,2,メジロアサマ,0
512,やっぱりこういう動画には言葉がおかしい人達が身を寄せ合い守り合うんですね。一定の予想はしてましたが予定通り自分は接種しようと思いました。,2,もーみん,1
512-1,じゃんじゃん打ちまくりなさい,2,鷲 三鷹
513,情報弱者は損をするを超えて死んでるよね  結局は人間って情報で死んでるってことだね,1,Masa gears,0
514,打つやついないだろ。こんなの,6,バナナパンダパパ。みんなとわいわい系YouTuber,3
514-1,@バナナパンダパパ。みんなとわいわい系YouTuber 私は37.2℃の微熱がでて、体がめっちゃだるくて腕が痛くて特に2日目が痛いですね。頭もちょっと痛かったです。２回目は12月8日に打ちに行きます11月16日で12歳になったので11月17日に打ちに行きました,1,暇人
514-2,@暇人 どーでした？うちの病院の場合だと1回目は腕痛いかなって人が大半でしたが。,0,バナナパンダパパ。みんなとわいわい系YouTuber
514-3,私一回目打ちました,0,暇人
515,そうですね、打つように半ば強制圧力化してくる前に、政治家は打たなくてよい。と言う法案をどさくさに紛れてコッソリ2020年末に作ってます。麻生さんがしたのを聞きましたか？二階さんがしたと聞きましたか?みんな高齢者ですょ⁉️,3,Haru KiKi,0
516,看護師ですが打ちません。２回までは転職するのにマストでしたがもうやりません。,2,もも,0
517,今の政府は認めていない。,2,室井修,0
518,国会議員のほぼ９割以上が未接種、医者のほとんどが未接種の段階で　答えは出ていると思いますが、、、　反てー意見を書くと有無をいわさずに削ー除ょされるってこと自体おかしい・怖いと感じませんか？　なぜここまで〇ワちゃんに対して言の論の統制がされるのかと・・・,2,S K,0
519,日本は右へ倣え、ですから。戦後の教育が間違っていたのでしょう。私は先生の解説に異を唱えることが多かったので、高校への内申書も期待できず（地毛で茶髪でしたしね）大学への推薦も受けられませんでしたよ。まぁ受験して合格したけど。とにかく回りに忖度、右へ倣えを何とか変えなければいけません。つまり、薦められて打つではなく、自己判断が必要なんです何事も。三回( ﾟДﾟ)なんてとんでもない🙅完全拒否🚫,2,ナックル&Eeファス,0
520,今の曖昧な不誠実な政府の対応からしても私は、安全な塩野義のを待ちます。,1,renonkkk,0
521,因果関係のわからない死亡者数になんの意味が在りますか？接種後交通事故で死亡した人もこの中に入っているのでは？,2,ナカシママサトシ,0
522,現在、海外では感染者について調査した結果、接種者と非接種者の重傷者と死亡者の割合は、接種者の方が重傷者も死亡者も割合が高かったのです。接種者には申し訳ないですが、打つ人の気が知れません。こんなにも効果が無く、更には自己自然免疫力を著しく下げてしまう物を身体に入れる必要が有るわけありません。,1,鬼レモン,0
523,ニコニコ動画を観ましょう。,4,ゆ ま,0
524,年1回なら毎年打ってもいいよ。副反応で寝込んだから打ちたくはないけど死ぬよりは良い。,1,佐々木ゆみ,31
524-1,@ちゃんしっぽな 注射好きなんだ。やりすぎには注意してね♡あと何回打つの？打った後トイレで倒れないでね？医者が迷惑するから？,0,XX XX
524-2,@XX XX 毒？副反応？37.5℃の熱が2日で苦しむ？は？全く副反応が起きない人も会社にはたくさんいますし、あなたが何をビビってらっしゃるのか全く理解出来ないんですが、、、あ、注射が恐いのね。成る程,0,ちゃんしっぽな
524-3,@ちゃんしっぽな そうなん。風邪ひかないのはそのおかげだと思ってたｗｗｗでも重症化しないために毒打って副反応に苦しんでんでしょ。変わった人？,0,XX XX
524-4,@菊竹淳 話をすりかえないで下さい。私はあなたに何故接種後に亡くなる人と三年後に亡くなる人の化学的な違いの説明を尋ねているんですよ。私が接種したかどうかを返答する事は話の論点からズレていますよ。誤魔化さないで下さい。早く質問にお答えくださいな。,0,ちゃんしっぽな
524-5,@XX XX 「自分の体のため」ですよ？何を言ってんの？勝手に決めつけないでよ。思い込みが激しい人だわぁw,0,ちゃんしっぽな
524-6,@ちゃんしっぽな ワク打ってる人は周りにうつさないためにやってるんですよね？最近風邪ひかないと思ったら、そのおかげだったんですね？感謝感謝？,0,XX XX
524-7,@菊竹淳 あ 逃げたwていうか 早く3年以内に亡くなる論理を化学的に説明して下さいよ～,0,ちゃんしっぽな
524-8,@ちゃんしっぽな 別に信用しなくともいいじゃん｡自分の信じたいものだけ信じれば？誰も,強制しないから！,0,菊竹淳
524-9,@菊竹淳 逆に情報をきちんと正しく把握出来ていない人のコメントに信用性を見出だす事など到底出来ないんですけど、、、,0,ちゃんしっぽな
524-10,@XX XX 皮肉ですかね。副反応はどの薬でも起きる事象だし疾患のある私にとってはコロナ感染の方がよっぽど危険なので、感染症科の主治医や薬剤師ときちんと相談して決めますので、素人の貴方様のご心配は無用です。自分の体とワクチンの事をきちんと理解しているのでご安心下さいな。,0,ちゃんしっぽな
524-11,@ちゃんしっぽな 3回目は副反応ひどいみたいだから、がんばって生還してね。,0,XX XX
524-12,@XX XX 接種済みです   で？,0,ちゃんしっぽな
524-13,@菊竹淳 あのう、、そういう個人的な事で話をはぐらかすのは止めて頂けますか？ちゃんと質問に答える事をしないってどう考えても「逃げ」ていますよね？,0,ちゃんしっぽな
524-14,@菊竹淳 逆に9458万人は亡くなっていないんですが何故なんでしょうか、、、？,2,ちゃんしっぽな
524-15,そのうちアレルギーやヘルペス、帯状疱疹を発症して、風邪で肺炎になりますよ。,8,Kan Kan
525,人体実験反対派は人体実験賛成派の邪魔しちゃダメです,2,やや,0
526,打つわけない。3回打っても終わりじゃないよ,3,jasmintaka,0
527,いいから3回目を早く打って打って打ちまくってくだちゃい～、どんな副反応が出るか？楽しみで仕方ないでちゅう～僕は絶対に打たないけど（笑）,0,太郎 日本,0
528,訴訟になったときのにげみち報道,0,まさみ,0
529,打った危険性より打たない方が面倒臭いから私は打つよ　ワクチンに危険性は付きものだがメリットの方が大きい,1,竹田元彦,0
530,10回目だと%はどうなるのですか?検証おねがいします。,0,PEGASUS3724,0
531,まず1回も打たない,3,日本の平和を考える会,1

532,か,0,山本健一,0
533,接種後の死亡者数、100万回あたり、ファイザー8.36人、モデルナ1.66人。因果関係ないのであれば、回数が増える程この数字は限りなく等しい数字に収束していかないと統計学上説明が付かない。明らかに因果関係あるのですよ。,0,モリモリ,0
534,まっぴらごめんです。ありがとう。,1,早雲北条,0
535,憲法改正阻止段階緊急事態条項阻止段階基本的人権失います,1,まさみ,0
536,打って欲しい。接種率が低いと強制法案に繋がるからだ。知らない人に心から感謝しています。知る人と知らない人の差は大きい。,0,takachan deep,0
537,感染予防効果ではなく発症予防効果です。最初の製薬会社の治験が発症予防効果ですからそれが減少するデータも発症予防効果になります。論理的にそうなります。米国で接種者300万人を追跡調査したとかで出てきた数値と聞いています。原文は英語でしょうから調べられませんが、発症予防効果と言っていた医師がいます。感染と発症は違うので混同しないで下さい。,0,a369258147z,0
538,色んなデータから必要ないし態々リスク負って迄接種させる理由がない。,0,Katsuml Hizawa,0
539,いい加減気づけよ🐑,0,五右衛門小梅,0
540,絶対に打たないよ。,1,和歌麿,0
541,騙されないでみなさん,1,坂口とわ,0
542,同調圧に日本人が弱いだけです,1,ヴァニラアイス,1
542-1,イタリアです。イタリア人も同調圧力に弱いです。後、感じる事はテレビ脳なのでテレビの言う事を100%信じる人が多いです。📺の言う事を疑っていません。もう一つは仕事をするのに接種するか、２日おきの陰性証明書(検査一回１５ユーロ)が必要となり、毎回払うのは高額になるので諦めて接種した人が多いです。,1,Norma
543,打つわけない,2,jasmintaka,0
544,リスクへの効果は保たれるって、リスクが保たれるって、変な言い方じゃないの？,0,中井養三郎,0
545,打ちません。,1,あきえ,0
546,年齢は代じゃなくて歳ですよ。,0,武士道國家を復活しよう。日の丸、君が代を廢止,0
547,打つ必要性が無いので打たないくだらないわ～,0,寿司らーめん,0
548,人間やめますか?タヒにますか?,0,mawa mama,0
549,コメ欄にホンモノが多すぎて怖い,3,諏訪っすわ,0
550,もちろん、当然打ちますよ。タダで摂取できるし、半端な風邪にもならないからね。副反応にビビッていたら、何にもなりませんよ。どうせ、副反応でても、1日か2日寝てたら何とかなるし。それに証明書いるところで、わざわざ、高い金払ってPCR検査して陰性証明書提示しなくても接種証明アプリ見せるだけでOKだし、便利だと思います。,0,瀧浩一,0
551,ko,0,kr4phw8p,0
552,失敗作だと認めよ,1,ももえももえ,0
553,打たないバカ多いw,5,U R,1
553-1,打つバカも多い,2,Kiss Yukko
554,一回目平気２回目ガチで、三途の川渡りかけた。３回目恐い,2,フランクニテイ・カサブランカ,0
555,2回は仕方なく打ったが3回もいやだー打った人。に10万円くれなら打ってやるよ,1,星かずき,0
556,ほんと、こんなこの情報を評価するなんて。宗教やな。オールドメディアの洗脳…恐ろしい。,0,せっつん,0
