1,社会の変化を少しずつ実感してます。大石さんの活動、本来あるべきメディアのパワーを見せてもらった気がします！応援してます！！,733,MB,1
1-1,平　塚　の　河　野　太　郎　は　、　私　利　私　欲　の　た　め　に　「　ワ　ク　チ　ン　担　当　大　臣　」　の　職　責　を　途　中　で　放　棄　し　た　男　で　す　。,0,水澤秀成
2,大石さん、いつも分かりやすい解説ありがとうございます😊 番組と動画拝見させて頂いてます。後遺症で悩まされている方の話を聞くと胸が痛くなります(><) 後遺症で悩まされている方が、これからの国の体制で多くの方が相談などをして悩みが少しでも解決出来ればいいなと願っています！大石さん、これからもよろしくお願いします🙏😊,426,LOVE N.Hidetoshi,0
3,こんな素晴らしい番組を放送して下さり、愛知県民として誇らしいです！応援しております！,460,みっちょん1018,4
3-1,いいなあ、愛知県。,23,絵夢
4,大石さん、長尾先生、南出市長、有志医師会のおかげで国が動きましたね,287,piki-ri,1

5,大石アナとCBCニュースが果たした役割は非常に大きいと思います。感謝,713,ててこ,6
5-1,@m mi まぁその側面もあるからその批判自体はいいけど、一方で、番組の制作や出演者がすべて同じなわけじゃないから、同じ局でも色やトーンが変ること自体は不思議ではない。まぁそれでもそういう批判自体を受ける義務はTV局にはあるけどね。,2,UPUP
5-2,@m mi 調べている段階で、状況や考え方が違ってくるのは当然だろ。頭の固い頑固は、こうだからね。,17,mstk kt
5-3,以前は中立を装いながら、わくちんで体調不良になっても2、3日経てば治るからと打つのを勧めるような放送だったのに、今度はわくちんを否定するように後遺症についての放送！いわゆる、マッチポンプじゃん！,12,m mi
5-4,@うま 河村市長、また、国政に戻ってくれないかな・・・そして、総理に成って欲しい。,29,666ukai
5-5,愛を知る県に感謝！河村さんが動いたら慌てて国が動いてて呆れた！でも、国を動かす方法が分かった！後遺症を訴えてる人の数が多すぎると判断して河村さんが接種中止にしたら国は相当困るだろうなぁ～😄,86,うま
6,最初から後遺症が怖くて、ワクチンまだ打ってないですが、今となっては打たなくて良かったと思いました。,199,宮本浩伸,10
6-1,@ノン なのにみんな平気で打ちますよね。ほんと不思議です,3,Deutschland0809
6-2,自分も発熱する事も嫌で一度もうっていません。コロナに感染してもほぼ無症状の確率が高いですから。,2,ノン
6-3,@ken bou さん。私も、自分にとって大事な人が、打つ気満々で１回目の予約、仕事の都合で打てなかった!　と聞いて、必死で説得したら、打つのをやめてくれました!　本当に嬉しかったです!　😂　そんな事ありましたから、とても嬉しい気持ちですよ!　🙆,8,ひとみ たかはし
6-4,@ひとみ たかはし 　はい。物凄く嬉しかったです。よかったーー,2,ken bou
6-5,@ken bou さん。打たなくて本当に良かったですね!　ましてや、好きな方も!　😄　やはり治験中の物だから、誰にも分かりません!　これから１年。５年。10年経って見ないと…　好きな方が打たれてない!のは、本当に嬉しい事ですね!　🙆,8,ひとみ たかはし
6-6,私も打たなくて正解だった。鹿先生って人がまだユーチューブにいた頃に動画見ていて助かった。運が良かったです。好きな人に「３回目とか絶対だめよ」って言ったら、「あたしは１回も打っていませんよ」って言われて凄い嬉しかった・・・関係なくてすんません。,29,ken bou
7,治験1年で1291種類の副作用が起こったとファイザーが公式データを公開してるけどこれが毒じゃなかったらなんなんですかー？？？？？？？？,598,浩二,19
7-1,@Mustang  起こる可能性がある有害事象が1291あると言う事ですかね？免疫系の疾患がかなり多いですね。そしてこの社内資料は裁判所の命令により公開する流れになったと。さらに言えば75年間非公開にするよう要請していたと。ここまでは合ってますか？,9,もっこり小太郎
7-2,@もっこり小太郎 あくまでもファイザーの公開した資料が前提です。・今回公開し資料のうち38ページ分がウェブで見れます。内7～29ページにファイザーが集めたデータの分析が記載されておりますので、ご確認ください。・ファイザーの資料の都合の良い一部だけをいい加減に翻訳したものをそのまま安易に引用する人もおられますが、原文を自分で確認すべきです。,8,Mustang
7-3,@もっこり小太郎 1291の有害事象が発生し得るらしいです、十分ヤバいですよね後心筋炎は爆増してる様です　私も無知故心筋炎？なんじそりゃと思ってましたが調べると心筋細胞は一度傷つくと二度と再生しないと結構怖いみたいですな、まぁ間違えも有るでしょうし自分で調べて自分で判断するしか無いですね,9,リヒリヒト
7-4,@Mustang では、実際にいくつ副作用が起こったんですか？,3,もっこり小太郎
7-5,@とととみみみ 様、100年前に仕掛けられたスペイン風邪は収まるまでに4年掛かったそうです。で、何となく治まってしまった様でこれと言った決め手も無くらしいです。‼️,5,宮田和博
7-6,@とととみみみ 様、ある、専門家が言ってました。新興宗教に洗脳されると、親や家族では洗脳を解くことが出来ないそうです。例えば、歯が悪いとき歯医者でないと治らないのと一緒ですね。中々解くのは難しいですね。📺️で、コロは居なく成りました。って、言ってくれれば終ると思うのですが。‼️,6,宮田和博
7-7,@宮田和博 日本の場合、医療機関からの報告じゃなかったっけ。アメリカは本人からの報告だから、さらに膨大な数になってます。,10,おいも
7-8,治験と言われても、竹輪を食べたあとどうでしたか❔何てアンケートが来たことが有るんでしょうか❔おかしく成った人達からの結果報告でしょうが。❕,5,宮田和博
7-9,「1291種類の副作用が起こった」については間違いです。治験とか研究において事前に関心がある有害事象が1291項目設定され、実際にその項目が起こった場合に報告するよう安全監視要件リスト（管理項目）が設定されたいただけです。実際に1291種類の副作用が起こったこととは違います。そのことをあたかも1291項目の副作用症例があると報告書の一部を抜粋して語報道されただけです。,14,Mustang
7-10,@えも シビアな見方をすれば確かに！！,10,おいも
7-11,うちの両親はエンドレスで打ち続ける打ち続けるみたいです(´Д⊂ヽメディアの洗脳を解くことができませんでした・・・・・・,41,とととみみみ
7-12,最初から有害事象を知っていながら国民の約8割に接種させて、被害が拡大してきてこういった報道で突かれたからポーズで窓口設置した感じ。しれっと４回目も勧めてるし悪魔だよ。。,80,えも
7-13,最近の傾向として　コビナビを始め強気で　攻撃してると感じる。わかってて　やってる。反ワクがーと　決めつけて必死。でも　バレますよ。このうねりを　盛り上げましょ。これ以上、身近な人を　見てられないです。,72,Kiss Yukko
7-14,政府は知ってて、少し理解したように岸田が言ってますが、裏では5回目の話が、既に出ているようです。ここまできても、気付きがないと、重症すぎです。,87,レイワチ
7-15,それ多分、テレビ民は知らない。かわいそうで言えない。,121,おいも
8,大石様はじめCBCスタッフの皆様、粘り強い取材、報道誠にありがとうございます。これを薬害と言わずして何と言うべきでしょうか。この報道を見て、一人でも多くの方が接種を思いとどまることを祈ってます。接種を勧めた医者も政治家も官僚もどうしたら自分に降りかかるであろう非難を回避できるか考えている段階だと思います。,402,井原世之介,4
8-1,まさに報道を見て、親族が３回目をやめました。心からありがとうございます😭,16,yumiko
9,現実苦しむ人に今迄は、気のせいだとかで済ませていたがやっと国が認め初めてきたようです。早く原因究明し治療薬などに辿りつけることが望まれる。大石さん、報道人として光っていますよ！！どうかこれからも期待し、応援しています。,330,merusir aran,12
9-1,@あいう 　　統計上明らかに異常。それまで数千人単位の変動だったのが、２１年度に突然67,000人。　　（７万人じゃなかったと思いますが、それでも突出しています）　　　　　その前の「突然」は東日本震災の年でそれでも前年比５万５千人程度の増加だったと思います。　　コロナによる病巣逼迫？そんな事はありません。それならば、大都市の死亡数が増えるはずですが　　全国的に満遍なく増えています。そもそも、２０年度は前年（１９年度）に比べて減っていたのです。　　コロナ真っ最中ですね。２０年度も。　　あの注射以外想定される要因があれば、教えてください。考えつかないですよ。,2,ken satou
9-2,被害者をしかも未成年とかを精神病扱いしてた医者とか免許とりあげてほしいわ～,2,UPUP
9-3,@斎藤誠 数年通した結果として、大した事ないから。,0,あいう
9-4,@杜氏芳太郎 接種開始後の超過死亡者数が70,000人越えと激増してますがこれが気のせいだという説明をして下さい。,11,斎藤誠
9-5,気のせい！気のせい！(≧▽≦),1,杜氏芳太郎
10,相談窓口設置より、ワクチンを止めようとはならないんですね…。1571人の死亡者が出てるし、これだけ辛い目に遭っておられる方がたくさんおられるのに。5歳から11歳のお子さまにもワクチン接種が進んでいるし、4回目の接種の話まで出てるって、おかしい事だと思います。,1042,キューピー紀子,64
10-1,おかしいかどうか、頭悪い人に正確な判断できるとは思えないがｗ自分の学歴や勉強の出来具合を見つめなおした方がいいｗｗ幽霊とか信じてそう,0,tonbo233
10-2,利権ってもんがあってな（以下略,1,こここ
10-3,@DCドライバー そんなんインフルエンザ止めよう！と言ってるのと同じだぞ,0,tonbo233
10-4,どうやってコロナ止めよう？,1,DCドライバー
10-5,@yukicandle 普通の会社員で偏差値の低い人が医学を語る！！！！！ウケるｗ,0,tonbo233
10-6,やっぱインフルエンザとかも昔から何かしらいちゃもんつけて打ってない感じですかね？キモチ悪い人達だなあｗ変わった行動する人って,0,無限スリースターズ
10-7,株式会社アメリカ様からの圧力ですよ。今度はゲノム編集のトマトが小学生に配られて食べさせようとしています。ゲノム編集は生殖機能に異常をきたす危険性があるため欧州では禁止されています。日本人はワクチン接種もそうですが実験台にされています。,5,4172 moment
10-8,@CoCo そうですね。確か2023年の5月まで治験中と認識してます😳,3,ぼけこちゃん
10-9,@yukicandle 　トドメとか。流石に笑えない・・・,1,ken satou
10-10,@nekodansyaku55 その通りです。既に３月迄のワク◯◯のロット分類バッチコードは、全て効果されてました。ブラセボ以外の弱毒性～致命的な強毒性まで数十種類も分類されてありました。ワクメーカーのデータベースで確認され、バッチコード別に分類されてる事が判明。バッチコードによっては、４ぼう者・重症化の人数差が数百倍も違うのです。これは、ランダムに打っているはずのワク◯◯が偏り過ぎてあり得ない事実となってます。各国の研究所等で、ワク◯◯に含有されている非公開物質の有毒な重金属類 が続々と証明されてます。アルゼンチンの裁判判決では、酸化グラフの含有を認めています。３月にはニュージーランドでマット・シェルトン博士率いる研究チームが、スペインの顕微鏡画像と同じ共通の酸化グラフとは別にナノチップ類(マザーボード。コンデンサーなど)の撮影したものを公開しました。しかし、ニュージーランド政府・保健省は無視しました。この重要な事実をネットサイトのインタビューで告発しました。いろんな事実を知る動画サイトがあります。b i t c h u t e という海外のサイトです。日本語翻訳してるKojicosiKojicosi 2T4 JAPANアルシオン・プレヤデスを検索して見てください。その他の動画サイトはニコニコ動画よりもr u m b l e O d y s s e y V i m e oがあります。,5,Guyshar9999
10-11,@あいう そう思う人は別にいいんじゃないですか？私の周辺では明らかに打った直後から体調不良の人増えてますけどね  特に3回目  打つのを止めないので、打つことを強制しないで欲しいです,3,CoCo
10-12,職員セシュのフクハンノーは、できる限り報告しないように!と言われてました❢見てる限り、アプリは入れるようですが、その後の体調調査など全くございません❢病院のPCセキュリティが変わり、職員iD入力でAi人間ロボ🤖が表示されてました❢〘ウッた人〙,7,コトミカ
10-13,@Itsuro Isokawa 人口動態統計では戦後最大のタヒ数とか  超過４ 亡は６万人以上とも､､アレの流行った一昨年は超過４亡はマイナス⤵︎   アレの開始した去年の超過４亡は大幅増⤴︎︎何故なのでしょう🤔,6,CoCo
10-14,@川崎恵理子 見事なまでの実証例ですね  ここまでなっても気付かないならもう気づく機会は無さそうです,3,CoCo
10-15,その可能性大ですよね😞私も実際の人数を隠してると思います。,7,キューピー紀子
10-16,実際は15,710以上では。,7,Itsuro Isokawa
10-17,@nekodansyaku55 治験ではプラセボ使いますもんね  そう言えば確かまだ治験中でしたよね🙄  あらゆるタイプで人〇実験中かも～,5,CoCo
10-18,@コトミカ だから、川村と長尾が儲けられないじゃんｗｗ凄い利権だおｗ打った本人が儲けるんだからｗｗ,1,fjiewojfolf3
10-19,ワクチン止めたら、川村も長尾も儲けられないじゃんｗ吉本興業もｗｗ,1,fjiewojfolf3
10-20,知人接種後　膀胱がん　帯状疱疹　心筋炎になりましたが、枠のせいだと思ってもいません。3回目打ったと　どれだけコロナが怖いのか、即中止して欲しいです。,17,川崎恵理子
10-21,在庫処分したいのが本音と思います😔☁それと危険意識が国民全体に広がらないのは、世界中で医療関係者が告発している「プラセボ」「希釈」バージョンの存在と思います。何でもない人と軽い副作用の人を混在させ、問題提起を遅れさせる意図だったと疑っております❗😑💢,17,nekodansyaku55
10-22,@キナキナ 全国の自治体に指示が出たそうです  それなら枠の方を先に止めろと言いたいですけどね  今まで門前払いだった分、治療や副の報告は上がりやすくなるとは思います  治験のデータ収集も進む？,10,CoCo
10-23,@CoCo さま　はい。そうだと思います。過去にも、現在もそうですが、3S政策があるように歴史は繰り返していると思いました。,12,MAKO
10-24,と言うか、その相談窓口や医療機関にも政府の息がかかるから、尚更管理しやすくなりますよね。「因果関係の有無にかかわらず」、つまり全部因果関係無しに出来るんじゃないですか？政府の管理下にある病院なら。一概に喜ぶべき話ではないですね。,18,キナキナ
10-25,狂っていると思います。,30,柴田稔
10-26,@リヒリヒト それでも４回目打つんでしょうね､､,22,CoCo
10-27,知り合いが3回目打った後すぐ寝込んでその後調子悪いんですよね,27,リヒリヒト
10-28,@MAKO それだけ、政府やメディアがここまで腐ってるとは思っていないんでしょうね,29,CoCo
10-29,@うめぼし 金と脅しかと､､議員辞めた人が当時は発言に圧がかかっていたと仰っています,29,CoCo
10-30,@Y M ここに出てる数字は氷山の一角ですよ  医者も政府も４因として因果関係認めないし、心ある医者が報告にあげるのはほんのひと握り  ツベで副で数ヶ月入院した家族のことを発信していた人も、病院に何度もかけあって漸く、報告書に上がったくらいです  厚労省の人口動態でみれば、アレが始まった昨年が戦後最大の死者数です  もちろん、コロが死因ではありませんよ,28,CoCo
10-31,たった1500人だろ,0,Y M
10-32,@CoCo さん　洗脳というのですかね🥲例え何があってもお注射が原因とは思わないと思います。,16,MAKO
10-33,@うめぼし 知ってて患者出してる所、薄々解ってしてる所と、信じ切って対策強化してる所まちまちです😫💨,13,コトミカ
10-34,@コトミカ さん出た～!対策支援金😠😠😠,14,Norma
10-35,@うめぼし人間が環境破壊していて 🌍の寿命が、このままじゃ短いから地球を守る?チームが💉を推進してます。金も権力も勿論ありますよね…。,17,Tatsuko
10-36,@コトミカ やはり金か！金なのか⁉︎ (,,Ծ‸Ծ,,),33,うめぼし
10-37,ほんそれv(´-ι_-｀)v中止の一択で全て解決なのに...。,47,うめぼし
11,大石さん、CBCの皆さん凄いよ！人々に希望を与えた。名古屋市が動いた。国もやっと動いた！,432,tetter,2
11-1,愛知から日本が変わる。,48,大砂勲夫
12,相談も大切だけど今すぐワク接種を止めるべきです、そもそも予防になってないでしょひとりでも具合が悪くなった人が居たなら止めるべきです,258,はなもり,5
12-1,打った後肩が上がらないとか高熱がでるとかがもうおかしいですよね。,2,ノン
12-2,治験中のワクチンなのに、それをしっかりと報道せずに、安全だから打ってくださいというニュースばかりなのはおかしいですよね自分の身は自分で守るしかないですね,6,yuri1989
12-3,予防になってないし後遺症で苦しんでる人がいるんだから接種は普通なら辞めるべきだと思います。それを何故 辞めれないのかが不思議でなりません。薬害の事は一切触れず説明もしないまま放っておくのは、どうかと思います💦直ちに辞めるべき問題だと思います。これ以上、被害者が出ない内に。TVでは都合悪くて言えないんでしょうね…。接種してもらわないと計画が進まないから💦亡くなってる人も居るのに。どんな神経してるのか？自分で蒔いた種は自分に戻ってきますよ。今に痛い目にあうでしょう。悪い事は出来ないもんですよ。長くは続きません👍,31,あい
13,三回目接種のCMと同様に後遺症相談窓口もCM流さないと。,385,白鳥麗子,2
13-1,同感です!そのとおりです!,8,謙一 日馬
14,大石さんは本当のジャーナリストですね。嫌がらせとかあるかもしれませんが、みんなのために引き続き頑張ってください。応援しています！,205,d h,1
14-1,こいつはただのサラリーアナウンサーだけど,1,ひむひむ
15,大石さん、CBCさんありがとうございます。ワク○ン後遺症についてもっと認知が進んでほしいです。世間でこの認知が進めば、早くからワク○ン後遺症の方を診療しているお医者さんや、ワク○ン後遺症について発言し、警鐘を鳴らしてくれている研究者の方への攻撃も風向きが変わると思っています。,159,yukinowata,1

16,政府の負担を減らすため、医療機関に相談窓口を設けるよう指示が出たということですね。政府は相談されても何もわからないんだから当然ですね。どこまで医療機関に負担かけるつもり？「適当に因果関係不明で片付けといて〜」ってか？,373,よしよし,15
16-1,@自分 何が言いたいのか全くわからないです。相談窓口を病院に設けたら病人が増えるとお考えですか？病人は相談窓口なんかなくても病院に行くと思います。,1,よしよし
16-2,@斎藤誠 bigkさんが、儲かるとか言い方が悪いって事です！,0,香川敏子
16-3,@香川敏子 bigkって人が言ってる事も一理あるし医療関係の内情はいかに病人を増やすかです。病人がいなくなったら儲からないんだから。顧客開拓しないとメシが食えないって事。,1,斎藤誠
16-4,@kuro kuro 私は鬱病なので、ワクチンは一回も打ってません、知り合いの人も打たない方が良いと言われました、だから打ってません！,0,香川敏子
16-5,@kuro kuro ずいぶん長い文字ですね？読むのが大変でした！,0,香川敏子
16-6,@自分 何それ、貴方おかしいんじゃない？,0,香川敏子
16-7,@自分 謝って済む問題じゃないんですよ！重症の人もいるんです！,4,香川敏子
16-8,@自分 病人が増えた方が儲かるから良いじゃんとか言い方しないで下さい！,3,香川敏子
16-9,@自分 何言ってるの？,4,香川敏子
17,「センエンする症状」等、日常で使い慣れない言葉を使わずに「後遺症」と言ってほしいけれど、因果関係を認めていないから「後遺症」とは言えないんですね。自分で選択したとはいえ、国を信じたり、その為に圧力を掛けられた結果なのだから、ファイザーが公開し後遺症と照らし合わせたりして、当ては因果関係を認めて保証するべき。どんな症状が出るか予測できないとも言われているのだから、国としても積極的に情報を集めて公表してほしい。,224,satoko,1
17-1,でも、各国ともF社と10年間は後遺症を認めてはいけないという契約書を交わしているでしょうから(F社とイスラエルの契約書は暴露されてます)因果関係不明で凌がれて国が全て認めることは難しいかもしれません。,29,茶々丸
18,後遺症窓口も大事ですが、兎にも角にも接種中止に動かないと説得力ありません。まーたメディアが、感染者ガーとなってきましたよw打ち続けてたらループ地獄ですから。,281,Yuri Ka,2
18-1,まだまだ喜んで打ってる人はかなりいます。怖いです。,39,くるみくるみ
18-2,もう無限ループに突入してますよ！,40,斎藤誠
19,大石さん、今日も解説有難うございます。この番組が全国放送でない事が残念に思います。紹介された方の症状は氷山の一角ですよね。💉の中止をすれば良い事なのに何が起きようが止めない不思議。,282,下袴田広美,4
19-1,@謙一 日馬 おはようございます。地方議員さんでも、地域により、立ち上がっておられ、ワーの危険性を認識して、中止するよう訴えかけていますね。私が住んでいる所は誰もいません。もう、中止派は、医師の会、弁護士会だけです。,2,下袴田広美
19-2,地元の議員二人に実情訴えています。未だに回答無し。困ったものですよね。この4月に部署異動となったコロワク対策室係長に既に後遺症事例紹介しておりましたがなんと、申し送りしてなかったようです。驚きですよね。１番重要なこと。,3,謙一 日馬
20,スタッフに感謝。歴史に名を残す。,127,Suleyman78 -【Stationery】,0
21,国が動いた・・・動てなんていない。接種券の内容、後遺症とは言わず「遷延」逃げる気満々ですね。,128,平日休みの過ごし方。,0
22,後遺症が心配でワクチンは打っていませんが、職場の9割が打っていて、一人として後遺症が出ている人がいない為、打たないなんて意味がわからない！打つべきでしょ！と言われています。　この事実が、その人達に届いて欲しいと思います,39,T K,1
22-1,誰でもいいから早くぶっ倒れろ！って事ですね？わかります。,3,斎藤誠
23,そもそもワクチンではなく、遺伝子治療薬ですので後遺症は発症してもおかしくないです。大石さんの真実を突き止めようとする姿勢に感服いたします。,76,namasute5,1

24,本来なら大石さんたちが今まで取材してきた事は厚労省がするべき仕事であった筈。相談窓口の設置も遅すぎます。これだけ後遺症の方々が増えているいるのに💉を中止しようともせず、相談窓口を設ける事で自分たちがしてきた事をゴマカし、まだ3回目、4回目と推し勧めている現実に矛盾を感じます。大石さんたちの誠意ある取材が無ければ私達は何も知らなかったでしょう。これから打つ予定の人たちが1人でも多く、この動画を見て考え直してくれる事を願います。,121,riko,1

25,素晴らしい番組をありがとうございます。国がどんどん変わる流れが見えますね。大石さんのお陰です,145,コウノトリごはん,0
26,私もかかりつけの病院で相談したらキレられ出禁状態になってしまいました。ワクチン後遺症などない、ここでは無理だから心療内科に行ってくれと言われもうよくわからなくなってしまいましたが明らかに打ってから出てる症状があるのに何でこんなこと言われなきゃいけないんだろう。,103,やわゃ,5
26-1,病院は患者を出禁になんかできません。それ、書面にしてもらって弁護士のところに相談に行きましょう。お金をたくさん取れますよ。,12,斎藤誠
26-2,あいさんカフェオレさん同感です!,8,謙一 日馬
26-3,キレるなんて、最低の病院ですね。自分が枠を打ったのだから責任を持つべきです。,45,カフェオレ
26-4,病院側がおかしいと思います。責任逃れの為にキレたのかもしれないですね。その病院の医者も看護師も知らないわけが無い。この代償はきっと大きいと思います。これから、そう言う人が もっと増えてくると思います。裁判にかけられるひとが増えることでしょう。関わってきた全ての人は重罪です。重い罰を与えられるでしょう。,47,あい
27,この放送がギリギリなのでしょうもっと多くのメディアが大きく取り上げるべき各地方でも早々に報道して欲しい,56,ぽりんみ,0
28,大石さんがずっと真実を伝えて下さったおかげで変わってきましたね。国も枠の後遺症のことを隠しきれなくなってきてるんでしょう。関西のサンテレビとABCテレビも伝えてくれるようになりました。また、すでに、ほとんどの地方紙では、過去に、堤猛さんの意見広告が掲載されています。地方局と地方紙が少しずつまともになってきただけでも影響は大きいと思います。大石さんに感謝です🙇‍♀️これからも応援しています👍😊,172,白石れいこ,1

29,大石さんたち　勇気を持って報道してくれる方々のおかげです。コロナになっても、国が医療費出してくれますが、後遺症は、実費です。仕事出来なかったら　生きていくことができません。,71,オオツキジビ,2
29-1,@こーちゃん さん大変な状態ですね。強制は、会社からですか？今やっと世間でもワクチン後遺症ほんの少しですが　話が出てきました。わかってもらって傷病手当出ることを祈っています。そして１８ヶ月の間に良くなって、また仕事につけますように。,4,オオツキジビ
29-2,私が現在その状況にありますワクチン接種はほぼ強制状態で2回目の接種の後、激しい後遺症で職を失いましたが一切の保証はありません、現在傷病手当の申請をしていますが認められなければ生きていけません,4,こーちゃん
30,うちの大家さんが去年8月にワク打って夕方に立てなくなり次の日から入院しました。高熱、嘔吐で食事が取れなくなりそのまま年内退院できず、年明けに亡くなりました。70台前半の方で15年前から肝癌と上手く付き合いむしろめちゃくちゃ元気な方でした。本当に悲しかったです。知り合いの介護施設も3回目打ったらほぼ全員高熱を出し、3人同じ晩に亡くなったそうです。感染するより、免疫バランスをおかしくするワクの方がよっぽど怖いです。,34,rezyna,0
31,叔父も2回目接後に歩行困難で入院生活、交通事故も起こしましたが国からは後遺症とは認定されず補償金は一切出ていません,191,yawning,2
31-1,1人でも認めちゃうとアレじゃん？ヤバいじゃん？だから今後も一例たりとも認めませんよ。,2,斎藤誠
32,CBCさん、大石さん、いつも価値高い報道ありがとうございます。真のジャーナリズムです。,181,My Melody 1993,0
33,厚労省も遅いなぁでも少しずつでも動いているので良かったです大石アンカー&スタッフさん分かりやすい解説ありがとう,166,絵夢,2
33-1,マッチポンプになりますからね。今後政府や厚労省が叩かれるのではないでしょうか。,0,ノン
33-2,絵夢様、彼らは収束しない方がいいと思っていると思いますよ。「ヤバイ厚生労働省｣読んでよく解りました。,4,山田直子
34,米国での解剖で白い血栓が全身から出てくるのも分かってきていますので、両肺の白い影で水と判断されたのは白い血栓の可能性もあると思われます。後遺症が長引く原理の解明には中身の分析と接種者血液の顕微鏡を使った調査も必要と思われます。少なくとも接種者の血液を血液塗抹法での拡大率400倍以上での顕微鏡調査はいくらでも可能ですが、海外では複数のうごめく寄生虫や赤血球の凝集と変形も確認されていますので、それらが原因の可能性もありそれらを改善する手段が必要と思われます。,144,H J,4
34-1,@杜氏芳太郎 　血液の成分とかは検査で十分だけど、形状とか目視しか確認できないよ。,1,ken bou
34-2,@杜氏芳太郎 他にどんな方法があるの？あと昔のまんまの顕微鏡と思ってるようですが顕微鏡の進化は凄いですよ。（嘲笑）,7,斎藤誠
34-3,顕微鏡だけの検査なんて、いつの時代？(嘲笑),1,杜氏芳太郎
35,厚労省が医療機関に相談窓口の設置を促していますが、要するにワクチンを廃止すればいいのではと思った。,23,のらニャー,1

36,大石さん、携わるスタッフの皆様本当に本当にありがとうございます。昨日ある新聞社に電話で質問抗議要望させていただきました。ワク○後遺症の事例紹介して欲しいと。強く念を推しておきましたので!おめでとうございます!まずは着実な一歩ですね!,190,謙一 日馬,5
36-1,素晴らしい行動だと思います。せっかくCBCがこのような報道しても、国民が何もしないと、何も変わらないと思います。,7,asibagu3
36-2,これからメディアも変わっていくことを願ってやみません,4,絵夢
36-3,抗議する奴の要望を聞くと思う？,0,杜氏芳太郎
37,素晴らしいニュースを届けて頂き、ありがとうございました。ずっと頑張っていらっしゃった方々の御努力が実ったのだと感じ、泣けてしまいました。,143,neiro tenno,0
38,こんなに被害が拡大広がる前にmRNA製剤なんて使用禁止にして欲しかったよね😏今更遅いと思うわ😏,130,DESmusic,2

39,ある程度は打たせ終わったし隠し続けるのも無理だから[そろそろフリするか…]なだけで、別に良心や職務への責任感ではなし。それが政府。,42,もえぶたお,0
40,デマ太郎、全責任は自分が持つとか言ってたよなー。逃さないぞ！,391,shou show,7
40-1,@水澤秀成 今、利権に走っているよ！,1,RIGHT WING
40-2,そ　の　と　お　り　で　す　。し　か　も　、　ヤ　ツ　は　、　私　利　私　欲　の　た　め　に　「　ワ　ク　チ　ン　担　当　大　臣　」　の　職　責　を　途　中　で　投　げ　出　し　て　い　ま　す　。,1,水澤秀成
40-3,@斎藤誠 　奴の性格からして、「因果関係は証明されていない」「デマだ」って言い続けるのでは？,1,ken satou
40-4,カズマさんがいっとたわぁ……「俺は幸運値だけはやたら高く運がいいって」,0,ニャゴ丸日記
40-5,どう責任を取るかは言ってません！とか言うんだろうなー。,12,斎藤誠
40-6,あっそう(太郎),9,ドラドラ
41,I live in southern California.I took the shots in 2021.I got side-effects and quite severe.Nobody says anything about it.If you go to a hospital and tell your symptoms to the nurses, they'll ignore you.I'm glad other countries(Japan, India, UK) started to speak out.,8,allgoo 19,0
42,介護職で打たない判断は、肩身の狭い思いしてきましたが、打たない判断もアリと思えるようになってきました。粘り強く報道を地道にしてこられて、感無量です。応援しています😭,149,唯,7
42-1,推奨されてるとはいえ任意の希望者に接種なのに、なぜ差別があり、肩身の狭い思いをしないといけないんでしょうね。100歩譲って考えても、アナフィラキシーとか健康事情で打てない人もいるのに。,4,n a
42-2,同感致します。頑張って来ましたね。肩身の狭い思いをされましたね。今しばらく頑張って下さい。真実はひとつ｡正義は勝つ。,8,雨雨
42-3,圧力に負けないで下さいねきっと良かった！と思う日が来ますね,13,絵夢
42-4,@テンころまま 　そういう人に介護してほしい。母親を頼みますｗｗ,20,ken bou
42-5,私も介護職ですが、打っていません！何と言われても打つつもりありません。あくまでも任意ですから、堂々としていましょう(*^^*),35,テンころまま
43,大石さんの勇敢な報道は政府や専門家に大きな影響を与えたはずです。闇に葬られた内容をフォーカスしてくれて本当にありがとうございます！,192,シロココ,2

44,血管が血栓だらけになる映像を見てビックリしました。３回目を打った家族はこれからも打つ気満々です。解毒方法を知りたいのですが、本人が分かってないから拒絶されそうなんで取り合えず納豆をよく食卓に出すようにしました。皆、早く気付いて欲しいです。。。取り上げて下さって有り難うございます。,117,ka nao,0
45,半年以上経ってやっとかよって思う。散々陰謀論だのなんだの言ってたやつは黙り込んでるんだろうな。大石さんいつも正しい報道ありがとうございます。,50,モモ,1

46,１番怖いのは疑いもせずに３発目を打ちに行く人が多い事,84,ただの仮酢魔,5
46-1,@ただの仮酢魔 都合の悪いコメントは消される。,6,dora gonz
46-2,コメントが入ってるのに開くと全く表示されない　最近のYouTubeどうなってんだ??,9,ただの仮酢魔
47,在京キー局は相変わらず枠珍後遺症については「隠蔽」姿勢ですが、サンテレビやABCテレビ等関西圏で続々と報道され始めています。CBCと大石さんの地道な努力が報われつつあります。日本人として感謝します。と同時に、国民も何かしら行動しないと意味ないですよ！,36,asibagu3,1
47-1,木村先生が、「風邪のワクチンを１年に３回も４回も打つ必要ありません」って言ってたね。後遺症については言わなかったけど（言えなかった？）,2,ken bou
48,最近また感染者増えてきて、3回目4回目を勧めてます。恐ろしい世になったと痛感します。私のまわりには接種後ヘルペスや帯状疱疹になった人数人います。まさにこれは免疫システムが壊れた症状です。毒を淹れられた証拠!!!,225,ぴこぽこ,4
48-1,私は、同居家族が打った影響で蕁麻疹が止まりません。自分は何も接種していないのに、入浴とかドアノブ、リモコン、コップ、食事等で接触が多いからでしょう。,0,n a
48-2,自分の周りでも同じ様な症状の人多いです。,15,ism9
48-3,ぁ、それと📺️は嘘を付くです。‼️,19,宮田和博
49,ワクチン打たなかったことで、精神的に不安がない状態で、もし打っていたら何か症状があった時、すごく不安になったと思います。先日。ワクチン二回打っていた同僚がコロナになり、喉の痛みと高熱で休みました。私も喉の痛みがありましたが熱は出なかったし、濃厚接触でもなかったので検査の必要もなく、休まず仕事をしていました。普通の風邪とは違っていたのでコロナかもしれないと思いましたが、三日で綺麗に治りました。同僚は熱が続きました。倦怠感も酷いらしいです。同僚は、病院で薬くらいもらったと思いますが、私は蜂蜜をひたすら舐めて治しました。ワクチンが必要かどうか段々バレてくると思います。,63,VEGAマリン,3
49-1,ファイブアラもまだ効くのかな。,0,ymk 9797
50,こういう活動を批判している専門家がいたような…、その専門家の方がまともじゃないわ。,112,競人,1
50-1,コビナビのいかれた医師もいました。大石さんのことを否定して、批判してました。でも、ああいうのを信じる方もどうかと思います。頭を使わなさすぎて呆れますね。,27,白石れいこ
51,相談窓口が出来たのはいい事ですがその後はどうなるんでしょうね。適切な対応をして頂けるならいいのですが、ただ話を聞いただけ、因果関係不明じゃなんの解決策にもならない。,30,迷走ママ,0
52,東海地方の方はテレビでみることが出来るんでしょうか。大阪在住ですが、こんなに詳しく本当の事を熱意をもって 解説する人は見たことがありません。維新、吉村、松井、その他の国会議員らは眠っておられます。お偉いさんに脅されてるんでしょうか。神の裁きが下る事を強く望みます。,70,Mouri mori,1
52-1,ドバイ旅行で忙しいんですよ(笑),6,ごまおつウィンどん
53,あと、CBCさんとサンテレビがワクチン後遺症を報道してきたことが素晴らしいと思います,49,piki-ri,0
54,大石さんありがとうございます。そしてCBCに感謝。個人的にこの一連の接種圧力はマスコミによるハラスメントだと感じています。このハラスメントに屈して接種をした方もかなり居るかと。,112,Shovis,1

55,岸田さん『ワクチンとの因果関係に関わらず』ってまだ言うんだ。心底呆れる。寄り添う気ありますよパフォーマンスにしか聞こえない。,74,ころん,0
56,周りで具合が悪くなった人の内1人だけしか気づいていません。高齢者は誰1人気付かず歳のせいと言っています。認めたくないのもあるのでしょう。後遺症の症状がみんな同じだと気付くかもしれないけど、あらゆる症状だから難しいですね。上手くできています。,50,SUCCH I,1
56-1,そこが難しいです。現実はほとんどの人が打っているので、大々的に危険性を訴えても後の祭りの部分があります。深く考えずに打った人に対しては、あまり何も言わない様にしています。,9,ken bou
57,国も行政も見て見ぬふり---もう不可能なので、、、。自治や国、厚生省、政府は今後訴えられる事を覚悟をしないとね。諸外国でも始まっている様ですね。子どもワクチン接種をとりやめたり接種自体を中止に動いてい国の紹介もお願いします。,39,masako watanabe,1
57-1,でも、接種している人たちは「治験中」であることを承知したうえで接種してることになってるので、いろいろと難しいかもしれません…。,5,lemon
58,まぁ、本当に本気なら、P社が裁判で負けて、ワクの文書を月55000ページづつ開示し始めた事。その内容で、副反応･後遺症等が1200以上あることを公開するべき,126,オンフェイス,13
58-1,@Mustang 残念ですが、累積データとして既にでています。そして、私の身近(親族含む)で接種者が、半年で５人死んだよ。,5,オンフェイス
58-2,@伊予柑橘 圧力に圧力ですかね🙄コメント欄に、1200以上の有害事象は、設定された項目なだけ～　と書いてる奴いますが、大紀元のニュースからみても、訳をしてみても、累積データとなっている為、実際の発生事象ですね💉,5,オンフェイス
58-3,「副反応･後遺症等が1200以上あること」については、治験とか研究において事前に関心がある有害事象が1291項目設定され、実際にその項目が起こった場合に報告するよう安全監視要件リスト（管理項目）が設定されたいただけです。実際に1291項目の副反応･後遺症等例があったこととは違います。そのことをあたかも1291項目の副反応･後遺症例があると報告書の一部を抜粋して語報道されただけです。,3,Mustang
58-4,報道の自由なんですかね。偏向報道ばかりで嫌になりますね🙀,10,伊予柑橘
58-5,@斎藤誠 怖いのは、憲法改正ですね・・・。基本的人権条項削除の危機が目の前にあるから、どうしようかと考えてます・・・,13,おいも
58-6,@斎藤誠 知ってる知ってる。ずっと追ってます。CBCの本気度はそれを報道するかどうか？ですね。今はまだ、氷山の一角をサラッと触れた程度・・・　闇が深すぎて、テレビしか見てない人は追いつけないかもね・・・,22,おいも
58-7,@斎藤誠 なるほど。読みが深い。,14,おいも
58-8,チビチビと公開して時間稼ぎか、しかも本当の闇の部分は公開しないかもね。笑でも、アメリカは司法がいくらかでもまともに機能してるのがせめてもの救い。,31,斎藤誠
59,以前、３回目‼ やる気満々の美容院の先生に、大石さんの番組を見るように進めた所、「見たよ、もぅ打たないから！ 」って返事が来ました。😄 大石さんのお陰で、助ける事が出来ました。ありがとうございます！😂,153,ひとみ たかはし,6
59-1,@EU発フリーメイソン研究ちゃんねる さん。  嬉しいです ！ ありがとうございます‼  😀,1,ひとみ たかはし
59-2,@EU発フリーメイソン研究ちゃんねる そうですか？,0,香川敏子
59-3,貴方が偉いと思います♪,2,EU発フリーメイソン研究ちゃんねる
59-4,@香川敏子 さん。本当に嬉しいです!　😂　　ずっと行っている、お姉さんみたいな話しの合う先生なんです!　先生が、人口○減って事かも?って言うのに私自身が、驚いたくらいです!　😁,13,ひとみ たかはし
59-5,良かったですね？,2,香川敏子
60,ワクチン接種した全員に後遺症が出るわけではないですが、接種した人の中の誰かに重い後遺症が現れるし、因果関係は分かりませんが死亡する場合がある。接種者の誰かに大はずれが当たる壮大なくじ引きみたいで怖いですね。私は、接種したら何か体に起こって死ぬんじゃないかと根拠なく不安に思っているので、1回も接種していません。オミクロンの感染力に日々おびえながら日常生活を送っていますが、大石さんの解説を見続けていると、やっぱり打たなくて正解だったかなぁと思いますね。大石さんの後遺症の解説には大変助けられました。これからもこにような動画を出し続けて頂きたいですね。 広島県民より,31,Shinsei,0
61,副反応·後遺症じゃなくて、こういう目に遭わせるのが目的。,41,猫神様,0
62,大石さん本当にありがとうございます。心から感謝します。あなたのような方が日本にいてくださって本当に良かった。あなたに助けられ、命を救われた方が沢山いらっしゃると思います。これから大人になる子供たちも多く救われたはず。大石さんもご自愛ください。,60,ayumi❀아유미,1

63,大石さん、ぜひ井上正康先生を取材してください。,121,etsu yama,0
64,※コピペですがアメリカ在住です。病院に押しかけてる方々のほとんどが接種完了者だと看護婦である告発者が暴露してましたよ。なぜそうかというとほとんどの方々に血栓が見つかったそうです。普通に健康だった人にはコロナ感染後に血栓はできませんよ。血栓はmRNAの副反応ですから。ほとんどの障害そして死亡者は接種した方々か接種した方々と生活空間をともにしていた方々です（接種者がスパイクタンパクを排泄し他者に感染させている疑いがあるそうです）。私の周りにも接種した方々が二人も亡くなってます心臓発作でした。コロナは呼吸器疾患ですから心臓病でも持ってない限りコロナで心臓発作で死ぬことはあり得ません。彼らはいたって健康でした。コロナが流行り出した去年テレビで病院がてんてこ舞いだということを聞いた方々がそれらの病院へ行ってみたら病人が全くいなくて静まり返ってたらしいです。その頃はまだワクチンがありませんでしたよね。国民に恐怖を植え付けるためにフェイクニュースを流しワクチンを打ちたくなるように誘導しようとした心理作戦だったのでしょう。ワクチンを打ち始めたら都合よくデルタ株が登場。しかしフェイクニュースからは病院が対応できないくらい忙しいなんてほとんど流してません。でも代替メディアでインタビューを受けてる医療関係告発者などは副反応で入院してる人で溢れてると言ってます。去年と今年の違いはワクチンです。去年私の会社でも感染者が多数発生しました。しかし死亡者はゼロでした。ワクチン導入以来私の会社でも死亡者が多発してます。私はデルタ株も実存しないと思います。なぜならある方がCDCに電話を何度もかけデルタ株にかかってるのかどうかを知りたいと聞いたらテストではどの株なのかは判定できないと言われたそうです。しかしCDCはデルタ株は感染力が強いなどと断言してますよね。死亡者の何人がデルタで死んだのか判定できないんですよ。なぜデルタ株は感染力が強いと断言できるのでしょうか？第一COVID-19ウィルスでさえ分離できてないんですよ。分離にも成功してないウィルスのワクチンが製造できるでしょうか？あなたがワクチン接種完了者かどうか存じませんがmRNA発明者のマローン博士（Dr. Malone)や元ファイザー者の幹部であったイードン博士(Dr. Yeadon)が接種してはいけないと警告してます。このワクチンを打つと多くの方々が２、３年以内に何らかの合併症で死亡するとイードン博士がおっしゃってました。このパンデミックは全てがデタラメです。目的はこのジーンセラピー注射（又の名をcovid-19ワクチン）を一人でも多くの人に打たせることが目的だったと思います。怖い話ですがつまりは人口削減のためです。,227,浩二,4
64-1,実は以前大阪のとある地域でちょっとした事故で救急車に乗りましたが、コロナでたらいまわしとか全くありませんでした。テレビと現実が全く違うんです。何が本当なんだろ。もうマスクいらんやろ。,3,ichi hryk
64-2,アメリカの情報ありがとうございます。日本のテレビでは、子どもに接種を報道してました。接種の家族と住んでますが、怖いです。,10,ことチャンネル
64-3,YouTubeでは 真実は話せないけど ニコニコ動画では色々と暴露されてます。,21,堕天使のACE
65,もしこのまま4回目5回目打たせるなら国を絶対許しません,160,こめきち,6
65-1,事実上の強制のような状態の方もおられるので問題ですね。,13,たー
65-2,@Yasutomo Seki 認めるワケないじゃん、國が破綻します。,11,斎藤誠
65-3,薬害の責任は国にあります。,28,Yasutomo Seki
65-4,打つか打たないかは任意だよ,13,たまきち
66,ただ、ただ打たなくて良かったと思う日々。家族全員コロにならず元気でやっております ^ ^,34,y k,0
67,ついに国が動いたかと思いきやその次のステップもいい加減なものになるでしょうなもはやと言うかやはり国は頼りにならん,36,おわたゃんねる(チャンネルではない),1

68,こんなにも、身体・命にも関わる重大なことが起こっているのに、自由に意見発信も出来ない圧力。これって、今の日本の姿なのでしょうか？せめてこれからは、幅広く両方の立場の方々の情報を学び、自らの考えで判断したいものです。,7,ジャコビニ彗星☄️ 流星群,0
69,地上波ではいまだに3回目摂取率低いって騒いどる…害悪でしかない,47,hayashin1716,0
70,河村市長さんは素晴らしいと思います。ここに真のジャーナリストが発信してくれています。日本もだんだん変わってくれると期待しています。,34,鈴もち,0
71,子宮頚がんワクチン接種後にも様々な辛い症状を訴える方が出ましたが、全て因果関係は否定されてしまいました。コロナワクチンも同じような結果になるのか心配です。そりにしても、証拠を残さない毒薬を作るとは恐ろしい。,64,Toshi,3
71-1,知り合いの娘さんが、海外へ行く為に子宮頸がんワクを打って、後に鬱病を発症しました。知り合いは、ワクが原因とは思っても無いみたいです。,13,あんだんご
71-2,心配と言われましてももう既に過去と同じ結果になってますけど。笑,13,斎藤誠
72,予想通り今頃になって国が動いたかｗ打たなくて良かった。,127,ペク吉さん,3
72-1,そのうち逆で接種者がニセ未接種者になって「未接種です！」とか言い出すんだろうな。,3,斎藤誠
72-2,@ken bou そうです。ワクチン接種してない残り2割の日本国民である我々の判断は正しかった。,10,ペク吉さん
72-3,変人扱いされたけど、最後は勝ち組に入ったね。おれも打ってない。,11,ken bou
73,ワクによる副作用や後遺症に対する事は、打つ前に対策を設置するのが国の必須義務、今更動き出しても口止め対策にしか見えない。,19,Donna彦,0
74,大石さんが声を出してくれたおかげです。,71,chie,0
75,堀内ワクチン相が辞任したのは良心の呵責に耐えられなくなったのでは？これ以上適当なことを言って子供にまで接種を勧めるのは耐えられないと個人の想像ですけど,93,安達達也,2
75-1,そうだとしたらちゃんと発言してもらわないとね。ただ逃げただけって事になる。,13,斎藤誠
76,被害者の方の回復をお祈り致します。,46,hitomi mizumo,0
77,接種中止でしょ！！！,39,kouji ikeda,0
78,わたしも、夫も、最初からおかしいと思っていて、打つつもりありません。真実を伝えてくださってありがとうございます。,2,ゆめみるてんし,0
79,今後も感染ではなく完全にワク◯◯したからとしか考えられない被害が多発していくだろうから目を瞑れなくなった、とゆう事だと思います。 絶対に泣き寝入りさせてしまう訳にはいかない。,53,バイトなんで,0
80,岸田さんの「因果関係の有無にかかわらず」って所、あくまで関係を認めたくないという気持ちを感じる。こう言っては何だが、いくら相談窓口つくろうと受診しようと「原因不明ですね～コロナ？関係不明ですね～」では何もならんと思う。所謂、「聞くだけ聞いてやる」という、お上のいつものやり方。,27,のら犬くろ吉,4
80-1,岸田さんはうまい言い方でのらりくらりとかわすのやたらと上手いんよな。,3,ymk 9797
81,医療機関に 相談出来る様になった事は 今 まさに 体調不良で悩んでいる方にとって 有難い事だとは 思いますが  そもそも ワクチン後体調を崩された方達は 散々検査を繰り返し 結果「異常無し 因果関係不明(又は 無し)」と、言われて来ましたよね？政府が するべき事は当初の約束通り 後遺症に苦しむ方々に 医療費の支払いをする事なのでは？これだけの数の 国民の 不自然な 健康被害を 何時まで「因果関係不明」で 済ませるつもりなのか,21,桜ぷり,0
82,名古屋を動かし、そして国を一歩前進、出来た事は👏👏👏と思います。チャントは他局では放送しない事を誠実に伝えてくれ、大石さんが頑張ってくれている事に心より感謝しています🙇‍♀️,55,さくら,0
83,国が動いたと言っても窓口開いただけで実際は因果関係認められなければ何もない事になるんだろうな。,5,よっしーしゅう,0
84,大きな前進ですね。いつもありがとうございますでもワクチンは辞めないんですよね、、、,19,xxxxxkcoxxxxx,0
85,うちの親も、接種後、帯状疱疹になりました。とても辛そう…もっと、TVでとりあげてほしいです。,4,Rieチップ,0
86,厚労省の通達での相談窓口結局、心の病として心療内科を勧めてくるだけ体調不良や頻脈でMRI、血液検査までしたのに、ストレスですねで片付ける,53,もりたたけし,6
86-1,対症療法しか知らない医者には無理だと思う,15,【asukotaTV】公式
86-2,原因不明はなんでもかんでも心療内科へ回そうとしますよね。そして心療内科では漢方出して様子見。こんなの医者じゃなくてもできますよ。,17,かんだあき
86-3,「安心だけはさせてあげます」笑そうじゃねーだろ？感がハンパない。,11,斎藤誠
86-4,酷いですね。,12,HELLO HELLO JAPAN
86-5,だって、治療法ないもん。,14,やりたい事をすぐにやる
87,いつも真実をありがとう御座います💕応援してます❗️一人でも国民が、気がついてくれる事を祈ります❗️,68,愛,0
88,海外で後遺症で苦しんでる事例はあるのか？あれば取り上げて欲しいです。,73,下級国民,4
88-1,いやいや、いくらでもあるんですけど。日本ではまだあまりいわれてない例で皮ふが腐って落ちたとか手足切断したとか。植物人間の例もかなりあるそうですよ。,18,斎藤誠
88-2,海外在住ですがたくさん報告されてます。実名で本人の発信も多いです。リアル　ノット　レア　で検索してみてください。,32,Kaori
88-3,そうですね  たくさん報告されているそうですし、動画などでは見た事があります  ファイザーが1000種類以上の副のデータも公表との事なので、実例も多数あるとは思いますが現地取材となると経費の問題があるのでは無いでしょうか,27,CoCo
89,因果関係を認める気がない。,39,日本人ダヨ,0
90,気づく人が増えてきてますよねでも、お偉いさんたちは最初から責任逃れの手を打ってあるので勝ち目はないか、そしてまだまだやる気満々。もっと気づく人が増えてほしい、CBC、大石さん応援してます。,259,Tobioo,1

91,良く頑張っていらっしゃると思います。何故、日本国民の受信料で成り立っている公共放送のNHKはこんな大問題を全く取り上げないのでしょうかと思います。,12,ああ,2
91-1,@あい 国が認めて無い事は言えません。でも「この地震は人工的なモノではありません」には笑ったね。,1,斎藤誠
91-2,NHKもあっち側ですから言えません。言わないでしょう。認めません。絶対に口が裂けても本当の事は言わないでしょう💦,3,あい
92,ワクチン後遺症があるからといって絶対にワクチンを打つべきではないとは言えませんが打つべきかを自分で考える上でこのような報道は非常に貴重ですね。,25,shu-chan,0
93,愛知在住です、大石さん、貴方の様な立場の人がこうして発信して頂けることがどんなに心強いか、ホントに有り難うございますずっと前からのファンです自分は以前に輸血をした事が有ります、その後今聞いてる症状が10年以上続きました、やはり検査をしても何も引っ掛からない、悩みました、最近は少し楽ですが時として症状が有ります何が言いたいかと言うと、ワクチンでなくても同じ様な事が起きる。ここからが大事ですが、ワクチンでも起きるだろう事は想像出来ます、ならばワクチンを絶対強要してはいけないと思うのです。確率は低くても死亡例まで有るものを強要だけは絶対いけない、このように考えます因に自分は接種は受けていません、あんな苦しみはもう耐えたくは無いからです！,9,寿限無 寿限無,0
94,今朝、未だにワを勧めるCMやってるのを見て怒りを覚えました。とにかく打たせる目的のために、ベネフィットのみ伝えてリスクを伝えないのは、判断する材料を国民へ提供していない。本当にこのビジネスは罪深いと思う。,22,みなこ,2
94-1,私も怒りを覚えています。接種者にも怒りを覚えています。シェディングがヤバい。大迷惑。,7,斎藤誠
95,大石さんよくぞ報道して下さいました。ありがとうございます。,12,ひできち,0
96,効果もリスクもよく分かっていないものを国や自治体がまるで義務かのように摂取を促しているのは罪深い。早く認めて方針転換しろ、これ以上犠牲者を増やすな。,4,Junsei,0
97,大石さん、スタッフのみなさん、ありがとうございます🙏🌾🌾✨,79,ゆちこ,0
98,これから訴訟ラッシュが起きていくのだろう。このままウヤムヤのうちに何も無かったこととして時が経過していくことは無い。日本だけでなく海外でも同様。,31,dハイ,1

99,しかし、ワクが原因と考える医師と、そうではないと考える医師がいる以上、搬送された病院の対応が異なるのでは？と思います。119番を使用してもあっちに搬送しようか？こっちにしようか？とたらい回しにされた挙げ句、間に合わないケースが多そうです。ここは、絶対この病院❗としっかり決めて頂かないと、患者の命がかかっているので、はっきりとしてもらいたいですね。,41,犬,1

100,大石さん頑張って下さいほんとに良心です,11,梅本泰英,0
101,後遺症を認めたのが良いわけでなく、健康な人に💉する予防接種なのですから、限りなく100%安全なものか確認してから、国民に勧めるべきでしょう。1億分の1の確率でも1人が犠牲になる訳ですから・・政府に良心があるか、かなり疑わしいですね。,7,rinn22wk,0
102,大石さんのおかげで名古屋市から始まり、国も動きだしたことはとても良い流れだと感謝しております。でも同じCBCのゴゴスマで石井アナが3回目を接種していないことを東国原さんに責められ、予約しますなんて流れになったとのことで、とても残念です。大石さんのこのYouTubeが日本中、世界にいる日本人の中で話題になっているのですが、テレビしか観ていないテレビ脳の人々には全国区で人気のゴゴスマが変わってくれないとやはりやばいです。同じCBCとしても是非頑張ってください。,53,Love Monchan,2
102-1,東○原さん、人56しですよ。見損ないました。,15,カフェオレ
102-2,ワクハラだよ。被害届けを出した方が良いよ、その石井って人,17,伊予柑橘
103,相談窓口も良いけど先ずは接種中止でしょ,8,スナフキン,0
104,要するに岸田首相はまだワクと無関係だと言いたいわけでしょ？窓口や相談できるのは大きな一歩ではなく、今までやって当然の事をやっていなかっただけの事。これでも物事が進んだと思わない方がいい。結局ワクの成分は企業秘密で何もわからない状態で、どうやって副作用をはかれと言うのか。現に今副作用で病院にかかっている人の中には「わからないから気のせいじゃないの？」という暴言を吐かれている人が少なからずいる。窓口設置した所で何も変わらないだろう。必要なのはワクがDOKUであるという前提。それなくして問題の解決は不可能。１からエビデンスだの証明だのやっていたらその間に全員４ぬ。,19,hide hide,0
105,半年前の対応は冷たかった。病院に行けとしか言わないし、どこにかかればいいか、教えてくれなかった。。。,19,アルトサクゾー,0
106,後半サラッと本音が出てますね笑。ただ、本人が同意書にサインしていること、製薬会社が免責の時点で結局、泣き寝入りしてしまうのかどうかですね,20,【メイン】True Fact Check,2
106-1,@あかね 情報ありがとうございます！,1,【サブ】True Fact Check
107,普通は原因が分かるまで、一時停止するのが普通なはず,33,やらかしさま,1

108,国や厚生労働省が過去何をしてきたのかを見れば少しは疑えるはず　何でもかんでも鵜吞みにするのは危ない自分の体を守るのは自分しかいない,4,翠玉,0
109,欧州です。まわりでは3回目は危ないと言う人が多いです。,12,todaiseafood,0
110,娘が2回目のワクチン接種後から、左腕の倦怠感と痺れ、痛みに悩まされています。近くの整形外科に通い、レントゲンや血液検査、最終的にMRIも受けましたが、異常なしとの事。そこで、紹介状を書いてもらい、ワクチン後遺症の市の指定病院にも行きましたが、（大学病院）前例もないし、検査も異常ないので、こちらでは何もできませんと、アッサリ言われました。国や市が窓口を設け指定病院の紹介をしていても、実態は形だけのものなのを実感しています。ワクチンを打つ打たないは自己責任の部分もありますが、実際に不利益を被った場合のリスクがあまりにも大きい事に愕然としています。形だけではない救済措置が行われる事を切に願っています。,15,kero,1
110-1,長尾クリニックに相談してみてください。娘さんが回復されることを願っています。,1,itsuki
111,ありがとうございます。こういったことが多発しているのであれば、今なんともない、うった身内もいつか、今後、後遺症を発症してしまうのではないかと不安です。また時間がたって発症したら、責任は誰がとるのでしょうか?3回目は打たない人は多くなってますが、国はしっかり調査してもらいたいです。これからも続報をお願いします,6,TN,0
112,さすが、岸田さん、口だけなら満点の事も一点の曇りない事も言える。しかし、後遺症への保証が制度だけは完備していても、因果関係不明でハネられる。😄正に絵に書いた餅。過剰なリップサービス💋,70,バットスーパーマン,2
112-1,ふみきゅんは検討士なだけで、行動遅いですもんね。,3,Curious George
112-2,やってますよ！アピール。笑,9,斎藤誠
113,いつもありがとうございます☺国は一刻も早く救済措置をお願いします。間違っていたと気付いた時の、立ち止まる勇気を国民に見せて頂きたいです。,7,なべなべ,0
114,相談窓口があっても治療費や検査費用は自腹だし､仕事できなくなっても保証してくれない。カタチだけだよね,8,けいこ,0
115,これが異常発症者だけをかき集めた発信出したとしても、4回の接種推進って異常ですよね。私は3回目の通知が来た時点でまた？と思い打ってません。これがインフルエンザのような、子どもたちに対する強制接種になっていかないことを願う。,7,yuichi,0
116,いつも、本当にお疲れ様です😆🎵🎵大石キャスター、スタッフの皆様の勇気に乾杯です👍️このスタンスで、続けてくだされば、きっと世の中変わりますね😃,74,あみこ,0
117,一歩前進ですよね。これで沢山後遺症の人が出てくれば国は、ワクを止めざるをえなくなりますが、亡くなった方も原因を究明をしないまま置き去りになるのでしょうか。これからワクをする方で亡くなるならご家族の方には酷かもしれませんが、ぜひ法医学的休憩をしていただきたいと思います。　大石さんが、今まで報道してくださったおかげだと思います。コビナビの医師たち覚悟しときなさい。,6,チコ,0
118,やっとですね。大石さんはじめ副反応について色々と活動して頂いた方々のおかげですね。ありがとうござます。,18,Eri Sakura,0
119,東日本大震災では、10年以上かかって30兆円費用コロナではここ2、3年で70兆円という莫大なお金が費やされてるっていうこの矛盾、何かおかしいんじゃないですか？,4,KE Mi,0
120,私の父はワクチン接種後、持病が悪化し5か月後に亡くなりました。小指壊死の切断も含め、因果関係は分からない。で終わりました。残念でなりません。,8,YOSHIKO88,0
121,河野太郎もと大臣にもの申すべき、責任のがれは絶対に見過ごすことはできない‼️,27,r GD,0
122,東京キー局は言論統制されていて、💉のネガティブな情報は報道されません。地方局には言論の自由があります。圧力に負けず、頑張ってください❗️,21,Ai H,0
123,CBCさん、大石さんいつもありがとうございますm(_ _)mとてもわかりやすかったです、貴重な情報ありがとうございます高評価押しました(^^♪これからも頑張ってください！,30,rina rina,0
124,後遺症の人可哀想です。検査異常なしの結果で気のせいだと言われるのか。遺伝子組み換えられたら異常値出ないのか。,40,i S2,2
124-1,とりあえず精神内科に行ってこい！だもんね。笑,0,斎藤誠
124-2,毛細血管の血栓とかの検査は出来ないのでしょうかね？疑って無いからしないのか？,6,ポンダー!!
125,愛知県民として心から誇らしく思っております！今後も応援させていただきます！,11,sayumi n,0
126,少なくとも私は「カラダ君」が頑張ってくれているおかげで、ワクチン接種なしで全く異常がなく高熱も発生しておらず、毎日を私なりに健康に注意して生活をしているだけで、安心して普段どおり楽しく生活を営んでいます。むしろ未接種者の意見を聞く場を設けても良いのではと思っています。,6,沼尾吉晃,0
127,これは全国で放送すべき内容です。自分は1回も接種してませんが、これを見ると自分の考えは間違ってなかったと自信を持って言えます,10,Masashi,1
127-1,私もです同感ですね,4,謙一 日馬
128,国会議員はほとんどワクチンなんていうものをうってないんだからこんなやばいもんなんで、若い人に進めるか、俺には理解できない。,4,KE Mi,0
129,それでも4回目、打たせる気満々やで,89,グレー鳥セット,2
129-1,それでも打たせる気、じゃなくて「ハイ、相談窓口もありますので安心ですよ」って事で、「さあ、4回5回とイキましょう！」みたいなもんでしょ、この窓口設置の意味は。,10,斎藤誠
130,亜鉛とNアセチル システイン  サプリを試すことも、進んでいると思うけど、体内有害金属の除去が目的,24,yamagugu00,0
131,なぜ　大石さんの事実報道があるのに、コロナオミクロン株・ワクチン接種の後遺症の恐ろしさが浸透しない国民体質に疑問を感じます。,1,アンドウフミヒコ,0
132,僕の周りでワクチンの安全性に疑問を持ったりして打たなかった人はみんな他人にワクチンやめた方がいいよと言ったり、ましてやワクチンを打とうとする人を妨害したりなんてことはしてなかったけど、反ワクチン派とか言われる過激な行動をしてた人たちって、ワクチンに反対する人は頭がおかしいと思わせるために雇われた人だったりするのかな？,6,筋肉もりもりのワンちゃんじゃ,0
133,まずは河野太郎の説明を。彼は自分が責任をとるとか言ってなかったか？,61,HIRO _ZO,3
133-1,責任を取って全力を尽くします!ぐらいか？,5,秋山聡
133-2,言ってたよ。笑,14,斎藤誠
134,やはり＂関節の痛み＂も症例にあがってますよね…。1回目を接種後数日経ってから右膝が痛くなり、気休めに湿布を貼ってみたり鎮痛剤を飲んだり、整形外科への受診も考える程のレベルに陥ったのに、2回目の接種時に伝えたら失笑気味に対応されて気分悪かったです。運良くいつの間にか痛みが無くなったけれど、ほんとにワクチン接種によって多くの方々が長期の体調不良で大変な目に遭われている現状に胸が痛みます。,9,ぱお,2
134-1,二回接種後変わった事と言えば、整形外科、皮膚科等々今までかかったことのない科に行きましたが、なぜか花粉症だけは楽になりました。副作用がひどく三回目はうちませんよ絶対。73歳です。,0,14えっちゃん
135,いいことしてるだろ？としながら、４回目５回目すすめる政府信じるに値しない国、自分と家族は自分で守ろう！自助、共助　byガースー,15,ひろろチャンネル,0
136,大石さま、いつもありがとうございます。大きく一歩前進かと思いました。しかし一方で、また具体性に欠け、予算はつけず、責任の所在も示さず、丸投げで、通達を出しただけで責任を果たしたと言い張るつもりか、という気もいたします。これからもよろしくお願いいたします。,3,Yumiko Sawada,0
137,私も渋々二回うけましたが動悸がでるようになり、時々怖いほどです。母には３回目をとめましたけど知人と接種しにいきました。暫くは良かったのに最近になって打った所に激痛が走るようになり辛そうにしてます。従姉にも３回目やめたほうがいいといいましたが、このような解説されてるのをみたこともないので私の話だけでは軽く受け止められてしまったようで先週接種していました。近所のおばあちゃんは目が見えなくなりました。,4,クミコ,0
138,もはやごまかしが効かず、隠せなくなったのだろう。,18,大日本人,0
139,国や厚労省がこれだけ勧めているのだから当たり前でしょう同調圧力や半強制的に打たざるを得ない人が居るのは残念です,3,キヨミにゃん,0
140,治験段階のワクチン類についてデータの収集を、国が始めたと言うことですかね。,20,ネコねこ,0
141,やっと動き始めましたね✨これから色々な事が明らかになることを望みます。,12,カズ,0
142,高齢者より、若い方のほうが身体障害と認知症の症状が出ている傾向ですね次は4回目またやりそうですね。,23,パンジー,1

143,頭痛の原因は不明を含めて100種類以上ある原疾患なしと言い切れること自体おかしい,7,りょう,0
144,大石さん。ご苦労様です。一つだけ。後遺症のメカニズムの解明とかそんなにすぐには期待出来ないです。まあ１０年は覚悟した方が良さそうです。とにかく接種しない事です。何もわかっていないのだから。,6,ken bou,0
145,免責については犯罪が立証できれば無効にできます。世界的な犯罪が暴露されるその日まで頑張って頂きたいですね。,10,Sute Suteo,0
146,打たないから反ワク、打つからワク信そもそもそれがおかしな話,13,サンチュクリ,0
147,CBC さん、大石さん、ありがとうございます！私はこの国の号令でできる相談窓口が実際にどの程度の活躍をしてくれるのか知りたいです。全国取材とは行かないまでも、近隣都道府県の窓口と、紹介される病院での治療実態、是非とも取材して戴きたい。,16,Keen Bobson,1
147-1,相談には乗りますよ！お金は出しませんけど。,3,斎藤誠
148,大石さんいつもお洒落ですね,36,miechenka,0
149,大石さんいつも可愛いです！これからも応援してます！！,86,りん,0
150,分からない事があります！これから3回目、4回目と進んで行くんだと思います。オミクロンには効かないし、ワクチン自体、何も改良もされていない同じ物を打つ意味が分かりません( ˘•ω•˘ ).｡oஇ,5,チョコボーイ斎藤,0
151,母も痙攣発作で2回入院。老人性のてんかんと言われました。長年続けていた飲食店経営ができなくなりました。,8,Tamoco Y,0
152,打たなくて本当に正解だった・・・・。コロナぜんぜん怖くないし。,52,おいも,2
152-1,私も全然怖く無いですね。街中１人で歩いているのにマスクをしている奴を見るとバカじゃない？と思ってます。もちろんワクチンうって無いしマスクもしてない。１日５分位しますが。仕事中５ｍ以内に他人が居ないし。,2,鶴田朝彦
152-2,射たせようとする奴が1番怖いよねー。,2,斎藤誠
153,貴方が突っ込んだ取材をしたから名古屋市が動いた。名古屋市に習って国が動いた。貴方は国を動かしたかもしれないですね。本当に素晴らしいジャーナリストと、それを支える廻りの方々だと思います。頑張って！！！,5,nao naonao,0
154,大石さんスタッフの皆様、いつもありがとうございます。ワクチン後遺症がもっと認知が進む事を願っています。,2,ともこ,0
155,そもそも、1番目に　老人に　打たせ　　　　　　2番目に　障がい者に　　打たせた順番が　順番が、胡散臭い,29,松岡弘晃,0
156,健常者は打たんでも大丈夫ということの証明の為打っていない。,19,根無し草,2
156-1,私も会社でワクチン9割打っていますが、海外製が嫌いなのと、打ってない人が何割かいないと部署がこの先ヤバいなと思い打ってません。打った方の高齢の身内の方が病気になったり、亡くなったりして休むことが増えました。打ってないひとたちは普通に働いています。。。,2,あなごさん
156-2,みんながみんな接種したら比較にならないからね非接種の治験に参加中です大きな声では言えない💦,2,絵夢
157,大石様圧力に負けないで報道してくださり、ありがとうございます。ずっと応援します。,2,ちゃん 霜,0
"158,国もやっと重い腰をあげた感じでしょうか、それでも、いやでも""後遺症""という言葉は使わないゲーム進行中＾＾；,9,T S,0"
159,一貫した公平報道に感謝します。,3,LONE PUPPY,0
160,大石さんの頑張りのおかげです！！これからも頑張ってください！お願いします！身近で亡くなった方もいます！！,2,yuko amamoto,0
161,ワク激推しの医者共見てるか？お前らが金儲けしている間に苦しんだりタヒ亡してしまったりしている人がいるんだぞ,25,ヴェールサクラ,0
162,個人的にも知り合いで2件有りました。歩けなくなった方、熱下がらず倦怠感ありの方、兎に角、症状出た場合の処置できる機関が無いのが難らしい？,22,英子 星野,1
162-1,今は熱出たらまずコロナを疑われてPCR受けさせられて、陽性だったら自宅療養、症状あったら入院か、みたいなこの世にコロナしか無いかのような扱いですね。私もコロナ陽性になりましたが、全くコロナの症状ではありませんでした。,4,風鈴
163,国の対応が早急に必要です。良心基準の高い医師の方々が、後遺症で行き場がなく困っている患者さんに対処しようとすると、それを批判する医者もいるようです。助けようとする姿勢の何処を批判するのか？不思議です。,1,YUMIKO KISHIDA,0
164,いつも思うけど大石さんお洒落ですよね。センスいいです。本編とはなんの関係もない話ですいません！,32,ルームグリーン,1
164-1,顔も頭もいいんだよ❤️,2,絵夢
165,身近にもいますよ。2回目の注射後の翌日死亡。2回目の注射後4日目に死亡。ほぼ健康だった60代と70代の2人ですよ。,11,nobuhiro.s,0
166,窓口で対応するようにと法令や通達が出ても「やれと言われてもそんなもん無理だもんね」とばかりに無視される場合があります。画餅にならないように気合入れて推していきましょう。(別の案件でやられたことがあります。法律を指さしても「努力義務だから。うちじゃ無理。」とかいわれて良い法令通達も画餅にされることあります。市にいくら言っても県に言っても無理とか厚労省に言っても無駄とか最悪なことがあります。厚労省と県にガーガー文句言ってたら理由不明なまま私の案件が通ったりもあります。法や通達の扱いも恣意的運用がされてて法的安定性とか嘘ばっかりですよ。とにかく黙ってたら泣き寝入りです。),12,猫岸夏目,3
166-1,@猫岸夏目 余計な事したら上から叱られますよ、他の奴ら全員が騒ぎ出して大変な事になるから。,0,斎藤誠
166-2,@斎藤誠 そのまま黙ってたらね,1,猫岸夏目
166-3,相談を聞くだけに決まってんでしょ。,3,斎藤誠
167,ワクチンで子宮頸がんになりました！私の周りでワクチン３人癌になりました！癌について、放送して欲しいです！,4,長谷部操,0
168,これも最初から計画されていたことでしょうね。,53,テイオートナカイ,2
168-1,接種するとどうなるかわかってたならこの先の事も全部の計画ができてんだろうなー。怖！つーか、笑！,9,斎藤誠
169,それでも結局今の現状は何も変わらない気がします💧悲しいけれど😭,8,アキちゃん,1

170,…なるほど。相談窓口を開いて副反応のデータ集めか。自分は2回接種以降、動悸、胸の圧迫感、倦怠感など続いています。電話するのめんどくさいけど、この茶番を終わらせるには電話して訴えた方がいいのかな。高齢者だけではなく、子供や若者達もワクから守らないと！！,6,あらくるみ,0
171,サンテレピ、CBC共に、今後この調子で更に更に頑張って下さい‼強力に強烈に応援しております。(烈),12,山田光明,0
172,もう隠しきれないでしょうね。それでも3回目、４回目、5回目に持って行こうとする政府やマスコミって、、、😹,18,伊予柑橘,0
173,打つ実験打たない実験どちらで参加するか自由ですよ☠️ただ実験と知らされずに打った人が可哀想,8,サンチュクリ,0
174,大石さん、スタッフさん有り難うございます！,5,高岸ゆう,0
175,こういう報道が全国で放送されることを期待します。大石さんはじめCBCの皆さん、ありがとうございます。「偽りのアサリ」も見ました。よかったです。,3,コガネメキシコインコ,0
176,これが食べ物だったら 即禁止になるのにね笑注射は気にしないんだね世間様は。,10,kamekaitai,2
176-1,@fjiewojfolf3 ただ流されて生きてるだけで、必死なようで全く考えてないから、おもしろいですね〜解除なったら外に飛び出したりなんかしてw,0,kamekaitai
176-2,禁止になったら、川村も長尾も儲け話が消えちゃうじゃんｗｗ生きてるうちに頭を使って、本当の悪人の姿を見れると良いね。,0,fjiewojfolf3
177,大石さんありがとうございます。石井さんが東に怒られている放送を偶然見て気の毒だった。,12,いつも運がいい無線技術者,0
178,本当にありがたいです‼️応援していきます‼️,3,ごん,0
179,足を引き摺って歩く人が増えた気がする、毎日のように見かける。,62,ビー太郎,1
179-1,杖をついている人を、以前よりも見かけます,7,あんだんご
180,動き出したふりです。少なくともすぐには認められることはないでしょう。とても残念ですが、99％の人が責任のなすりつけ合いと自己保身しか考えていません。資本主義の競争社会の中、自分の醜さに気付くこともありません。この損得勘定に満ちた大人達の姿を見せないことが、子供達の教育に必要なことでしょう。,3,u. minoru,0
181,赤い発疹は癌になる可能性があると思います,6,T S,0
182,大石さんとCBCさんのお力のお陰ですね。世界も少しずつ動いてほしい。こんな物を打った為に長く苦しまれてる方々を救う為に、世界中で研究者や医者はワク〇〇後遺症をもっと解明するべきです。泣き寝入り等あってはならない。,1,ruka i.,0
183,行きはよいよい帰りは怖いですよね（´-`）.｡oO今は何も後遺症が出なくても後でから時間差で出てくる可能性があると思いますけど…家族4人ワク打ちましたが誰も後遺症とか今の時点ではないので油断しているようですし(;´д｀)むしろワク打ってない姉がフラフラ貧血のように体調崩してる最中なのでシェのディングくらっているのかもしれません…,11,あいりゅう,3
183-1,@あんだんご 様私は用心深いのでまだ１回も打っていないです(^^)これからもワクは打つ気にはなれないです…ワク打っていなくても注意しないといけないとですね(-_-;),8,あいりゅう
183-2,あなたは、打ってしまった？打ってしまっていたら、解毒して下さいね,2,あんだんご
184,こんなの最初から嘘つき大会の茶番劇やで　国会はすでに吉本新喜劇と化している,14,TomYam shrimp,0
185,国もいよいよ動きましたか☺️打つ方も窓口があれば安心ですね。大きな流れを作った大石さん✨河村市長✨おめでとうございます🎊,43,本多拓也,0
186,予想通りの展開😢,20,やりたい事をすぐにやる,0
187,テレビを見る機会が劇的に減りました。これはテレビで放映されているものなんですか？もし、YouTube用のものだとすれば、これこそ問題ですよね。とにかくヤバい世の中です。,4,コーヒールンバ,0
188,ワクチンの成分分析を政府公認の機関が行い、それを公表するのがまず必要かと。それが解らないと話にならない。成分一部未公表のワクチンを認めてしまった政府の責任ある対応を遅いけれども期待したい。🙁💥,1,nekodansyaku55,0
189,任意であり希望する人達は接種して下さいだから止まりません。今年の2/25に参議院議員会館で長尾医師等が議員向けに5歳~11歳は見送るようにと啓発活動されてます。がその他の年齢は従来通りになるでしょう。,8,mill macro,0
190,こんなんあるのにGOtoはワクチン割引あるのおかしくない？( ´∀｀),24,Arthur,5
190-1,@斎藤誠 逆転写するっていうんでしょう？コロナのDNAが体内に入って…とか嫌だな…,0,魘夢に爆血中
190-2,シェディングの撒き散らしだよね。,2,斎藤誠
190-3,打ったらさよならする確率増えて行くんだから、死ぬ前の楽しい特典で良かったね程度に思えばいいんじゃない？自分はそう思ってる。,3,魘夢に爆血中
191,岸田さんは」日本の首相の器では無いと感じます！,96,ferrari348ful,3
191-1,外国人留学生は日本の宝とかいってのけちゃうところがヤバいですね,1,あなごさん
191-2,デマ太郎だったらもっとダメだったと思います,28,のんさま
192,小さいように見えて大きな前進！ワクチン後遺症で苦しまれている方々が少しでもよくなりますように！,3,中年おにぃの気まぐれ投稿,1

193,ワクチン接種者と未接種者の比較データ分析が出てこないのは何故ですか？,83,段野勝也,3
193-1,@秋山聡 いや、接種後遺症ではなく、もっと根本的な「ワクチンの効果」について訊ねています。,2,段野勝也
193-2,バレちゃうからです。,19,斎藤誠
194,国は医療体制整備の指示の前に、火葬場を増やす様に指示しています。,8,しほる 八雲,0
195,気休めの窓口を設置して一体何になるんですか？油断させたところを更に射たせようって魂胆か？後遺症相談窓口なんて必要ないから副作用、後遺症認定審査窓口に名前を変えて下さい。ヤル気が感じられないのでやり直しです。,25,斎藤誠,1
195-1,ほんとそうですよね。,1,みなこ
196,あまりにも、きついので県の相談窓口に連絡しました体調不良になってますと伝えると、あなたの言ってる事が分かりませんで電話を切られましたもうワクチン接種は怖いですよね,3,喜納真樹,0
197,ついに動き出した？ま〜、選挙も近づいて来ましたからね。「泣く子と地頭には勝てない」と昔から言いますが、政治家にとって、泣く子や地頭とは“選挙民”なのです。それも“選挙まで”の束の間の。ＣＢＣさん！本体(ＴＢＳ)にも働き掛けを。全国に拡散すべきです。❗大石さんの努力を無駄にしてはいけない。(ローカルでは勿体ない),5,rin,0
198,ワクは疑うのに、ウクは疑わない。😹,10,伊予柑橘,0
199,私の回りは3回ちくわ食べた。4回目待ち遠しそう。一ミリも疑っていない。お花畑がいつまで続くかね。,34,ヒキガエルのぴょん吉,0
200,「泣いて生まれて来たけれど」を見てみて。沢山の症例があるから。どーして皆さん、TVや政府を信じるんだろうね。TVや政府のいう事の反対が、正しいと思った方がいいよ。,65,goronyann,2
200-1,私も『泣いて』は おおまにさんで 見ています。,2,桜ぷり
200-2,私も毎日見てます。あれは、情報が早くて具体的でスゴいと思います。,6,あんだんご
201,米も今年の2月にやっと18歳以上の2回目摂取までを正式承認。法律で子供は臨床試験に参加できなくしていた。特例承認など規制緩和して子供にまで製造販売後臨床試験を受けさせるなんて恐ろしい。新自由主義はなんでも規制緩和で安全性を疎かにしてまでビジネス優先だ。,1,てっぺい,0
202,大石さんがメディアにおられる事に感謝しております。信頼できる情報を日本中が求めています。4月10日埼玉県越谷サンシティー大丈夫ホールで鳥集チームの「緊急シンポジウム」でも北海道有志医師の会から相談窓口のお話も聞けるようです。リアルで国の動きを聞く為には足を運んでみたいとおもっています！これからも応援しております。m(_ _)m,3,KEN KRA,0
203,ワクに関して、言論統制してる時点でおかしいのよ。今後は打った人も、打っていない人も、協力して生きていきたいものです。,9,fortune thousand,1
203-1,ワを打とうとしてる人を止めようと、「言論統制してる時点でおかしいと思わない？」って聞いたけど、「国は沢山の人に打ってもらいたいんだから当然だ。」と返されて打ってしいまいました。おかしいと思わないみたいです。,3,Lisa xxx
204,ワク副作用隠して、打たせてとりあえず良い成果出りゃ良い程度対応だったのか？,2,small rabbit🐰,0
205,私は大阪で対面での食品販売をしていますコロナどころか風邪1つ10年以上ひいてません打つ必要はないと思ってます,4,レイ,0
206,ミドリ十字の件がありますので、最初から警戒感を持ち、ワクチンには距離を置き、ワクチンを接種された方の経過を見ております。,43,jwk,6
206-1,賢い選択です。,4,柚ぽん太
206-2,素晴らしい洞察力ですね❗私はインフルも打った事ないしアレルギー体質だから打たなくてもいいや～的な軽いのりで今に至ります‼️,4,M Nakako
206-3,QQ　ワクチン動物実験で全ての動物、亡くなりました。https://youtu.be/QUJFChY_gvY,1,田辺英和
206-4,観察中ってとこがウケるんですけど。笑まあ、面白いしこれから楽しみですよね。どんどん酷くなっていくなんて。笑！,8,斎藤誠
206-5,日本人は、懲りずに　何度も同じ事を繰り返しますね。何で過去から学ばないのだろう？😔,18,あんだんご
207,国をも動かすCBC〜さすがです！！,1,Forex Trader ★ Yuki,0
208,シェアさせていただきます！いつもありがとうございます💪,1,新井幸代,0
209,厚労省の相変わらずの丸投げ体質。主体的に責任感を持った対応をすべき。国家省庁として資格を問う。,3,LONE PUPPY,1

210,ここまで酷くは無いけど、偏頭痛の酷くて寝込む日が増えた,9,SsSs,0
211,本当に国は保証してくれますか?私はワクチン接種後、30分後から寒気あり、当日から1週間発熱、倦怠感、嘔吐で出勤出来ずにいました。その後出勤しても、記憶障害などあり凄く大変と、上司からの圧があり苦しみました4回接種とか本当に必要でしょうか?,2,喜納真樹,0
212,いつもありがとうございます。私はワクチンを2回うちましたが、その後全身に発疹ができ毎日今まで体験した事のない痒みで夜中に目が覚め、毎日かきむしっています😰勿論皮膚科に通っていますが治りません。口内炎も今だにひどく食べるたびに痛みを感じ辛いです。早く良くなりたいです。これからも配信宜しくお願いします😔,1,パンダパン,0
213,相談しても解決しないよ。一体どの程度のリスクを想定して打ったのか？後、薬の副作用、うちの職場でも甘く見すぎ！,19,やりたい事をすぐにやる,2
213-1,ワクチン動物実験で全ての動物、亡くなりました。https://youtu.be/QUJFChY_gvY,0,田辺英和
213-2,相談を聞くだけ。笑当然ですよね、因果関係なんか認めたら被害者雪崩れで国の財政が破綻する。,5,斎藤誠
214,お金貰ってやるプロバイト治験レベル,25,ハチクマ,1
214-1,QQQ　ワクチン動物実験で全ての動物、亡くなりました。https://youtu.be/QUJFChY_gvY,1,田辺英和
215,FIFA（国際サッカー連盟）に登録している選手の心臓突然死と原因不明の突然死の数が、2021年は例年の5倍になっています。,15,サンチュクリ,1
215-1,あれ？11倍じゃなかった？,0,斎藤誠
216,ワクチンの後遺症か‥辛いですね‥困った😖💦国が勧めたワクチンですからしっかり治療してあげてくださいm(_ _)m良くなりますように(祈)💧,2,いねむ,0
217,東海地方県民は冷静な判断ができそうだ,1,やんわり大福,0
218,ワクチン後遺症問題これからも継続して取材と報道よろしくお願いします。応援してます,0,がよこかよこ,0
219,3月11日ワクチン3回目接種次の日38度その後熱と関節痛落ち着くも二週間後不明熱、筋肉痛現在も40度近い熱行く病院でたらい回し疲れたpcr検査しかされず参ったコロナに罹患してないのにインフルエンザでもないのになんの熱なんだろうと思う病院行くだけで疲れる,36,B&W doragon,2
219-1,園児に熱が出ただけで保育園は休園。休み一週間。娘夫婦も大変です。熱だけでよ。なんだこりゃ！です。何でもコロナ。オカシイ！,1,14えっちゃん
219-2,既に複数の都道府県で相談窓口が開設されています。お住まいの県庁に問い合わせてみてはいかがでしょうか？また、有志医師の会に名前を出して参加している病院であれば、真摯に向き合ってもらえると思います。一日も早い回復をお祈りします。,27,Keen Bobson
220,やっぱり隠しきれなくなってきましたね。打たなくて正解でした。,4,R R,0
221,ありがとうございます・勉強になりました🅰️,1,イーサン♠︎中央改札,0
222,確かに今までは、対応してくれなかったわけですから、有りがたいが、仮に受診しても、対処が出来るんでしょうかね❗研究している医師も限られていますからね⁉️デトックスのやり方を確立されているところがどれだけあるかですよね、あくまで対照的な事しか出来ないかも❗,4,松坂,0
223,私自身、3/3に3回目のモデルナワクチン接種後、3/12から現在に至るまで、全身の湿疹が続いています。非常に困っています。取材してくれるメディアがあれば嬉しいのですが…,0,_,0
224,フランス在住です。ファイザーは、治験完了日をこれまでの2023年5月15日から、2024年2月8日に延長したことをご存じでしょうか？日本政府は全くこういった重要なことを国民に伝えませんね。治験中のワクチンを『1日100万回接種目標！』と声高々に宣言した岸田首相の責任は重いと思います。一方、大統領選真っ只中にあるフランスでは、マクロン大統領が窮地に立たされています。マクロン政権はこれまで、アメリカの大手コンサルタント会社マッキンゼーに多額のお金（税金）を支払い、その指示に従っていたというのです。『マッキンゼーゲート』として、フランス国内で問題になっています。一連のパンデミック対応（ロックダウン、ワクチン義務化、ワクチンパスポートなど）も然り。なぜなら、マッキンゼーはファイザーと手を組んでいるからです。これに真っ向反対する候補者も国民に訴えています。世界中で、後遺症に苦しむ人々が早くきちんとした治療を受けられるよう、声を上げなければならないと思います。これでマクロンが当選したなら、選挙を疑わざるを得ません。,8,トモテンテン,1

225,三回め、みんなできたら急がないで。だんだんこういうことも明らかになりそう🎵,7,のんさま,0
226,え？うたないほうが、全然健康でいられるのに。相談窓口をして、カウンセラーが、こころ寄り添い、気持ちを整えて、その人の現実以前のように、戻れるのかな。,3,しろ亀sakai,0
227,ようやっと心を見せてくれました。,3,千惠,0
228,一定のメリットもあるのだろうが国は後遺症で苦しんでいる国民に真摯に向き合ってほしい,1,saori,1

229,国の方はお得意のやってるフリじゃない事を願いますが….,1,guusuke,0
230,こんにちは!私は68歳のおばあちゃんです。3回のワクチン接種後から目眩、胸痛、やる気が出ない症状に悩んで居ます。周りの方にも同じ症状の方が三人居ます。漢方解毒、デトックス方法にトライしています。,6,天空ソラ,1
230-1,全員とも主治医から国への報告はあがってますか？もみ消されて泣き寝入りされません事を。早く良くなりますように。🙏🙏🙏,0,Lisa xxx
231,未だにわからん人は自己責任でいいでしょ？別に強制じゃないんだから。後、国は打たせる方に動いても後遺症の事なんて考えてないですよ。,1,ヤグモ博士,0
232,NATO の国際会議でマスクなし&ソーシャルディスタンスも取ってなかった岸田さん、なぜ日本でマスクしてるんでしょう？,6,ycNo1family,1

233,やっと動き始めましたか…対応が遅すぎです‼️,4,破壊王,0
234,旦那の実家に行ってきたのですが舅の膝から下の足がパンパンに腫れていて青紫色になってました病院ではたんぱく質が不足しているしか言われなかったようですいやいやたんぱく質が不足しただけでそんな風になるか？結局は原因不明の難病と言われたようです６月に２回アレやって夏頃から体調が崩れていき食欲不振や体がダルイとかかな12月に体全体が浮腫出し足から水が染み出して今に至ります今→(青紫色に腫れ上がった膝下)前よりは腫れは引いて来たようですでも膝下ヤバイ😱💧本人はアレのせいだとは微塵にも思ってないようです３回目も打つそして止めない医者難病中なのに恐ろしい,6,so ra,0
235,ここで紹介さ入れている症状はまだ軽いほうですね。足を切断しなくてはならなくてはいけなかった方も海外はいます。メディアには出てきません。,4,たまみ,2
235-1,失明したとかヤバいのいっぱい。,2,斎藤誠
236,政府の罪は、重い。,11,柴田稔,1

237,なぜ人口削減するのか教えて先生,4,サンチュクリ,0
238,フ・・・ザーの内部情報では35人中1人逝ってるようだ,5,hihi popai,0
239,厚労省の通知については厚労省のHPのリンクを概要欄につけてほしかった。,1,下畑隆司です,0
240,有り難うございます(●´ω｀●)この動画拡散します,23,yo u,0
241,大石さんありがとうございます。大手報道機関は、配信制限されてるから、大変ですね。頑張ってください。自分の心からの声に従ってください。,0,香 棚瀬,0
242,全国で後遺症の方がいらっしゃる　名古屋市がさきがけたのはありがたいです　早く後遺症の人に寄り添って補償して欲しい,2,なにわともみ,1

243,血液検査で、化学物質は検出されなかったのでしょうか？,0,喜一 山川,0
244,生.物.兵.器を打たせている国が本.当に動く訳がない。,4,Alexandre Benois,0
245,ありがとうございます。,2,早雲北条,0
246,反ワクチンでも反マスクでもないし、この報道に賛同してるわけでもないけど4回目の接種とかマスク義務は「もういいや」って感じ,0,ごんかび,0
247,いつもありがとうございます,2,kosumosu,0
248,2回目のワクチン接種後から肩の痛み、腕が上がらない等の症状が半年以上続いています。昨日まで四十肩になったのかなと思っていましたが、ワクチン接種をしてから症状が出始めたことに気付き相談窓口に電話をしました。まずは整形外科に行って、痛み止めを出してもらったり、リハビリをして改善するか確認してくださいと教えていただきました。痛み止めは半年間毎日のように飲んでいますが、痛みは続いています。ワクチンが原因かもと思わず3回目も打ってしまったことを後悔しています。このまま一生この痛みと共に生きていかないとダメなのかなと思うと少し辛いです。私が働かないと生活できないのに···もっと早くこの番組に出会えていたら···これからも拝見させていただきますね。,5,母ちゃん シングル,7
248-1,@あかね 様色々ありがとうございました😊,1,母ちゃん シングル
248-2,@母ちゃん シングル はい！お大事になさってくださいよくなりますように🍀,1,あかね
248-3,@あかね  様再度、ありがとうございます。拝見することが出来ました。色々教えてくださり、ありがとうございます。まずは食生活の改善ですね♪そしてお薬！本当にありがとうございました。,1,母ちゃん シングル
248-4,もう一度返信してみました。見られますか？,1,あかね
248-5,@母ちゃん シングル そうだったんですね。返信ありがとうございます。伏せ字にしてみます。ゲ  どくをお調べください。食生活を変えて、薬は  いベルめくち○  を名古屋市長や後遺症を診る医師らがすすめています。,1,あかね
248-6,コメントをくださった方、ありがとうございました。何故か見ることができなくて···せっかくコメントをくださったのに申し訳ありません。,1,母ちゃん シングル
249,ワクチンの後遺症や副反応って思い込みも多いと思うので、本当の意味の後遺症や副反応をしっかり調査して欲しいです。自分が思い込みによって体調がかなり変化するタイプなので切に願います。,0,tkun61,0
250,おはようございます。お知らせくださって大変ありがとうございます。感謝感謝です,1,首藤道子,0
251,ありがとうございます♪大石さんの働きは大きい❣️,0,m m,0
252,名古屋市などのお陰でやっっと少しずつ表に流れるようになってきたのですね…4回目もほぼ確定？の中、1年間で4回も体内に入れる。と考えると恐ろしいです…。効果・抗体が下がるから急いで！！　みたいな思いにさせられて…未だかつてそんな頻繁にありましたでしょうか？　増加するたび⇄うつこの2年間もきっとこれからも…。そうしてきた人々は、もうそれがある意味当たり前になってきて、疑わず行っている事が恐ろしく思います…。誰だってかかりたくないし、重くなりたくないです！!     でもやっぱり怖いんです！！,7,ラブたん,2
252-1,医療従事者ですら調べないですから…。同調圧力って言うけど、命と仕事とどちらが大事なのかと。,7,mingzi
252-2,打つ人って、打つ前は全く調べないのよ打ってから、様子が変だってんで、ようやくネットを見始めるのよそれでは、遅いんだよね,9,あんだんご
253,総理の「因果関係の有無にかかわらず」って　有しかないやんけｗｗｗ,0,DIOの影武者ジャイル,0
254,大石さん❗️もうね！素晴らしい報道。やっぱりいい人だよなあ🤗,0,バケネコ,0
255,以前から疑問に感じていたんですが、こちらの番組ではかなり前からワクチン後遺症を扱っていますよね。他の動画はここまで堂々とワクチンのマイナス面を扱うと消されたりしているらしいですが、どうしてCBCさんは大丈夫なのでしょう？もちろんこのような報道が有難いのは大前提での素朴な疑問です。,6,kokoro yamakawa,2
255-1,本当の事を小出しにしてるのでは？気がつけよ！　と。いきなり全部を言うと、日本中パニックになる。,2,mingzi
255-2,良い方に取るしかナイですかね。大石さんの人柄の誠実さを信じたい。,2,みゆみゆ
256,今まで因果関係が無いと言って推進しているテレビの専門家が接種してない事例もある。本当の事知っていても推進するが自分は打たないだろ日本の専門家や医療のレベルの低さは目に余るテレビに出ている人達は得に,0,bmwlife59,0
257,大石さん、河野太郎さんにワクチンについて改めてインタビューしてもらえませんか？,3,Suzu Red,0
258,愛知って本当に光と闇というか陰と陽が同居してるよなぁ。,2,桃太郎,0
259,打たなくてもいい人がちゃんとわかればいいのにね数年後に手のひら返しされてもやるせないよ,0,surassyu27,0
260,本気で動き始めたのなら、普通一旦止めるし、強制〇取や大規模火〇の準備しないと思うんですけどｗ仮に今、「全ての薬害を認める」なんて事したら、１億２千万？の８割？から脂肪を含めての賠償を求められるので「認められる訳が無い」ですよね。と思ったら、「因果関係の有無にかかわらず」かｗｗ　〇められないなコレｗそしてベーシックインカム導入される布石なのかな？,0,NP2,0
261,やっと国が動き出したか。ずっと真実を報道してるCBCは素晴らしいです。そして枠をゴリ押ししてる医者や専門家はわかってるよな？人の人生を終わらせた罪は重いぞ。覚悟しとけよ。,5,スピーゲルスパイク,2
261-1,@あかね 確信犯ですね。いくら金詰まれたらこれ程酷い事できるんですかね。何か弱みでも握られてるのか。どちらにせよ国民の命を危険に晒した罪は消えませんね。,1,スピーゲルスパイク
262,Twitterでお注射から亡くなられるまでの経過を呟いてる方がいらっしゃいますね、可哀想でなりません安心安全ならそもそも相談会窓口なんて必要無いのにね,1,GT GT,0
263,それでも治療費100万円結局タダより高いものは無かったてことだ,56,ひらたまさき,5
263-1,@Norma まあ、ご存知ですよね。笑,1,斎藤誠
263-2,@斎藤誠 さん。おっしゃる通りです😩😩,1,Norma
263-3,税金で殺されるとか最悪,19,Naoya
263-4,タダって言うか日本国民の税金ですよね。又、次回分の予約しているとか本当にふざけている😠😠これがきっかけで増税とかしたら本当に許さん!インフラも進むのが確実だし…不景気の時こそ消費税を下げるべきだ!😠😠😠,28,Norma
264,名古屋人だけど、この件で市長とCBCは、他県に誇れるかもね。名古屋人の良識の底力、もっと見たいですね！,0,EU発フリーメイソン研究ちゃんねる,0
265,熊本からです。物心ついた時から水(また)病患者認定問題、補償問題について、長きに渡り見てきました。泣き寝入り、時間稼ぎを犇々と感じるのみ。亡き祖母が水俣から県内移住、車の免許を取ってからは、祖母の故郷、懐かしい人に会いに行く為に祖母を時々乗せて行った事を思い出します。数字と打ったフリに騙された多くの国民が、次は助けるフリ、時間稼ぎで更に大切な時間を奪われてしまわない事を心から願うのみです。CBCさんの貴重な情報が視界に入らない人達がまだまだ。本当にようやくですね。有り難う御座います。,5,Syacyuuhaku Tokyo Datsyutsu,4
265-1,@Lisa xxxこの動画に対してのコメントしたタイミングが遅く、反応少ない私のコメントに貴重、丁寧な返信、重ね有り難う御座います。 まさにその通りです。Lisa xxx様のこの内容を多くの方に読んで頂きたい気持ちで一杯です。肝心な数々の蛇口を開いたままのですからね。,1,Syacyuuhaku Tokyo Datsyutsu
265-2,@Lisa xxx 返信有り難う御座います。御経験された方なのですね。打たせた目的がある様に救済目的が有ると思っています。過去に例のない規模なので今後の展開を他の流れ含めて見ていかないとですね。,1,Syacyuuhaku Tokyo Datsyutsu
265-3,補償問題で国と揉めた経験のある人は一発でわかりますよね。私もあるので国のチートはすぐに分かります。,2,Lisa xxx
266,愛知県に住んでます。救急車が、頻繁です。１年前、斉藤新緑さんの、そのうち分かるのお言葉の意味が、現実になってしまいました。,5,愛,2
266-1,@あかね コメント消されてしまいます。情報ありがとうございました😊,0,愛
267,『有効性「推定」で緊急承認法改正案』👁️,6,fuji sakura,1
267-1,QQQ　ワクチン動物実験で全ての動物、亡くなりました。https://youtu.be/QUJFChY_gvY,0,田辺英和
268,河野◯郎は今どう思ってるんだろうか。是非聞いてみたい。,8,ガンコさん,2
268-1,はじめしゃちょーとのコラボ動画を振り返ってみよう(笑)いかに政治屋が嘘つきデマ野郎かわかるというもの😂,4,名無君
269,何で止めねーの？,37,すーぷはるさめ,1

270,知り合いに歩行困難になった方がいます打った事にとても後悔していました,0,まぁす,0
271,主人は、職域接種で打たされるって一回目は筋肉痛　２回目　熱出たみたいなんと３回目も打ったんだから　私も息子たちも打ってないけどね。私は、インフルも打ってないわ。感染とか全くしない😆,0,甲斐清美,0
272,同僚がもうすぐ臨月で検診の際、お医者様に枠珍を打たなくてよいか相談した所、必ず打ってくださいと言われ打った所、腹痛と、お腹が異常に張ってしまい切迫早産になりかけたそうです。今は落ち着かれたとの事でホッとしました……。,2,ゆか２５,6
272-1,@斎藤誠 様同僚の話を聞いて無事だった事に安堵しましたが、言い方悪くて申し訳無いですが能天気過ぎるとも思ってしまいました。こちらこそ失礼致しました🙇,2,ゆか２５
272-2,@ゆか２５ 本人がそういう人ならそれでいいんでしょう。考えてみればそういう人でもない限りお腹に子供がいるのに接種しませんよね。救いようがない。失礼しました。,3,斎藤誠
272-3,@斎藤誠 様無事だったし、枠珍とは関係ないでしょう位に同僚は思っている様です…。,1,ゆか２５
272-4,@斎藤誠 様地元の産婦人科のお医者様の様です。,1,ゆか２５
272-5,医者の言う事を鵜呑みにする方も思考停止だけど、それどこの医者？,2,斎藤誠
273,ワク中が静かすぎるwwwお注射しまくってコロナ禍収束しないどころか後遺症までもらってさw一番声をあげるべきなんじゃないの？君たちはワク中は？www,30,BFC,3
273-1,@あらいくま 出たら騒ぐの？騒ぐと治ると？不思議な発想ですね,0,K. T.
273-2,@あらいくま でた！！！ワク中が！！！www,17,BFC
273-3,ん？俺2回目打って3回目も打つけど何も問題ないよw後遺症出てもないのに他人事で騒ぐわけないでしょw,0,あらいくま
274,私も苦しんでいます。1回目、2日後より激しい頭痛でMRIで椎骨動脈解離と動脈瘤が、手術で合併症で脳梗塞も発症し後遺症はまだあります,2,Shimatani Naoki,0
275,寄り添ってもらってもね。元に戻せ、そもそも打たせるなって‼️,1,hiro hiro,0
276,あなた方の啓発のおかげです。,1,Nullpo08,0
277,窓口が携帯二回線。相談236人って朝から晩まで対応やってる数字ですねこれ,2,Okano Eiichi,0
278,免疫抑制効果があり、その副反応が続いている。,2,keigo hara,0
279,こうなる事は最初から分かりきってた事なのに…それにしても岸田の野郎…ここでも「目指す」なんて言ってやがる…「検討」だの「目指す」などとグズグズして結局は何もしない💢,3,Fath'er,1

280,右も左関係無いアカンもんはアカン,6,ニンニンニンコ,0
281,熊本長洲町の中学校の先生が接種後、お亡くなりになられたそうで、メディア等では一切取り上げられません！是非とも取材して頂きたいです。,0,Nasu monky,0
282,薬害エイズの様に国対国民で多額の賠償金を支払う事になりそう。歴史は繰り返される。,0,おぐらあんこ,0
283,この問題はもっと早くやるべきだったのではないか？💢自分の意見は今まで何をやってたんだと言いたい😡,1,原田博之,0
284,私もコロナワクチンであと後、頭痛で耳鳴りと体の怠さと手足の冷えとめまい息をはくと胸が区締め付けがあります。,0,山脇ミエ、三栄,0
285,悪徳商法 やん   ⚠️,13,奈良ぷー,0
286,減税には動かないね,4,成田源昌,1
286-1,増税には動くけど。その為に接種させてるようなもんだよね。,2,斎藤誠
287,子宮頸がんワクチンの時も同じような事言ってたよね。ノシーボ効果についてもちゃんと報道しようね。,0,教えてアンパンマン,0
288,国が原因なのに,2,A A,0
289,🌴🌏🐎ワクチン接種３回目の後は地下田舎でも様々な症状に成って来ましたね📱田舎では真面目にテレビ番組を信じて幾ら言っても哀しいですね🐭,1,宮本百合恵,0
290,化学物質に敏感だから打ちたくなかったが、義母から旦那へ打たない私への講義の電話。打ちましたが2ヶ月たっても腕の疼痛があります。義母はあらぁー大変ねと笑っていて本当に腹が立ちます,0,mura mo,0
291,テレビでは相変わらず安全性は確認されていますので3回目の接種をするように言っていますが、私自身全身倦怠感、頭痛の他血圧上昇（上が150越え、下も100越えで少なからず欠勤せざるおえなくなりました。結局年間20万円以上の減収ですが誰も保証してはくれません。以前から降圧剤を服用していますがいまでも下が90以下にはなりません。（接種前は70台で管理できていました。）3回目では命を落とすのでは？という恐怖があり絶対に受けません。勝手な宣伝ばかりではなくこのような情報も政府は一般に公表する義務があるはずですが…,3,氾少伯,1

292,去年の夏頃にかかりつけの医者にワクチン打ちなさいと言われたけど、ガン無視していた。やっぱりこうなると思っていたから。しかし水俣市のある県なのになぜ皆ホイホイと打ってしまったのだろうか？それが残念なのよ。,0,M Yk,0
293,厚労省ホームページには予防接種健康被害救済制度が明記されてます。健康被害が生じた場合は予防接種法に基づく救済を受けられるらしいです。一度ご覧になって見てください。一方、4回目の枠を進める矛盾。,10,マミーマミー,1

294,副作用はないとか断言してたワクチン大臣（）とかいうのいませんでした？？？？？？？？？？？,6,Faedz Aえｄ,1

295,国が動き始めたか？ペナルティ弁償？,2,峰峰,0
296,世間体を思いやる世話好きな母親が…まるで別人の様に痩せ細り病院に搬送されてから寝た切り状態です‼️黄疸が酷くて検査した所…膵臓癌の末期でした‼️信じられません‼️何が起きましたか‼️🤗amen‼️,1,モコマロン,0
297,持病持ちには医師厚労省においては🤔因果関係を少しでも明白にしてほしい。３回めもまた腕の上がらぬ苦しみが来ると躊躇😫😷,0,市川若菜,0
298,質問いたしますが。貴方はこの注射を打ったのでしょうか。何回打ちましたか。政治家の皆様の打ちました回数をお知らせください。,5,伊藤まさし,0
299,6:36 これを治験といいますよね,0,lqozJ,0
300,寄生虫　黒い物体　電波　コントロール　people　みんな簡単に打ってくれる　ありがとう　世界計画,1,Anonymous (AnonNet dept.),0
301,行くのめんどくって、一回も打ってないな。検査キット買って使ったりはしてるけど。,0,僕に諭吉さんをください,0
302,まだまだ馬鹿にしている一般人がいる以上良い方向に変わったとは言えない…。,1,さゆ,0
303,手足の痺れ、二回目から、半年です。SIRVAという五十肩の症状は、カテーテル治療でやや回復しました。,0,アルトサクゾー,0
304,内容が素晴らしいので構いませんが、カメラマン、ピントおかしくないですか？,1,はなたろう,0
305,ワク珍打ちまくりビジネスがそろそろ限界だから、これからはワク珍後遺症ビジネスで、ガッチリ！💪🏻🤩💰✨,5,まるもり,0
306,昨日の及川幸久チャンネルを見た方は、ある種の絶望感を覚えたかもしれない、今回の新型風邪に関する一連の重要事項のまとめとも言える内容でした。#及川担,2,橋本隆昭,1
306-1,及川は米大統領選挙前後で見てたけど(今はサムネだけで十分)逆に信用なくす,2,秋山聡
307,薬害と言っていいのでは？,6,Sugar Kellye,1

308,猛毒ですからしょうが無いです。政治家、製薬会社、逮捕でしょう。,7,⛩️神社YELL⛩️,1

309,NHKとキー局はいつ動き出しますか？,18,Organic,2
309-1,まだテレビテレビ言ってるのですか？　まともな人はすでにテレビを観察対象程度にしか思ってませんよ,18,kei16
309-2,まあ製薬会社がスポンサーにいる限100パー取り上げないでしょう,17,maa
310,五億本仕入れたのを捌けさせるためまだ、終わらない惨劇俺は一回も打ってないけど,0,ぱぱとべんきょう,0
311,ワクワク割始まりますw,0,阪神tiger777,0
312,私わ、風邪のワクチン王ってあと、お腹お壊し、病院に切り、その後、帯状疱疹握り、耳鳴りがして、一年になります,0,らてラテ,0
313,ロット番号が付いているので、中身が全部同じではない。ロシアンルーレット。,7,ゼスラン3,0
314,大石さんが心配。,0,yuko terasawa,0
315,無理しないで　がんばってほしいです 。,3,26c62626yamashita,0
316,河　野　太　郎　に　刑　事　罰　を　。平　塚　の　デ　タ　ラ　メ　Ｃ　Ｎ　Ｋ　Ｓ　に　ん　げ　ん　河　野　太　郎　を　刑　事　告　訴　せ　よ　。,0,水澤秀成,0
317,動くの遅すぎやろ⁉️😤😦,0,シエル 水嶋,0
318,岸田　当たり前のことしか言うてないw,1,R E,0
319,是非、井上正康さんの動画を見て下さい。,1,yukki A,0
320,『岸田、おまえなぁΣ(-᷅_-᷄๑)』と思ってる人は多いと思う。,3,二二晴太,1

321,大石さん　ありがとう！,2,R E,0
322,確かに耳鳴りは有るよ！　だから三回目をどうするか考えているよ！,1,RIGHT WING,4
322-1,@あかね 死は別に怖くはないんだけどこれ以上の障害は勘弁だね！,1,RIGHT WING
322-2,やめた方がいい。3回目で耳が聞こえなくなるどころか、死亡とか本当しゃれにならないよ。,1,あかね
322-3,3回目で耳鳴り治るかもよ。,0,斎藤誠
323,後からこういうことがわかってくるということで、本当に安全性が確保されたいたのか疑問ですね。国が通達を出すほど被害が蔓延しているということでしょうか。長期の治験終了の2023年までは、因果関係不明ということでしょうが、データが出そろったときどうなるか、ちょっと心配していますｗ,1,夕暮れのサイクリスト,0
324,とにかく誰が責任とるか？ですね,3,原口俊幸,1
324-1,誰も責任取らないと思います。福島第一も誰も取っていません！皆泣寝入りです。残念ながらこうい国です。だから慎重に判断すべきですね。職場、学校などでの同調圧力はとんでもないことです。人権侵害の極致です。,3,rin
325,どくちん　でわないですかね。。。。。。,1,Toshiro Mori,0
326,excellent,1,アガサシオラン,0
327,カメラぐにょぐにょで酔う,0,南斗酔蝶拳,0
328,四回目はさすがにうたない。,0,直角さん,0
329,副反応が長く続いているだけだろう。,0,keigo hara,1

330,動くの遅すぎ,1,dva pwfq,0
331,後遺症を治療するワク○ンとか開発するんじゃない。,13,阿部信,3
331-1,@あんだんご 大阪が・・・,1,桜ぷり
331-2,@あんだんご ここまで信用ない製薬会社も珍しいですよね笑。,2,阿部信
331-3,あやしい飲み薬とか。,5,あんだんご
332,遷延ねえｗ霞ヶ関文学かあ,0,生活保護マスターK,0
333,⛩🌌🦀🇯🇵政治家、いいくらい💉ワクチン推進しといて、今更では、ないですか？皆様、🇯🇵国家に全責任取ってもらいましょう！,1,ま,5
333-1,⛩🌌🦀🇯🇵岸田さん、世路死苦頼みます‥‥,0,ま
333-2,⛩🌌🦀🇯🇵やっちゃいましたね！,0,ま
333-3,⛩🌌🦀🇯🇵国会議員、知事、県会議員、市議会議員、さん💉どうしてくれるんですか？,0,ま
334,医師でも専門の学者でもない文系の人間のデタラメを地上波しか観ることの出来ない情報弱者の人間達を洗脳しようとする滑稽なコンテンツだね…(≧▽≦),0,杜氏芳太郎,1

335,ワ　ク　チ　ン　の　健　康　リ　ス　ク　を　国　民　に　正　し　く　説　明　す　る　義　務　を　怠　っ　た　だ　ろ　、　平　塚　の　河　野　太　郎　は　。河　野　太　郎　に　刑　事　罰　を　与　え　て　や　っ　て　く　だ　さ　い　。平　塚　の　河　野　太　郎　は　、　私　利　私　欲　の　た　め　に　「　ワ　ク　チ　ン　担　当　大　臣　」　の　職　責　を　途　中　で　放　棄　し　た　男　で　す　。,0,水澤秀成,0
336,膠原病なんですが3回目ワクチン接種しても大丈夫なんでしょうか、、、,0,白湯ぽん,3
336-1,掛かり付けのお医者様に問えば?,0,山田直子
336-2,百害あって一利なしの注射です。大丈夫な訳ありません。,1,あかね
336-3,2回接種して平気だったんでしよ？大丈夫だよ。,0,斎藤誠
337,ゴゴスマでも同じように取り上げてくれないかな？CBCに期待しています。,2,つちのこ,1

338,参政党の選挙演説是非聴いて下さい、1番に、取り組み出しましたよ、みんなが、政治に参加する、参政党です、自民党もあわてふためいて、だしたのかな？、参政党の、松田学チャンネルでは、初期から、流行り病の事に取り組んでおられました。信頼できました。是非聴いて下さい。,1,てんぐのうちわ,0
339,空前の○クビジネス特需空前の○器ビジネス特需,12,power chord,0
340,河　野　太　郎　に　刑　事　罰　を　。,0,水澤秀成,0
341,ヤ○ー、グー○ル、ユー○ューブ、TV、新聞。こいつらもグルです,2,サンチュクリ,0
342,太郎は？ワクチン太郎は？,1,スズキマサミ,0
343,なぜいつも画像が悪いのですか？,0,tms5911,0
344,●保守系掲示板サイト(反チクワ)検閲対策の一環として微力ながら活動しています。皆様も情報共有、発信の場としてご活用ください。今後の社会を考える場です。※当アカウント名 ＞ ホーム＞概要から。,1,ニャン吉,0
345,私は今だに左腕が上がらないし左半身に力が入らない。4月17日に2回目の接種予定ですが心配です。接種前は健康そのものでしたが‼️あ、注射跡が今だに押さえると痛い😭元整体師なのでほとんどは自力で治していたのですが今回は筋肉系ではなさそう⁉️,0,ななにゃん,0
346,塩野義製薬のワクチンに期待したい・・以上。,3,ナッセ,1

347,いやいや、政府も動いたとは言うが、CBC放送に対しての文句ではないんですけど、何故政府側は人体実験を行ったのかを確りと説明させなきゃ為らんのではないのかな？まあ、私の場合は大体は理解しているんですけど、其れを知らないでいる国民に対して説明を求める人物達が出て来ないってのが問題なんじゃないかな？緊急事態は判るんだが、TV報道を見ていたら誰でも察しが付くとは思うんだが、其れでも判っていない人達が多すぎます。そして、世界中の情報を調べてみたら良いんじゃないかな？日本國ヲ護らにゃ為らんはずなのに、何故かウクライナに支援をしたりして、まあ、支援するのが悪いとか言っている訳ではないんだが、其れよりも先に日本国内の事柄が出来なきゃ何も為らないんじゃないかな？昔の人の言葉なんだが、「自分の頭の蝿を追っ払え無いのに、他人の事柄に興味を持つな。って言いますか、他国のことに話を突っ込むな」って話じゃないかな？日本國民の生命、財産を守るって言っておきながら、何もしていないって感じがしてならない。現在の首相はね？んで、もう少し突っ込まさせていただきますけど、そのデータってのは開示されているという話ですけど、ワクチンを打ったのは何回目ですかね？其れが判らないと、、、？ってなってしまいます。まあ、最初の一度目と二度目だと思いますけど、だとしたら、ワクチン接種をする条件として出していた話になるんです。国会議員の田村憲久だっけ？厚生労働関係だったと思うんだが、当時に言っていましたよね？ワクチン接種して何らかの事が起きたら、4200万円支払うって。中には死亡した人も居たが、支払いをなされているのかって話です。ほぼ強制的な形でワクチン接種させた状態です。それに対してはマスメディアもかなりの責任が出て来ます。煽ったのだから。良く話されていたのは「欧米各国では～、とかイスラエルでは～！」って言いながら、ワクチン接種スピードをUPさせたのは他ならない、マスメディアでしょ？其れについてはどうなんでしょうか？そして、グラフのマジックを使いましたよね？TV報道などで。世界中でバ～ンと跳ね上がる部分を見せた状態で、日本国内の上がり方を同じ様な形で見せたのは仕方がないかも知れんが、グラフで出している縦のメモリが余り見えない情況でかなり騒いでいたのが現実でしょ？世界のグラフの縦の単位と日本のグラフの単位を何故か余り見えないようにしていたのが現実なんじゃないでしょうか？そういうのをグラフ上のマジックっていうんですよ。そのグラフのマジックに気が付いている人物達もマスメディアでは出演出来ないようにしたのは如何なものでしょうかね？真実なんてドウデモイイってならば、マスゴミって言われてしまいますよ？まあ、CBCの場合、中部県内だし、愛知県とか岐阜県とか三重県とかだと思いますが、静岡県では放送されていませんから、言いようがないって言えば言い様がないんですけど、其の辺りまで調べ尽くして、真実の報道をして貰いたいですね。頑張って真実を追求して下さいね。國民は真実が知りたいだけです。,3,Kiyoshi Yuyama,0
348,こういう報道をしかいと。専門家もどき出して3回目で72.6パーセントに非感染率が向上しますとか。けむにまく報道ばかり。日本に来るワクチンは、目的が違うのかな？世界でも起こってるのか知りたいです,3,泰知,3

349,痒いです。,2,ガデムモーター,0
350,治験に参加希望し自らの体を提供している人達に感謝しています。,3,keigo hara,1
350-1,理解していない人には教えてあげたいが、推奨する人間は何回でも打ってもらいたいですね,1,きた
351,打つも打たないも自由だけど、後遺症に対して因果関係不明と言うのは無しにして欲しいですね。,1,ちくさむ,2
351-1,打つ前にもう少し必要な情報の提供が先では?　その上で判断すれば良い。今は情報を出さないから知らずに打つ人が多すぎます。,3,mingzi
352,こんなん報道するの反枠の思うツボでしょ、危険すぎる「ワクチンとの因果関係は分かってない(→関係が「ある」とも「ない」とも言ってない)」ってことをもっとアピールしてほしい(ワクチン関係があるのかないのかわからないのになぜ「後遺症」と言うのか、というのが私的にすごく疑問です。あれだけワクチンを推進していたのに今更反枠になるのかという声も少なからず出てくると思います。),1,東海STATIONS,1
352-1,あと案の定だけどコメント欄反枠多すぎでしょ無関係かもしれないってのにいつの間にか絶対に関係あるみたいになってるの怖すぎだし普通に失礼だと思う,1,東海STATIONS
353,CBCさん、大石さん、今4/4ですが、議員先生方がなぜ鈍感と言うか遅いのかの原因、”闇のクマさん”で語っています。皆さんが見られる動画ではなさそうなので、簡単に言うと、議員先生方は、”新聞”しか確認していない先生方が殆どだとの事です。せめて、大石さんｔｖのみでも、みて、情報を確認してもらえれば、少しは違ってくると思います。多分、新聞の次はTVがその方法だと思います。これからも、いろいろな意味で頑張って下さい。いつもありがとうございます。,0,ノームミッターマイヤー,0
354,陰謀論だろ,1,superspective,0
355,素人の主観的なクレームは「出処のはっきりした情報」でも「私なりの取材」にもなりませんよ！　大石さん、貴方はジャーナリストとしてはまだまだ未熟です。真摯な対応には見えません,0,donald walter,0
356,どんな予防接種も必ずリスクはある。効果の方が圧倒的に大きいはず。レアケースだけを取り上げるのはいかがなものか？,1,ヨンファヒャンド,5
356-1,私も未接種ですが、2年間、元気ハツラツです☺️,6,mingzi
356-2,私の周りで接種者の体調不良が多いです。そもそもコロナは怖い病気？風邪にはかかりましたが、私は2年以上かかってません。なのでマスクには風邪の予防効果がないか、コロナは風邪よりかかりにくいかとなりますね。あなたの憶測は憶測の域をでません。接種に効果があるどころか、逆効果。薬害事件の歴史はいつも後出しじゃんけん。「はず」ではだめなんですよ。,5,あかね
356-3,圧倒的に大きな効果を上げて下さい。,3,斎藤誠
356-4,事前に説明をしっかりしない理由は何なのか?　もっとしっかり治験中と言うことを周知するべきでは？,3,mingzi
357,何言ってっか聞こえねぇよ．．１人でブツクサ話してんなよ,0,ZEMATIS,0
