1,SIRVAã«ã¤ã„ã¦èª¿ã¹ã¦ã„ã¦ã“ã¡ã‚‰å‹•ç”»ã‚’æ‹è¦‹ã•ã›ã¦é ‚ãã¾ã—ãŸã€‚ï¼’å›žç›®ã®ãƒ¯ã‚¯ãƒãƒ³æŽ¥ç¨®ã‹ã‚‰é–“ã‚‚ãªã4é€±é–“ã«ãªã‚Šã¾ã™ã€‚æŽ¥ç¨®å¾Œï¼“æ—¥ç›®ã‹ã‚‰è‚©ã‹ã‚‰è…•ã«ã‹ã‘æ¿€ç—›ã§çœ ã‚Œãšã€å‹•ã‹ã™ã“ã¨ã‚‚å‡ºæ¥ãªããªã‚Šã¾ã—ãŸã€‚ç—…é™¢ã«è¡Œã£ãŸã‚‰æŽ¥ç¨®å ´æ‰€ãŒä¸ŠéŽãŽã®ã‚ˆã†ãªã“ã¨ã‚’è¨€ã‚ã‚Œã¾ã—ãŸãŒSIRVAã¨æ–­å®šå‡ºæ¥ãªã„ã¨è¨€ã‚ã‚Œã¾ã—ãŸã€‚ç—›ã¿æ­¢ã‚ã‚’é£²ã‚“ã§æ§˜å­ã‚’è¦‹ã¦ã€å°‘ã—ç—›ã¿ãŒå¼±ããªã£ã¦æ¥ã¾ã—ãŸãŒã€å°‘ã—ã—ã‹å‹•ã‹ã›ãªã„çŠ¶æ…‹ã§ã™ã€‚å®¶äº‹ã‚‚å‡ºæ¥ã¾ã›ã‚“ã€‚å®Œæ²»ã™ã‚‹ã®ã§ã—ã‚‡ã†ã‹ï¼Ÿ,2,ã‚‚ãƒ¼ãŸã‚“,2
1-1,å®¶äº‹ã‚‚ã§ããªã„ã®ã¯è¾›ã„ã§ã™ã­ã€‚å¤šãã®æ–¹ã‹ã‚‰ç›¸è«‡ãŒæ¥ã¾ã™ã€‚ç§ã«ç›¸è«‡ã•ã‚ŒãŸæ–¹ã¯ï¼“âˆ’6ãƒ¶æœˆãã‚‰ã„ã¾ã§ã«ã¯å’Œã‚‰ã„ã§ãã¦ã„ã‚‹ã‚ˆã†ã§ã™ãŒMRIæ¤œæŸ»ã‚„SIRVAã«ã¤ã„ã¦çŸ¥ã£ã¦ã„ã‚‹ã‚ˆã†ãªæ•´å½¢å¤–ç§‘ã‚„ç·åˆè¨ºç™‚ç§‘ã®å…ˆç”Ÿã®ã„ã‚‹ç—…é™¢ã‚’ãŠå‹§ã‚è‡´ã—ã¾ã™ã€‚,0,ç·åˆè¨ºç™‚ãƒãƒ£ãƒ³ãƒãƒ« åœ°åŸŸã«ã„ã¦ã‚‚æœ€å…ˆç«¯!!
1-2,ï¼”é€±é–“çµŒã£ã¦ã‚‚ç¶šã„ã¦ã„ã‚‹ã‚“ã§ã™ã­ã€è¾›ã„ã§ã™ã­ã€‚ç‚Žç—‡æ­¢ã‚ï¼ˆç—›ã¿æ­¢ã‚ï¼‰ã‚’ä½¿ç”¨ã—ã¦çµŒéŽã‚’è¦‹ã‚Œã°è‰¯ããªã‚‹ã“ã¨ãŒå¤šã„ã¨æ€ã„ã¾ã™ãŒã€ã‚ã¾ã‚Šç—‡çŠ¶ãŒè¾›ãæŒç¶šã™ã‚‹å ´åˆã«ã¯æ•´å½¢å¤–ç§‘ã§MRIæ¤œæŸ»ã‚’ãŠå‹§ã‚ã—ã¾ã™ã€‚,0,Dr Jun
2,å¶‹æœ¬ãƒ‰ã‚¯ã‚¿ãƒ¼ã€ã„ã¤ã‚‚é…ä¿¡ã‚ã‚ŠãŒã¨ã†ã”ã–ã„ã¾ã™ã€‚ç§ã¯çœ‹è­·å¸«ã‚’ã—ã¦ã„ã¾ã™ãŒã€æ¥ãšã‹ã—ãªãŒã‚‰SIRVAã®äº‹ã‚’çŸ¥ã‚Šã¾ã›ã‚“ã§ã—ãŸã€‚ä»Šã€çŒ›å‹‰å¼·ã—ã¦ã„ã¾ã™ã€‚ãŸã¶ã‚“ã€æ—¥æœ¬ã®çœ‹è­·å¸«ã¯ã»ã¨ã‚“ã©çŸ¥ã‚‰ãªã„ã®ã§ã¯ã¨æ€ã„ã¾ã™ã€‚æ­£ã—ã„æ‰‹æŠ€ã‚’çŸ¥ã‚‹æ©Ÿä¼šã‚’é ‚ã‘ã¾ã—ãŸã€‚æ˜Žæ—¥ã‹ã‚‰ã€å¤‰ã‚ã‚Œã¾ã™ã€‚,2,taro name,5
2-1,@taro name ã‚ã‚ŠãŒã¨ã†ã”ã–ã„ã¾ã™ã€‚å…ˆè¼©ãƒ‰ã‚¯ã‚¿ãƒ¼ã‹ã‚‰ã•ã‚ŒãŸå«Œãªã“ã¨ã¯ã—ãªã„ã¨ã„ã†ãƒ¢ãƒƒãƒˆãƒ¼ã§é ‘å¼µã£ã¦ã¾ã™ï¼,0,ç·åˆè¨ºç™‚ãƒãƒ£ãƒ³ãƒãƒ« åœ°åŸŸã«ã„ã¦ã‚‚æœ€å…ˆç«¯!!
2-2,ãŠå¿™ã—ã„ä¸­ã€ã„ã¤ã‚‚ä¸å¯§ãªèª¬æ˜Žã‚’æœ¬å½“ã«ã‚ã‚ŠãŒã¨ã†ã”ã–ã„ã¾ã™ã€‚æ—¥ã€…ã®æ‰‹æŠ€ã«å½¹ç«‹ã¦ãŸã„ã§ã™ã€‚ä½™è«‡ã§ã™ãŒã€å¶‹æœ¬ãƒ‰ã‚¯ã‚¿ãƒ¼ã®ãƒŠãƒ¼ã‚¹ã‚„ã‚³ãƒ¡ãƒ‡ã‚£ã‚«ãƒ«ã«å¯¾ã™ã‚‹å¯¾å¿œãŒç´ æ•µã ãªã‚ã¨ã€è„³å‡ºè¡€ã®å‹•ç”»ã‚’è¦‹ã¦æ€ã„ã¾ã—ãŸã€‚æ•‘æ€¥ã®å ´é¢ã§å£°ã‚’è’ã’ãŸã‚Šã€ã‚­ãƒ„ãæŒ‡ç¤ºã™ã‚‹ãƒ‰ã‚¯ã‚¿ãƒ¼ã£ã¦å¤šã„ã‚“ã§ã™ã€‚å¶‹æœ¬ãƒ‰ã‚¯ã‚¿ãƒ¼ã¯ã€å†·é™ã‹ã¤çš„ç¢ºã‹ã¤ä¸å¯§ã«æŒ‡ç¤ºã•ã‚Œã¦ã„ã¦ã€ãƒŠãƒ¼ã‚¹ã¯åƒãã‚„ã™ã„ã®ã§ã¯ã¨æ€ã„ã¾ã—ãŸã€‚ã†ã‚‰ã‚„ã¾ã—ã„ã§ã™ï¼ˆç¬‘ï¼‰,1,taro name
2-3,ã‚³ãƒ¡ãƒ³ãƒˆã‚ã‚ŠãŒã¨ã†ã”ã–ã„ã¾ã™ã€‚å®‡æ²»å¾³æ´²ä¼šç—…é™¢ãªã©ãŒç©¿åˆºéƒ¨ä½ã‚’ã‚¨ã‚³ãƒ¼ã§ãƒã‚§ãƒƒã‚¯ã—ãŸã‚Šã—ã¦ã„ã‚‹ã¨æ‹è´ã—ã¦ãŠã‚Šã¾ã™ã€‚ã¾ãŸæ•™ãˆã¦ã„ãŸã ã„ãŸä»²è¥¿å…ˆç”Ÿã®ãƒ“ãƒ‡ã‚ªã‚‚æ‹è¦‹è‡´ã—ã¾ã—ãŸã€‚è…°ã«æ‰‹ã‚’å½“ã¦è‚©å³°ã‹ã‚‰ï¼’ã€œï¼“æ¨ªæŒ‡ä¸‹ã€ç´„5cmä¸‹ã€é€†è¡€ã®ç¢ºèªã¯ä¸è¦ã§ã™ã€‚æµ·å¤–æ–‡çŒ®é€šã‚Šã‚·ãƒ£ãƒ„ãŒã—ã£ã‹ã‚Šã¨ä¸ŠãŒã£ã¦ã„ãªã„å ´åˆã«ã¯ã€è„±ã„ã§ã‚‚ã‚‰ã†ã‹ã—ã£ã‹ã‚Šã¨ã‚ã’ã¦æŽ¥ç¨®ã—ã¾ã—ã‚‡ã†ã€‚æŽ¥ç¨®éƒ¨ä½ãŒé«˜ã„ã“ã¨ãŒç¾æ™‚ç‚¹ï¼ˆ2020å¹´1æœˆ26æ—¥ï¼‰ã§åŽŸå› ã¨ãªã‚Šã‚„ã™ã„ã¨å ±å‘Šã•ã‚Œã¦ã¾ã™ã€‚ãƒ—ãƒ©ã‚¤ãƒžãƒªã‚±ã‚¢å­¦ä¼šã‚‚é‡ã®é•·ã•ã®ã‚¢ãƒŠã‚¦ãƒ³ã‚¹ã‚’ã—ã¦ãŠã‚Šã¾ã™ãŒã€ã•ã‚‰ã«è©³ã—ãè¿°ã¹ã‚‹ã¨ CDCã¨Advisory Committee on Immunization Practices (ACIP)ã®é‡ã®é•·ã•ã«é–¢ã™ã‚‹æœ€å–„ã®æ‰‹æŠ€ã«é–¢ã™ã‚‹æƒ…å ±ã‚’æŽ²è¼‰ã«ã‚ˆã‚‹ã¨60kgæœªæº€ã®ç”·å¥³ã¯25mmã€60-70kgã®ç”·å¥³ã¯25mmã€70-118kgã®ç”·æ€§ã‚‚ã—ãã¯70-90kgã®å¥³æ€§ã¯25-38mmã€118kgã‚ˆã‚Šé‡ã„ç”·æ€§ã€90kgã‚ˆã‚Šé‡ã„å¥³æ€§ã¯38mmã€ç­‹è‚‰æ³¨å°„ã‚ˆã†ã®é‡ã«é–¢ã—ã¦ã¯22-25ã‚²ãƒ¼ã‚¸ã‚’æŽ¨å¥¨ã—ã¦ã¾ã™ã€‚ãƒ—ãƒ©ã‚¤ãƒžãƒªã‚±ã‚¢å­¦ä¼šã®ãƒªãƒ³ã‚¯ã¯https://www.pc-covid19.jp/ã§ã™ï¼,1,ç·åˆè¨ºç™‚ãƒãƒ£ãƒ³ãƒãƒ« åœ°åŸŸã«ã„ã¦ã‚‚æœ€å…ˆç«¯!!
2-4,è‚©å³°ã‹ã‚‰ï¼’ã€œï¼“æ¨ªæŒ‡ä¸‹ã€ã¤ã¾ã‚“ã§ã€è…°ã«æ‰‹ã‚’å½“ã¦ã¦åˆºã™ã€‚æ—¥æœ¬ã§ã¯ã€ã“ã†ã‚„ã£ã¦ç­‹è‚‰æ³¨å°„ã‚’è¡Œã£ã¦ã¾ã™ã€‚æœ€è¿‘ã€å¥ˆè‰¯çœŒç«‹æ­¯ç§‘å¤§å­¦ã®ä»²è¥¿ãƒ‰ã‚¯ã‚¿ãƒ¼ãŒã€SIRVAã‚’è€ƒæ…®ã—ãŸæ³¨å°„éƒ¨ä½ã‚’ç™ºè¡¨ã•ã‚Œã¦ã„ã¾ã™ã€‚ãã‚Œã«ã‚ˆã‚‹ã¨ã€ï¼“æ¨ªæŒ‡ã‚ˆã‚Šã‚‚ä¸‹ã®ä½ç½®ã«ãªã£ã¦ã„ã¾ã™ã€‚å¶‹æœ¬ãƒ‰ã‚¯ã‚¿ãƒ¼ã¯ã€ã‚¢ãƒ¡ãƒªã‚«ã®ãƒ‰ã‚¯ã‚¿ãƒ¼ã‚„ãƒŠãƒ¼ã‚¹ãŒç­‹è‚‰æ³¨å°„ã‚’ã™ã‚‹å ´é¢ã‚’ã”è¦§ã«ãªã£ã¦ã€ä½•ã‹ç›¸é•ç‚¹ã‚’æ„Ÿã˜ã‚‹ã“ã¨ãŒã‚ã‚Šã¾ã—ãŸã‹ã€‚,0,taro name
2-5,ã‚ã‚ŠãŒã¨ã†ã”ã–ã„ã¾ã™ã€‚ç§ã‚‚å­¦ç”Ÿæ™‚ä»£ã‚’å«ã‚å­¦ã‚“ã§ãŠã‚Šã¾ã›ã‚“ã§ã—ãŸã€‚ä»Šå›žæ—¥æœ¬ã®ä¼šç¤¾ã‚‚ã‚¢ãƒŠã‚¦ãƒ³ã‚¹ã—ã¦ãŠã‚Šã¾ã›ã‚“ã€‚è¨€èªžã®å£ã‚‚é–¢ä¿‚ã—ã¦ã„ã‚‹ã¨æ€ã„ã¾ã™ãŒæƒ…å ±ãŒãªã„ã¨æ€–ã„ã§ã™ã‚ˆã­ï¼ä¸€ç·’ã«é ‘å¼µã£ã¦ã„ãã¾ã—ã‚‡ã†ï¼,2,ç·åˆè¨ºç™‚ãƒãƒ£ãƒ³ãƒãƒ« åœ°åŸŸã«ã„ã¦ã‚‚æœ€å…ˆç«¯!!
3,çœ‹è­·å¸«ã§ã‚³ãƒ­ãƒŠãƒ¯ã‚¯ãƒãƒ³æŽ¥ç¨®ã•ã‚Œã¾ã—ãŸãŒè‚©å³°ä¸€æ¨ªæŒ‡ç¨‹åº¦ã§æŽ¥ç¨®ã•ã‚Œ4æ—¥å¾Œã®ç¾åœ¨ã‚‚è‚©ãŒæŒ™ãŒã‚‰ãšç–¼ç—›ãŒç¶™ç¶šã—ã¦ã„ã¾ã™ã€‚èª¿ã¹ã“ã®å‹•ç”»ã«è¾¿ã‚Šç€ãã¾ã—ãŸã€‚Sirvaã§ã‚ã£ãŸå ´åˆäºˆå¾Œã¯ã©ã†ã§ã—ã‚‡ã†ã‹,2,çŸ³äº•è²´å²,4
3-1,ã¨ã¦ã‚‚å‚è€ƒã«ãªã‚Šã¾ã™ã€‚æŽ¥ç¨®å¾Œ10æ—¥çµŒã¡ã€ç—›ã¿ã¯è»½æ¸›ã—ã¦ãã¾ã—ãŸãŒãƒ­ã‚­ã‚½ãƒ‹ãƒ³ãŒåˆ‡ã‚ŒãŸã‚Šæœã¯ç—›ã¿ãŒå¼·ãå‡ºã¾ã™ã€‚å¯å‹•åŸŸã‚‚180åº¦ä¸ŠãŒã‚Šã¾ã™ãŒç—›ã¿ã¯ã‚ã‚Šã¾ã™ã€‚ãŠå¿™ã—ã„ä¸­ãŠèª¿ã¹é ‚ãæ„Ÿè¬è‡´ã—ã¾ã™ã€‚,0,çŸ³äº•è²´å²
3-2,@çŸ³äº•è²´å² MR Iã§æœ€ã‚‚ä¸€èˆ¬çš„ãªæ‰€è¦‹ã¯ã€è‚©å³°ä¸‹æ»‘æ¶²åŒ…ã®ç‚Žç—‡æ€§å¤‰åŒ–ãŠã‚ˆã³ä¸Šè…•éª¨é ­ã®é™å±€æ€§éª¨é«„æµ®è…«ã«é–¢é€£ã™ã‚‹å¯èƒ½æ€§ã®ã‚ã‚‹æ·±éƒ¨ç­‹è‚‰ã¾ãŸã¯è…±æ§‹é€ ã®ä½“æ¶²ä¿¡å·ã§ã™ã€‚ã‚±ãƒ¼ã‚¹ãƒ¬ãƒãƒ¼ãƒˆã§ã¯8ãƒ¶æœˆã§ã‚‚ä¸Šè…•äºŒé ­ç­‹è…±ã®é•·é ­ã®æŒç¶šæ€§ã®è»½åº¦ã®è…±éž˜ç‚Žã€å¤§ããªè‚©é–¢ç¯€æ»²å‡ºæ¶²ã®é–“éš”ã®è“„ç©ã€ãŠã‚ˆã³ä¸‹ã«åå¿œæ€§éª¨é«„æµ®è…«ã‚’ä¼´ã†æ£˜ä¸‹ç­‹è…±ç‚Žã‚’ç¤ºã—ãŸç—‡ä¾‹ã‚‚ã‚ã‚‹ã‚ˆã†ã§ã™ã€‚æµ·å¤–ã§ã¯ç­‹è‚‰æ³¨å°„ãŒä¸»ä½“ã§ã‚ã‚Šæ—¥æœ¬ã¯ä»Šå¾Œå ±å‘ŠãŒå¢—ãˆã‚‹ã¨æ€ã„ã¾ã™ã€‚,0,ç·åˆè¨ºç™‚ãƒãƒ£ãƒ³ãƒãƒ« åœ°åŸŸã«ã„ã¦ã‚‚æœ€å…ˆç«¯!!
3-3,è¿”ä¿¡æ„Ÿè¬è‡´ã—ã¾ã™ã€‚åŒã˜ç—…æ£Ÿå†…ã§ã‚‚åŒã˜æ§˜ãªä½ç½®ã«æŽ¥ç¨®å¾Œ2é€±é–“çµŒéŽã—ã¦ã‚‚ç–¼ç—›ç¶™ç¶šã—ã¦ã„ã‚‹è·å“¡ã‚‚ã„ã¾ã™ã€‚é©åˆ‡ãªä½ç½®ã§ç­‹æ³¨ã•ã‚Œã¦ã„ã‚‹è·å“¡ã‚‚8å‰²ç¨‹åº¦ç­‹è‚‰ç—›ãŒè¦‹ã‚‰ã‚Œã¾ã™ãŒ2æ—¥ä»¥å†…ã«ã¯æ¶ˆå¤±ã—ã¦ã„ã¾ã™ã€‚ç§ã‚‚6æ—¥çµŒéŽã—ãŸä»Šã‚‚ç–¼ç—›ç¶™ç¶šã—ã¦ã„ã‚‹ç‚º2é€±é–“ä»¥ä¸Šç¶™ç¶šã™ã‚‹æ§˜ãªã‚‰å—è¨ºã—MRIä¾é ¼ã™ã‚‹ã¤ã‚‚ã‚Šã§ã™ã€‚æ…¢æ€§åŒ–ã—ç—‡çŠ¶ãŒå¾Œéºç—‡ã¨ã—ã¦æ®‹ã£ã¦ã—ã¾ã†ç—‡ä¾‹ã‚‚ã‚ã‚‹ã®ã§ã—ã‚‡ã†ã‹ã€‚,0,çŸ³äº•è²´å²
3-4,ãã‚Œã¯ãƒ„ãƒ©ã‚¤ã§ã™ã­ã€‚åŒã˜ã‚ˆã†ãªæ–¹ã‹ã‚‰ã‚³ãƒ¡ãƒ³ãƒˆé ‚ãã¾ã—ãŸã€‚èª¿ã¹ã¦ã¿ã¾ã—ãŸãŒã‚¢ãƒ¡ãƒªã‚«ã®ã‚¤ãƒ³ãƒ•ãƒ«ã‚¨ãƒ³ã‚¶ãƒ¯ã‚¯ãƒãƒ³ã®éš›ã®ï¼’ï¼ï¼‘ï¼âˆ’2017å¹´ã®ãƒ‡ãƒ¼ã‚¿ã«ã‚ˆã‚‹ã¨æŽ¥ç¨®2æ—¥ä»¥å†…ã«å§‹ã¾ã‚Šï¼—æ—¥é–“ä»¥ä¸Šã®æŒç¶šã€‚ç—‡ä¾‹å ±å‘Šã§ã¯ï¼“é€±é–“çµŒã£ã¦ã‚‚æ”¹å–„ã‚’èªã‚ãªã„ã“ã¨ã‚‚ã‚ã‚‹ã‚ˆã†ã§ã™ã€‚ãƒ­ã‚­ã‚½ãƒ‹ãƒ³ãªã©ã®N SAID`sãªã©ã‚’è¨±å®¹ç¯„å›²ã§å†…æœã—ã¦ã‚‚æ”¹å–„ãŒãªã‘ã‚Œã°æ•´å½¢å¤–ç§‘å—è¨ºã—ç›¸è«‡ã—ã¦å¿…è¦ãªã‚‰MRIã‚‚ã”æ¤œè¨Žãã ã•ã„ã€‚Youtubeãªã©ã§å‹‰å¼·ã•ã‚Œã‚‹æ•´å½¢å¤–ç§‘ã®å…ˆç”ŸãŒã„ã‚‹ã“ã¨ã‚’é¡˜ã„ã¾ã™ã€‚https://www.ncbi.nlm.nih.gov/pmc/articles/PMC6707642/,1,ç·åˆè¨ºç™‚ãƒãƒ£ãƒ³ãƒãƒ« åœ°åŸŸã«ã„ã¦ã‚‚æœ€å…ˆç«¯!!
4,æŽ¥ç¨®æ™‚ã«æ¿€ç—›ã§ã—ãŸã€‚æŽ¥ç¨®å¾Œ7ã‹æœˆçµŒã£ã¦ã‚‚ç—›ã¿ãŒå¼•ãã¾ã›ã‚“ã€‚å¯å‹•åŸŸã¯ç‹­ã¾ã‚‹ã°ã‹ã‚Šã§ã™ã€‚å·¦è…•ã‚’çœŸä¸Šã«ã‚ã’ãŸã‚ŠèƒŒä¸­å´ã«å›žãã†ã¨ã™ã‚‹ã¨æ¿€ç—›ãŒèµ°ã‚Šã¾ã™ã€‚ä¸»æ²»åŒ»ã«ç´¹ä»‹ã•ã‚ŒãŸã‚³ãƒ­ãƒŠãƒ¯ã‚¯ãƒãƒ³å¾Œéºç—‡å¤–æ¥ã¯äºˆç´„ã§ã„ã£ã±ã„ã§å—è¨ºã§ãã‚‹ã‚ˆã†ã«ãªã‚‹ã®ã¯ã¾ã ã¾ã å…ˆã§ã™ã€‚è¾›ã„ã§ã™ãƒ»ãƒ»ãƒ»ãƒ»ã€‚ã“ã‚Œã‹ã‚‰ã©ã†ã‚„ã£ã¦éŽã”ã—ã¦ã„ã‘ã°ã‚ˆã„ã®ã§ã—ã‚‡ã†ã‹ãƒ»ãƒ»ãƒ»ã€‚,1,å’Œå‰‡,1
4-1,ãŠè¾›ã„ã§ã™ã­ã€‚æœ€åˆã¯ç—›ã¿ã§ã—ãŸã‹ã€ç—ºã‚Œã§ã—ãŸã‹?æ•´å½¢å¤–ç§‘ã§MRIãŒã‚ã‚‹ç—…é™¢ã‚’å‹§ã‚ã¾ã™ã€‚,0,åœ°åŸŸã‚’æº€å–«!!
5,å‹•ç”» æ‹è¦‹ã„ãŸã—ã¾ã—ãŸðŸ™‡é…ä¿¡ã‚ã‚ŠãŒã¨ã†ã”ã–ã„ã¾ã™ã€‚è³ªå•ã•ã›ã¦é ‚ããŸã„ã®ã§ã™ãŒSIRVAã®æ¤œæŸ»æ–¹æ³•ã‚„æ²»ç™‚æ–¹æ³•ã¯æ˜Žç¢ºãªã‚‚ã®ã¯ã‚ã‚‹ã®ã§ã—ã‚‡ã†ã‹ðŸ˜”ãŠå¿™ã—ã„ãªã‹æç¸®ã§ã™â€¥ã‚ˆã‚ã—ããŠé¡˜ã„ã—ã¾ã™ã€‚,2,yuri,6
5-1,@ç·åˆè¨ºç™‚ãƒãƒ£ãƒ³ãƒãƒ« åœ°åŸŸã«ã„ã¦ã‚‚æœ€å…ˆç«¯!! ã‚ã‚ŠãŒã¨ã†ã”ã–ã„ã¾ã™ï¼ï¼å¿ƒå¼·ã„ã§ã™ï½¡:ï¾Ÿ(;Â´âˆ©`;)ï¾Ÿ:ï½¡,0,yuri
5-2,@yuri å¤§å¤‰ã§ã™ã­ã€‚ã€‚ä½•ã‹æ‰‹ä¼ãˆã‚‹ã“ã¨ãŒã‚ã‚Œã°ãŠçŸ¥ã‚‰ã›ä¸‹ã•ã„ã€‚,1,ç·åˆè¨ºç™‚ãƒãƒ£ãƒ³ãƒãƒ« åœ°åŸŸã«ã„ã¦ã‚‚æœ€å…ˆç«¯!!
5-3,@åœ°åŸŸã‚’æº€å–«!! ã‚ã‚ŠãŒã¨ã†ã”ã–ã„ã¾ã™ï¼ãƒ¬ãƒ³ãƒˆã‚²ãƒ³ã¯æ’®ã£ãŸã®ã§ã™ãŒã€MRIã¯æ’®ã‚‰ãªã„ã¿ãŸã„ã§â€¦å€‹äººçš„ã«ã¯MRIç”»åƒè¦‹ã¦ã¿ãŸã„ã§ã™â€¥!!^^;ä»Šå›žã€è‚©å³°ä¸€æ¨ªæŒ‡ä»¥å†…ã®ã¨ã“ã‚ã«ç©¿åˆºã§ã€ã‹ãªã‚Šéˆã„ç—›ã¿ã§ã—ãŸ(ç©¿åˆºã™ã‚‹ã¨ã“ã‚ã‚’è¦‹ã¦ãªã‹ã£ãŸã®ã§ã€ç©¿åˆºã®å¾Œæ°—ã¥ãã¾ã—ãŸ^^;)æµ·å¤–ã§ã¯è¨´è¨Ÿã§å¼è­·å£«ãƒ›ãƒ¼ãƒ ãƒšãƒ¼ã‚¸ã®æ–¹ãŒç›®ç«‹ã¤ã¨ã„ã†æƒ…å ±ã³ã£ãã‚Šã—ã¾ã—ãŸã€‚ã€‚ç¢ºã‹ã«ãã†ã§ã™ã‚ˆã­ã€‚ã€‚ã€‚ãƒªãƒãƒ“ãƒªé ‘å¼µã‚Šã¾ã™>_<ã‚ã‚ŠãŒã¨ã†ã”ã–ã„ã¾ã™!,0,yuri
5-4,@yuri ãˆãƒ¼ã€å¿ƒé…ã«ãªã‚Šã¾ã™ã€‚ç‚Žç—‡ãŒã˜ãã«è½ã¡ç€ãã“ã¨ã‚’é¡˜ã„ã¾ã™ãŒãšã£ã¨æŒç¶šã™ã‚‹ãªã‚‰ã°MRIæ¤œæŸ»ã‚‚æ•´å½¢å¤–ç§‘ã®å…ˆç”Ÿã¨ä¸€ç·’ã«æ¤œè¨Žã—ã¦ã‚‚ã‚‰ã†ã®ã‚‚ã„ã„ã‹ã¨æ€ã„ã¾ã™ã€‚,0,åœ°åŸŸã‚’æº€å–«!!
5-5,@ç·åˆè¨ºç™‚ãƒãƒ£ãƒ³ãƒãƒ« åœ°åŸŸã«ã„ã¦ã‚‚æœ€å…ˆç«¯!! ãŠå¿™ã—ã„ä¸­ã€ã‚ã‚ŠãŒã¨ã†ã”ã–ã„ã¾ã™m(_ _)må®Ÿã¯ã€ç§ãŒã‚³ãƒ­ãƒŠãƒ¯ã‚¯ãƒãƒ³ã«ã‚ˆã‚ŠSIRVAã«ãªã£ã¦ã—ã¾ã„ã€2é€±é–“çµŒã¤ä»Šã§ã‚‚å·¦è‚©ãŒæ¿€ç—›ã§ã€ä»Šã‚¹ãƒ†ãƒ­ã‚¤ãƒ‰ã¨ãƒ­ã‚­ã‚½ãƒ—ãƒ­ãƒ•ã‚§ãƒ³ã‚’æœç”¨ã—ã¦å¯¾å¿œã—ã¦ã„ã¾ã™ã€‚SIRVAã«ã¤ã„ã¦ã®è¨˜äº‹ãŒå°‘ãªãã€å…ˆç”Ÿã®youtubeã‚„è¿”ä¿¡å¤§å¤‰å‚è€ƒã«ãªã‚Šã¾ã—ãŸ!ã‚ã‚ŠãŒã¨ã†ã”ã–ã„ã¾ã—ãŸ!,0,yuri
5-6,ã”è³ªå•ã‚ã‚ŠãŒã¨ã†ã”ã–ã„ã¾ã™ã€‚SIRVAã§ã™ãŒã‚¢ãƒ¡ãƒªã‚«ãªã©ã§ã¯åŒ»å­¦ã‚ˆã‚Šã‚‚è¨´è¨Ÿã§å¼è­·å£«ãƒ›ãƒ¼ãƒ ãƒšãƒ¼ã‚¸ã®æ–¹ãŒç›®ç«‹ã¡ã¾ã™ã€‚ä¸€èˆ¬ã®æ–¹å‘ã‘ã®æƒ…å ±ã‚’å‰åŠã€å¾ŒåŠã«è«–æ–‡ã®å†…å®¹ã‚’ãŠä¼ãˆã—ã¾ã™ã­ï¼ï¼ˆè¨ºæ–­ï¼‰ã‚ãªãŸã®åŒ»è€…ã¯èº«ä½“æ¤œæŸ»ã‚’è¡Œã„ã€ã‚ãªãŸã®è‚©ã®æ€ªæˆ‘ã‚„ç‚Žç—‡ã‚’æŽ¢ã™ãŸã‚ã«æ¤œæŸ»ã‚’å‘½ã˜ã‚‹ã“ã¨ãŒã‚ã‚Šã¾ã™ã€‚æ­£ã—ã„è¨ºæ–­ã‚’å—ã‘ã‚‹ãŸã‚ã®éµã¨ãªã‚‹å¯èƒ½æ€§ãŒã‚ã‚‹ãŸã‚ã€äºˆé˜²æŽ¥ç¨®ã®ç›´å¾Œã«ç—‡çŠ¶ãŒå§‹ã¾ã£ãŸã“ã¨ã‚’åŒ»å¸«ã«ä¼ãˆã‚‹ã“ã¨ãŒé‡è¦ã§ã™ã€‚ï¼ˆæ²»ç™‚ï¼‰SIRVAã®æ²»ç™‚æ³•ã¯ã€ä»–ã®è‚©ã®æ€ªæˆ‘ã®æ²»ç™‚æ³•ã¨åŒæ§˜ã§ã™ã€‚ã‚ãªãŸã®åŒ»è€…ã¯æ¬¡ã®æ²»ç™‚æ³•ã®1ã¤ä»¥ä¸Šã‚’å‹§ã‚ã‚‹ã‹ã‚‚ã—ã‚Œã¾ã›ã‚“ï¼šSIRVAã®æå‚·ã«ã¯ç‚Žç—‡ãŒä¼´ã„ã€è‚©ã®ç­‹è‚‰ã€é­å¸¯ã€è…±ã‚’å˜ã«ä¼‘ã¾ã›ã‚‹ã“ã¨ã§å›žå¾©ã«ã¤ãªãŒã‚‹å¯èƒ½æ€§ãŒã‚ã‚Šã¾ã™ã€‚ç†å­¦ç™‚æ³•ï¼šç†å­¦ç™‚æ³•ã¯ã€å¯å‹•åŸŸã¨ç­‹åŠ›ã‚’æ”¹å–„ã—ã€æ²»ç™’ãƒ—ãƒ­ã‚»ã‚¹ã‚’ã‚¹ãƒ”ãƒ¼ãƒ‰ã‚¢ãƒƒãƒ—ã™ã‚‹ã®ã«å½¹ç«‹ã¡ã¾ã™ã€‚éŽ®ç—›è–¬ï¼šã“ã‚Œã«ã¯ã€ã‚¤ãƒ–ãƒ—ãƒ­ãƒ•ã‚§ãƒ³ã¾ãŸã¯ã‚¢ã‚»ãƒˆã‚¢ãƒŸãƒŽãƒ•ã‚§ãƒ³ãŒå«ã¾ã‚Œã¾ã™ã€‚ã‚ãªãŸã®åŒ»è€…ã¯ã¾ãŸå‡¦æ–¹è–¬ã‚’ææ¡ˆã™ã‚‹ã‹ã‚‚ã—ã‚Œã¾ã›ã‚“ã€‚ã‚¹ãƒ†ãƒ­ã‚¤ãƒ‰æ³¨å°„ã¾ãŸã¯çµŒå£ã‚¹ãƒ†ãƒ­ã‚¤ãƒ‰ï¼šä»–ã®æ²»ç™‚æ³•ãŒå½¹ã«ç«‹ãŸãªã‹ã£ãŸå ´åˆã€åŒ»å¸«ã¯ç‚Žç—‡ã‚’æŠ‘ãˆã‚‹ãŸã‚ã«ã‚¹ãƒ†ãƒ­ã‚¤ãƒ‰è–¬ã‚’å‡¦æ–¹ã™ã‚‹ã“ã¨ãŒã‚ã‚Šã¾ã™ã€‚ã‚ãªãŸã®åŒ»è€…ã¯ã“ã®è–¬ã‚’å‡¦æ–¹ã™ã‚‹å‰ã«ã‚ãªãŸã®çŠ¶æ…‹ã‚’æ³¨æ„æ·±ãè©•ä¾¡ã—ã¾ã™ã€‚æ‰‹è¡“ï¼šSIRVAãŒæ‰‹è¡“ã§åŠ©ã‘ã‚‰ã‚Œã‚‹çŠ¶æ…‹ã‚’å¼•ãèµ·ã“ã—ãŸå ´åˆã€åŒ»å¸«ã¯æœ€çµ‚çš„ãªé¸æŠžè‚¢ã¨ã—ã¦ç‰¹å®šã®æ‰‹é †ã‚’å‹§ã‚ã‚‹ã“ã¨ãŒã‚ã‚Šã¾ã™ã€‚è«–æ–‡ã‚ˆã‚Šhttps://www.ncbi.nlm.nih.gov/pmc/articles/PMC6347325/æ‚£è€…ã•ã‚“ã¯ã€æ»‘æ¶²åŒ…ç‚Žã€è…±æ¿æ–­è£‚ã€ç™’ç€æ€§é–¢ç¯€åŒ…ç‚Žãªã©ã®ç‚Žç—‡æ€§æå‚·ã¨è¨ºæ–­ã•ã‚Œã‚‹ã“ã¨ãŒã‚ˆãã‚ã‚Šã¾ã™ã€‚èº«ä½“æ¤œæŸ»ä¸­ãŠã‚ˆã³è¶…éŸ³æ³¢ã‚¹ã‚­ãƒ£ãƒ³ã§ã¯ã€SIRVAã¯é€šå¸¸ã®è‚©ã®æå‚·ã¨ä½•ã‚‰å¤‰ã‚ã‚‰ãªã„ã‚ˆã†ã«è¦‹ãˆã¾ã™ã€‚å”¯ä¸€ã®é•ã„ã¯ã€è‚©ã®ç—‡çŠ¶ãŒãƒ¯ã‚¯ãƒãƒ³æŽ¥ç¨®ã‹ã‚‰æ•°æ—¥ä»¥å†…ã«å§‹ã¾ã‚‹ã“ã¨ã§ã™ã€‚ã—ãŸãŒã£ã¦ã€ãƒ¯ã‚¯ãƒãƒ³æŠ•ä¸Žã«é–¢é€£ã™ã‚‹è‚©ã®æå‚·ã¯ã€ç™’ç€æ€§é–¢ç¯€åŒ…ç‚Žã¾ãŸã¯æ»‘æ¶²åŒ…ç‚Žãªã©ã®è‚©ã®æå‚·ã‚’ã‚‚ãŸã‚‰ã™ãƒ¯ã‚¯ãƒãƒ³æŽ¥ç¨®ã®ä¸é©åˆ‡ãªç›®å°ã‚’èª¬æ˜Žã™ã‚‹ç”¨èªžã§ã™ã€‚ SIRVAã®æ²»ç™‚ã¯ã€æ—¥å¸¸çš„ãªç‚Žç—‡æ€§æå‚·ã®æ²»ç™‚ã¨åŒã˜ã§ã™ã€‚ãƒ—ãƒ©ã‚¤ãƒžãƒªã‚±ã‚¢æä¾›è€…ã¯ã€é©åˆ‡ãªæ³¨å°„æŠ€è¡“ã¨ã€SIRVAã®æ‚£è€…ã‚’èªè­˜ã€è¨ºæ–­ã€ãŠã‚ˆã³æ²»ç™‚ã‚’æä¾›ã™ã‚‹ã“ã¨ã«ã‚ˆã‚Šã€æ€ªæˆ‘ã‚’é˜²ãã®ã«é©ã—ãŸç«‹å ´ã«ã‚ã‚Šã¾ã™ã€‚,3,ç·åˆè¨ºç™‚ãƒãƒ£ãƒ³ãƒãƒ« åœ°åŸŸã«ã„ã¦ã‚‚æœ€å…ˆç«¯!!
6,SIRVAã‚’èª¿ã¹ã¦ã„ã¦ãŸã©ã‚Šç€ãã¾ã—ãŸã€‚å¤§å¤‰ã‚ˆãã‚ã‹ã‚Šã¾ã—ãŸã€‚äºˆå¾Œã¯ã©ã†ãªã®ã§ã—ã‚‡ã†ã‹ã€‚NSAIDSç¨‹åº¦ã§è‡ªç„¶æ²»ç™’ã™ã‚‹å¯èƒ½æ€§ã‚‚ã‚ã‚‹ã®ã§ã—ã‚‡ã†ã‹ã€‚,0,AOKI Channel,3
6-1,@AOKI Channel ã„ãˆã„ãˆç§ã¯å¾®åŠ›ã§ã™ãŒç”°èˆŽã§åœ°åŸŸåŒ»ç™‚ã—ãªãŒã‚‰çµŒé¨“ã‚’ç”Ÿã‹ã—ã¦ã‚·ã‚§ã‚¢ãã‚‰ã„ã—ã‹ã§ãã¾ã›ã‚“ã€‚ãŠäº’ã„é«˜ã‚ã‚ã£ã¦ã„ãã¾ã—ã‚‡ã†m(__)m,1,ç·åˆè¨ºç™‚ãƒãƒ£ãƒ³ãƒãƒ« åœ°åŸŸã«ã„ã¦ã‚‚æœ€å…ˆç«¯!!
6-2,@åœ°åŸŸã‚’æº€å–«!! ãŠè¿”äº‹ã‚ã‚ŠãŒã¨ã†ã”ã–ã„ã¾ã™ã€‚ç§ã‚‚åŒ»å¸«ã§ã™ãŒã€æ¥ãšã‹ã—ãªãŒã‚‰SIRVAã«ã¤ã„ã¦ã®çŸ¥è­˜ãŒã‚ã‚Šã¾ã›ã‚“ã§ã—ãŸã€‚ã‚³ãƒ¡ãƒ‡ã‚£ã‚«ãƒ«ã«æ•™ãˆã‚‹ã“ã¨ãŒå¤šã„ã®ã§ã€ã”æç¤ºé ‚ã„ãŸè«–æ–‡ã‚‚èª­ã¾ã›ã¦é ‚ãã¾ã™ã€‚ã‚ã‚ŠãŒã¨ã†ã”ã–ã„ã¾ã—ãŸã€‚,1,AOKI Channel
7,SIRVA ã«ã¤ã„ã¦èª¿ã¹ã¦ã„ã¦ãŸã©ã‚Šç€ãã¾ã—ãŸã€‚ä¸å¯§ãªèª¬æ˜Žæœ¬å½“ã«ã‚ã‚ŠãŒã¨ã†ã”ã–ã„ã¾ã™ã€‚2å›žç›®ã®ãƒ•ã‚¡ã‚¤ã‚¶ãƒ¼ãƒ¯ã‚¯ãƒãƒ³æŽ¥ç¨®å¾Œ1ã‹æœˆå¾Œã‹ã‚‰è‚©ãŒç—›ããªã‚Šå¯å‹•ç¯„å›²ã‚‚åˆ¶é™ã•ã‚Œã¦å¾Œã‚ã«æ‰‹ã‚’å‹•ã‹ã™ã“ã¨ãŒã§ããªããªã‚Šæ—¥å¸¸ç”Ÿæ´»ãŒåˆ¶é™ã•ã‚Œã¦å¤§å¤‰ã§ã™ã€‚ã•ã‚‰ã«10æ—¥å‰ã‹ã‚‰å¾Œé ­éƒ¨ã«ç–¼ç—›ãŒå‡ºã¦é ­ã‚’å‹•ã‹ã™ã“ã¨ãŒã§ããªããªã‚Šå¯ã‚‹ã¨ãã«ã‚‚è‹¦ç—›ã§ã™ã€‚ã‚ã¾ã‚Šã«ã‚‚ã²ã©ã„ã®ã§ç¥žçµŒå†…ç§‘ã§MRIã‚’ã¨ã£ã¦ã‚‚ã‚‰ã„è„³ã«ç•°å¸¸ãŒãªã„ã“ã¨ã¯ç¢ºèªã—ã¾ã—ãŸã®ã§ã€SIRVA ã ã¨æ€ã„ã¾ã™ã€‚ã“ã‚Œã‹ã‚‰ã©ã†ã—ãŸã‚‰ã„ã„ã®ã‹æœ¬å½“ã«è¾›ã„ã§ã™ã€‚ã€‚ã§ã‚‚ã€ã“ã®å‹•ç”»ã‚’è¦‹ã¦åŠ±ã¾ã•ã‚Œã¾ã—ãŸã€‚,2,m n,1
7-1,ãŠè¾›ã„ã§ã™ã­ã€‚è„³ã®MRIã¾ã§æ’®å½±ã•ã‚ŒãŸã‚“ã§ã™ã­ï¼è‚©ã®ç—‡çŠ¶ãŒé£²ã¿è–¬ã§ã‚‚æ”¹å–„ãªã‘ã‚Œã°ã€æ•´å½¢å¤–ç§‘ã«å—è¨ºã™ã‚‹ã“ã¨ã‚‚ãŠå‹§ã‚ã—ã¾ã™ã€‚,0,åœ°åŸŸã‚’æº€å–«!!
8,å‹•ç”»æ‹è¦‹ã•ã›ã¦é ‚ãã¾ã—ãŸã€‚æœ€åˆã®ç—…é™¢ã¯ãƒ¬ãƒ³ãƒˆã‚²ãƒ³ã ã‘ã§ç­‹è‚‰ã®ç‚Žç—‡ã¨è¨ºæ–­ã•ã‚Œâ€¦å…ˆé€±ç—…é™¢ã‚’å¤‰ãˆã¦è¨ºæ–­ã—MRIã‚‚æ’®ã‚Šã¾ã—ãŸã€‚ã¾ãšã¯æŠ•è–¬æ²»ç™‚ã—ã¾ã—ãŸãŒ1é€±é–“çµŒã£ã¦ã‚‚ç—›ã¿ç—ºã‚Œå·¦ã®æ‰‹ã ã‘ã®æµ®è…«ãŒæ²»ã‚‰ãšã€‚ä»Šæ—¥ã¾ãŸæœã‹ã‚‰ç—…é™¢ã«è¡Œãã‚¹ãƒ†ãƒ­ã‚¤ãƒ‰æ³¨å°„æ²»ç™‚ã—ã¾ã—ãŸãŒå¤œã«ãªã£ã¦ã‚‚ç—›ã¿ã¯é…·ããªã‚Šç—›ãã¦ä»•æ–¹ã‚ã‚Šã¾ã›ã‚“ã€‚ç—…é™¢ã®å…ˆç”Ÿã‹ã‚‰ã€å£ã§ã¯è¨€ã£ã¦ã‚‚ã‚‰ãˆã¾ã›ã‚“ã§ã—ãŸãŒèµ°ã‚Šæ›¸ãã§SIRVAã¨ã®ãƒ¡ãƒ¢ã ã‘æ¸¡ã•ã‚Œã¦èª¿ã¹ã¦ã¿ã¦ã¨ã€‚èª¿ã¹ãŸã®ã§ã™ãŒã€ãªã‹ãªã‹SIRVAã®çœŸå®Ÿã«ã¤ã„ã¦å‡ºã¦æ¥ãšã€ã“ã¡ã‚‰ã®å‹•ç”»ã«è¾¿ã‚Šç€ãã¾ã—ãŸã€‚å®¶äº‹ã‚‚ä»•äº‹ã«ã‚‚è¡Œã‘ãªã„çŠ¶æ…‹ã§éžå¸¸ã«å›°ã£ã¦ã¾ã™ã€‚ä½•å‡¦ã«åŠ©ã‘èˆŸã‚’å‡ºã—ãŸã‚‰ã„ã„ã®ã‹â€¦ã‚¹ãƒ†ãƒ­ã‚¤ãƒ‰æ³¨å°„ã§æ™‚é–“ãŒç«‹ã£ã¦ã‚‚æ²»ã‚‹ã®ã‹ä»•äº‹ã«å¾©å¸°ã§ãã‚‹ã®ã‹å¿ƒé…ã§ç—…ã‚“ã§ã¾ã™ã€‚ç—…é™¢ã§ã¯SIRVAã¨å£ã«å‡ºã—ã¦è¨€ã£ã¦ã¯è¡Œã‘ãªã„ã®ã§ã—ã‚‡ã†ã‹ï¼Ÿç”Ÿæ´»ã«ã‚‚æ”¯éšœãŒã§ã¦ã„ã¾ã™ã€‚è—ã«ã‚‚ã™ãŒã‚‹æ€ã„ã§ã‚³ãƒ¡ãƒ³ãƒˆã—ã¦ã¿ã¾ã—ãŸã€‚,2,ayaya 1006,6
8-1,@ã‚‚ãƒ¼ãŸã‚“ åˆã‚ã¾ã—ã¦ã€‚ç§ã‚‚ã‚¹ãƒ†ãƒ­ã‚¤ãƒ‰æ³¨å°„ã‹ã‚‰æ¥é€±ã‹ã‚‰ãƒªãƒãƒ“ãƒªæ²»ç™‚ã«ãªã‚Šã¾ã™ã€‚ä½•å‡¦ã¾ã§æ²»ã‚‹ã®ã‹ä¸å®‰ã§ã™ã€‚çš†ã•ã‚“ä¸å®‰ãªæ¯Žæ—¥ã‚’éŽã”ã—ã¦ã¾ã™ã­ã€‚ä»Šã¯ç—…é™¢ã§ã¯å®‰é™ã«ã¨è¨€ã‚ã‚Œã¦ã¾ã™ã€‚æ—©ãåŒ»å­¦ãŒSIRVAã‚’èªã‚ã¦ãã‚Œã¦æ²»ç™‚ã§ãã‚‹ã‚ˆã†ã«ãªã£ã¦ã»ã—ã„ã§ã™ã­ã€‚,0,ayaya 1006
8-2,åˆã‚ã¾ã—ã¦ã€‚ç§ã‚‚ãƒ¯ã‚¯ãƒãƒ³æŽ¥ç¨®ã‹ã‚‰3ãƒ¶æœˆã«ãªã‚Šã¾ã™ãŒã€ç—›ã¿ãŒç¶šã„ã¦ã„ã¦è…•ã‚’å‹•ã‹ã›ãªã„ã§ã„ã¾ã™ã€‚ç—…é™¢ã§ã¯SIRVAãªã®ã‹æ–­å®šå‡ºæ¥ãªã„ã¨è¨€ã‚ã‚Œã¾ã—ãŸã€‚æŽ¥ç¨®å¾Œ2æ—¥ç›®ã‹ã‚‰æ¿€ç—›ã§çœ ã‚Œãªãã¦å‚ã£ã¦ã—ã¾ã„ã¾ã—ãŸã€‚ç¾åœ¨ã‚‚æ•´å½¢å¤–ç§‘ã§æ²»ç™‚ä¸­ã§ã™ã€‚ã¾ã ã¾ã æ—¥æœ¬ã§ã¯SIRVAã®æ²»ç™‚æ–¹æ³•ã¯é€²ã‚“ã§ã„ãªã„ã‚ˆã†ã§ã™ã€‚,0,ã‚‚ãƒ¼ãŸã‚“
8-3,@ç·åˆè¨ºç™‚ãƒãƒ£ãƒ³ãƒãƒ« åœ°åŸŸã«ã„ã¦ã‚‚æœ€å…ˆç«¯!!                                                                                       ãã†ãªã‚“ã§ã™ã­ã€‚ã‚„ã¯ã‚Šé•·ã„ç›®ã§è¦‹ã‚‹ã—ã‹ãªã„ã®ã§ã™ã­ã€‚ã¾ã•ã‹ãƒ¯ã‚¯ãƒãƒ³æŽ¥ç¨®ã§ã€ç”Ÿæ´»ã«ã¾ã§è„…ã‹ã™è‡ªä½“ã«ãªã‚‹ã¨ã¯æ€ã‚ãªã‹ã£ãŸã§ã™ã€‚3å›žç›®ã‚‚æ‰“ã¤ã®ãŒæ€–ã„ã§ã™ã­ã€‚ä»•äº‹ã‚’è«¦ã‚ã¦æ²»ç™‚ã«å°‚å¿µã—ã¾ã™ã€‚ã‚ã‚ŠãŒã¨ã†ã”ã–ã„ã¾ã—ãŸã€‚,0,ayaya 1006
8-4,@ayaya 1006 ç—‡çŠ¶ã¯æŒç¶šã—ã¦ã„ã‚‰ã£ã—ã‚ƒã‚‹ã‚“ã§ã™ã­ã€‚è¾›ã„ã§ã™ã­ã€‚MRIã‚’æ’®å½±ã—ãŸç—…é™¢ã®å…ˆç”Ÿã«ç›¸è«‡ã—ã¦ã„ãã“ã¨ãŒè‰¯ã„ã¨æ€ã„ã¾ã™ã€‚ç—‡ä¾‹å ±å‘Šã§ã¯6ãƒ¶æœˆãã‚‰ã„æŒç¶šã—ãŸæ–¹ã‚‚ã„ã‚‰ã£ã—ã‚ƒã‚‹ã‚ˆã†ã§ã™ã€‚ã•ã‚‰ã«æŒç¶šã™ã‚‹å ´åˆã«ã¯å¤§å­¦ç—…é™¢ãªã©ã‚‚æ¤œè¨Žã—ã¦ã¿ã¦ã¯ã©ã†ã§ã—ã‚‡ã†ã‹ã€‚å®Ÿã¯ã‹ãªã‚Šå¤šãã®æ–¹ã‹ã‚‰YouTubeä»¥å¤–ã«ã‚‚åŒã˜ã‚ˆã†ãªé€£çµ¡ã‚’é ‚æˆ´ã—ã¾ã—ãŸã€‚çš†ã•ã‚“ä½•æ—¥å˜ä½ã§ã¯ãªãä½•ãƒ¶æœˆå˜ä½ã§å¾ã€…ã«ã„ã£ã¦ã„ã‚‹æ–¹ãŒå¤šã„ã‚ˆã†ã§ã™ã€‚ã¾ãšã¯è¾›ãæ—¥å¸¸ã‚‚å›°ã£ã¦ã„ã‚‹ã“ã¨ã‚’ç—…é™¢ã®å…ˆç”Ÿã«ç›¸è«‡ã€å…ˆç”Ÿã‚‚æ‰‹ã‚’æŠœã„ã¦ã„ã‚‹ã‚ã‘ã§ã¯ãªããƒ™ã‚¹ãƒˆã¯å°½ãã—ã¦ãã‚Œã‚‹ã¨æ€ã„ã¾ã™ã€‚é•·å¼•ãã‚ˆã†ã§ã‚ã‚Œã°ã•ã‚‰ã«è©³ã—ãæ¤œæŸ»ã§ãã‚‹åŒ»ç§‘å¤§å­¦ãªã©ã‚‚æ¤œè¨Žã—ã¦ã¿ã¦ã¯å¦‚ä½•ã§ã—ã‚‡ã†ã‹ã€‚,0,ç·åˆè¨ºç™‚ãƒãƒ£ãƒ³ãƒãƒ« åœ°åŸŸã«ã„ã¦ã‚‚æœ€å…ˆç«¯!!
8-5,@ç·åˆè¨ºç™‚ãƒãƒ£ãƒ³ãƒãƒ« åœ°åŸŸã«ã„ã¦ã‚‚æœ€å…ˆç«¯!!                                                                                      ç—›ã¿ã¯æ‰“ã¤å‰ã¯ä½•ã¨ã‚‚ãªãæ‰“ã£ãŸå¾Œã§èƒŒä¸­ã«ç—›ã¿ã‚’æ„Ÿã˜ã¾ã—ãŸã€‚1å›žç›®ã®ãƒ¯ã‚¯ãƒãƒ³æŽ¥ç¨®ã§ã¯èƒŒä¸­ã«ç—›ã¿ã‚’æ„Ÿã˜ãªã‹ã£ãŸã®ã§ã€èƒŒä¸­ã‚‚ç—›ããªã‚‹ã‚“ã ã¨æ€ã„ã¾ã—ãŸã€‚æ‰“ã£ã¦æ¬¡ã®æ—¥è…•ãŒç—›ããªã‚Š1å›žç›®åŒæ§˜2æ—¥ãã‚‰ã„ç—›ã„ã®ã‹ãªã¨æ€ã£ã¦ã¾ã—ãŸãŒã€ãã®å¾Œã‚‚è‚©ã‚’å¾Œã‚ã«å¼•ãã¨çªã£å¼µã£ã¦æ”£ã‚Šãã†ãªæ„Ÿè¦šã«ãªã‚Šç—›ã¿ã‚‚æ®µã€…é…·ããªã‚Šè…•ãŒã‚¸ãƒ³ã‚¸ãƒ³ã¨ä½•ã‚‚ã—ã¦ãªãã¦ã‚‚ç—›ããªã‚Šè‚˜ã€è…•ãŒç—ºã‚Œã¦æ¥ã¾ã—ãŸã€‚ä»•äº‹ã«è¡Œã‘ã¦ãªã„ã“ã¨ã¯ç—…é™¢ã®å…ˆç”Ÿã«ã‚‚è©±ã—ã¾ã—ãŸãŒã€è–¬ã‚’é£²ã‚ã°ç—›ã¿ã¯å–ã‚Œã‚‹ã¨è¨€ã‚ã‚Œã¦â€¦å–ã‚Œãšã«ã‚¹ãƒ†ãƒ­ã‚¤ãƒ‰æ³¨å°„ä»Šæ—¥ã‚‚æœèµ·ãã¦ã‚‚ç—›ã¿ã¯å¤‰ã‚ã‚‰ãšã€‚ç—›ã¿ãŒç¶šãã™ãŽã¦ç²¾ç¥žçš„ã«ã‚‚é™ç•Œã«æ¥ã¦ã¾ã™ã€‚ç”Ÿæ´»ã‚‚ã§ããšã€é ­ãŒç‹‚ã„ãã†ãªã»ã©ã®ç—›ã¿â€¦ç²¾ç¥žå†…ç§‘ã®æ–¹ã«ã‚‚ä¼ãˆã¾ã—ãŸãŒã€æ•´å½¢å¤–ç§‘ã®å…ˆç”Ÿã¨è©±ã—åˆã£ã¦ã§çµ‚ã‚ã‚Šã¾ã—ãŸã€‚,0,ayaya 1006
8-6,ayayaã•ã‚“ã€ãã‚Œã¯ãŠè¾›ã„ã§ã™ã­ã€‚æ³¨å°„ã—ã¦ã‹ã‚‰ã„ã¤ãã‚‰ã„ã«ç—›ã¿ãŒå‡ºã¾ã—ãŸã‹ï¼Ÿç—ºã‚Œã‚‚åŒæ™‚æœŸã‹ã‚‰ã§ã—ã‚‡ã†ã‹?ä¸»æ²»åŒ»ã®å…ˆç”Ÿã«SIRVAã®ã“ã¨ã‚’å£ã«å‡ºã™ã“ã¨ã¯æ‚ªã„ã“ã¨ã§ã¯ãªã„ã§ã™ã‚ˆï¼ä¸€ç·’ã«è€ƒãˆã‚‚ã‚‰ã£ã¦ã¯å¦‚ä½•ã§ã—ã‚‡ã†ã€‚æœ¬å½“ã«è¾›ãä»•äº‹ã‚„æ—¥å¸¸ã«å›°ã£ã¦ã„ã‚‹ã“ã¨ã‚‚ä¼ãˆã¦ã¿ã¦ã¯å¦‚ä½•ã§ã—ã‚‡ã†ã‹ï¼Ÿ,0,ç·åˆè¨ºç™‚ãƒãƒ£ãƒ³ãƒãƒ« åœ°åŸŸã«ã„ã¦ã‚‚æœ€å…ˆç«¯!!
9,SIRVAã®äº‹ãŒçŸ¥ã‚ŠãŸãã¦ã“ã®å‹•ç”»ãŒå‡ºã¦ãã¾ã—ãŸã€‚è·åŸŸæŽ¥ç¨®ã§1å›žç›®æŽ¥ç¨®ã—ãŸå¾Œ1é€±é–“å¾Œã‹ã‚‰è‚©ä»˜è¿‘ãŒç—›ã¿ã¾ã™ã€‚ç—›ã¿ã®æ³¢ãŒã‚ã‚Šã€ç—›ã„ã‘ã©å¹³æ°—ã ã£ãŸã‚Šç—›ãã¦éŽ®ç—›å‰¤é£²ã‚“ã ã‚Šå†·ã‚„ã—ãŸã‚Šãªã©ã®æ—¥ã‚‚ã‚ã‚Šã¾ã™ã€‚æ‰“ãŸã‚ŒãŸå ´æ‰€ãŒè…•ã®å¾Œã‚å´ã€å°‘ã—é«˜ã‚ã®ä½ç½®ã ã£ãŸãŸã‚èª¿ã¹ãŸã‚‰SIRVAã¨è¨€ã†å˜èªžãŒå‡ºã¦ãã¦ä»Šèª¿ã¹ã¦ã¾ã™ã€‚ä»Šå¤œä¸­2æ™‚åŠã§ã™ãŒã€ç—›ãã¦å¯ã‚Œãªãã¦è‰²ã€…æƒ…å ±ãŒæ¬²ã—ãã¦æ¤œç´¢ã—ã¾ãã£ã¦ã¾ã™ã€‚æ‰“ã£ã¦ã‹ã‚‰2é€±é–“åŠã€ç—›ã¿ãŒå‡ºã¦ã‹ã‚‰ä¸€é€±é–“ä»¥ä¸Šã§ã™ãŒè¾›ã„ã§ã™ã€‚ã“ã‚“ãªäººãŒå‡ºãªã„ã‚ˆã†ã‚‚ã£ã¨è‰²ã‚“ãªäººã«çŸ¥ã£ã¦ã»ã—ã„å†…å®¹ã ã¨æ€ã„ã¾ã—ãŸã€‚,1,ã¾ã‚Šã‚‚14,1
9-1,ã‚³ãƒ¡ãƒ³ãƒˆå¤±ç¤¼ã—ã¾ã™ã€‚ãã®å¾Œæ²»ã‚Šã¾ã—ãŸã‹ï¼Ÿ,0,ã¡ã‚
10,ã‚³ãƒ¡ãƒ³ãƒˆå¤±ç¤¼ã—ã¾ã™ã€‚sirvaã®äº‹èª¿ã¹ã¦ã„ãŸã‚‰è¾¿ã‚Šã¤ãã¾ã—ãŸã€‚1å›žç›®ã€2å›žç›®æ‰“ã£ãŸã¨ãè…•ãŒç—›ããªã‚Šã€å‹¿è«–è…•ã¯æ¿€ç—›ã§ã²ã©ã„å‰¯åå¿œã§40åº¦ç†±ãŒå‡ºã¾ã—ãŸã€‚ãƒ¯ã‚¯ãƒãƒ³æ‰“ã¤2ãƒ¶æœˆç¨‹å‰ã«ã‚³ãƒ­ãƒŠã«ç½¹ã£ãŸã®ã§ã€æŠ—ä½“ãŒã‚ã‚‹ã‹ã‚‰å¼·ã„å‰¯åå¿œãŒå‡ºãŸã‚“ã ã¨æ€ã†ã¨ã‹ã‹ã‚Šã¤ã‘ã®å…ˆç”Ÿã«è¨€ã‚ã‚Œã¾ã—ãŸã€‚2å›žç›®ã®ãƒ¯ã‚¯ãƒãƒ³æ‰“ã£ã¦ã‹ã‚‰4ãƒ¶æœˆä»¥ä¸ŠçµŒã¡ã¾ã™ãŒã€ã“ã“æœ€è¿‘ã«ãªã£ã¦ãƒ¯ã‚¯ãƒãƒ³æ‰“ã£ãŸå³è‚©ã«ç—›ã¿ãŒå‡ºã‚‹ã‚ˆã†ã«ãªã‚Šã¾ã—ãŸã€‚ç—›ã¿ã¯ãƒ¯ã‚¯ãƒãƒ³æ‰“ã£ãŸæ™‚ã®ã‚ã®å°„ã—ãŸç—›ã¿ãã®ã‚‚ã®ã§ã™ã€‚ã“ã‚Œã‚‚sirvaãªã®ã§ã—ã‚‡ã†ã‹ï¼Ÿ,0,ã·ã«ã‚†ã‚“,1
10-1,ã·ã«ã‚†ã‚“ã•ã‚“ã€2å›žç›®ã®ãƒ¯ã‚¯ãƒãƒ³ã‚’æ‰“ã£ã¦ã‹ã‚‰é–“ãŒé–‹ã„ã¦ã‹ã‚‰ç—›ã¿ãŒå‡ºç¾ã—ã¾ã—ãŸã§ã—ã‚‡ã†ã‹ï¼Ÿç—›ã¿ãŒãƒ¯ã‚¯ãƒãƒ³æ‰“ã£ãŸæ™‚ã¨åŒã˜ã‚ˆã†ã§ã‚ã‚Œã°SIRVAä»¥å¤–ã®ç—›ã¿ã®å¯èƒ½æ€§ã‚‚ã‚ã‚Šã¾ã™ã€‚SIRVAã¯åå‰ãŒæœ‰åã«ãªã‚Šã¾ãŸæ—¥æœ¬ã§ã¯ã‚«ã‚¿ã‚«ãƒŠã‚„è‹±èªžã®ç—…æ°—ã‚„è¨€è‘‰ãŒä¸€äººæ­©ãã™ã‚‹ãŸã‚(å®Ÿéš›ã«SIRVAã‚‚ã‹ãªã‚Šåºƒã¾ã£ã¦ãã¦ã„ã‚‹)é•ã£ãŸç—…æ°—ã‚’å¿˜ã‚ŒãŒã¡ã«ãªã‚Šã¾ã™ã€‚ç—›ã¿ãŒæŒç¶šã™ã‚‹å ´åˆã«ã¯ã€æ•´å½¢å¤–ç§‘ã¨ã„ã£ã¦ã‚‚å°‚é–€ãŒã‚ã‚Šã¾ã™ã®ã§[è‚©]ã®å°‚é–€åŒ»ã‚’å—è¨ºã—MRIãªã©ã‚‚æ¤œè¨Žã™ã‚‹ã¨è‰¯ã„ã¨æ€ã„ã¾ã™!,0,ç·åˆè¨ºç™‚ãƒãƒ£ãƒ³ãƒãƒ« åœ°åŸŸã«ã„ã¦ã‚‚æœ€å…ˆç«¯!!
11,ã¾ã‚Šã‚‚14ã§æ›¸ãè¾¼ã¿ã•ã›ã¦é ‚ã„ãŸã‚‚ã®ã§ã™ã€‚2021/6/30ã«1å›žç›®è·åŸŸã§æ‰“ã£ãŸä»¥é™ãšãƒ¼ã£ã¨ç—›ã¿ã«æ‚©ã¾ã•ã‚Œã¦ã¾ã™ã€‚2022/3/23ã«3å›žç›®æ‰“ã£ã¦ãã¾ã—ãŸãŒã€æœªã ã«ç—›ã¿ã¨ä»˜ãåˆã£ã¦ã¾ã™ã€‚1åº¦åŽ»å¹´ã®8æœˆé ƒã«æ•´å½¢å¤–ç§‘ã«è¡Œã“ã†ã¨ç·åˆç—…é™¢ã«è¡Œãã¨å—ä»˜ã§æ•´å½¢å¤–ç§‘ã«è¡ŒããŸã„ã¨ç—‡çŠ¶ã‚’èª¬æ˜Žã™ã‚‹ã¨å†…ç§‘ã§å¤§ä¸ˆå¤«ã¨å†…ç§‘ã«å›žã•ã‚Œã¾ã—ãŸw(åŒ»è€…ã˜ã‚ƒãªã„ãŠå‰ãŒåˆ¤æ–­ã™ã‚‹ãªã£ã¦è©±ã§ã™ãŒ)ç—›ã¿æ­¢ã‚å‡¦æ–¹ã§çµ‚ã‚ã£ãŸã®ã§ç—…é™¢ã«è¡Œãã®ã‚’èºŠèº‡ã£ã¦ã¾ã—ãŸãŒã‚‚ã†é™ç•Œãªã®ã§ã„ã„ç—…é™¢æŽ¢ã—ä¸­ã§ã™ã€‚è¿‘ãã«ã¾ã¨ã‚‚ãªæ•´å½¢å¤–ç§‘ãªã„ã®ãŒç—›ã„ã§ã™(ï¾ŸâŠ¿ï¾Ÿ)ã„ã„åŒ»è€…ã«å‡ºä¼šã„ãŸã„ã‚‚ã®ã§ã™ã€‚,0,ã‚¸ãƒ³ãƒšãƒ³,1
11-1,é•·ã„æ™‚é–“æ‚©ã¾ã•ã‚Œã¦è¾›ã„ã§ã™ã­ã€‚ä½•ç¨®é¡žã‹ã®ç—›ã¿æ­¢ã‚ã®åŠ¹æžœãŒãªã„å ´åˆã¯ã€å†…ç§‘ã‹ã‚‰å°‚é–€æ©Ÿé–¢ã‚’ç´¹ä»‹ã—ã¦ã‚‚ã‚‰ã£ã¦ã¯ã„ã‹ãŒã§ã—ã‚‡ã†ã‹ã€‚åŒã˜å†…ç§‘ã§ä½•ç¨®é¡žã‹ã®è–¬ã‚’è©¦ã—ãŸã‘ã‚Œã©ã‚‚åŠ¹æžœãŒãªã„ã®ã§ç´¹ä»‹ã—ã¦ã„ãŸã ããŸã„ã§ã™ã€‚ã¨ä¼ãˆã‚Œã°ä»–ã®ç—…é™¢ã€ã¤ã¾ã‚Šé«˜åº¦åŒ»ç™‚æ©Ÿé–¢ã«ç´¹ä»‹ã™ã‚‹ã“ã¨ã‚’å«ŒãŒã‚‹åŒ»ç™‚æ©Ÿé–¢ã¯ãªã„ã¨æ€ã„ã¾ã™ã€‚,0,ç·åˆè¨ºç™‚ãƒãƒ£ãƒ³ãƒãƒ« åœ°åŸŸã«ã„ã¦ã‚‚æœ€å…ˆç«¯!!
