1,自分は現場の救急隊員やっていますが、同調圧力には負けず打っていません。間違いだらけ、嘘ばかり、利権ばかりのおかしな世の中で、各自しっかりと情報を得ないと自己責任という狂った日本、世界もか💦少しずつ正義が、正しい情報が出てくることを願います,483,健一,9
1-1,素晴らしいですただ生き物の本能は危険だと感じたら逃げるだと思いますので無理はなされないことを願います,14,桧風呂
1-2,@A K さまありがとうございます❗不思議なのは組織としては強制ではない、あくまで任意というスタンスでいてくれていますが、上司や仲間からは圧力を感じている状況なんですｗ異端児なので突っぱねましたが😁✌️組織として強制しないスタンスなのは、やはり国家公務員や政治家がほんとはほとんど接種していないことの裏返しなのか、とも考えてしまいますね💦,20,健一
1-3,職場の圧力に負けないでください！弁護士ホットラインあります！,24,A K
1-4,@笑み0531 ウチのヨメも3回目いきました🤚何を言っても聞き入れません。諦めています💦被害がメディアに表立って出てこないことには認めないんでしょうね💦最低でも自分と子供は守りたいと思っています,56,健一
1-5,うちの(パワハラ)亭主が圧力かけていないことを祈ります😓応援します、負けないでください!私も亭主の圧力に負けません💪明日３回目撃つそうです😖,40,笑み0531
1-6,頑張ってください（＞＜）そう人の存在が同調圧力と戦っている人の希望になります。,50,がえしおうむ@がいよう見てね♥
1-7,自己責任論はひどい話です。少なくとも税金ゼロにしなきゃ話が合わない。取るだけ取って、後は知らんってやらずぶったくりですわな打つ、打たないもそう。打たずにコロナ治療は国費、打って死んだら自己責任凄いことになりましたな,48,amazing thailand
1-8,同調圧力に負けず...素晴らしいご決断ですね。本当に、日々のご活躍に、心より感謝です。ありがとうございます❗️,72,Nao C
1-9,頑張ってください。医療関係者で慎重な方は接種してませんよね。患者対応、精神的、身体的ストレスで日々のご心痛お察しいたします。くれぐれもご自愛ください,95,Chihiro Kimura
2,副作用は極めて少ないと平気で嘘をつく専門家ですね。てことは全体としても嘘の可能性が高いですね。,483,T smash,6
2-1,とゆうか　ADEの問題について触れてないのが気になるんだ。,0,大ちゃんねる
2-2,副作用が少ないと良く言えるネェー金の為なら嘘を平気で言える実際に副作用後遺症で苦しんでいる方が多いです責任がとれますか,3,keitoku209
2-3,副作用があるのないのって、分かるわけありません。現在「治験中」です！しかもロットによって内容物が違うとファイザーの元副社長が言っている。専門家と称してお金を貰って逃げちゃえば後は知らねえよ、て感じですね。,6,napoのチャンネル
2-4,回答が平常心で応えてない！言葉が飛んでる！注射画像に切り替えてるので表情が見えないが、間違いなく目の視線は飛んでる嘘をついた表情だよ､､､､､､､‼️,32,tom inari
2-5,テレビ見なければコロナ終わるで😃ワクチン打たないのは強い信念が必要,41,ランドマスター
2-6,上手な専門家は嘘だとは言えないよう曖昧な返答をしますが、製薬会社からの御礼金リストに名前ある方かもしれませんね（汗,62,ポコちゃん
3,CBC応援してるのに、こんなペテン医師を出して間違った情報を流してるなんて…ショックです😭,119,C T,2
3-1,大石が深掘りするかと期待したけどダメでしたね。,10,Aki Hori
4,いつも思うけど質問に対する回答について、根拠資料を説明することがない。最後は「～と言われている」「～と思われている」。本当に無責任,307,井上貴博,1

5,恐ろしい内容の放送ですね、反対意見の医者の回答も聞きたいものです。責任は重いですよ。,267,安保三千恵,2
5-1,@本 日 大石が深掘りするかと期待したけどダメでしたね。,3,Aki Hori
5-2,いつも副作用や死亡者の報道もしてくれてるのにこのザマはなんでしょうね。,10,本 日
6,わからないことをわかったように言い切る人ほど信じられません！,349,長岡英子,0
7,この医者、ダメだ。たくさん「お金」もらってる。,282,K&Y TV,4
7-1,高齢の方々が重症化し亡くなられいると感じています。高齢者施設では、職員も利用者や入居者も打ってます。なのに増え重症化されています。詳しい情報を私達に教えて下さい。お願いします。報道は利権に負けず！お願いします。,1,福々こころ
7-2,話し方で気づいてしまうレベルですね。,19,本 日
7-3,テレビ出る医者は、こんなのしか出れないですからね。,22,PlumaBlanka
7-4,間違いない‼️,37,tom inari
8,最終的には分からないのに何故断言するのか。30年と言う長期スパンで断言できる奴は基本的に嘘吐きだと思う。,144,SHIN CHAN,0
9,変異株にもワクチンの効果があると断言されていますが、どんな変異をするかわからないのに効果は断言できないと思います,127,DLE EOT,0
10,今見ると、この専門家がいかに嘘を言っていたかがわかる。根拠もデータも示さずに、断定している。製薬会社から金をもらっているのであろう。🤗,59,電光石火,1
10-1,まともな 専門家は テレビ出演が許されないからね。,10,Aki Hori
11,子供への接種の説明。あいまいですね。コロナに罹って重症化するリスクとワクチン接種のリスクを考えたら、大幅に違うんじゃないですか？きちんとデータで示して欲しい。,178,一平太,3
11-1,若い人は打つ必要は有りません😃少なくとも今は。,24,star blue
11-2,若者の重症や死亡者数では煽動できないと察したのか、最近は後遺症をネタに煽ってきますねデータを示さず、曖昧な言葉で濁そうとしているのがよくわかります,35,DLE EOT
12,初めてのものでなぜ30年後がわかるのか。打ち始めの時には感染予防効果が2回で95％っていていたよねそれが２回では半年で落ちるから３回とは？では半年おきに4回５回と永遠に接種するんですか正しく判断するには包み隠さず根拠とデーターでみんなが納得いく説明が必要～ではないか、～であろうのことばを必ず付けての説明は信用しない。,79,アツモリ,0
13,コロナZERO方針はもうやめて欲しい、早く５類にお願いしたい！,176,101 D,0
14,よくもまぁ　いけしゃーしゃーと嘘が言えるなwwww感心するわ,165,momoさん,0
15,治験中でしょ？人には初めて打ったんですよね？大量の人が亡くなってて安全なんてよく言えますよね～💡,426,star blue,8
15-1,本人打ってないだろ,5,TAKAMETAL
15-2,@keitoku209 さん、私もホントにそう思います！,5,ぷちっと
15-3,全くー何時まで政府も一部の医者もいってるのでしょうか？,5,Shi Shigeti
15-4,@ぷちっと この動画は要保存ですね。後で現実を この自称専門家に突きつけるため。でも本人も分かっているので 予防線張って「～と言われている」「～と思われている」「慎重に判断して～」とかで濁してますね。,18,Aki Hori
15-5,今現在、変異株に聞いてませんよ〜😱論文では細胞に入り込むって言われてますよ😱,24,ぷちっと
15-6,ファイザーの💉はニ種類有りますが、ほぼ出回っていないと言われるファイザーの去年認可されたバージョンも日本向けには使われているそうです。日本は「製薬会社が責任を取らなくて良い」という契約になってるから。（「既に認可されてる！」という人がいるのは、このせいですね💧）米国等で出回っているファイザーは全て未認可ですって。緊急使用の薬剤は、何かあっても製薬会社は責任を取らなくて良いから、認可されないうちに設けちゃいたいんでしょうね。,18,satoko
16,ワクチンずっとうってないけど、元気ですよ。うってる人よりもね。大きな証拠、証明ですな。,19,herakoi herakoi,0
17,だいぶ言葉に詰まったり選ばれたりしてるの所を見ると圧力を感じてらっしゃるんでしょうね。それが全て。,14,豆曲,0
18,自分が考え過ぎるのが欠点なのはりかいしています。ごめんなさい。しかし、もし、もし将来重大な欠陥が判明した時、評論家は責任をとらない。その時腹切る覚悟があるか？なにをしてくれるのか？いつも思っています。覚悟がないなら余計な事を言いなさんな　ってね。,38,ケロジ,0
19,安全と言ったり、分からないと言ったり。大丈夫だと誰かに言わされている雰囲気がプンプンするぞ！,58,HOTMAN2441,0
20,20〜30年後の副反応これに関してはなってみないとわかんないけど、正直怖いよね,33,可価,0
21,こういう専門家というのも一人に聞いていてはダメ。数人からそれぞれに提示して貰った上、こちらで判断するもの。,74,ゆうちゅうぶ,0
22,騙されないよ！！メディアに出る専門家は専門家ではないよ。。。,31,イカライダー,0
23,この人山本先生っていうのかな？嘘ばっかり言ってるやん。重症化は防がないよ！逆に接種後に後遺症で苦しんでいる人が大勢いる。その治療費は自腹で病院もほとんど受け付けず、現実は悲惨ですよ！,30,でこちゃん,0
24,1:52　「 最終的には分からない 」のに「 可能性としては極めて低い 」・・医学の世界では、矛盾しない表現なんですか？,179,kankan555,2
24-1,テレビ出演のギャラが、バカみたいに思えるほど、お注射のアルバイト料は高額なのか？,23,A N
24-2,本当におかしい表現ですよね。分からないのに、可能性としては極めて低い。最終的には大丈夫って印象付けたいだけですね。,58,PlumaBlanka
25,私のかかりつけ医は、心筋炎の可能性がある。治験中の⚪⚪⚪⚪、大丈夫なんて言えない❗と言ってます。この医者、大丈夫でしょうか？,112,与儀睦美,1
25-1,メディアでは、心筋炎の可能性に関するデメリットは、全く報じないですね。,16,KT86
26,普通に考えて1年そこらでできたものの10年後20年後の副作用なんてわかるはずがない。なんでみんなよく考えもせず打つことになんの抵抗もないのか,12,むねやけ,0
27,1年もたたないて作った物その先のことは誰も分からないのに無責任な解答してんじゃないよ！,25,小泉鉄男,0
28,３回目どころか、１０回５０回１００回と生涯にわたって必要になるかもしれない。,70,Toshi T,2
28-1,大体6回目くらいで私ぬようです。,1,いき
29,NHKはずるい、数だけ言うだけ。無症状何人とか絶対言わない。皆さんも突っ込んだってください。,23,中嶋敦司,0
30,副作用は極めて少ない チャリーンチャリーン💴デルタにも有効 チャリーンチャリーン💴人の命の重さの分 懐が重くなって歩きづらい事でしょうな,71,大 フーテン,1
30-1,上から褒められる事を1つ発言する事に、チャリンチャリン💵が増えるのはわかりますね。,16,カクちゃん
31,医療従事者です。現時点では「わからない」が正解、厚労省に電話するとそう答えてくれます。ご存知の方も多いと思いますが心筋って再生しませんよね。心臓付近でスパイク蛋白作る為に細胞壊されたらちょっとなぁと思います。まぁ、細胞数多いから持病がなきゃすぐに表面化しにくいでしょうけど、世界の情報に常にアンテナを張り自己責任の上、メリットデメリット判断で接種すべきと考えます。ｍＲＮＡワクチンの開発は３０年くらいかな？になるけど実用化に踏み切れなかった原因も知ると判断基準にはなると思います。対応策がない為緊急投入されたわけですが、製薬会社はウハウハでしょうね。医学界の進歩は多大な犠牲の上に存在するというのもあるんですけどね・・・政府、メディアははもっと正確な情報を伝えて欲しいと切に願います。休日に、接種会場のお手伝いに行くとテレビの洗脳効果でワクチン接種に躍起になってる親御さん方が子供連れて押し寄せてきて大変です。子供の未来、本当に大丈夫ですか？と問いたいです。,77,ポコちゃん,3
31-1,私もこのタイプのワクチンは打ちません。ましてや子供はなおさらですね。,22,Eishin Go
32,イスラエルの状況をしっかり解説してくれる　まともな専門家　の解説が聞きたいです,19,Ice Cream,0
33,御用学者、専門家はテレビに出すな❗️,21,Atsushi,0
34,そんなに無害で有効なのであれば毎日打って証明して下さい,22,ロンギヌスの槍,0
35,30年後に副作用が出なくても、29年以内に副作用が出たら意味ないなww,16,パキラ,0
36,どこをもって副作用が少ないというのか……色々わからない事があるのにTVで言い切ってしまって後で責任とれるんでしょうか??,10,まつひろりん,0
37,名古屋大学病院　山本尚範医師。この医者の名前を憶えておこうと思う。後になって「あの時は」だの「同僚圧力がー」だの言うなよ！って思う。自然免疫ができてきて、重症化患者が減っている可能性について語らないのはどうなん？,15,Maya Saijo,0
38,先生はワクチン推奨されてますが、先生と家族は当然ワクチン打ってないですよね。,33,信正 安藤,0
39,人類初の接種なので結局分からないとの答え。打たれる方の自主判断です。,13,renonkkk,0
40,こういうのも今後の証拠に大事な内容黒歴史,101,銀蠅ジョニー,1
40-1,虚偽発言でお縄になるのかな,4,Kiss Yukko
41,3ヶ月で抗体が75％減少するらしいんで、その前に更新期限を設定すると仮定すると二ヶ月ですね（笑）パスポートの期間,58,hideki takase,0
42,コロナを排除するのではなく、症状を抑える＝免疫力低下させるのであって、感染予防は元々ないに等しいのでは？おそらくですよね。タイムマシンで見てきたわけではないですし。,9,sharittoshabe,0
43,効果がある　嘘ですあるとされている、ですはっきり言って致命的リスクしかない,32,Ta ka,0
44,最後の「わかりました～」って、立場上そう言うしかないんだろうけど本当はわかってないですよね？いや、わかったらダメですよ。,54,ヤグモ博士,0
45,今まで数々の薬害が過去にあります。今回は特別だから大丈夫ですって   話にならん。,12,井上雅人,0
46,皆さんのコメントが素晴らしい✨✨兄弟、義理の親、親戚、全く気づいていません。どう説明すれば分かってもらえるんでしょうか😣,10,藤の花,1
46-1,枠珍 打ち始め以降、異常に増えた 超過死亡者数を教える,6,Aki Hori
47,もし罹った場合の後遺症の1%は心配で、ワクチンの副作用はあるかも知れないが、心配じゃない!!!!貴方、素晴らしいですね!Wwwww,11,スズキマサミ,0
48,「重症化を防ぐんです」なんて便利な言葉なんでしょう。接種してひどい副反応が出てるのに「感染したらもっとひどいんだからこの程度でよかった」とか言ってるの見るとなんかの宗教みたいで怖い,9,Kama Kama,0
49,嘘つき！山本先生全部嘘か。ちゃんとした先生呼んでほしい！,44,かぉり,0
50,こういう専門家や汚職ドクターの家族に重篤な副作用が起きれば良いのにねそれでも製薬メーカーと内閣府の言いなりっぽいが、、、終わってるわこの国,23,FuMickey,0
51,スパイクタンパク質は造られ続けているけどその影響は製薬会社も判らない｡,27,Gーハンキ,0
52,軽く副反応って言ってるけど体へのダメージ相当ありますからね!その後の後遺症とか大変ですよ!,16,タカ珍,0
53,大石さん、もっと深く掘下げて質問して頂けるとありがたいのですが…,17,まーさん,0
54,最終的には分かりませんけど。って言ってますよね。この人。,17,y* m,0
55,私が打たない理由のうちの一つ。,72,ああやあ,0
56,本当の専門家ですか？山本様って海外のデーターなどもわかっている人ですか？おそらく、、、とか、いい加減としかいいようもないお話でした。,12,梢 酒井,0
57,大石解説とまるで違う😱同じテレビ局なのかな,15,裕也 樋口,0
58,最終的には分かりませんけど❗は身を守る為、本音の声,5,ふくとむあめしょふく,0
59,なんやこの専門家もどきは。嘘ばっか言っとるやん。なんでこいつ呼んだんだよ…,21,きよきん,0
60,治験中なので誰も答えは知りませんまあ、私は上級国民と一緒に高みの見物をしてますわ,35,サウナカプセルホテル,0
61,最終的には分かりません←これが答なのに何やかんやおっしゃってますね,30,junon,1
61-1,「最終的にはわかりません」翻訳すると「知らんけど」ですね,13,DLE EOT
62,要するにわからないんです。この程度（効かないん）以前は90%聞くと言われている素晴らしいですと言ってた人もいます。,9,JIRO T,0
63,専門家が語る動画は、もう視聴数が伸びませんね。視聴者の方も知識がついて、すぐに間違いを見破ってしまうため、お腹いっぱいなんだと思います。似たような報道が多く飽きてきたというのもあります。,20,ptw,0
64,数値データを元に解説内容がほとんどはずれてる事を書きましたが、youtubeから削除されました。要するに事実だったみたいです。,8,mitsu koya,0
65,30年経ってないどころか、5年も経ってないからわからない　のでは？？,47,こばBodyWorks,0
66,この人は何の権限があって言い切ってるの？政府の代表でもなんでもないよね。,10,Ultrarich,0
67,こんなこと言っていいの?安全なんて何でわかるの?,25,荒井宏康,0
68,最終的にはわからないけど、、極めて低い？？ん？！わからないのに極めて低いとわかるの？！そんな適当な診断？！笑山本尚範さん、発言はずっと残りますからもう少し医学的知見からよろしくお願いしますね。,27,ringo to banana,0
69,20年後の副反応の可能性は極めて低いと言っていますが、今わかっている科学的根拠だけで判断した結果でしょう無責任にそんなことよく言えますねmRNAの動物実験では動物がたくさん死んでいます、科学的根拠より治験結果が大事だと思います,63,DLE EOT,5
69-1,メリット、デメリットどちらも評価できる環境と選択できる権利が必要、テレビではメリットしか言わないし、デメリットを声高に言うと干されるまた、YouTubeでは動画ごと削除されてしまう、なんて世の中なんでしょう、、,23,DLE EOT
69-2,その治験を今やってます。人間で。と、臆面もなく言いそうですね。,22,amazing thailand
70,しっかり証拠映像を保存して置きますぞよろしくです,10,かじゅくん,0
71,この専門家らしい人、嘘ばかりじゃない！データを出してもらわないと説得力はありません。,13,ペロリン,0
72,3回打てば大丈夫なんですかねー(笑)4回、5回も予約してますよね(笑)この解説者に低評価ですね。,47,三世ルパン,0
73,専門家っていた？しかも治験中だよね。なんか、バタバタ人が消えても因果関係不明だし、３回もやったら体弱る。高齢者や病気持ちは、体も弱いだよ。副作用って少ない？バタバタあるよ。私、年寄りの癌持ちだけどこわいからやらん。コロ助になれば運命。運命は何度もあったし。苦しいのは嫌だからなんとかしないと,13,田中幸子,0
74,この先生は製薬会社からいくら貰ったんでしょうか？,13,さえないおっさん,0
75,「最終的には分かりませんが・・・・」と本人が言ってるじゃないの？じゃあ〜途中はバッチリ分かってますってこと？無難な模範解答ディスネ🥶😱⁉️,9,ルース,0
76,mRNAワクチンを作る際、ウィルス のRNAの塩基配列どこからどこまで利用してるのか？ちゃんと正確に一字(塩基１個)も間違えずに利用できてるのか？,48,masayoshi k,0
77,恐らく？最終的にはわかりません！だって・・・・・要するにアウトじゃないですか？,39,成戸宏幸,0
78,ワクチン2回も打ってマスク外せないのは滑稽,10,ウマイケルスコフィールド,0
79,You Tubeさん、こういうデマは削除しないの？,23,くさっちワールド,0
80,コロナ専門家ってなんだ…笑,38,梵梵,0
81,この山本先生は当然接種してるんでしょかねぇ??,11,hrsk .w,0
82,Truth does not mind being questioned, whereas a lie does not like being challenged.真実は質問されることを気にしませんが、嘘は挑戦されるのが好きではありません。,4,H K,0
83,最終的には解らないてすけど、極めて安全だと思います。は？はぁ？,9,野村智志,0
84,結局終息するのにワクチンあまり関係なかったですね,17,相馬翔平,0
85,数字、データを使って話して欲しいわ。抽象的すぎる。,9,HSM445,0
86,「専門家」の言う事は、話半分八掛けどころか、話反対マイナス八掛けくらいで,33,amazing thailand,0
87,放送四ヵ月後にオススメに出てきた。答え合わせしろ、と言われてるのかな。,5,Keen Bobson,0
88,1:30  1:59 多くの人は嘘を話す時に、まばたきの数が多くなります。この人は、本心を話していないと思います。,8,spiro,0
89,この動画は9月頭。今12月末。まことに残念ながら山本先生は嘘つきだったという悲報をお届けします。,13,Abeyante Takasi,0
90,30年後まだわかりませんけどって言ってますね。,6,太郎田中,0
91,おそらく？　最終的には分からない。ってしどろもどろ。新型コロナ専門家っていつできたの？,9,NOA,0
92,異論を言わせない世の中がおかしい。,6,ばるこう,0
93,最終的にはわかりません?,12,yasu kuni,0
94,THE適当　って感じ,8,太郎佐原,0
95,昔からいろんなワクチンがあるけど○年後の副作用とかってそんなにポピュラーなの？,10,まるおまる,2
95-1,いくつか基準があって、ある程度それを満たしているものかと思ってました。違法だったんですね。残念です。裏切られた人の心が癒されますように。,5,まるおまる
96,こんな奴出してるメディアも問題あるな,18,hiroyuki h,0
97,嘘つきがいると思います。,10,herakoi herakoi,0
98,CBC.スウェーデンのファイザーの逆転写についての論文、情報発信して下さい！,2,イーストブルー,0
99,重症化を防ぐというエビデンスはありません。否定も肯定も証明できないことですので、お守りと同じようなレベルのものです。それでも打ちたいというなら、打ってください。そして、アッチにいってらっしゃい。,16,S Tanaka,0
100,どう考えても人工的に作られたVIRUSですよね。しかも異例の特例承認。なんで大丈夫と言い切れるん？こいつもあっち側の人間か!,4,ちーちゃん,0
101,CBCさん、大石さんの番組(大石さんいたけど)とはぜんぜん違うんですね⁉️なんですかこの医者は‼️,2,ミュウ坊,0
102,うわあ、堂々と嘘言ってる。,10,papiko,0
103,全然信用出来ませんね何この人後遺症普通の風邪だつて後遺症有ります❗子供とんでもないです❗この先生もっともらしい事言って？何ですか❓分からない物を打て❓冗談じゃないですね。,40,ひまわりはなこ,0
104,こうして動画で発言が残るって素晴らしいことですね。後でシラを切れませんから。,0,Suzu Red,0
105,わからないのに打つ人の気持ちがわからない,5,yuu,0
106,どうせなら、賛成と反対の医者を並べて回答してください。結果がでる30年後までこの動画残してください。５Ｇに操られるとは思ってないけど、政府に操られて接種はしたくない。ちゃんとしたデータのもと判断したいです。医者のフリースタイルダンジョン並みの戦いを楽しみにしています。,9,いまここ,0
107,うーん、懸念が晴れませんね...でもこういう報道はもっとお願いします。私はmRNAは5年以上経つまで打たない。コロナの不活化ワクチンも作られているそうなので当面はそっちに期待します。ただ打たないって言ってる人も何もしないのではなく、懸念が晴れるまで自己免疫力を上げるような活動をするべきだと思う。,27,/てっちゃん,0
108,治験もしてない中で、なぜ言い切れる?,50,ワイルド,1
108-1,ある程度人間が打っていいってとこまでは治験が済んでるから世界中でつかわれてるんじゃないの？関係ないけど、人が死ぬかもしれないからもっと治験しろ治験しろって希望者ならいくら死んでもいいみたいな考えの人が多いってことなの？,2,まるおまる
109,惚けている。,4,Hidehito Matsunaga,0
110,一旦吐いた言葉は飲み込めない何かあった時に責任取れるの？安易にテレビに出て無責任発言よく平気だよね（誰がとは言っていません）,22,トレーヤーマイ,1
110-1,言葉の最後に、「〜と言われている」「〜と考えられている」をつけています「最後はわかりませんが」とか「極めて低い（=０ではない）」と言っているので、後で言い訳できるようにしていますね,6,DLE EOT
111,30年後とか只の予測に過ぎない。てか服反応が出たとしても絶対認められんよ。,1,Jun,0
112,家族がどうしてもと言うので、必ず健康診断からと約束し異常無し👍２回後…胃カメラで異常あり💦相当荒れてと言われた😭20年後？？？😱,6,なっこ,0
113,しかし、未来の副作用について議論したら、インフルエンザの治療薬も未だに治験中と言えてしまう。ほとんどすべての薬で、数十年後の影響など誰にもわからない。,0,mss spk,0
114,20年後 30年後の副作用は最終的には分からない。。。極めて低いと考えられている。→発言。やっぱり分からないんでしょう?単に考えられてるだけですよ。打って直後に急死してもワクチン副作用と認められていないのだから、あてになりません。悲しいです。子どものワクチン副作用極めて少ないって言い切ってるけど、殆どが情報不足等で評価不能で認めて無いだけでしょう?もっと実際におられる打ってから不調で学校に行けていない子の報道取材してほしい。ご両親が正確に判断出来るようマイナス面も伝えて欲しい。,1,AZA小部屋,0
115,😱、もう既に、後遺症出てますよ！😤,1,どんぶりメシ,0
116,まぁ結局この専門家？何があっても自分が責任を取らない布石をうっているとしか見えないんですよね～😆同じ人間だと思いたくないです,5,桧風呂,1
116-1,河野と同じ、公的発言したら結果に責任とれよ！,0,tom inari
117,先生、ワクでも逆転写するってよ,2,nkrdv055,0
118,このニュースチャンネルどうなったの？？？？？？このチャンネルも、もう副作用とかについて放送できなくなるのかも。,3,mahalo1114,0
119,ウソ樽流し！記録は残しておく！,6,takatsugu kishimoto,0
120,こんな番組も作ってたんですね。イスラエルの死亡者数がとんでもない事になってきましたよ？,3,がんばろう!日本,0
121,三十年はヤバい。ムーンショット計画を内閣府のページで参照下さい,17,A N,0
122,え？うった人は30年後もういないのでは（）,9,な,0
123,将来的に副作用がほとんどないって言っって大丈夫？やっぱり、さすがに絶対大丈夫とは言わなかったね。多分大丈夫って言ってた。中長期的には、わからないが正確なのでは,0,まさ,0
124,例えば感染死亡率が10％以上とかなら疑問を持ちながら打つ気になるけど、こんな1％にも満たないのに、どうなるか分からない物を打つ（悩む）人の気がしれない。テレビしか観てないでしょうね。,0,猫の目,0
125,嘘つくな,32,津軽青森,0
126,「最終的にはわかりませんけども」…？,0,かと もん子,0
127,遺伝子治療とハッキリ海外の著名人が話してたよ。どっちが正しいの?,3,水野スミレ,0
128,これ聞いて3回打つ連中の気がしれん,1,hiroya777100,0
129,未来は、わからない。,3,真実正義,0
130,ごめんなさいもう途中で視聴はやめます💦,11,T SEINO,0
131,最初の質問には「感染予防効果がある」と言い、3番目の質問には「完全な感染予防は期待できない」……こんないい加減な返答でも専門家なら許されるのでしょうか？あまり国民を馬鹿にしないでほしいですね,0,REIKO,0
132,イベル様で大丈夫ーワクチン要らなーい,3,亀茶,0
133,副作用について、しどろもどろになってるのが非常に気になったのだが.....,0,Techi,0
134,専門家なんて状況に合わせてコロコロ意見変えるやつばっかり,0,しさまさし,0
135,貴方は、闇側のドクターですね!トイレのことを言っちゃってるってことは、多少の良心は残っている？今更!!!!!!!,2,スズキマサミ,0
136,考えられる？え、なにそれ？？？？？？ハッキリ（無い）と言わないと不腕を抱いてしまう。,7,Koichi Itagawa,0
137,答えはわからないでしょ,2,だゆう,0
138,まともなデーターも無いのになぜここまではっきり言える？,0,土肥和人,0
139,🤣‥😭,1,SOUDAI KAGA,0
140,もっと勉強してください、,0,らてラテ,0
141,コロナ専門家はいません。,3,ヨシズ,0
142,子供だけ？大人も同じだろうに,2,kaze kami,0
143,2023年5月まで臨床実験中なのに何故この様な事が言えるのでしょうか？,0,岩谷誠,0
144,あれ？核に入り込むと、誰かの説明で見たけど😓,4,リアル,0
145,極めて少ない=出ないとはいってない,8,こめきち,0
146,わかりません！ん…,1,なーたろう,0
147,ADEについてはいっさい触れてないのが不自然なんだ。,0,大ちゃんねる,0
148,何がわかったんだよ！,1,Atomin Momoiro,0
149,初めまして。コロナ&ワクチンで　悩み病んだシドニー在住の主婦です。高評価といいねボタン押させて頂きました。　ノババックスについて教えて下さいませんか？ノババックスの情報が極めて重要なのに　殆ど無く　大変貴重だからです。しかも　信頼できるメディアが大石さん他　殆ど無く、　朝日新聞や毎日新聞等の大手は　今や工作機関にしか見えません。巷で言うファイザーモデルナの新型ワクチンの危険性プラス　看護師してる友達からの内部情報が真実なら　人類の危機にも匹敵します。夫と子供達は　自由への強い意志で、私との大不調和の末打ちました。下の子は　一度ファイザーを打って　1週間目にオミクロンだと思いますが　発熱伴う　Rapid 検査陽性の風邪症状出ましたので、抗体は出来ていると考え　二回目の摂取は控えている状況です。今回日本の家族の病気に伴い、どうしても打った方が全てスムーズに行くので　真剣にノババックスを考えてます。英語での動画配信の情報ですとADEや　心筋炎等の重篤な影響も新型ワクチンと比べ低い印象受けましたが、真実伝えるメディアのお立場で　お話し伺えましたら幸いです。どうぞどうぞ宜しくお願いします。,0,目覚めよ日本人,0
150,最終的にはわからないけど　多分大丈夫でしょ　　多分でテレビにでるなｗ　アホかｗ,8,arasi haruno,1
150-1,最終的にはわからないんですけどーわからないんかーーいですよねw,0,t9
151,この医者あかん,3,Yumi,0
152,何が専門家や全部覆っていってますけど？,0,阪神tiger777,0
153,重症化は防げる？英国の学者に喧嘩売ってるの？！、此の方？？？？,3,山田孝之,0
154,コイツは言わされてる！保証なんか出来ないだろ？出て来んなよ,3,渡邊貞雄,0
155,デマニュース,9,おがちん,0
156,3回目どころか、1回目の予約すら取れない状況。私は打たない派だったけど…打たないと言ってると非国民の様な目で見られるから打つ事にした。,3,kuma siro,8
156-1,@I Asam さんへおはようございます😃見てみます☺️,0,kuma siro
156-2,@I Asam さんへ仕事柄…打たない訳にはいかないので、仕方ないですね。確実な安全性が解らない以上…打たない選択を守り通せるのは、素晴らしい事だと思います☺️。,1,kuma siro
156-3,命に関わります。打ちたくないなら打たないで欲しいです。,0,I Asam
156-4,@たかしん さんへこんにちは😃いえいえ、いろんな意見があるのは当たり前の事ですから。2回目接種後、普通に熱が出て倦怠感半端なかったですが…その後、今もとりあえずは何の不具合もなく元気に生きてますよ☺️たかしんさんも、お身体ご自愛下さいませ。心温まるお返事ありがとうございました😊,1,kuma siro
156-5,@kuma siro その節は大変失礼な言動をしてしまい申し訳ありませんでした。その後お身体の具合はいかがですか？私を含め家族は全員接種はしておりません、今後も予定はありません。ただ、これはあくまでも個人の自由で他人の私がどうこう言う事ではありません。本当に申し訳ありませんでした。寒さ厳しき折、どうかお身体ご自愛下さいませ。,2,たかしん
156-6,@たかしん さんへおはようございます。多分、このコメントを書いた翌日位にキャンセル待ちのが取れて1回目は済みました。いや、43年も生きてれば十分だから命は惜しくないんだけど…副作用で、仕事出来なかったり…打って半年後に死にますってなら喜んで打つんだけど…いきなり死んだら…身辺整理やら仕事が困るから打ちたくないって思ってたんですけどねー。でも、私は最初の待機の15分間が腕がちぎれるんじゃないかって位に痛かっただけで、熱も出なかったし。まぁ2回目が分からないけど。,1,kuma siro
156-7,やめとけ,7,たかしん
157,こいつ幾ら貰ったんだ？,5,猫戦う,0
158,死んだ人達は　どう説明する⁉️,1,まいちゃんK,0
159,30年後は打った人の殆どがこの世にいないので、30年後の心配をする必要はありません(^^)bどっかのノーベル賞受賞者が「枠の打った人の寿命は２年程度」と言ってました。,10,がえしおうむ@がいよう見てね♥,0
160,自称でしょ?,3,スズキマサミ,0
161,インタビュー受けてる人すら【サクラ】に見えてくる自分が悲しい。,5,なかなかびー,0
162,重症化が防げる重症化が防げると何度も専門家はいいますが、色々言われてたメリット、デルタになり違ってたからね！重症化防ぐメリットしか今の所残ってないからね！ノルマ達成するのに必死だね(・・;)変異株ミュー株コロンビアで接種済の人々がかなり重症化さらにはお亡くなりになられてますよ！ご存知ですか？アルファからデルタにかわった時も全部情報違ってて(・・;)現段階では重症化しにくいだけ！さらなる変異株がでてきたら重症化も防げないし、今度は何を言って打たせるんだろ⁉️,3,アッコアッコ,0
163,一言お前に何がわかる？以上,0,kou s,0
164,うそつき,1,tomozo shiiya,0
165,まじですか？,2,平良裕紀,0
