1,この医師の勇気と良心に敬意を表します。,564,love and peace,4
1-1,政府が認めてない、エビデンスがないということから裁判所も無力であると考えるので、多くの医師が口を閉ざし政府に従っている状況です。声をあげない医師は保身。全てを投げ打っているのが長尾医師。この医師はその中間であると考えます。素晴らしい医師であると思います。,1,sala K
1-2,@かいとさえこ 推進派にコロコロされちゃいますね。,1,超紳士
1-3,@かいとさえこ現状で顔を出すと、 誹謗中傷の電話が止まなくなります。,26,Kiichi
1-4,この医師の勇気と良心❓勇気と良心をあるなら、ここは、顔を出して話さないと。顔を出さないのは、怖いからでしょう。 医師として勇気ないですよ。,6,かいとさえこ
2,この医師の方、かなり踏み込みましたね。こういう事、考えていても中々口に出せない中、すごいです。どんどん声を上げてほしい。,422,etsu yama,0
3,正直な医師に幸運を。,297,ヒロ君18号,0
4,とうとうテレビで感染増強（ADE）を言い始めました。出演された医師に敬意と感謝申し上げます。大石アナ並びにCBCのスタッフの方にも感謝申し上げます,348,小川祐史,0
5,こういう事が現実にあるのに、国、分科会、メディアが積極的に発信しない、隠している事に対して国民は不信感を抱くべきだし、気付いてほしいですね。,491,鈴木征紀,5
5-1,@じょっバリ 針がない注射器があるんじゃないの,0,90日間
5-2,尾身会長なんかパフォーマンスでワクチン接種をテレビで放映してたけど、よく見ると先に針がついてなかったしね。怖いわ。,1,じょっバリ
5-3,正に今は戦時中で、同調圧力に負けて自分の命、重篤な副反応になるのかなの賭けですよね…世の中狂ってますね,2,鈴木征紀
5-4,職域接種が始まり、打ちたくない大人も会社の圧力で多くが嫌々打つと思います。私の職場でも3回目は打ちたくない、または打つ必要がないと思うけど、と言いながら3回目の予約を入れてます。本当に職域やめてほしいです。,4,F
6,本当にたくさんの方の目にふれてほしい報道です。CBCさん、大石さんありがとうございます。応援しています。,348,るるルル,0
7,副反応・後遺症と考えられる方や副反応を考える医師がモザイクやボイチェンまで使って身元を隠さないといけない現状おかしい。ここまでして自身で語ろうとしてくれてとてもうれしい。そしてこの勇気ある貴重な証言が子を持つ親たちや３回目を考える方々に届くことを祈ります。名古屋市がんばれ。他の自治体も名古屋市に続け！,329,猫岸夏目,0
8,同じ歳頃の娘がいます。ご両親の驚きと恐怖を思うと涙が出ました。聡明なお嬢さん、かけがえのない命が助かって本当に良かったです。,435,Nokko,2
8-1,命が助かったとはまだ言いきれませんよね時限爆弾抱えながら生きていくことになるそもそも任意なので何がおころうが自己責任,1,ふぅ太郎
9,娘さん一命とりとめてマジでよかった。大石さんの報道ひとつひとつが国民を守る事に繋がっていると思っています。応援しています🙏,161,m h,0
10,子供たちが純粋な気持ちで「誰かに移さないために」とワクチンを打とうとすると言っているのがなんともいえない辛さ。打っても移してしまうものなのに、ちゃんと勉強もせずに大人が間違った正義を教えているのに早く気づいて欲しい。,525,B K,10
10-1,@DESmusic 統計など、あなたが入手された物があれば、参考にしたいと思ったのですが...。,0,Leokinz Shadow
10-2,@Leokinz Shadow どうした？どんな資料を望んでるんだ？,0,DESmusic
10-3,@Leokinz Shadow どんな資料がお望みですか？,0,DESmusic
10-4,@DESmusic 資料をご紹介頂けますか？,2,Leokinz Shadow
10-5,わく済みがコロばらまいてるのにね。,51,sharittoshabe
10-6,勉強不足の親を持ったら悲劇ですね…,61,C T
11,5歳から11歳の子供を持つ親御さんに広く視聴して貰いたいですね,341,あめのむらくも,4
11-1,コメント有り難う御座います、仰る通りですリスクについては何も説明されず早急に打てとしか言いませんよね、政府、推奨医師、府知事を決して忘れてはいけません。,20,あめのむらくも
11-2,あたり構わず、ママ達が見そうな動画に　貼り付ける事ですね。,33,Kiss Yukko
11-3,ワク推奨している方は残念ながら子供に絶対に接種させると思いますヤバいと薄々感じながらもプライドのために,60,不思議
12,テレビで子供のワクチン接種を希望している母親を見かけると何故色々調べるということをしないのだろうと残念です💧,248,よっしー,3
12-1,まあ、確率的には極めて低いですからね。この女性のような人は接種者の0.001%くらいでしょうか。,0,tanaka akira
12-2,残酷だわ,8,安田直美
12-3,そうそうインターネットは悪！と思っててテレビ・新聞教ですよね。打った方が軽くなると思い込む。インフルエンわく枠沈（これも水銀や鉛が入っているからよくないらしいですね）みたいな事を親戚も言います。何を言っても聞く耳、持ちません。悲しい。,14,伊勢みこ
13,３回目を打たない選択が大幅に増えたのは大石さんの功績も大きいと思います。それでも気が狂ったように、ノルマ達成のため子供に打たせようとする日本政府。大石さんの情報がもっと幅広く拡散されてほしい。,345,asibagu3,8
13-1,@かなと 様　こちらこそ、ありがとうございます。最終的にはご本人様が決めることですが、３回目を打たない選択に賛成です。,2,asibagu3
13-2,@asibagu3 貴重な、コメントありがとうございます！3回目は、打ちません,4,かなと
13-3,半年から4歳まで射つように成りそうで怖い！その先にはペット！,2,うま
13-4,大石さん！ありがとうございます！もう、全国的に、報道して下さい！お願いします！,8,かなと
13-5,@杉藤志おり 様　悲しい現実ですね... テレビ・新聞情報を鵜呑みにしてるのかもしれませんが、大多数の国民が本来人間が持ってる「第六感」で、何かヤバいと気づかないのも不思議に感じます。,13,asibagu3
13-6,私の回りにはまだまだ三回目を打つ予定のお子さんがいます。辛いです。,11,杉藤志おり
13-7,@狂気之兔 様　正気の沙汰ではないですね。全国ネット放送は政権寄りなので、気付いている国民が地道に拡散するしかないと思います。,21,asibagu3
14,この子偉すぎ。。。涙出てきた🥲,191,marcoskazuaki,0
15,薬局に勤めてますが、帯状疱疹はワクチン始まってから物凄く多いです。3人連続で来られたり、過去には無い事例でした。他、胃腸の調子悪い方や口唇ヘルペスの方、激しい頭痛の方など増えてる気がします。,323,M N,34
15-1,@菊竹淳 何が言いたいのです？私の意見は私個人の物では無く、本当の意味での専門家の物であり、起こっている事実です。,0,林田涼子
15-2,@オパルン 製薬会社のやってきたことを知れば、そんな事は言えないと思いますよ。,3,林田涼子
15-3,@林田涼子 そうですね。製薬会社が発表する内容には、薬を売るのに都合のいいように書かれていることもありますね。その意味では真にエビデンスとしてふさわしいものはないというのは分かります。でも世の中にはもっと根拠に乏しいものが溢れています。製薬会社の発表した内容の方がよほど優れていると思いますがいかがでしょうか？,2,オパルン
15-4,@菊竹淳 ロット番号によって中身が違う話に興味があるので教えて欲しいです。,0,オパルン
15-5,@林田涼子 間違った情報で勉強しても、間違った考えをもつ人間になるだけなので、しっかりとエビデンスのある情報で勉強することが大切ですよ。,0,オパルン
15-6,@Mustang めっちゃ頭の悪い人に絡まれてて可哀想w,0,オパルン
15-7,@林田涼子 申し訳ございません。・私が「知識が無い」と先で述べたことは、貴方の述べられていることに対してでしたので、解りにくて申し訳ございません。　下記は先の私が投稿した文章ですのでご参照ください。　「貴方の言ってることがあまりにも飛躍しており、私には正しとも判断できる知識もありませので」・「個人攻撃する」もそれそれ個人の主観となりますので、そう貴方が思われたなら仕方ありません。・貴方のご教授とおり、何事も人生日々勉強してまいります。それでは失礼させていただきます。,0,Mustang
15-8,@Mustang 議論は幾らでもしていいと思いますが、知識が無いのに変な反論をして迷惑をかけているのはあなたでは？知識が無いなら勉強すべきです。それをせずに変な個人攻撃するのは違うと思いますね。,3,林田涼子
15-9,@菊竹淳 さまありがとうございます!暮れからもう2ヶ月以上、異常な出場件数の中頑張っています。17年近く救急隊員として勤務していますが、異常です、初めての状況です。尾身くんではないと思います。尾身くん発端で持病の悪化や、ちくわで免疫力低下による急病人が多いのではと感じています。本人達はその自覚はないようですが💦けれど、まだ序の口だと思っています。これから免疫低下により癌の進行、免疫不全症候群、厚生労働省が出した広域火葬計画もあながち嘘ではないのだな、と思っています。そうならないこと祈りますが、世界から集まる情報はかなり悲観的です。ワクチネイドされた方はこの先何年生きられるのでしょうか💦親、兄弟、職場に仲間、たくさんの人が打っています。不安でなりません。この数年前のウチに真実が見えてくることでしょう😰お互い頑張っていくしかありませんね👍,13,健一
15-10,@菊竹淳 さまその方には３回目といわず、政府が推奨したら４回目もぜひ打ってもらいましょう👍自分は救急隊員ですが周囲では唯一打ちませんでした。コロナ患者多く扱っていますが元気です👍ワクチン後の10代、40代男性の脳出血、クモ膜下出血患者扱っています。被害が出て初めて気づくかもしれません。レッテル貼りのように噛みつく人はしっかりと自ら治験に参加してくださいませ😊🤚,18,健一
15-11,@菊竹淳 なんか勘違いしてない、そんなの関係ないでしょ。打つ人も、打たない人も、判断する情報にいい加減なエビデンスのない情報はいらないということ。,2,Mustang
15-12,@タカワタ 貴方様のご意見理解しました。,0,Mustang
15-13,@k t 貴方が述べている「事実として、・・・・告発されるだろうね。」は、私が言ってることとは関係ありませんよ。CBCの報道の事実を曲げるつもりもないです。私はいい加減なエビデンスもな情報を流すなと言ってるだけですよ。,1,Mustang
15-14,私も帯状疱疹になりました。持病持ちだから、たまたまかと思ってました。違うんですね。なぜか、友達も帯状疱疹に、時期を同じに、なりましたよ。,22,菅原由美
15-15,@タカワタ ワクチンを否定している人間は、自分の事を「ワクチン反対派」等と言いません♪🤭,11,DESmusic
15-16,ベル麻痺も多いですよ。ふだんは月に1件あるかないかなのに月に数件あります。それも接種直後ではなく１〜数カ月後ですね。へんな脳血管乖離も多い印象です。先日も接種後4日目に発症の方が。ここ一月以内の変な脳血管乖離も来てました。どちらもありえない症例ではないですが、こんなのが変に多いです。ウチの医師達は100%疑ってないので全て「たまたま」だそうです😓。とある大学病院神経内科では５年以内の死亡確率が上がるから3回目は絶対ダメと医師全員接種拒否だと言ってましたよ。接種後副作用しか考えられない症例がゴロゴロいるとDr.が言ってました。,37,Oくぼ
15-17,うちの薬局もです！今も皮膚科は多いです。,26,C T
15-18,@DESmusic ヘクトチック、残念ながらググッても出てきませんでした。ヘクト(10の２乗倍)のチック、つまり10の2乗倍らしいって意味だね。,10,k t
15-19,@Mustang 次元が違うならレベルも糞もないと思う。事実として、ワク陳打った後にこうした症例が同時多発的に出現してきてる以上、因果関係不明ではもう言い逃れ出来ないよ。政府及び製薬会社及びそれらの下請けになった企業らは告発されるだろうね。知らんけど。,43,k t
15-20,ヘクトチェックってなんだよ♪🤭笑いを取ろうとしてる？🤔ロット毎に微妙に成分が違うのは、エビデンス以前の問題だよ♪治験完了していないのだから当然の結果じゃないの？🤔そもそもファクトチェックしてる機関に信憑性があるエビデンスは？🤔,36,DESmusic
15-21,@菊竹淳 酸化グラフェン貴方がすでに以前言ってたからだよ。すでに公式にヘクトチックが入って事実無根のことになってるよ。超有毒のエビデンスはどうした？,3,Mustang
15-22,@菊竹淳 話をすり替えたら、なんとかなるとでも思っておられるのですか？真面な議論も出来ずに。,5,Mustang
15-23,@Mustang 自分の身体で実験すれば？それが何よりの証明になるじゃん。,54,k t
16,いのち助かりよかったね！さぞかし親御さんは想像絶する思いだったと思うと怖さを感じました。なぜ打て打てと圧力かけるのか、子供や若い世代の方枠本当必要かどうか考えて欲しい！,268,片岡末子,0
17,米国でもワクチン接種後1年以上経って胸が痛くなって緊急病院に搬送された若者が多いと医者が言ってました。特に男性に多いそうです。,170,Ajisai,2
17-1,１年後かあ、とぼけられて終わりだなあ…,17,もえぶたお
17-2,厚労省も、去年の６月だっけ、その報告を把握してました。なのに打たせるんだから、恐ろしいなあって思ってた。,35,おいも
18,CBCさん、何度もワクチン後遺症について取り上げて下さってありがとうございます！10代の女性の方もご自身が大変な思いをされた中、取材に答えて下さって情報発信ありがとうございます。完治されますように！それと、子どもへの接種、止めて下さい！,85,ガイキチニイサン,0
19,CBCさん、大石さん、いつも価値のとても高く、かつ勇気ある報道ありがとうございます。m(_ _)m,186,My Melody 1993,0
20,心筋炎、心膜炎ですかね。JPSIKA先生がずっと前から警告されてたことなんですが。ほとんど重症化しない、志望者の出ない若年層にワクチン接種を勧めているけど、国は若者の命をどう思っているのだろうか。,177,螺鈿迷宮,1

21,竹輪さんの脅威から　子供達を守らなければならない！子供達を守るのは大人の役目です,154,hirogp,1

22,医師の正しい判断が何よりも必要で、利権や私利私欲の為に患者を犠牲にすることの無いように、しっかりとした覚悟で臨んでもらいたい。何かあれば、自分の責任だと言う認識を忘れないで欲しいと思う。,116,鉄槌雷神,0
23,このお嬢さん回復してよかった。親御さんもご本人も辛かったと思います。私は未接種なのですが、もしこれから先、年数が経ちワクチンの安全が確認されれば打つことを考えるかもしれません。その頃には終息しているかすぐ治る風邪程度になりワクチンなんか必要ないかもしれませんが。しかしこんなに急いで作ったワクチンで多くの死者や長い期間後遺症に苦しんで回復していない方々を見ると今は絶対摂取したくないです。摂取するしないも自由とは言いますが正直摂取しないで！って思ってしまいます。でも周りの接種者は打っとけば安心と信じきってます。なんでそんなに信用できるのか分からないです。,118,Mami Moo,4
23-1,@かいとさえこ 有料でも受ける人はいますが有料だからと受けない人も出てきますよね。インフルエンザって流行る季節が決まっててその時期だけ受けるけど、新型コロナって今のところ通年ですよね…え、年中打ち続けるの？っていうのがちょっとなって思ってます。,1,Mami Moo
23-2,@Mami Moo インフルエンザの予防接種のように毎年、接種するようになったとしたら、有料になるのでしょうね。,4,かいとさえこ
23-3,@笑顔のりちゃん 有料ならもうちょっと躊躇しそうですね！やっぱり無料だからですよ,18,Mami Moo
23-4,同感です。治験中の💉なのに。有料だったら打つの？かな？,23,笑顔のりちゃん
24,軽い心筋炎なんて無いから騙されないように心臓の細胞は壊れると元に戻りません,125,hiro u.,0
25,オーストラリア在住です。１月28日〜2月3日のNSW 州のコロナによる死者数は258人でした。その内未接種者は52人で、ワクチン摂取者は201人でした。さらに、接種者201人の内訳は、6人が1回接種、149人が2回摂取、46人が3回摂取でした。30歳の基礎疾患ない方が亡くなりましたが2回摂取済みでした。政府は2回摂取者と3回接種者の数字を見比べ、3回目と2回目接種の死者の差は明らかなので、2回摂取から3ヶ月経った人は3回目を打ってくださいと繰り返し言ってます。打った後、若くて健康な方の心筋炎とっても多いいです。5歳からの接種は急ぐべきでないと思います。,221,Rugby LV,0
26,蘇生して、良かったね。涙がでます。どんどん発信してくださいな。早く健康体に戻れる様お祈りいたします☀️,150,飯田美智代,1
26-1,まだまだ安心はできない。長期的副反応があるから。このことは一切マスメディアは伝えていない。,6,1929wall street
27,うちの父(77歳)も2回目接種して2ヶ月後に、酷い帯状疱疹になり、今でも痛みに苦しんでます。,132,太鼓使い　さり〜,0
28,親も帯状疱疹が出て、最初はかぶれだと感じたらしく・リウマチもあるのに医師と相談し済ませてます・免疫低下に拍車がかかっているはず・先生の意見に納得です。,111,ことチャンネル,0
29,良かった　良かった。この先生も素晴らしい👏,218,ドーナルノトランプ,0
30,大学生の女性、その勇気に感謝です。命があって良かったよぉ・・涙出てきました。言葉の選び方にも、聡明な女性と感じました。また、体調のすぐれない中でも、こうして声をあげて下さり有難うございます。報道にも感謝します。やはり免疫低下と心疾患。これが副作用の大きな特徴と言えそうですね。私自身医療従事者ですが、合点がいきます。,84,Maya Saijo,0
31,貴重な放送ありがとうございます。亡くなった方なども病理解剖して枠の因果関係を認めて遺族や後遺症で苦しんでいる方々に対ししっかりと賠償されることを願います。そして、現在に及んでも枠を推奨する方々が社会的責任を負うことを願います。国会議員などは与党も野党も全て辞職をお願いしたいです。,178,41 yoyoyo,4
31-1,10社以上の新聞に、一面で意見広告を出してくださる方がいます。子供のワクチン反対の医師の会も、全国的なってきました。いつみんな気が付いてくれるでしょうか。訴訟も始まっています。,28,さんうさこ
31-2,@茶々丸 当初は使用数に応じて払う契約だとの情報もありましたがどっちですかねえ。,5,ふくちゃんマネージャー
"32,21:21  Hermosa elección 😘 likEEx.Uno de los mejores conciertos ❤️  27:21  Senada: ""Hermoso""   21:27  Alfiora: ""Preety""  20:22  Alana: ""Awesome""  25:23  Hopi: ""Sweeter""  24:24  Joonie: ""Cooler""  26:22  Megan: ""Hotter""   13:25  Yoongi: ""Butter""  22:26  Amor: ""Momentos"" 2zr9 13:29  Son unos de los mejores conciertos, no puede ir pero de tan solo verlos desde pantalla, se que estuvo sorprendente  🖤️,16,Diana Ross,0"
33,帯状疱疹もだけど、杖ついてる若い子がめちゃくちゃ多いです。前はそういう人珍しいくらいだったのに、今は毎日普通に数名見ます。,168,しまえ,2
33-1,@べべやす さま20代前半女性が多かったです。この頃は杖をついてる若い人は減ってる感じはあるけど、足をひきずってる人は多いです。先週男子高校生5人の集団でうち3人が杖ついてて、それはさすがに2度見されてる方散見しました。高齢者の杖と車椅子も増えてますね。,1,しまえ
33-2,いくつぐらいの人ですか？,0,べべやす
34,こういう医師が増えたらいいですね。,22,aki,0
"35,Hermosa elección ❤️ Likeex.Unode los mejores  😘23:23  Senada: ""Hermoso""22:24  Megan: ""Hotter""21:23  Hopi: ""Sweeter""23:27  Joonie: ""Cooler""20:23  Yoongi: ""Butter""23:26  Amor: ""Momentos""23:21 los  mortales abian apreciado tan hermosa mujer 6ix1 ...Son unos de los mejores conciertos, no puede ir pero de tan solo verlos desde pantalla, se que estuvo sorprendente 🖤.,15,Sara Perez,0"
36,娘はおりませんが、見ていて胸が苦しくなり涙が出ました😭治験中のものです。こちらの動画を見て若い人、子どもたちが打たない選択肢もあると気づいていただきたいです。お嬢様、お父様、医師の方✨大石さん✨放送局の方✨勇気ある配信どうも有難うございます‼️‼️,43,ちりめん　じゃこ,0
37,免疫力を弱めるのが事実。以前は帯状疱疹にかかった人はどこかにガンがあることを疑えと教えられました。,137,猫太郎,0
38,大石さんこそ、唯一真実を語ってくださるアナウンサーだと思います!!　ある局は、打つ事が世の為、人の為だと言っていました。この様な心ない煽り報道の中、大石さんの勇気ある報道に感謝しております。,83,ひとみ たかはし,0
39,あれは免疫力を下げるからな、帯状疱疹は納得,162,ryoji muto,0
40,このお医者さんは的確なことを発言してくれている。みんなも他人事とはいえはよ気づいてくれ。CBCさん、今回もワクチン接種後のニュースをありがとうございます。ワクチン接種後の死者が少なくとも1470人以上いることを知らない人もまだまだおるからな。知らんのはある意味幸せやけど、命にかかわることくらいは知ってたいし、自分で選択したい。,33,candy1179,0
41,絶対に若い世代には受けてもらいたく無い,117,ぬくだまさき,0
42,枠接種はコロナにかかるより怖いって改めて実感しました,327,不思議,0
43,辛い体験を自ら話してもらいありがとうございます。最近ではいろんな情報やデータが出てきています。テレビの偏った情報だけでなく自分で情報を収集することが大切ではないでしょうか。これを見ている人達はある程度わかっていると思いますが。,136,わいす,0
44,東京都医師会の会長さんは接種した大人でも感染しているので、子供が同調圧力で打つものではないと言っていましたよ。,101,y m,0
45,本当に回復して良かったー🥹ご本人が訴える言葉はもの凄く重いと、響くと思います‼️少しでもたくさんの人にこの報道が届きますように🙏🙏🙏,23,okryoko st.,0
46,心停止が病院についてからだったので助かったのかもしれない。まだ家にいる状態だったらと思うとぞっとする。,56,andantedandanto,0
47,大石さんの深掘り解説とても参考になります。娘さん、助かってよかったです。医師の方の言葉も聞けてよかったです。大石さん、これからも分かりやすい解説よろしくお願い致します。😊勉強になります。大石さんの解説楽しみにしてます😊大石さん、これからも体調に気をつけて頑張ってください(*^^*),26,LOVE N.Hidetoshi,0
48,大石アナの傾聴、素晴らしいと思う。,44,Maya Saijo,0
49,これは…地上波でとんでもないことを報道していますね。上から目線でで恐縮ですが、東海テレビさん、大したものだと思います。この動画の行方が気がかりなほどの英断に感謝申し上げます。こうした見方も可能性の一つとして、当たり前に知られなければ、ワクチン接種のメリット、デメリットなんて判断できないですよね。,32,くまもっこす,0
50,被害者を叩く風潮は変わらないな｡こういう人達を反わくという一言で切り捨てる｡,126,レイピア IXE3e.3rd.。o,16
50-1,@T K それそっくり返しますよ。人の揚げ足で1人盛り上がって…本当やめてください。,1,さゆ
50-2,@T K 感情が見えないからこそこの匿名性のコメント欄の活用は意味があるかと思います。要は「伝え方」と「リテラシー」。,0,魂の 薔薇色
50-3,@T K タラレバの話は単に井戸端会議レベル。志向って言うより思考だと思うけど、実際に実在するものとして比較しなければこの世にありもしない物を「仮」として例を出されても単に現実的な議論にはならない。,1,魂の 薔薇色
50-4,@T K 仮にって、タラレバの話は何の意味もない。,1,魂の 薔薇色
50-5,@T K 信用できません。,2,さゆ
50-6,@細詳 Twitter見てきたら分かるよ｡,21,レイピア IXE3e.3rd.。o
50-7,被害者叩くコメント見当たらないのですが消されたのでしょうか…,10,細詳
51,大石さん　CBCさんありがとうございます　本当の報道ですね　ありがとうございます　患者さんもありがとうございます,48,NAOKO NAKAMURA,0
52,確かアメリカ人男性85k、女性70kを標準にした量をそのまま日本人に適用する事は間違い！また、そもそも予防にもならないモノを打つ事が大間違い！！,118,N. TNK,0
53,いつもありがとうございます。以前に拝見した、娘さんが回復され本当に、本当に良かった。その後も胸の痛みがあるとの事、どうか良くなります様に。いつになったら国や、国が従えている医者、TVに毎日でてる謎の専門家達は起きてる事実に向き合うんでしょうか。。。帯状疱疹も枠珍が始まり良く聞くなと思っていたら、今までなかったのに急に大人には多い帯状疱疹、ワクチン打ちましょうなんてCMを流すふざけた誤魔化し。心筋炎については最近10代の100万人あたりの人数が上がってきてる...さらに5歳からの接種まで始まる...どうかしています...一部の大人達の利権の為に、全国民を平気で犠牲にし続ける現状を止められるのは国民の世論しかない。。。1人でも多くの方にCBCさんの報道が届き、枠珍に対して、このままで良いのかもう一度考えてくれますように。。。,62,chiaki M,0
54,有難いです。こういう現場のプロである医師が、何かおかしいと感じ発信して下さって、皆判断することが出来ます。感謝です。,10,まんまるお月,0
55,お母さんが受付してる最中に心肺停止？！病院にいたからよかったものの…考えるだけでゾッとします…今まで通りに戻れるのかな…私も色々な意味で心が痛みます…。。,39,りんりん,0
56,副作用、副反応については接種が始まった時から言われていたような。接種により免疫を突破しようと変異が加速するとも。,46,すいーとらいす,0
57,よく戻ってきてくれました。ありがとうございます。,43,Kathy,0
58,11歳以下の子供に打たす親は情報収集なんてしないんだろうな。無知は罪。,81,M M,1
58-1,今はもう無知(な人)は敵という状況のように感じます,0,いぬものがたり
"59,Hermosa elección ❤️ likeex.Unode los mejores  😘21:23  Senada: ""Hermoso""21:24  Megan: ""Hotter""24:23  Hopi: ""Sweeter""25:27  Joonie: ""Cooler""20:23  Yoongi: ""Butter""23:26  Amor: ""Momentos""17:51 Son unos de los mejores conciertos 🖤20:26  Megan: ""Hotter""10:25 Alana: ""Awesome""11:24 Belleza doops35:23 Son unos de los mejores conciertos, no puede ir pero de tan solo verlos desde pantalla, se que estuvo sorprendente  🖤10:32  Hopi: ""Sweeter"" ue14,14,Jessica Perry,0"
60,大石様、ありがとうございます。厚労省の意見を聞きたい。,62,love and peace,1

61,結局、痛い目にあわないと気づかない人が多いって訳ですね。,71,H O,1
61-1,しかし、気づいた時にはもう手遅れなのです。後戻りはできないので。,16,1929wall street
62,イギリスが接種を止めた意味について、もう少し調べてみる必要がありそうです。そういった報告書があればいいんですが？,65,くさじゃこう,1

63,現場の医師はおかしいと思ってる人けっこういるのに国は無視,34,けむり仙人,0
64,元気なってよかった！,24,marcoskazuaki,0
65,勇気を出して発信して下さりありがとうございます。,6,みゆみゆ,0
66,もうすこしマスコミ以外の情報を取りに行くくらいのことをしないと後悔しても間に合わなくなるよ,83,amazing thailand,0
67,「責任は無知な大人にある」誰も責任を取ってはくれない。子供には同情するが、周りの大人や親には怒りしかこみ上げないわ。,87,すーぷはるさめ,7
67-1,@かいとさえこ 論より根拠、調べてみては検索エンジンも変えたらヒットする内容が変わりました,0,びりのん
67-2,@かいとさえこ 無知は罪だけど大丈夫そ？,9,k t
67-3,子供は「人のために、大人を、親を信じて打ってるんですよ。」その気持ちを、同調圧力に従って潰してるの誰ですか？,11,すーぷはるさめ
67-4,@かいとさえこ そう思われたくないなら学んでほしいと思いますから。私はなんと言われても構いませんので。大人は世間体の為に、他人からの目を気にしてですが、子供は何のために打つと思います？,20,すーぷはるさめ
67-5,「無知な大人」って、酷いこと言いますね。,3,かいとさえこ
67-6,@レイワチ 分かっててやってますからね…スポンサー(外資企業)の金稼ぎの為に。枠はどこの企業の物ですかね？それに、国家予算の50兆以上を医療に使ってますから。その金はどこに流れていくのでしょうね？,16,すーぷはるさめ
67-7,政府も製薬会社も、そんなにお薦めのワクなら、保証書をつけるべき。自信があるなら、何故政府役人や厚労省の人は打たないのでしょう？,26,レイワチ
68,知らないことは罪である。知ろうとしないことは更に深い罪である。このお嬢さんはなんとか命を取り留めることが出来たが、そうでない方々も大勢いらっしゃる。この中の医師の方がおっしゃる様に、自己の免疫機能に対して長期で悪影響を及ぼす危険性が否めないことをもっと広く一般に伝えていただきたい。,16,Hiroshi Nakajima,0
69,45歳ですが、2週間前に３回目のワクチンを接種した次の日から38℃の熱が出て、丸３日寝たきりになり、熱が下がってから胸の痛み、呼吸がしずらくなり、常に倦怠感があるので最近は仕事にも支障が出て、休職も視野に考えています。妻（44歳）も接種後一か月以上経ちますが、全く同じ症状です。もう二度とワクチンは打ちたくないです。,5,まなみん,0
70,とても上品でしっかりしたお嬢様ですね。完治されることを願っております。,6,太郎,0
71,関連が無いわけがないよね。どう見ても、心不全や心筋炎、心膜炎関連だと思います。,38,小池屋ポテト,0
72,年明けにコロナ陽性いまだにまだ咳がひどいです。あちこち痛くて倦怠感が残っています。コロナワクチン２回接種済みの私だけが重症で家族はワクチン接種していないので軽かった。,7,ゆかゆか,0
73,誰もに伝えるために、勇気をもって取材に出演されたお父様と娘さんに感謝です。関西には尼崎の長尾先生。名古屋にも良い医師の先生もおられると思います。未だたまに症状が有るとのことが心配です。お大事にされて下さい。,2,himawarihome,0
74,帯状疱疹って神経痛が残る恐れがあって　決して軽く扱う事は出来ませんね。免疫力の低下による他の症状にも言える事ですが。打ってはＱＯＬが下がると見て良いでしょう。,30,坂中憲治,0
75,私の勤先では昨年末〜今年2月まで48名副作用疑いあり。死亡6名、心筋梗塞１名、帯状疱疹3名、心筋炎8名、脳梗塞3名、自己免疫疾患3名、肺炎1名、巨赤芽細胞性貧血1名、癌5名、労作時喘鳴5名、……等 1つの内科外来でこれ程あるということは市内、県内、全国となるとどれほどの数になるのか想像しただけで怖いです。3回目はホントに考えてもらいたい。,7,sala K,0
76,CBCはいつも凄い！大石さんも！,21,佐々木あやぱ,0
77,こびナビの医師たちは、副反応なんて無い、有効性があるから打て！って言いまくってます自分は大丈夫だったから、じゃなくて自分の周りで起きていることにもっと目を向けて、他人事ではなくもっと声を上げて欲しい,9,mi na,0
78,こういった事例を知らずに他人に打ったほうがいいとか言うものではないな。やばいものに対してはまずは様子を見て安易に手を出すのはやめたほうが無難だな。,17,DD B,0
79,大石さん👏👏👏👏,53,mame,0
80,大石さん、ありがとうございます。後遺症窓口設置も大石さん達の努力もあると思います。ありがとうございます😊医師の最後の子どもに打つなんてって言葉、何度も放送してください。山本医師が大石さんの隣で接種勧めるのやめてほしいです。出演時は後ろにスポンサー会社のロゴの壁をつくるか、ロゴ入りTシャツの着用をお願いします🤲,33,いまここ,0
81,危ないタイミングでしたねぇ〜｡生死を彷徨って心臓をぐう🫀で押される感覚⁉貴重な️生の声を発信してくれてありがとうございます。心筋炎は少年に多いみたいな情報もあてになりませんね。何が原因なんでしょうか？酸化グラフェンが心筋に突き刺さっている状態なんでしょうか？帯状疱疹が続発⁉️コレも酸化グラフェンが血管に突き刺さっているからなんでしょうか？ナノ分子レベルな理由が知りたいですね。,51,Jasts蛇巣鶫,1
81-1,まぁ普通に考えたら金属片は毛細血管で詰まりそうですよね。時間が経っても体内に吸収されたり血管外に排出されることはなさそうだし。,0,いぬものがたり
82,娘さんは元気になったように見えますが、おそらくは心筋が部分的に壊死している筈です。今でも時々胸が痛くなるのがその証拠です。一度死んだ心臓の筋肉は再生することはありません。娘さんは生涯に渡って壊れかけの心臓で生きていくしかありません。そのせいで、やりたくても諦めなければならないことが沢山出てくるでしょう。お気の毒としか言いようがありません。,94,後は野となれ山となれ,0
83,今の世の中、まさに異常。こんなものを問題ないと言って、国民に打たせるなんて。。。国によっては義務化するのも本当に異常。いいかげん、みんな気がついてほしい。人民を支配しようとしている輩がいるんだよ。,6,マルガリータスミス,0
84,日本は海外と違い空気読んで意見を言わず偽りの顔で生きてる国民性なので、個人がもっと自由に発言できる社会になるべきです。同調圧力はチームワーク力こそ高いが、縦社会的で一つの方針から抜け出せない。発想ややり方に変革を起こすためには様々な意見や発想が必要なのに勿体ないと思う,5,ruka i.,0
85,唯一メディアとしての勇気ある報道をありがとうございます。これまで色々な企業が例えば車の会社など、事故などで問題が発覚したら、すぐにリコール、そして検証、そして製造中止やさらには賠償責任など、人々の安全に関わる法律は守られてきましたよね？どうしてこの件だけはみんなで目をつぶるんですか？医者も。もう目の前で疑わしき状況が多発していたら、曖昧な態度でやり続けるのはありえないと思います。常識的に考えても、すぐに中止して、調査をするべきです。そしてさらに子供への接種なんて、はっきりNOと言えばいいのです。,6,Fleur C,0
86,ワクチン接種の数日後から頭痛、その後帯状疱疹を発症しました。皮膚科医曰く最近増えてるそうです。国としては一人でも多くワクチンを打ってほしいみたいですが、本当に国は真剣に副反応に関して調査をしているのでしょうか？帯状疱疹になるなんて接種前には想像もしませんでした、視力も落ちてしばらく日常生活には戻れてません。,6,hi m,0
87,治って一安心ですね。たっぷり青春を謳歌して、次はAED、癌、卵巣の炎症に立ち向かって下さい。一日も早い完治を祈念しております。,7,Keen Bobson,0
88,一つの病院だけで24例って多くない？！,33,marcoskazuaki,0
89,政府が子供たちにまでワク○ンを打たせようとしてると言うが、やっぱり最後は親の判断。これだけ安全性よりも副反応のヤバさが露呈されてきてるのに…親はもっと勉強するべきです。今日もテレビで子供の接種の報道をしてましたが、インタビューを受けている親のコメントがなんと浅はかな考えかと思い悲しくなります。子供、若者は重症化する事はほとんどありません。(データでも出ている)もっと親は子供に打つ前によく考えて欲しいと思います。ウチでは私自身も息子にも打たせていません。安全保障の無い毒を入れたくないからです。入れモノは出せませんからね。打つのは、いつでもできます。やめるのは今しかできません。,10,金時!,0
90,これは、怖いね、、、自分の子供に起きたら頭の中真っ白になりそうだ。無事元気そうでよかったです！,78,相馬翔平,0
91,良くなってよかったなあ(;_;),8,金野亡者,0
92,名古屋凄いね！頑張れ！,9,cub,0
93,国は任意だから責任は取りません。よく考えて頂きたい!若い世代の心筋炎が増えています。,22,タカヒロ改めタカ,0
94,私の周りでもワクチンを打った人がコロナに罹ったり、体調を崩したりしてます。間違いなく関係あると思いますよ。,6,梅山千絵,0
95,太郎「心筋炎なんて気にするな、ワクチンの副反応よりコロナに感染した時のワクチンメリットが心筋炎をうわまわる」←本当？,70,石切山茂,6
95-1,大嘘,8,ただの仮酢魔
95-2,当事者にとっては一分の一なので本来は、[人による]を誤魔化してるんだからお察し。,4,もえぶたお
95-3,彼の本名は麻生.Ｆ.太郎です、そして会社は麻生ラファージュセメント合弁会社。子分の河野さんの行った大学が何処の大学なのか？何故堀内さんは大久保利通の子孫だが、どんな繋がりなのか？ラファージュ社は日本に居たショールアイゼンバーグが作った会社。一体どんな会社なのか？彼が戦前戦後何をしていたのか⁈を調べると色々点と線が繋がると思います。,7,masa k
95-4,お縄,19,Kiss Yukko
95-5,既知外,16,DESmusic
96,10代の子供に枠打たせる親が鬼やなw,72,Anton0220,0
97,このジェノサイドは歴史に残さないとダメですね。何が真実なのか、自分の目で見定めなければまた同じことが繰り返されるでしょう。,15,だい_,0
98,そういう思いをさせたくなくて伝えるんですけど親身に聞いてはくれないんですよね自分は大丈夫　という過信。,4,のりたま,0
99,私たち「有志勤務医の会」は、全国民が心身共に健やかに生活できる社会を目指し、“病を患った方々への適切な医療提供”、および“実際の臨床現場を踏まえた上でのバランスの取れた情報提供”をするための組織として立ち上がりました。この度のコロナ禍に対して、科学データの検証によって目の前の現実と真摯に向き合うことを誓った上で、mRNAワクチン接種の即時中止と、深刻な人権侵害をきたす現在の感染症対策の是正を強く求めます。その理由は以下の通りです。  1. mRNAワクチンの有効率低下および今後逆効果となる可能性  　新型コロナウイルス感染症に対して、現行のmRNAワクチンは有効率が急速に低下しており、さらに3回目以降の接種は逆効果になる可能性があります。当初、このmRNAワクチンは重症化予防効果のみならず、感染予防効果もあるとされましたが、先行接種が進んだイスラエルでは感染者・重症者・死者数の急激な増加が認められており、高齢者接種の進んだ本邦においてもワクチン接種者の重症例および死亡例が増加しています。容易に変異するコロナウイルスに対して、スパイク蛋白への抗体を誘導するワクチンを頻回に投与することは、短期的には効果があるように見えても、中長期的には効果が減弱するどころか、逆効果にすらなり得ます。この現象は抗原原罪や抗体依存性感染増強(Antibody dependent enhancement: ADE)と呼ばれ、従来からウイルス学や免疫学では良く知られてきたもので、世界中の誠実なウイルス学者や免疫学者が警鐘を鳴らし続けています。抗原原罪のためオミクロン変異体に対して有効なワクチンの導入は困難で、現行のワクチンを接種し続けていると今後いつADEをきたすような変異体が現れてもおかしくはなく、接種すればするほど逆効果になる危険性が高まると考えます。  2. mRNAワクチンの安全性に対する懸念  　mRNAワクチンは安全なワクチンとは言えません。mRNAワクチンは従来のワクチンとは全く違った仕組みを利用したものであり、接種後の重篤な副反応の報告数も従来のワクチンとは桁違いで、中長期的な安全性は全く不明であり、今後ブースターを続けることでさらに危険性が増していく可能性が高いと考えます。 mRNAワクチンは当初、①注射部位に留まる、②すぐに分解される、③ウイルスの一部が作られるだけなので害がない、といった理由で安全とされましたが、これらは全て間違っていることが明らかになってきました。  ①ファイザー社が行った動物実験で、mRNAワクチンの成分が注射部位から血流に乗って全身の臓器に運ばれ、蓄積することが判明しました。  ②少なくとも4ヶ月間はスパイク蛋白が血中を循環していることが報告されました。  ③注射されたmRNAの情報に基づいて体内で産生されるスパイク蛋白自体に、血管内皮細胞障害などの毒性があることが報告されました。  　また、1-2回目の接種でスパイク蛋白に対する免疫を獲得した状態で3回目以降の接種を行うと、スパイク蛋白を産生する自己の細胞を標的とみなして免疫が攻撃するため、自己免疫性疾患として多彩な副反応が生じ得ます。 さらに、免疫細胞は有限にもかかわらず、その限られたリソースがスパイク蛋白に対する免疫に偏ってしまうこと等により、他の病原体への免疫や悪性腫瘍に対する免疫が低下してしまうことが報告されています。mRNAワクチンの特殊な構造（1-メチルシュードウリジン化修飾）が、自然免疫や獲得免疫を低下させることも分かってきました。 このように、変異を続けるウイルスに対して現行のmRNAワクチンの効果は既に乏しく、理論的には今後逆効果にさえなる可能性があり、実際に4回目接種を進めているイスラエルではその兆候が見られています。中長期的な有効性や安全性が保証できないワクチンを、新型コロナウイルス感染症による被害の少ない日本で今後も接種し続けることに、私たちは断固として反対します。 統計データは切り取り方次第で如何様にも解釈することができ、このワクチンの効果が過大評価される一方で、被害は過小評価されていることは、多くの研究者が指摘してきました。実際に私たちが臨床現場で見ている景色と、統計データが示す事実が大きく乖離していることもこれを示唆しています。そして過小評価されていても隠しきれないほど甚大なワクチンによる被害の実態が、世界中で徐々に明らかになりつつあります。このまま接種を続ければ今後さらに被害が拡大することも明らかであり、国の未来のためにも接種の即時中止を求めます。  3. 人権侵害をきたす現在の感染症対策  　「命を守るため」、「医療を守るため」という名目で現在行われている感染症対策は明らかに人権を侵害しています。もとより医療を守るために社会生活が犠牲になるべきなのではなく、全国民の健やかな社会生活を守るために医療は存在しています。社会生活に対する過度の制限は、特に子供達や若者の自由に生きる権利を2年にわたり侵害し続けています。新型コロナウイルス感染症は、特に健康な子供達や若者にとって重症化することは極めて稀なものであることが判明しています。それにも関わらず、幼児から大学生までの教育現場で日常的に行われているマスク着用やワクチン接種の強要およびそれらによる差別、そして過度の自粛による様々な教育機会の損失は、確実に今後の日本を支える子供達や若者の健やかな成長の妨げとなるものであると考えます。既にウイルスは全世界に広がっており、もはや新型コロナウイルス感染症を封じ込めるという観点で行われる対策は現実的ではありません。英国など欧州諸国では、行動制限のような規制が撤廃される動きが既に始まっており、日本においても早急な対策の見直しが必要です。社会全体のバランス感覚を取り戻し、行き過ぎた感染対策を改め、症状の程度に応じた科学的で適切な医療提供が行われるためには、その根拠となっている法的な取り扱いを変えなければなりません。感染症法において「新型コロナウイルス感染症」を「新型インフルエンザ等感染症」に含める現在の取り扱いを、実態に即した形として抜本的に見直すことが必要です。  　以上のように、私たち有志勤務医の会は、歴史上類を見ない薬害と感染対策の弊害をこれ以上広げないように、「現行のmRNAワクチン接種の即時中止」と「人権侵害をきたす感染症対策の是正」を強く求めます。    2022年(令和4年)2月26日  有志勤務医の会　一同,37,インターロイキン10,0
100,TVで取り上げる副反応とは高熱、打ったところの痛みなど、少し我慢できる程度のことしか流さないし、5歳から接種が始まった現場の状況を流してましたけど「痛くなかった」など、直後の意見だけですもんね。その子たちがはたして数日後無事なのかどうかは分からないのに。,12,kato t,0
101,いい加減に茶番は止めて事実放送して謝罪求めます普通に嘘報道止めて下さい‼裁かれたいのですか！光は動いてます。覚悟してますか！,53,いのぶた,0
102,もぅすぐ始まる子供達の接種…　時間がないのです!　気付いて貰いたいのに!　言っても。医師でも専門家でもない、ど素人の意見なんて、とても聞いて貰えない現実に只々、悲しむばかりです…　子供達がどうか、無事であります様にと、祈るばかりです😅,9,ひとみ たかはし,0
103,私は帯状疱疹に。母は癌に。私は3回目は打たないです。,9,nami,0
104,名古屋も実際に動き始めた。こういった動きが全国に広がることを願うばかり。,10,幸村みゆ,0
105,この若い方は弟の知り合いの方かも？娘さんが心肺停止になったとか。父の知り合いの息子さんが多分ワクチンを打ったと思うのですが大学生の息子さんで、朝起きて来ないので起こしに行ったら、目を開いたまま意識がなかったので救急車を呼び助かったらしいんですが、今まで全くどこも悪いところがなかったのにとお母さんが言ってたそうです。私は打ってるなと思いました。診断は癲癇と言われたそうです。父と父の友人が2人とも接種済みで帯状疱疹になりました。その後３回目のワクチンが始まり父は打ちました。翌週、突然歩けなくなり救急病院に行き、CTで脳の検査と脚のレントゲンを撮りました。脚の血管の劣化で一時的に血流が悪くなったせいではないかとの診断でした。それも私はワクチンだと思ってます。しかし本人はいくら説明しても関係ないと思ってます。注射薬大好きなので死ぬまで打つでしょう。,7,romiko39,0
106,どうか、症状がなくなり回復しても解毒を続けてください！調べれば、たくさんの解毒方法が見つかります！たくさんの人が実践されています！最後まであきらめないで、気を抜かないで解毒に努めてください！,11,JUN.M,0
107,心臓が痛いは怖すぎる,4,aki,0
108,この医師のように自由に発言し、考えや意思を表現できる社会にならないと。自分や家族を守る大切な判断を同調圧力なんてクソな価値観で潰されるのはバカらしい。周りの空気読んで自分の心に嘘をつく偽りの社会で自由な表現もなにもあったものではない。,3,ruka i.,0
109,貴重な経験者のお話身にしみますこれから打つ人が参考にして下さることを願いますそれと最近の交通事故ですがぶつかる前に不調を感じられてるのか気を失ってぶつかる方が異常に多いですね昨日も車が大破してましたが事故の前から意識不明だったようですそれとT路地で壁にぶつかった人もありましたがその人は燃えて判別できないですが壁に激突です体調不良だったかもしれませんこの様な事故は本当に多いです運転手さんはほぼ60歳以上です個人的にワクチンの後遺症のせいと思っています,34,熊野みち,0
110,3回目以降のワクチン接種は逆にコロナにかかりやすくなる見たいですね。,14,aki,0
111,もう純粋に人を56すものだって世界中の学者さんが言ってますから。私もドラッグストアで買い物してたら、慌てた様子のおばちゃんが来てワク打って熱があるんですって店員に聞いてたけど、打った医者に責任ないの変じゃない？毒物を排除しようと体が熱を発するわけで、それを抑えてしまう解熱剤は逆効果かもしれませんね。何でワクに疑問を抱く医者は全て匿名で声まで変えないと糾弾できないのか。背後にどんな組織があるのか考えればわかりますよね。,16,hide hide,0
112,PCR検査が陽性になるだけの病気のどこが怖いのか教えて欲しい｡生き物に例えるなら青大将と同じくらいじゃない？ 特に人間には危害はないけどイメージとか偏見で怖がられてる｡,95,レイピア 🔱 【毎日投稿1000人目標】,0
113,河野は、副反応あっても軽症で済みますって言ってたよな？責任を取る覚悟はあるか？,97,horipac,0
114,病院じゃなかったら、危険でしたね💦,2,ハッピー,0
115,これでもまだ知らぬ存ぜぬなのか💉を推奨したり未💉者を貶す方々が居るんですよね…盲信されている人の「全員が全員副反応や後遺症で悩むわけではない」とする言い訳が聞こえてきそうですが💉した時点で人間としての機能を著しく汚されてしまうことを理解された方が良いです。今は良いかも知れないが、後を御覧ぜよとの言葉もあります。何卒慎重に…,23,おわたゃんねる(チャンネルではない),0
116,私の周りのお年寄りの方も帯状疱疹2名居ました,26,popo sayachan,0
117,ノートに書き留めた医師の「特例承認」が問題だ!!全ては政府が悪の根源では？感染症対策も二類から五類にならないのは、この「特例承認」が使えないからと言われていますね。,2,ゆり,0
118,なんで政府は禁止しないのかなあ。。。,3,しろ亀sakai,0
119,まずは生還おめでとうございます。最初から反対している身としては、何で打ってしまったのかと苦言を呈したい。これから子供への接種がはじまりますが敢えて打つな!と強く言いたい!,4,れんたん😎,0
120,回復されて良かったです…。でも本当に怖いです。,3,ともこ,0
121,私もワクチンを打ったに内臓が苦しい感じがしました。,0,aki,0
122,若いから何とか体力で持ったんだよね。もう、絶対打ったらダメだよ。,3,コインメック,0
123,良かったね～！もう、人生を謳歌されて来た御老人達のために射たないようにしましょうね。,1,うま,0
124,体調が元に戻り　良かったですね。これからは　何か行動を起こす前に一旦冷静になって考えましょう。,0,櫻櫻,0
125,ワクチンの話じゃないけど心臓が痛くなったらうつ向きになって寝転がると楽になる,0,t s,0
126,接種後に心臓に違和感持つツイート多いです。きっとほとんどの子が病院とかに報告していないと思う。,8,K M,0
127,患者側としたら直接診察して頂いた医師しか頼れないと思うし本当に良心があるのであれば目の前の人に適当な対応を出来る訳がない、  患者側はきっとそう思っています。頼られている事を忘れないでほしい(心からの願い)。 そう感じました。,1,バイトなんで,0
128,勤務医団、立上がりましたね。おかしいことはおかしいと言える社会でなければおかしすぎます。国はこういう現実があっても何もしないでしょう。本来ならば政治がまともに機能していればこのようなことにはならなかったはず。同調圧力に屈しない事が大事ですね。,21,ちーちゃん,0
129,これはまれなエピソードで惑は安全で、メリットの方が大きい、と惑推進側は言うだろうが、打たなければリスクはゼロだ。こんなエピソードがおきる惑なんて、いままで聞いたことない。ろくなもんじゃあない。,7,olivine first,0
130,CBCさん、大石さん、スタッフの皆さま、いつも貴重な情報を発信していただき、ありがとうございます。私の兄弟には小学生の子どもがいます。兄弟は2回済です。子どもにも打たせた方が良いのか迷っていて私に相談してきてくれたので、色々伝えました。そして子ども達の接種と自分の3回目をやらないと決断してくれました。皆さまがこうして情報発信を続けてくださっているおかげで、大切な人達を守ることができます。本当に感謝しかありません。本当に本当にありがとうございます。これからも応援しています。,6,K yuka,0
131,厚生労働省・政治家さんどう思います？自分の子供には接種させないんでしょうね,30,空ゆか,0
132,強烈やなぁ～。,17,鰻.,0
133,貴重な報道ありがとうございました,1,k,0
134,うちの叔母は、血尿、白血病、膵臓がん、肝臓癌と、一気に発症、そして、亡くなった。義理母も、血便が出て、検査したら、結腸に３つ、直腸に1つ癌があちこち、びっくりした。,24,うまき,1

135,政府、分科会は、ワク副反応の状況を直視しろ！しっかり副反応を説明しろ！メリットばかり言うべからず。,7,One of JPN Nations,0
136,治験1年で1291種類の副作用が起こったとファイザーが公式データを公開してるけどこれが毒じゃなかったらなんなんですかー？？？？？？？？,2,浩二,0
137,北海道の鹿先生はこのことを一番最初から心配され情報発信されていました。グーグルの馬鹿がバンした。,6,蒼生安寧,0
138,心停止が7分はヤバイのではないですか？心筋炎？が再発しなければ良いです。,1,山本三助,0
139,厚生省のワの副反応データベースを見れば一目瞭然です。どれだけの症例があるのかがよくわかります。,4,ランリンルン,0
140,うちが最後の一家族になったら打つよ！！,2,アマチュアレーサー,0
141,高齢者と若者の命を天秤にかけられて高齢者に傾いている様に見えるのだが,15,NEKO,1
141-1,高齢者の命は守られていません。先に射って犠牲者大です。ただの嘘です。高齢者の命は真っ先に軽視されています。他に若者に打たせる言い訳がないからです。,17,まよまよ
142,「生きてる」は心に訴えますね。普通の臨床の話のはずなのに、声を変えたり顔を隠さないといけない状況がもう答だと思います。,3,鶴見あ,0
143,そうよ一緒にパートで働いてた先輩。。一回目 身体中蕁麻疹。三週間辺りで治りました。息苦しさを訴えてました。二回目  顔色が悪く目の辺りが青紫、血色が悪くなりました。息苦しさも訴えてました。。そして亡くなりました。。。呆気無かった。３回しない前でした。ご冥福をお祈り致します。,24,優子,0
144,みな同調圧力に負けるな！打てと言われたらデータを見せてやるんだ！ちな1回も打ってません🤩,4,くまモン,0
145,大石さん、いつもワクチン被害の状況をお伝えして頂き、ありがとうございます。🙏,8,裕美子 秋元,0
146,いつも情報ありがとうございます。貴重なメディアです。この副反応で苦しむ方について、コビナビの先生方の見解が気になります。取材していただけないでしょうか。,3,tom kam,0
147,ロシアンルーレットですね。良く考えて気をつけましょう。,9,マミーマミー,0
148,まじで打つもんじゃないな！,5,miso 244,0
149,こんな物を5歳に打つのか！？常識を超越してるよ😮‍💨昨日ポストに📮招待状が来ていたので子供の前で破り捨てたよ😡,40,KiwiKen,5
149-1,正解,5,ナツキスバル
149-2,@絵夢 🤣👍,4,KiwiKen
149-3,@にーたろーげ 😎👍,4,KiwiKen
149-4,天晴れだわ,8,絵夢
149-5,素晴らしい❗,12,にーたろーげ
150,これを見てるワクチン賛成派のあなたに問います。それでもワクチンを打ち続けますか？自分の子に打てと言えますか？,2,クノリ,0
151,テレビで言ってることひとつもせずに食事に気をつけて普通に過ごしていればこんな騒ぎはすぐ終わるのだ〜www,2,ふぅ太郎,0
152,医者が匿名だとデータが信憑性のあるものなのか分からなくなってしまいますよ…,0,ソリソリソリマチ,3
152-1,@hi m そうでした…笑,0,ソリソリソリマチ
152-2,そもそも母数が足りないから,1,hi m
153,この内容、市議会議員さんに伝えます。,2,rin coco,0
154,よかったねーって解決したみたいに言ってるけどまた起こるよ。,20,しお,0
155,※コピペですがアメリカ在住です。病院に押しかけてる方々のほとんどが接種完了者だと看護婦である告発者が暴露してましたよ。なぜそうかというとほとんどの方々に血栓が見つかったそうです。普通に健康だった人にはコロナ感染後に血栓はできませんよ。血栓はmRNAの副反応ですから。ほとんどの障害そして死亡者は接種した方々か接種した方々と生活空間をともにしていた方々です（接種者がスパイクタンパクを排泄し他者に感染させている疑いがあるそうです）。私の周りにも接種した方々が二人も亡くなってます心臓発作でした。コロナは呼吸器疾患ですから心臓病でも持ってない限りコロナで心臓発作で死ぬことはあり得ません。彼らはいたって健康でした。コロナが流行り出した去年テレビで病院がてんてこ舞いだということを聞いた方々がそれらの病院へ行ってみたら病人が全くいなくて静まり返ってたらしいです。その頃はまだワクチンがありませんでしたよね。国民に恐怖を植え付けるためにフェイクニュースを流しワクチンを打ちたくなるように誘導しようとした心理作戦だったのでしょう。ワクチンを打ち始めたら都合よくデルタ株が登場。しかしフェイクニュースからは病院が対応できないくらい忙しいなんてほとんど流してません。でも代替メディアでインタビューを受けてる医療関係告発者などは副反応で入院してる人で溢れてると言ってます。去年と今年の違いはワクチンです。去年私の会社でも感染者が多数発生しました。しかし死亡者はゼロでした。ワクチン導入以来私の会社でも死亡者が多発してます。私はデルタ株も実存しないと思います。なぜならある方がCDCに電話を何度もかけデルタ株にかかってるのかどうかを知りたいと聞いたらテストではどの株なのかは判定できないと言われたそうです。しかしCDCはデルタ株は感染力が強いなどと断言してますよね。死亡者の何人がデルタで死んだのか判定できないんですよ。なぜデルタ株は感染力が強いと断言できるのでしょうか？第一COVID-19ウィルスでさえ分離できてないんですよ。分離にも成功してないウィルスのワクチンが製造できるでしょうか？あなたがワクチン接種完了者かどうか存じませんがmRNA発明者のマローン博士（Dr. Malone)や元ファイザー者の幹部であったイードン博士(Dr. Yeadon)が接種してはいけないと警告してます。このワクチンを打つと多くの方々が２、３年以内に何らかの合併症で死亡するとイードン博士がおっしゃってました。このパンデミックは全てがデタラメです。目的はこのジーンセラピー注射（又の名をcovid-19ワクチン）を一人でも多くの人に打たせることが目的だったと思います。怖い話ですがつまりは人口削減のためです,2,浩二,0
156,Youtube blocked the video :(,0,Potato Braus,0
157,ワクチンを2回打ちました。もう3回目は絶対に打ちません。リスクが大きすぎます。このワクチンに対する治療薬が出て欲しいです（ ;  ; ）,2,森のブルドーザー,0
158,日本のテレビでここまで踏み込んでくれるのはCBCの大石さんだけです！今日見たネット記事の女医さんは「ワクに関するデマ文書」と記事の中で言っていましたが、デマかどうかはワク後遺症の患者さんを診察したり、ワク後遺症の映画を見てからデマだとかなんだと言ってほしいです。あとはCBCさん以外にも、サンテレビさん、広島テレビさんも応援しています！,29,ぱぴこ,0
159,国はいつまでしらを切るつもりなのか。,3,NOA,0
160,情報を発信していただきありがとうございます。（取材を受けてくださった方々も本当にありがとうございます。）個人的な立場や意向をもちろん考慮し配慮した上での話ですが、顔を隠さないと今の現状に疑問や意見を呈することすらできないおかしさにこそ疑問をもっています。本来、人それぞれの考えを表現することは当たり前で尊重されるべきことであり、誰かが決めた正解以外のことを話すのはタブー🙅のような今の異常さと抑圧に慣れてしまってはいけないと思います。,20,シテル,0
161,こんなん見たら当たり前に打たせたくないね。,8,Miya Yabuno,0
162,もう自分の免疫高めるのが1番良いんじゃないの、持病がある人とかは特に。あとは家に引こもる、これに限る。,0,あししいたけー,0
163,医師会って聞くと印象悪くなっちゃうんだよなー,0,ボイジャン,0
164,親の責任です20以下でしょ？親の責任ですこんな事にならないように五歳からのワクチン接種本当に切実に考えましょうよ,35,ひらたまさき,0
165,夕方のニュースであるコメンテーターが「お水は只の風邪ではなく私は未だにタンが絡んだりしているから是非セッタネしてほしい」と真顔で語ってましたが？心停止とタンが絡む←どちらを選択するのか？心停止は確率的には限りなく低いだろうがこれだけセッタネして未だ爆発は継続されてるのに、寧ろウツ事により自然免疫が破壊されるとしたら先の長い若年層にはデメリットしかない,27,power chord,0
166,正直な医師が顔を隠し声を変えて答えなければならない今の社会。誘導は新56や枠の件だけじゃないでしょう。世の中で起きてる事全部繋がってると思う。多数の声に流されないように。,3,fuji sakura,0
167,ニュースで子供が枠打ってるのみて終わったと感じた,34,銀蠅ジョニー,0
168,これだけのめにあって、こんな危険なワクチンを反対しないなんて、やはり、この国はもうダメだな。,7,堀田健,0
169,ほぼコロナ被害の無い若い世代が、健康なのに予防の接種で体を壊す　なんてとんでもない事は避けないとだめ。,8,setsuo katsuta,0
170,これだけ副反応事例があれば速攻💉中止でしょ！少女の「生きてる」に命の重み感じます。国はいつまで国民を🐎🦌にすれば気がすむのでしょうか。大石さん、取材お疲れ様でした。,11,riko,0
171,罹患後の後遺症を頻繁に取り上げるのに、ワの後遺症についてをTVでは見た覚えが殆どないです。この差は何でしょうね。ニュースは公平であるべきです。,30,ゆ う,0
172,可哀想,1,a,0
173,三途の川を見てしまったんでしょうか❗️向こう側で亡くなった祖母が「まだこっちに来ちゃいけません！」と。,1,wild is the wind,0
174,これでも国は「因果関係不明」なのよね。後で文句を言ったところで何も補償は受けられず、自分のその身体と一生付き合っていかなければならない。打つ前に正しい情報を自分で探しに行かないと後悔する事になる。,4,Yo Mi,0
175,こんな危険なものを体に入れることが本当に恐ろしい。何故わざわざリスクを背負うのか。同調圧力もあるんでしょうね。本当は打ちたくないのに周囲の視線や圧力から打った人も大勢いるんでしょうね。ちなみに自分は一度も打ってません。健康そのものです。打った知人は接種後、体の調子が悪くなったみたいです。恐ろしいですね。,4,Konamoto Konamoto,0
176,私も胸を押されてる感覚と息苦しさ感じました。,1,HELLO HELLO JAPAN,0
177,1人でも多くの人にこのニュースを見て頂きたい,20,ガラシャ,0
178,うったら終わり   ↓・JPSika「2月25日 これは尋常でない」,7,Y K,0
179,後遺症が残っちゃったか、気にしすぎも良くないけど無理をしない生活を心がけたほうがいいね。あっ、強制とパス容認側にいた奴等は打ち続けろよ。,1,もえぶたお,0
180,対処療法の薬で大儲けできそう。今後一生？,17,fjiewojfolf3,1
180-1,マッチポンプですねw,0,Anton0220
181,ご無事でなによりです。銭ゲバ尾身クロンや分科会はハッキリせんかい。,0,badboy24681357,0
182,怖かったですね助かって　ほんとに良かったイギリスでは　お子さんの　注　は　寝たきりとか　ダウン症とか　なんらかの　疾患のある人だけみたいですよ元氣な　お子さんには　必要ないと思いますぜったい　関連なんて　認められないと思います,13,Mi H,0
183,だから私は絶対に打たないです・,11,Takako Williams,0
184,心筋炎は完治しないからこの子は一生怯えながら生きなきゃならない…馬鹿な親を持つと悲惨だ,2,si siam,0
185,赤信号みんなで渡れば怖くない（大丈夫とは言ってない）,0,空白,0
186,YouTubeでは反ワクチン論を書けないので反ワクチンの私としてはニコニコ動画でリチャード・コシミズやサトリズム TVを検索することをお勧めします。,9,マグナＢSＰの原発がヤヴァイ,0
187,テレビの悪いとこ満載,0,1980 Boon,0
188,https://youtu.be/p2WdA58HvWYこんなん出ました～盛りだくさんw,1,Anton0220,0
189,事実は事実です。,11,ふなかたきよか,0
190,こんなものは、打たない、打たせない。,5,喜喜,0
191,何人かの科学者が撃った人は数年以内に死亡すると言っています。この枠は実験で一度も成功したことがありません。実験銅仏が全て死んでいる件について、こびナビの見解は「実験で起きたことが人で起こるとは限らない」と成功例がないことを認めています。(銅仏に書き換えたらAI削除をすり抜けましたw),27,がえしおうむ@がいよう見てね♥,1
191-1,厚労省が自治体に「広域火葬計画」事務連絡の整備。何か深い意味でもあるのでしょうか？,8,1929wall street
192,沸く珍の中身を調べて欲しい　そしてその作られた過程も調べて欲しい　　製薬会社　お医者様　マスコミ　日本政府　どうのこうの太郎　アメリカ・・・キリが無いけど。,10,yasushi kitahara,1
192-1,いちお～各国の研究者が調べて、サングラや寄生虫が入ってるとか、発表したり。p社の内部告発とかいっぱいありますけどね。誰が調べて発表すれば信じますか？ワクを推進してる国や製造会社がそんなことしないと思いますし。「泣いて生まれてきたけれど　アメブロ」↑見てみて下さい。,1,だいちゃん
193,地上波に残った最後の良心　本来ならこれが当たり前なんだけどね　キー局の報道はもはや報道風味なので見る価値はない,1,koba,0
194,高齢者を守る為に子供にリスクを負わせるのは間違っている。,2,ゼロ,1
194-1,人の善意を利用した脅しだと思いますね。,0,ゆり
195,厚かましく生きて国民・労働者への犯罪履歴を省みない悪所　”厚生労働省”　！！,10,jyunpei163,1
195-1,厚生労働省の方々は射ってないらしいですね。,0,まよまよ
196,毒物注射じゃねえか,5,ポップタウン,0
197,私もワクチンの予約しただけで気持ちが悪くなり予約が取れたらおへそのまわりが痛くなり、オシッコの色がチョコレート色そのあとが血液が混じった感じです病院にも、行ったのですが結果以上なしで、止めたら元気になりました,1,井手由多加,1
197-1,なにそれw守護霊に守られてる的な？羨ましいですw実際服反応で血尿ありますし;;,0,だいちゃん
198,取材されている医者は、何故、顔を出さないのですか❓  何か、顔が知れるとまずいのでしょうか❓ワクチンを接種することで、身体に出る副作用のことを話しているだけで、何も悪いことは話していないので気になります。   それとも、CBCや大石に言わされているの❓,7,かいとさえこ,1

199,5:30　頃の顔を出せないドクター　堂々と発信したらいいじゃないか！　医師会に干されるんか？,0,taka marun,0
200,だまして打つ方も悪いが、だまされる方も悪いオレオレ詐欺と同じ,2,ボンネタロウ,0
201,日本では何事に対しても」「成功」は期待されておらず「失敗」が期待されていますね。その証拠に何かのプロジェクトを終了した後に、自動的に「反省会」なるものが開かれいかにどこが至らぬ点であったかにフォーカスがあてられ討議されます。「反省会」の代わりに「賞賛会」であるべきではないでしょうか？過去の事例から学ぶと言う姿勢は世界共通のことですが「反省」すべきものがあるはずと最初からネガティブな姿勢で臨むのは日本特有のものと思います。,0,Shu Yamamoto,0
202,反ワクチン大喜びだね,0,tanaka akira,1
202-1,元々反ワクチン派だった人が予想通りになってめっちゃコメントしてるけど、本来は摂取した人達が長い後遺症で訴えるコメントが多くていいはずなんだよな,1,身勝手な便意食らえ!ブッチッ波!
