1,映画館だけじゃなくて有料でオンラインでも観られるようにしてほしいです！立ち上がって下さった先生方には感謝しかないです。後遺症で苦しんでる方ももっと声をあげてほしい。,1476,焼き鳥,18
1-1,私も有料で見たい！少しでも制作してくださった方達の応援ができれば,3,nanako
1-2,多分「都合が悪い真実」だから、「虚偽の情報」としてよーつべん的には削除対象として消される確率が高いと思います。私も見たいのですけどね…。なのでこうやって草の根を張っていくしか、民間には残されていない気がしますね。,10,magunie
1-3,あなたが動いてください。私も動いてます,5,佐々木靖
1-4,@鳥好き お辛かったですね。副作用で苦しんでいる方は多いと思います。。絶対数が少ないからとそこを拾えない政府には重責があると思います。河野大臣の罪はとても重いと思っています。デマを流しましたからね。あらゆる元からあった懸念を調べも検証もせず、デマ！といいきった河野さんの罪は重すぎます！多くの人被害者とその家族の生活、人生を変えてしまったわけですから。被害を受けた少数派の情報を多く公開し、対策をたて、深い知識を国民に与えることが国民の安心感というものなのに、それをなまけ、堕落し真実を隠し嘘をつき国民を目隠しのまま向かわせ、結果おこると予想された重い副作用がおきても、それに目隠しする姿勢。その姿勢に腹が立ちます。国民の安全と健康を守るのが政府の役目で壊すことではありません。そのコメントした人にいってやればよかったんですよ「貴方がその少数派の副作用で苦しむ立場になったとき、のたうち回る、貴方を上からみおろし、トリガーで食べ物を毎日はいたり、、私がいったような症状で苦しんだ時、関連性は？気のせいじゃないですか？証明できますか？って、自分にむかって、その言葉を吐いている自分を想像してください！いえますか？」って本当にその人クズですね。鳥スキさんがされたことは、とても貴重で、感謝されるべきことです。今すでに、多くの似たような症状の被害者はたくさん出ていますから。もっと早く情報共有できていればもっと対応策も救われた人も多かったはずです！ここのところの世界の倫理観、道徳観、常識、の欠如は異常ですね。アメリカでも同じです。私は在米なので、なぜこのワクチンが公の医療機関に認可されてこなかったのかを調べ、その18の理由という文書をみてうつのをやめた派で、いろんな人にもそれを話したのですがだれも信じてはくれませんでした。今言った通りのことが起こっていて認可されてこなかった理由が証明されたかのようです。そりゃ政府と私の調べ、では政府を信じますよね。だからよけい罪が重いと思うんですよね。長くなってすみません。本当は情報共有しようとしていただけることは感謝されるべきことなのに、と思うと、もううう、自分のことのように腹立たしくなってしまって。アメリカの政府の対応もひどいです。苦しんで訴えてもかき消されると訴えてる人は多いです。いったい人間の良心はどこにいってしまったんでしょう？とても悲しいです。,34,Benkei Ushiwaka
1-5,@ヤマネユキオ 少しだけ知ってます土曜日に読ませて頂きましたので鳥好きさん：率直な実体験を書き込まれていましたある方（彼等の１人にあたるのでしょうか）：『ワクチン後遺症としての記載ならば、ワクチンが原因で有ることを証明しなさい』と苦しみ続けている方個々に対しての、この要求は厳しい、法外なものと感じました,18,漣 さざなみ
1-6,@めぐりズム 彼らとは誰ですか？　もしよかったら教えてください。　ここは不思議なコメントが多すぎてよくわかりません。,10,ヤマネユキオ
1-7,職場と自宅の往復での生活であれば、自分も含め、実状がどうなのか分からない方がたくさんいると思います。苦しんでいる人の数、状態、思いをもっと知りたいと思います。ほんとうの事を知りたいです。,34,usamisa58
1-8,海外在住です。有料でのオンライン公開、わたしも希望します!,50,nomi ship
1-9,見たいです　オンラインで見る方法を教えてください。皆様ご苦労様でした　感謝しております。,50,Joy joy
1-10,@アラジンの前にアラジン無し 初めてのことで、びっくりしました。ネット恐怖症で、最近、藁にもすがる思いで書き込みしました。ただ、苦しんでいる人がいることを、知っていただけたらと。コメントを消しても、ハイエナのように追いかけて来る方がいて、言葉が出ませんでした。,53,鳥好き
1-11,私も見たい、有料で買えればいいな‼️,49,森まりあ
1-12,ここにコメントされる方は、副作用で苦しんでいる人に対して、追い込んでいく方が多いです。何ヵ月も苦しみ気持ちも、体も限界にきている人に対して、平気で傷つけます。家族に対してもそうなんでしょうね。,43,鳥好き
2,素晴らしい。メディアがほぼ取り上げない中、こういった運動を立ち上げて、実際に活動している方々は尊敬に値します。,391,人と自然,0
3,心ある専門家の方達の勇気ある声。メディアはいつ報道してくれるんだろう。この映画を製作してくださった関係者の皆様に感謝します。,1468,gajamatsu,12
3-1,昨年の人口大幅に減りました､細かく原因を調べてほしいあれしか考えられません。,5,中嶋敦司
3-2,報道はなぜ現場を取材しないのか、今起こっている現実を知らせるのが報道ではないのか？バラエティーや五輪やってる場合ではないはず。もうテレビは信用されなくなっています。,9,koji nishi
3-3,世のため人のために親身になって活動されてる皆様に深く感謝します。でも悲しいかな、大手メディアとギブアンドテイク関係の専門家や医師らはこれに言及する事はないでしょうねそれはこれまで自分らが主張して来た事と真逆な事なのですからね今さら｢間違ってました｣とは口が裂けても言わないでしょう。言えないでしょう。,6,野良ちゃん
3-4,厚労省によれば、接種後の重篤者6,370名の、重篤からの回復の情報は今のところないとの事ですね。同じ厚労省の流出した会議内容によれば、10倍は被害が出ているだろうとの事でしたが。,19,aimi 7
3-5,@Hisami Nakajima 昨年中には、「無症状感染者の10人に1人が死亡」などと、常識的に考えてあり得ないような記事が、平気で新聞の1面トップに堂々と掲載されていたりしましたね。少し落ち着きをみせてきたように思う方々が、今になって見てみればびっくりするような異常な報道がまかり通っていた時期でしたね。いまだに、陽性者と感染者、患者をごちゃ混ぜにして報道している事は、厚労省も上申を続けているとの事ですが、メディアを操作する見えない存在の方々は、何かを断行しようと必死で焦っているのでしょうか。,21,aimi 7
3-6,メディアも少しずつ変わってきてはいますが、問題の根があまりにも深すぎるため、スポンサーとの兼ね合いで、どこまで報道がひっくり返るか、最後は潔く非を認めるかどうか分かりませんね。メイン視聴層である高齢者がいなくなれば、メインメディアはもうお終いでしょう。,85,aimi 7
4,嬉しい。やっと本当の事をいう人々が日本から現れてくれた。どうか多くの人に気づいて欲しい。この壮大なTVと政府による悪意に。,1314,森野りんこ,5
4-1,@佐々木靖 強要すな。,6,キーラン・モリッシーで検索
4-2,森野さんのワクチン接種の具体的な大変だった症状はを、今後の参考にできればと思うので教えていただければありがたいです。それにしても妙に多すぎる「いいね」の数が不思議。,3,ヤマネユキオ
4-3,真実なんていらないです( ^-^)⊃⌒ο,1,キーラン・モリッシーで検索
4-4,真実が広まりますように、https://youtu.be/c6toI3ur_goいい流れになりますように🙏,14,成長チャンネル
5,やっと、このような動きが…長尾先生や他の先生方の正義感、勇気に感動です。頑張ってください！,280,あみこ,3
5-1,私も当初から注目して、ワクチンは打たずに様子を見ていましたが、マスコミは全く報じないので、気持ち悪さを感じてました。メリット、デメリットをちゃんと報道するのがマスコミだと思っていたのにガッカリでした。そんな中、長尾先生と鹿先生のYouTubeにたどり着いて、元気が出ました。,15,あみこ
6,今の世界でワクチンを推進した者達には何か良い見返りがあるのかもしれないけど、接種への警鐘を鳴らす人達に降りかかる苦労は計り知れない。応援しています。,790,nico nice,9
6-1,@keitoku209 まぁぼろ儲けなのは事実らしいですねぇ、庶民は10年不況が続くなんて記事見ましたが本当なら勘弁して欲しい,1,リヒリヒト
6-2,@V・でかくま さよならー☠️,0,ああ
6-3,本当に同感です。,8,Hana Mitchy
6-4,@V・でかくま おめ☺そのポジティブさはええで！,19,マリ尾ハルウララ
6-5,ワクチン二回接種したあと年末ジャンボ宝くじを三枚買ったら一枚当たりました。見返りキター！,11,V・でかくま
7,こんな素晴らしい人々が居てくれて本当にありがたいと思います。m(_ _)m希望の光です。,192,koji Hirai,0
8,宮沢さん本当素敵です。そこまで言って委員会でも本音でお話されているのを見てとても尊敬致しました。,759,あ あハブラシぐれい,4
8-1,ひろゆきwwwww,0,リヒリヒト
8-2,@tennis! ワクチン勉強する前に机上の空論の意味勉強しような笑,1,肩金谷
9,なかなか映画館に足を運べない人のためにユーチューブでも流してほしい！多くの人に届けるために。,601,たじまひとみ,12
9-1,@フリーレポーター 削除されてないじゃん、妄想だよ～^^,0,レヴ
9-2,はあ？そのYouTubeが今削除に躍起になってるの知らないのか？予告編だから放置しているだけだよ,2,フリーレポーター
9-3,@kozu i 　YOUTUBEだと広告料はかなり入るのではと思いますが、すぐに削除されちゃうかもですね…,6,rie83892000
9-4,@parimiki そりゃまぁ、普通の学会員は金づるでえり、布教に使われるものでありますからね。そんなところにまで情報はいかないのは当然です。,16,しお
9-5,制作にお金もかかってると思いますし、無料で…と言うのは難しいと思いますが、期間限定でお金を払ったら、自宅でも見れるようにする、とかしていただけるとありがたいですね。,15,kozu i
9-6,@みぅ 流れていましたよ。,2,boyacharchan Love
9-7,@カイグリーン  私は学会員ですがそんなの聞いた事ないですよ(笑) まぁ私はワクチンは危険だと思っていますから打ってないですけどね(^^),20,parimiki
9-8,@カイグリーン にこにこ動画作っている会社は　違う？感染してる人は本当に感染してるの？,2,みぅ
9-9,そうですね。恐らく皆様ご存知の通りに、日野市の池田 としえ さんも、講演会で被害者の方々の様子などを流してくださっており、その様子も様々な媒体で動画視聴できますが、複数の専門家や被害者の方ご本人など、大勢の方が関わっている映画となれば、さらに注目してもらえる可能性がありますね。ぜひ多くの目に留まっていただきたいですし、私も視聴させて頂きたいです。,38,aimi 7
9-10,ニコドウで流してほしいですね。,41,みぅ
10,これはもっと広めるべき,984,MURA MASA,1

11,本来知る権利があるはずの国民ですが、あまりにも隠され、偏向された情報ばかりで恐ろしく感じていました。これは人災です。毅然と立ち向かわれている先生方に心から感謝いたします。,507,uta-x,4
11-1,最も寒い🌁⛄1️⃣月は、【総死亡】も最大です　もし暖冬であれば、減少します　　　平均気温  【総死亡】2018 　 ４.７℃ 　 １３.５万2019  　５.６℃　  １３.７万 2020 ⬆️７.１℃ ↘️１２.８万2021  　５.４℃  　１３.７万2020年は過去１０年で最も暖かく、【総死亡】減少を認めましたが、昨年は例年並みであったことが確認出来ます,0,アラジンの前にアラジン無し
11-2,現実には、月毎の検証により1️⃣月：完全に例年並み2️⃣月：完全に例年並み3️⃣月：ここまで有意変動【－】4️⃣月～はっきりと⬆️この変動を、２つの【妄言】では説明出来ません,2,アラジンの前にアラジン無し
12,観に行きたかったですが、大阪はチケット完売ですね。追加でどんどん上映してもらいたいし、会場も増やしてもらえたらうれしいです！,354,yoko kj,0
13,このシンポジウムに参加して、ワクチン後遺症で苦しむ当事者の事実を知りました。知ったのに黙っていることも罪だと、さらに知ろうともしないことも罪だと、大人として強く思います。未来ある子どもたちを守りましょう！できること発信していきましょう。,136,m m,1
13-1,激しく同意します💮💮💮💮💮,8,前川智子
14,色んな圧力あったと思います。ありがとうございます。本当に国民皆んなが今一度良く考えて欲しいと思います。,782,アレックス青藍,1
14-1,圧力というより呆れの方が多いと思うよ,0,しゅな
15,願ってます。日本から真実を明らかに世界に放映できたらかと思います。感謝しかありません。,271,優子,0
16,素晴らし映像作品を作っていただきありがとうございます。日本人全員がmRNAワクチン問題に対して真剣に向き合う必要があります。,417,はまー,4
16-1,@通知オフなのに必死に返信してて草 通知オフでしたか、、失礼しました。その他、個人情報に関しては答える義務はありません。ソースはJP🦌先生他です。疑問に思ったらお調べ下さい。,3,boyacharchan Love
16-2,そうです。元々、日本人には強い免疫力＋交差免疫、獲得免疫と食生活がある。枠は不要。優秀なのに何故か騙され易い。この映画が話題となる事を祈ります。,35,boyacharchan Love
17,こういう動きがもっともっと活発になって、情弱な人達を目覚めさしてほしい。,971,maru Q,34
17-1,10年後死ぬとか言ってる奴、今乗ってる車、住んでる家10年後に爆発、倒壊するかもしれないから全部捨てな。スマホもいづれ爆発するかもだし手放しな。,0,ls 2
17-2,@fukuyamahironobu こちらこそありがとうございます！,1,どら焼きサニー
17-3,@どら焼きサニー 😳んー、、貴方には素晴らしい修正能力が有ると思いますよ。癖ってなかなか治らない物ですけど、一度の修正で直らなければ二度目三度目で直せばOKでしょう。一番ダメなのはいつまでも気が付けないか、「自分は間違っていない」っとこだわる事でしょう。貴方の上のコメントのおかげで、今日１日が心地良い１日に成った気がします。ありがとうございました。🙏,1,fukuyamahironobu
17-4,@fukuyamahironobu うわー、ミスった！全部括って言う癖を直したかったので、めちゃくちゃ悔しいです。ようつべでは群衆心理が働きやすくて、情報とか考えとかに偏りがありがちだったり、恐怖が蔓延しやすかったり、集団で叩いたりなど、色々と問題があると思って、僕は基本的にようつべの情報は信用出来ないと思ってるのですが、ミスりましたね。,1,どら焼きサニー
17-5,@どら焼きサニー ようつべの情報と一括りに言ってしまってはいけません。オールドメディアの情報でも、ニューメディアの情報でも、ようつべやメルマガやブログの情報でも、信じれるかどうかを判断するのは自分です。信じれる物は自分だけです。自分が一旦信じた情報でも、誰かからの助言や考え直しで判断を変えていく事も時にはあるでしょう。私もテレビは信用出来ないとか言っていますけど、天気予報やスポーツイベントの結果などは信用しますよ。,1,fukuyamahironobu
17-6,@fukuyamahironobu ようつべの情報は信じないほうがいい。,0,どら焼きサニー
17-7,@ドミトレスク婦人 自覚のある名前に変更しました。,0,超天才高学歴エリート
17-8,@BT-42 まぁ受け取る人の感覚で、言葉は悪口にも叱咤にも成りますね。私は情弱が悪口にはどぉしても思えないのですけど、そう捉えるという人達がいる事は確かな事ですね。,2,fukuyamahironobu
17-9,@BT-42 私が思うに、貴方は馬鹿ではなく、人に優しい、相手の気持ちを考えられる思いやりのある人です。だからこそ、この腐った世の中をもうちょいと理解してもらいたいと思います。一年以上前ならようつべの書き込み欄は情報の宝庫でした。私も色々と私自身が情弱だった頃に勉強させてもらいました。私も身につけた情報をここで沢山拡散できたんですけど、ビッグテックがそれを続けられちゃ困るから妨害しているんですよね。伝えられないのが残念です。,4,fukuyamahironobu
17-10,何はともあれ悪口にあたるのです。見ず知らずの人に突然情弱だと決めつけるのは失礼になるのです。情報共有をするにしても悪口や失礼なことをしない方が良いです。,1,BT-42
17-11,@BT-42 URLどころか、ようつべ以外の動画共有サイト名を書き込んだだけでコメント消されたりしています。それから、一年以上もようつべに動画投稿している人のチャンネル名で書き込みが消されたりします。,0,fukuyamahironobu
17-12,@BT-42 ぶっちゃけ情弱の話はどぉでも良いです。水掛け論みたいな物なので。ようつべ様の言論弾圧が半端無く、私は目をつけられている様なのでコメント消されまくっています。,1,fukuyamahironobu
17-13,@fukuyamahironobu URLをつけてるとそれが明らかに安全なgoドメインのものでも消されることが多いのでもしもURLを付けていたりする場合はURLをなくせば消されなくなると思います。,0,BT-42
17-14,@BT-42 その他パンデ三ックに関しての書き込みをしてるんですけど、ようつべ様に消されまくってます。,0,fukuyamahironobu
17-15,@fukuyamahironobu 人がやってるからいいのか、情弱と決めつけることはレッテルを貼るのとは違うのか。脱ぎ捨てられるとしている時点で現時点でよくわかっていない相手のことをまだ脱ぎ捨てていない「情弱」としているのではないか。,0,BT-42
17-16,@BT-42 >レッテルを貼り付ける行為が失礼過ぎる。今の世の中、それを国のトップの政治屋や、大手メディアとかがそれをやりまくっていますよね？情弱や無知無関心なんて言葉はレッテル張りというかキツめの注意喚起ですよ。本人がその気に成れば、情弱や無知無関心なんてすぐにでも脱ぎ捨てられる物です。,4,fukuyamahironobu
17-17,@超天才高学歴エリート 名前からバカだと自覚しててかわいい,5,ドミトレスク婦人
17-18,あまりにも情報が多いので私は単純な統計から決めました。ワクチンの副反応が出るにしてもコロナにかかるにしても、両方あるにしても、結局自分にとって大事なのは重症化の確率がどうなのかであって、統計だけでいうならばワクチンを打った方がワクチンを打ってない人よりもワクチンとコロナ合わせた重症化や病院にかかる確率が低そうです。,1,BT-42
17-19,情弱は悪口だと思うよ。それとほとんど相手を知らない時点で弱者って決めつけレッテルを貼り付ける行為が失礼すぎる。,1,BT-42
17-20,すまん、俺ワクチン打ったけどもう情弱とか言われたからこの動画広める気にもならんわ。何で情弱とかバカにされなあかんねん。,1,樹です
17-21,@佐々木靖あのさぁ〜 [私はちゃんとやってる、だからあなたも私のように動け]ってみたいな上から押し付ける言い方やめてほしいんだよね。そう言う言われ方だと逆にやる気伏せるし引いちゃうと思うよ。実は人の心理ってそういうもんですよ。,1,太郎
17-22,あなたがネット有償公開に動いてください。私も動いてます,0,佐々木靖
17-23,@音速針鼠 まさにその通りだと思います。私個人はワクチンを打つことに不安も感じながら総合的に判断して打ちました。体調にも全く問題ありません。打ってない方の判断も尊重していますが、「毒」、「騙されている」と決めつける行為はこの方々が批判している人たちと全く同じ思考回路です。何よりも怖いのはそのことに自分で気付けない知能です。,10,ケイエイチ
17-24,英語のawakeningだとまた少し違うのでしょうが、確かに様々な人々を対象に語りかける言葉の選択は難しいですね。催眠状態から目覚めて欲しいとは願いますが、洗◯が強いほど、場合によっては逆効果となる可能性もあるかも知れないですね。,25,aimi 7
17-25,@超天才高学歴エリート お疲れ様でした。4発目5発目と引き続き打ち続けましょう。,90,ただの仮酢魔
17-26,@ただの仮酢魔 もう打ったで,19,超天才高学歴エリート
18,なぜ何度も何度も何度も…私達は騙されるのでしょう？私達のために命の危険を顧みず警鐘を鳴らしてくれる人の声を聞かずに…これからも永遠に続くのでしょう…,768,上原仁,6
18-1,@TAKA O 日本人に限らず各国7割8割9割がそういう国民でできている。指導者が正しければ国が良い方向に向かうし一長一短。更地から高度成長を経て今の日本を作ったのもそういう人達だから一概に悪とも言い切れないと思うぞ。DYORができるかできないかだけの話。,0,thibaud75014
18-2,スミマセン切れてしまいました、やさしいからでしょうね、古い話ですが戦時中は政府、マスコミに痛い目にあったから色々な人の意見を聞いて見て自分で判断しなさいといつてました、私は2回打って2回とも寝込みましたので3度目の正直になりたくないのでやめました、スミマセンよけいな事を言って私はあなたの言ってる通りだとおもいますよ、,0,てつやん
18-3,そうですね、我慢強くやさしい,1,てつやん
18-4,日本の弱さは護送船団方式⁉️ほとんどテレビ～の情報でわ限界✨,2,前川智子
19,アメリカ在住です。アメリカ、そして日本、こうして立ち上がってくださった先生方には感謝の気持ちでいっぱいです。,135,Yoko Ibanez,0
20,回数打てば免疫システムが崩壊して他の病気にかかりやすくなるということも、複数の医師が指摘されています。様々な情報がマスメディアで公開されて正しい判断ができる世の中になってほしい。,488,マーブルチョコ,2
20-1,そして後遺症出てる人は無視、と。,1,さゆ
20-2,コメ主の代わりに言っておきます皆さん誤解しないで下さいあくまで一部の後遺症を患った方々の話ですから皆さんが全員そうなるとは言ってません陰謀論者とは一緒にしないで下さい！,0,しゅな
21,まじで嬉しい！！これからどんどんこういう動きは強くなっていってほしい。欲を言えばもっとこの世界、日本の陰謀にも目を向けてみんなで立ち向かっていきたい,1077,枠珍3回目売ったら終わり,39
21-1,@Dyson ロバートマローンで検索してよく調べろよ。,0,斎藤誠
21-2,@マカロンパグ 元ファイザー副社長が映像でワクチンは打つなと言っていますがこれはよくわからんブログか何かなのですか？🤣,0,。四駆郎
21-3,@Dyson 激しく同意✋立証しなければただの感情論,2,戦闘民族
21-4,@通知オフなのに必死に返信してて草 お疲れ様です,12,ネイマール
21-5,@ネイマール 他のコロナ関連の動画でもコメント見かけますが、自分も同意見です。ネイマールさんの様な方がいるのを確認出来るだけでも心の支えになります。,19,古谷准一
21-6,@アタオコロイノナ だから陰謀論と事実を一緒にしないでね,17,ネイマール
21-7,@pink glay はい。重要です。あなたが学生だった頃はインターネットが今のように普及しておらず分からないとおもうのですが、wikiやブログといったサイトは誰でも編集できます。つまり無知な人がデタラメを書くことができるので、信憑性が低いのです。なので、そう言った誰でも編集できるブログやwikiよりも論文や公共機関が書いた記事、サイトの方が信憑性が高いのです。,2,マカロンパグ
21-8,関暁夫とか好きそう,5,Hell Saturday
21-9,こういう奴って 専門家の意見 ＜ ネットの情報なんだろうな,3,たけのこの王
21-10,@Tonya おけおけ笑,1,na ka
21-11,@pink glay 大事すぎますよ医学の事に関して、医師が書いた論文とその他の人が書いたものではどちらを信頼するかは言うまでもないでしょう。医師が書いたものなんて、とか言い始める人はそもそも医師に対して根拠のない不信感がある人だけです。,5,na ka
21-12,@A N そして、ワクチンを無毒化すると言うわけのわからない触れ込みのワクチンも打つのであった,26,キムジョンレノン
21-13,@A N 騙されて２回打ってしまった今の気分はいかがですか??,29,ただの仮酢魔
21-14,@枠珍3回目売ったら終わり 　　　　　　　　　　　　　　　　　　　　　　　　　　　　　　　　　　　　　　　　　　　　、,0,譲芹澤
21-15,陰謀という言葉を使わずに具体的に問題点を伝えなければ価値観の違う方々には伝わらないと思います。私はshivaさんの伝えたい事は何となくわかりますよ。,32,釣沢禿太郎
21-16,頑張って立ち向かって下さい！それは自由です。思う存分、欲を言って下さい！頑張って下さいね！ただ、なるべく他人は捲き込まない方がいいですよ。,8,すけさんかくさん
21-17,@マカロンパグ 誰が書いたかってそんなに重要なことなんだろうか。陰謀論をもし総理大臣が信じてたら信じるとかじゃないよね。,42,pink glay
21-18,でも陰謀論のソースってほとんど誰が書いたか分からんブログよねそれをソースとして出されても…って感じ,28,マカロンパグ
21-19,原発が爆発する前、原発が危険とか言ってた人達をキ〇ガイ扱いしてたくちかな？,81,にょん
21-20,@A N 全部を全部信じてるわけじゃないよ。いろんな人の意見とか証拠とかみて信憑性のある事は信じるネ。はなからそうやって陰謀論陰謀論と言わずひとまず話を聞いてみてはどうかね,198,枠珍3回目売ったら終わり
21-21,陰謀論信じてるやつって総じて騙されやすそう,58,A N
22,真のお医者様、真の人間として尊敬させていただきます。悲しむかたが、少しでもいないように、、子供のワクチン、親がしっかり判断できるようたくさんの方が、この後遺症でくるしんでるかたが、いること、接種後なくなってるかたがいることを、知ってほしいです、、勇気ある先生方に敬意しかありません。ありがとうございます。,13,光 小さな,0
23,政治家のかた、医師のかた、かなりの重圧や色々な攻撃がある可能性も踏まえた上での覚悟。ありがとうございます。上映場所、回数がもっと増えることを願います！！,897,M O,0
24,素晴らしい。親がこれを観て、1人でも多くの子供が接種をやめてくれる事を祈ります。,85,サカタギントキ,0
25,長尾先生、国民の為に活動して頂き有難うございます。いずれ先生達の話が正しいと分かる時がきますよ。,38,ヒロちゃん,0
26,せめて子供たちだけでも、この毒から守ってほしいです！！,416,モサモサ,69
26-1,@電子レンジ 返答、否定しない＝肯定、容認のfラン論理は斬新過ぎ😂最初のお前の質問になかなか答えなかったのはさすがのfランでも、気づくだろって思って、答えるのもだるかっただけなんだよなぁ😂想像を絶するfランの知性に驚嘆してますよ😂,0,肩金谷
26-2,@肩金谷 こーして教えてあげちゃうと、お前の過去の書き込みには編集済みが付いて、俺のコメントに対して否定する文言入れちゃうかな？それとも消しちゃうかな？YouTubeのコメント編集とか削除って平和に使ってる時便利だけどこういう時ヤダよねー,0,電子レンジ
26-3,@肩金谷 ここに来て初めて否定したけど「ほぼ」ってことは、講義についてなのかサークルに所属してることのどっちか合ってるのね、んで学内Fラン呼ばわりは否定してないから「講義に追いつくのがやっと追試も受けててストレスいっばい、時間も余裕も無いからお手軽に学歴マウント取ってるんです」「勉強は問題ないけどサークル内で散々バカにされる人間関係になってて、簡単に憂さ晴らしできる学歴マウント取ってるんです」のどっちかですって自己紹介しちゃったな、ドンドン詳細な自己紹介になってきたね。,0,電子レンジ
26-4,@肩金谷 東大に落ちた高学歴だけじゃなく、日々のストレス満載な東大生も学歴マウント取ってくるってのは勉強になったよ。お前の状況が改善されると良いな。こうして2日間も学歴でマウント取りに勤しんでる間は到底無理だろうがな。,0,電子レンジ
26-5,@肩金谷 あと、世間的に称賛される充実した東大生がなぜ、自分を学内Fラン呼ばわりして学歴マウント取るヒマがあるのか考えてたんだけど東大に入るも最高学府らしく講義の難易度が高くて付いていくのがやっと、勉強で日々忙しい。にも関わらず成績は余り振るわない。忙しいゆえに、サークル入ってても活動に参加できず学内のネットワークを作れない。俺と逆でストレスしかないような状態考えてみたけど、こんな状況ならホント悲惨だな。しかも東大に入ったのにも関わらず華々しさのカケラも無い、そりゃ唯一持ってる東大の看板をインターネット上で振り回したくなるだろうな。東大に限らず、どんな大学でも起こりそうなもんだろうけど、Fランなら起こりにくいのは俺ならよく分かる。,0,電子レンジ
26-6,@肩金谷 学内でのFラン扱い否定してるか見に来たけど、否定しないんだな。それに、誰も難易度なんか聞いてねーよ、Fランからすれば東大って看板には変わりはねーよ。,0,電子レンジ
26-7,@通知オフなのに必死に返信してて草 何回打たれましたか❓,0,前川智子
26-8,@電子レンジ てか、fランて自分がボコボコにイジメられてる自覚もないんやね😂書いてあるとおり懐疑派だけど、だってよ😂何回でも笑えるfランの一発ギャグ😂😂😂,0,肩金谷
26-9,@電子レンジ 書いてあるとおり懐疑派だけど😂😂😂😂😂😂恥ずかしすぎますねぇfラン君。あんだけドヤってたのに😂,0,肩金谷
26-10,@肩金谷 あーあ、真似しかしなくなっちゃった、ツマンネ。面白くないおもちゃは価値がないんだよ。鏡相手に練習したいわけでもないのでミュートしますね。,0,電子レンジ
26-11,@電子レンジ なんか、人格崩壊しちゃってるね😂あーあおもちゃ壊れちゃった。通知切ってるのにわざわざコンプ極めてるが故に戻ってきてやんの😂ちょぉ🤣俺もfランだよ。東大離散からしたら単科医なんかfラン😂　仲間じゃん。(爆笑)😂😂😂,0,肩金谷
26-12,@肩金谷 やべっwwwwwwwww変なとこにメンションするくらい笑っちゃったwwwwwwwwwwwwwwwwwwwww効きすぎだろwwwwwwwwwwwwwwwwwwwwwwww,0,電子レンジ
26-13,@電子レンジ 書いてあるとおり懐疑派だけど(キリッ) 爆笑🤣😂🤣😂🤣😂😂,0,肩金谷
26-14,@肩金谷 やべぇwwwwwwwww長文読んでくれて嬉しいのとwwwwwwwwwwww図星刺さって怒りの3連投wwwwwwwwwwwwwwwあ、これで俺も3連投だから同じだなwwwwwwwwwwwwwww同じFラン同士なかよくしようぜwwwwwwwwwwwwwwwwww,0,電子レンジ
26-15,@肩金谷 ヒーwww見たかったリアクション見れて大満足wwwwwwwwwwwwwwwwwwwww長文の内容も否定しないしマジで図星かよwwwwwwwwwwwwwwwwwwwwwwwwwwwブロックすんの我慢して正解だったわwwwwwwwwwwwwwwwwwwwwwwwwwwwwww,0,電子レンジ
26-16,@肩金谷 ぶっはwww敗北宣言くんの図星ぶっ刺さって怒りの3連投かよwwwwwwwwwwwwはー腹イテwwwwwwwwwwww苦労して長文書いて良かったwww今年初笑いだわwwwwwwwwwwwwwwwwwwwww,0,電子レンジ
26-17,@電子レンジ 書いてあるとおり懐疑派だけど(爆笑)😂😂😂😂😂fラン恥ずかしすぎ😂😂😂😂😂,1,肩金谷
26-18,@電子レンジ  ウヒョー😂今頃、fランが顔真っ赤にして恥ずかしがってキレてるの想像したらゾクゾクしちゃうぜぇ😂ねぇ今どんな気持ちぃ？どんな気持ちぃ？😂,2,肩金谷
26-19,@電子レンジ  解答。fランでさえも疑問に思ってる物に疑問持たねーとか。fランあったま悪ぅ🤭🤭🤭,2,肩金谷
26-20,@肩金谷 ねぇどんな気持ちwwwFラン呼ばわりしてた人間相手に簡単な証明もできないで高ランを名乗るのどんな気持ちwwwwww,0,電子レンジ
26-21,@肩金谷 あーあ、おもちゃ壊れちゃったwwwまだwww出身および在学中の大学名を聞いてないのにwwwwww,0,電子レンジ
26-22,@肩金谷 敗北宣言はやっ😂😂😂😂😂オイオイオイ😨😨😨😨😨俺の質問に何一つとして答えてないのに帰ろうとしてる🤣🤣🤣🤣🤣証明もできない高ラン様カッコイイぞwww,0,電子レンジ
26-23,@電子レンジ 連投と即リプで君の必死さとfラン知能はたっぷり伝わったよ❤️本来一生関わる事のないレベルの大学生と絡めて良かったね😂この先、fランという汚名と僅かな生涯年収に苛まれて人生を送っていって下さいね😂応援してます❤️,0,肩金谷
26-24,@肩金谷 ほらwwwはやく答えろよwwwどのコメントが「ワクチンに懐疑的」なんだよwww見つけたんだろ?www,0,電子レンジ
26-25,@電子レンジ え？お前ワクチンに懐疑的なコメ残しとるぞ。嘘やん🤣こいつのfランパワーすげぇ🤣,0,肩金谷
26-26,@通知オフなのに必死に返信してて草 おっ現時点でいいねが2つに増えとるやんけwwwって事は1つは 肩金谷 が付けててもう1つはwww自分で付けたのかwwwやべーマジウケるwww 肩金谷 くんwww援護射撃になって無いぞwww,0,電子レンジ
26-27,@通知オフなのに必死に返信してて草 ほらwww  @肩金谷  が今の給料に不満があるみたいだぞwww学歴マウント取る同士仲良くしていい転職先でも教えてやれよwww,0,電子レンジ
26-28,@肩金谷 つーかwww話してもないのに生涯年収の話してくるとかヤベーだろwwwどんだけ今の給料不満なんだよwww不満だから自分が唯一誇れる学歴でマウント取ってんのかwwwゴメンなwww唯一の楽しみを俺の暇つぶしに付き合わせてwww,0,電子レンジ
26-29,@肩金谷 面白いから最後にwwwお前の想像する「同様な思考」ってやつ説明してよwwwまだ俺はワクチン何回打ったの？って聞いただけで肯定も否定もして無いんだけどwww聞かせてよwwwお前の思う「同様な思考」って奴をwww,0,電子レンジ
26-30,@肩金谷  俺まだワクチンに関する考え出して無いのに勝手に妄想すんのやめてくれよwwwそれに2人揃って「で、学歴は？」とか言ってたら同じようなもんだろwww学歴しかマウント取れないのが2人もwww,0,電子レンジ
27,ようやくまともな意見が公で聞けるんだね,969,特オタやんちゃん,0
28,この映画の内容が多くの人に伝わり、💉による被害者を一人でも減らしてくれることを祈ります。,11,nel,0
29,やっぱり長尾先生がいらっしゃる安心感です。涙出そう😢,407,めぐみ,4
29-1,@kana 5 さん長尾先生、即興とは思えない位歌が上手いですよね！🤭私も聞いているうちにだんだん癖になってきました笑,10,yumiko
29-2,ヤブ長尾,12,超天才高学歴エリート
29-3,最近、長尾先生の歌まで聞いている日が多いな…,27,kana 5
30,世界中で放映して欲しい！,536,あ,2
30-1,オーストラリアは10万人注射してないと解雇とかアメリカでも州によっては圧力凄いと見ましたし難しいでしょうね、残念ながら,0,リヒリヒト
30-2,在外です。本当に日本から世界中に発信して貰いたいです。そして、多くの人に目覚めて貰いたいです。,15,Haru Kato
31,この日この場所にいました！ワクチン後遺症、治験中のワクチンについて疑問を持ち続けていたことが確信に変わりました。全国で上映してほしい〜チケットが直ぐに完売です！,192,naomi,0
32,本当の心の声を発してくれる勉強熱心で熱い方々についていきたい‼️後遺症問題本当に、広めてほしい！ほんとに、幼い子供たち、これから未来を背負ってくれる子供達には、ひどい後遺症を残してほしくないです‼️確実に安全性のあるワクチンを。それか、内服を検討して下さい。,65,555ぴっぴ,0
33,これは歴史に残る偉大な映画だ‼️,334,happy angel,0
34,恐ろしい世の中になってしまってるけど、何が正しいのかを求め続ける姿勢は大切にしたい。,513,nico nice,3
34-1,映画も大切ですが、まずみなさんのリアルな具体的な症状を伝えるべきです。せっかく書き込んでいるのなら、nico niceさんの大変だったワクチン後の症状をぜひお聞かせください。その情報が大切です。,5,ヤマネユキオ
35,自分で考え、戦わなければ殺される時代だと再認識させられる。映画制作に関わられた皆さんや、世界のノーベル賞受賞者やファイザー元CEOが命かけて告発することの重みを知らない人が多すぎる。,64,ユンギアン,0
36,勇気ある行動に涙が出る程感動しています。日本中にこの真実、現状を伝えていくべきです。,48,医療関係者,0
37,国会議員、官僚、マスコミ関係者、ワクチンを推進してきた医療関係者等は全員見るべき。そして今まで自分たちがしてきたことをきちんと振り返り、反省してほしい。被害に遭われた方たちへの賠償もきちんとすべき。,127,orange moon,1
37-1,おっしゃる通りだと思います。,9,gajamatsu
38,勇気ある行動に感謝です。知って救われる方が増えますように。メディアも見殺しにしたり、封じ込めたりしないでほしい。事実のデータやリスクを知らせずに薦めるだけのテレビの専門家には、責任を感じてもらいたい。,52,暦の,0
39,だんだんわかってきたひとが増えてきた。まともになってきた。嬉しいです。,195,desk1589,1
39-1,@滝丸蘭々 ブーメラン！？,0,レヴ
40,これは大変素晴らしい事です。打たない選択は尊重されるべきです。元の体に戻れない事を一体誰が責任取れるのでしょう？これ以上犠牲を出さない為にも理不尽な同調圧力を阻止する勇気を持ちたいと思います。,170,rose black,6
40-1,@nomi ship 私も説得しようと言ったが、変人扱いされ、家族は皆打ちました。イギリス在住。打ってもまたコロナにかかった家族も居たし、夫は心臓と神経が悪く成り、テニス好きな４０代ですが、歩くのにも心臓が苦しくもうスポーツはできないかも。病院では最初は副反応かもと言いましたが、ころっとメンタルの病気と診断が変わり、不信感でいっぱいです。,8,M B
40-2,あなたがネット有償公開に動いてください。私も動いてます,0,佐々木靖
40-3,@nomi ship この問題では医療の闇も深く、打たない選択をする人達にとってとてつもない精神的圧力、圧迫を受ける事です。窓のない部屋に閉じ込められるような不安と孤独、悪い事何にもしてないのにまるで罪人のような扱い、あなたのお気持ちよくわかります。でも1人じゃないですよ。こうして今同じ苦しみを分かち合ってる仲間がいる。そばに居ないかもしれないけど私達は繋がってる。あなたの存在が私の支えであるように私の存在をあなたの支えにして耐えて欲しいです。絶対1人じゃないから。,12,rose black
40-4,@rose black ありがとうございます。実は家族で選択が分かれており、余計に辛い気持ちです。,10,nomi ship
40-5,@nomi ship 頑張って下さい。ご自身とご家族のかけがえのない健康と命を守って下さい。必ずこの不条理な選択を迫った全ての人達、全ての利権に罰が与えられる時が来ます。,10,rose black
40-6,海外在住ですが、たった一つしかない自分の身体を大切に思うことが糾弾される現実に、押しつぶされそうになっていました。ここでみなさんのコメントを拝見して勇気が出ました!,15,nomi ship
41,ワクチンを盲信してる人や、無責任に薦める専門家や国民の安全そっちのけの政治家が目覚めるとは思えない。でも、この映画が、違和感を感じてる人や、打たないって決めた人、打ちたくない人達の支えになればいいと思う。そして彼らを同調圧力や理不尽な差別から守られるきっかけになって欲しい。,297,Momo,2
41-1,同意します！,5,前川智子
42,「周りのために」=「学徒出陣」ですよってとこまさに感じてること言葉にしてくれて感激,666,たいぽん,8
42-1,学徒出陣？素晴らしいですね！愛国心の賜物です！,0,しゅな
42-2,@プレッパーそれ行け 俺「あーまた例によってパヨク映画か」って思いました原発反対と一緒、いつのまにか慰安婦ガーとか言い出してる,1,フリーレポーター
42-3,こういう例えをするから色眼鏡で見られるんだよ,8,プレッパーそれ行け
42-4,日本はいまだに”周りのために”意識が強いですよね。確かに、人の迷惑にならないように行動することは大切ですが、命を張ってまでする義務はないですよね。,62,Yumi Manring
42-5,@だいだい その周りとは大体年寄り…であれば、年寄りだけが打てば済む話。,65,菅経済破壊担当大臣☑️
42-6,まわりの為に打ちましょう…今だにcmしてるし…あほかと。,155,だいだい
43,心臓の痛みはマジで打ってから始まった。本当に許せない,350,ruse nect,8
43-1,あなたがネット有償公開に動いてください。私も動いてます,0,佐々木靖
43-2,打ってもらった、その看護婦さんを毎日想像して、抜いてるからだろwwwこの変態🤣,2,肩金谷
43-3,ワクチン＝危険この認識を一人でも多く広めていきましょう。,41,ドミトレスク婦人
43-4,心筋炎の可能性大です。心臓MRIができる病院で診てもらってください。,47,りすお
43-5,@Day Walker それはおもろい！事実述べただけなんやけど。逆に君なんか害あったんすか？,3,華大丸
43-6,ワクチン信者のコメント気持ちワルッw,45,Day Walker
43-7,それは....恋ですよ。,11,すけさんかくさん
43-8,その後どうですか？心臓のMRIなどは取りましたか？,24,kz 750
44,パネリストが宮沢先生、長尾先生、泉大津市長‥まともな人ばかり‼️参加出来た方、うらやましい❤️このような人たちで、分科会を作ってほしい。今の分科会なんてなんの役にも立ってない。心筋炎を無視するし。,193,Juliet's egg,1
44-1,青山氏はちょっと・・・。,1,ゆう
45,私はこれまで風邪も殆ど惹いたこともなく、腰痛や肩こりも全くなく、健康と体力に自信を持っておりました。去年の8月にワクチン２回目接種して２週間後から、関節痛が始まりました。ふたつめの病院で炎症反応があり、自分の抗体が自分の関節を痛めていることがわかりました。現在、膠原病専門病院にかかり関節リウマチの薬で痛みを抑えている状態です。自分自身が決めて受けたワクチンだし、受けて2週間後のことだから、因果関係を証明することもできないだろうと諦めておりました。大好きなスポーツを我慢しながら、いつか元の体に戻らないかと願う毎日です。この動画を見て、私も何か行動を起こしたいと思いました。起こさなければと思いました。ありがとうございます。,169,けいこ,4
45-1,さようなら☠️,0,ああ
45-2,私の友人も健康だったのにワクチン接種後(期間不明)に炎症反応が出ており、会社を1ヶ月以上休んでいます。未だ確定診断は出ていません。。現在の症状は関節の腫れと痛みのみです。どうしてもワクチンを疑ってしまいたくなります。他にも同じような方はたくさんいらっしゃいますか？,13,すずきゆうた
45-3,私は40代ですが膠原病持ちです。子供の頃は真っ黒に日焼けしてた元気はつらつお転婆娘でした。20代から自分の体力等が同年代の子と違う事を薄々感じてました。結果、膠原病が発覚しましたが何故家族の中で私だけ？何が行けなかった？色々考えました。永久脱毛が発症のきっかけ、インフルエンザワクチン、薬？もし、今、発症したとしたら私も間違いなくワクチンのせいにすると思います。ただ、本当にそうでしょうか？因みに私はリウマチ因子陽性ですが3回目接種後もリウマチは発症してません。,5,Haru
46,どんどん広めて欲しいです。そして何が真実なのか表舞台で戦ってください。,85,Yoshi O,1
46-1,アメリカが生物兵器つくるのに武漢の研究所に資金提供と言うメディアの報道も追及すべき‼️,4,前川智子
47,早く皆んなの所に届きますように🙏,325,S Seiko,0
48,本当に😢涙出るくらい私は嬉しいです。この映画に携わった先生方他協力してくださった方々ありがとうございます。私達に今出来る事はこんな映画もあるんだってことを‼️１人でも多くの人に広める事ですよね‼️,68,アキちゃん,0
49,一人でも多くの親御さんに見てもらいたい！それから子供への接種を検討してほしい。,269,ゆかぴょん,0
50,福岡でも上映して欲しい。観に行きたい❗,154,わいY,0
51,国はこういうのは無い！って…今 、日本で何が起こっているのか？このドキュメント映画は多くの方々に観て頂きたいと思います。,147,KAZUKI,1

52,ワクチン接種を煽ってる医師が言うには、未知のリスクが後から判明しても、責任など発生しませんと。被害者救済とともに、加害者とも言える医師たち、政治家の責任も追求していくべきです。,158,K Mztn,0
53,世の中に広まりますように！3回目・お子さまで考慮中の方々は必見！,107,dede ZO,1

54,私も被害者の一人です、私もワクチンで病気になり職を失いましたが一切生活保障はありません。コロナにかかると生活保障はあるが、ワクチンの後遺症では生活保障はないこの制度をどうにかして欲しいです,8,こーちゃん,0
55,周りに後遺症がない方ばかりだと現実味なく信じてもらえず、町医者にいっても口封じされ、何という世の中になったのかと悲しさに襲われます。私は関節が痛み、骨が風邪をひいた時のような疼きが2回目のワクチン接種後から半年以上も続いてます。,222,M R,5
55-1,同じくです。何の治療もなく、アドバイスもなく、厄介者あつかい。私はそれで、目がさめました。４ヶ月頃から、腸かつ、アルカリ性にすることを、日々頑張っています。色々アドバイスを、コメントして下さる方がいて、もうすぐ五ヶ月になりますが、生きていけるくらいにはなったと思います。本当に辛いと思います。私も４ヶ月位は、ねこんでいたし、辛くて泣いてばかりいました。まだ、痛みはありますが、食事を食べることを仕事にして、栄養剤で補うようにしたら、体は軽いです。ワクチンを打ってから、謎の血圧上昇４ヶ月続き、今は血圧低下、朝は89しかありません。酸素ボンベが欲しいときがあります。一緒に頑張りましょう。応援しています。,37,鳥好き
55-2,ワクチンビジネスで大変な利益を得ている医療関係者がいる一方で、本当に身体的にも経済的にも苦しい状況におられる方々もいる。真実を伝えないこの世の中に怒りと悲しみしかありませんでした。この映画で現実をしっかり見て頂きたい。,30,Hana Mitchy
55-3,町医者で『口封じされた』と、書いてますが....あなたのような、世間的になんの影響力も無い方が騒ぐ事を抑圧したとは、にわかに信じ難いのですが....具体的に、なんと言われて、どんなことをされたのですか？？どこの病院の、なんと言う医師ですか？,5,すけさんかくさん
55-4,同じ症状です。健康を返してほしいです。,62,ka zu
56,日本憲法で守られていて、未だ正常な生活を送ってる日本人を羨んでいる香港人です。香港政府によるいわゆる防疫政策にこらちにみんな苦しんでいます。「特定業界の従業員（飲食業、建設業、空港で働く人など）が接種するか、三日一回検査受ける。そうしないと働けない」という政策が去年下旬あたりから実施されました。私はもともと飲食店（タップルーム）で働いてたのですが、先月から香港政府が「飲食店入店するのにはワクチン接種しないと行けない」という政策を発表しました。まだ接種したくないので、私はその仕事好きですが、レテール業（まだ政府に強制的に接種されていない職業）へ転職しました。最後まで戦いたいので。来月24日からワクチン打ってない人は飲食店、エステサロン、映画館など入れなくなります。日本のニュース、情報を毎日目を向けてます。ワクチンパスポートのこと知ったばかりです。実行だったら、人権が侵害されるので、日本はまだ自由な国家なので、日本の方にがんばっていただきたいなと思っております。,165,香港ガールコンです,2
56-1,​@ふんどし コメントありがとうございます。日本に帰るべきだと思います。今の香港政府はもう狂っているし、市民の人権、自由、安全を無視してるので。もし今後香港に残られるとしたら、どうかお気をつけて........（私の香港在住日本人の知り合いも3月に日本帰国する予定です。その人も絶対打ちないって言ってました。）「一緒に香港で頑張って」と言うより、帰国していただきたいですね.....😞,10,香港ガールコンです
56-2,私も香港在住です！本当にこの防疫政策には困っています。世界的にはワクチンの実態が少しずつ明らかになってきている昨今、今更ワクチンパスポートを始めるだなんて、防疫目的では無くただワクチンを打たせたい、ワクチンで市民をとことん管理したいのでしょうね。皆が目覚めてくれることを祈りつつ、私も最後まで戦います。がんばりましょう！,17,ふんどし
57,コロナ茶番をひっくり返してくれ😭子どもたちが幸せに暮らせる世界を返せ😭,161,役満九蓮宝燈,0
58,遅すぎて涙が出てくる。自分を信じてるから打たなかったけど。,304,(*´ー｀*),5
58-1,@ドゥンドゥン さん～私達夫婦も打ってません、５LALを飲んで頑張ってます。でもTVの煽りにメンタルが病みそうです。ここのコメント欄を読んで少し楽になりました～😄,4,ヤカッコ
58-2,毎日楽しくてやりたいことたくさんあるので、打ってません！この接種で仮に対コロナに微量の耐性ができたところで全体の免疫力が下がったらもともこもないからさ。毎日笑って楽しく暮らすのが私のせめてもの抵抗だわな。,33,かんのわのなのこくおう
58-3,私も打ってません。規則正しい生活をしながら定期的に5ALAを接種して免疫力アップに努めてます。,35,ドゥンドゥン
58-4,全く同感です！自己免疫力を信じて打ってないです！５０代！,59,mie
59,この様な真実を語る人たちが増えていって欲しいです。皆さんちゃんと考えて,58,ita–c,0
60,地方でも上映してほしいです,120,綾,0
61,知人の娘さんも、接種後から入院、その後は今だに自宅療養。進級出来ず。本当に怖いです。真実です。,145,ミントガム,0
62,素晴らしい映画だと思います。オンラインで見たいです。ぜひ、YOUTUBEの有料メンバー限定で見えるようにしてほしい。,129,PICASSO D,0
63,私は、ワクチンを打った翌々日から1ヶ月くらい目眩に悩まされました。しかし病院に行っても、「ワクチンとの関係性は無い」とキッパリ言われました。その瞬間、自分の身は自分で守らなければ…と決心しました！,31,さゆりんりん,0
64,全ての日本人が見るべき映画ですね！！お花畑で寝ている時間は終わりました、お子さんの為に1秒でも早く気づいて、周りの方達に教えてあげて下さい！！,64,tom nomura,1

65,全国で上映して欲しいです。私と夫、娘夫婦は打っていません。親族から嫌な言葉を言われたこともありますが、これからも打ちません。闇の世界から光の世界へ向かって行くと信じています。打って、今辛い方も良くなっていきますように🍀,137,マリア姫,0
66,先生方には感謝しかありません。ありがとうございます。,76,mini mini,0
67,この映画に携わった長尾先生や宮沢さん、他の方々も素晴らしいと思います。映画見たいけど、大阪までは遠くて行けない、、,28,あいり。,0
68,アメリカで17000人の医師達が共同声明を出しました。治験は止めろ。と集会で発表しました。,218,真実の目,0
69,報道が偏向しているのは事実だと思う。日本人全員が見るべき映画ではないのか。どう感じるかは人それぞれなわけで。,64,y7707,1
69-1,バカは打つだけそしてしぬ😀,1,滝丸蘭々
70,もうテレビ見なくていいし周りと同じようにやる必要はないな全ての人が自分の感覚を信じたらいいと思う,78,フレッシュネスバーガー,0
71,この映画を見たい！！多くの真の専門家の方々の声を直に聴きたいです。宮沢さんはテレビにもちょくちょく出てらっしゃる人で、出る度に周りから総攻撃をくらいます。テレビ側は反対意見代表として出しているらしいが、実際は反対派を総攻撃する場に引きずり出している。それでも懲りずに出てくれる人であり、ウイルス学で最も正しいことを言う先生だ。,4,サル男,0
72,ワクチン接種に都合悪いことは国は公表しない、後遺症を公表するのは大事なことだと思いす。山梨県知事はこの動画を見てワクチンのことを勉強するべきですね、ワクチン非接触者を差別する発言する前に。,184,HE RO,1
72-1,侮辱はどんどんするのに、ワクの良いところは挙げない。,0,さゆ
73,こんな素晴らしい人達がいるのにそれが届かない人がいるのは悲しいです。届かないと言うより現実を受け入れない人が多いのかもしれないです。わかっててもそんな話聞きたくないという人たちは何を言っても打ち続けるし子供にも打ってしまうと思います。,25,Black mint,0
74,私も有料のオンライン公開を希望します！この映画を支持します。応援します,12,K,0
75,医療従事者だから強制的に３回目のワクチン接種しました。１週間くらい副作用で苦しんだ。３回目が１番辛かったです。この仕事じゃなかったら接種してないです。,63,ステファニー,6
75-1,@しゅな 大丈夫！,0,あかね
75-2,@あかね 大丈夫？(笑),0,しゅな
75-3,解毒方法はあります。お大事に。,0,あかね
75-4,打ってくれてありがとうございます！私もしっかりと3回目を打って感染予防に努めます！,0,しゅな
75-5,ファイザー副社長？の告発動画ご覧ください,1,島田実
75-6,打ってない看護師もいたぞ？,18,滝丸蘭々
76,こう言う大切な情報は、限られた映画館ではなく、無料でなるべく多くの人へ発信するべきだと思います。アメリカやヨーロッパでも多数の専門家、医者、弁護士、政治家などが一団となり、あらゆる情報機関を使ってどんどん発信し始めてます。なるべく多くの市民に真実を伝えなければならない責任感と勇気を持ち続けたいものです！,29,私のドイツ生活,0
77,私の友達も今までずっと元気で明るい子だったのに、ワクチンを打ってしばらく経ってからずっと頭痛・ふらつきで苦しんでいます。見ているだけでこっちまで辛くなってきます。まだ10代で部活・勉強に追いつけなくなると辛い中頑張っていて本当にすごいと思います。許せないです。,5,suuuuu,0
78,地方在住ですが、絶対見たいです。東京と大阪以外でも見れるのでしょうか？この様な映画を作ってくださって感謝しかありません。沢山の人に見てほしい！！,13,美味 尾田,0
79,公開、おめでとうございます🙏,62,恵子ロゼーテKeiko Rosette,0
80,何が起きてもメーカーに賠償責任がないのはこわいですね。,205,とる,1

81,会社の健康診断を受けるためにコロナワクチンを打てと言われ、打った娘の将来が心配です。若者を守る社会になって欲しいです。,37,なかよしちょこ,1

82,後世に語り継ぐべき内容,24,おわたゃんねる(チャンネルではない),0
83,大阪！また再度の放映を熱望します,63,Jacksonコマイケルズ,0
84,早めにたくさんの方に公開出来ますように！！実家の親に見せたいです！,17,F,0
85,本当に嬉しくて涙が出ます💧,56,na nk,0
86,どこかの記事にあった「ワクチン接種後の一定期間内に重い症状が出た人には因果関係の証明に関係なく手厚く保障し、温かく包み込む社会であってほしい」が実現して欲しい。私はこれを理由に、摂取を見送りました。,18,Jon taraiter,0
87,映画で観るまでもないね、、、普通に考えたり、感覚的に分かると思うな、、、,287,ぞうさん,13
87-1,たださ、地方に住んでいる親に「自粛して」会わずにいたら、認知症が進んで自分のこと忘れてた、と真面目な同僚が言ってたけど、政治家は飲み会、オリンピックはやる、とかなのにどうして会わなかったの？、、と思ったけど、コロナ脳の人にはこのまま気がつかない方が楽なのかな、とも思いました🤔😮‍💨,6,かんのわのなのこくおう
87-2,@ハトクラ 陰謀論じゃないよ、全て明るみに出てるから反ワクコメを目にしなくなったと思ったらいたんだ。,6,boyacharchan Love
87-3,@ハトクラ そこらじゅうの返信欄で見かけますが五毛党の方ですか？,28,カプリ島
87-4,「目覚める」と言う言葉を使いたがる陰謀論者がよくいますが、彼らは大抵自分が愚かだと言う事実に気づかないので困ってます,8,ハトクラ
87-5,@kz 750 あんたはえらいといってあげてください。,11,yama hiko
87-6,@m sy 大人は自業自得だが子供はかわいそすぎる、絶対に打たしちゃいかん。,65,yama hiko
87-7,全くその通り‼️👏,38,カーミンマッハ
87-8,観ることすら拒絶する人はほっとくしかないですね。そういう人は平和に見せかけた欺瞞に満ちた夢の中に居た方が幸せかもしれない。,92,m sy
87-9,@m sy ただ目覚めない人は、おそらくそもそも『観ない』かと思われます,95,TRMR108 DIYと車中泊と田舎暮らし
87-10,観ないと目が覚めない人が1億人居るんですよねえ。,130,m sy
88,ＴＶを見れば見るほど人々は騙されてしまいます。　代わりにこの映画を見てもらいたいです。,42,Sai,0
89,「アンタの言う後遺症に周りは誰もなっていない」と言った親に見せたい。,428,青い薔薇,7
89-1,嫌なら打たなければいいのでは？個人の自由ですし,0,しゅな
89-2,@Haru Kato 彼が今の時代に生きていたら、どう思うのだろう？と想像しますが、、、大変な時代を生き抜きましょうね。We are X🙅😊,4,青い薔薇
89-3,@青い薔薇 やっぱり!　昨日のメッセージから気になって気になって。私、今でも辛い時Xの歌に涙し励まされています。だから何があっても負けません!,2,Haru Kato
89-4,@Haru Kato こんばんは。そうです。😉,2,青い薔薇
89-5,@青い薔薇 さん　この動画と全く関係無いんですが、プロフィール、もしかしてヒデちゃん?　間違っていたらごめんなさい。,2,Haru Kato
89-6,@Haru Kato なってからじゃ遅いのに、警告しても聞いてくれないよね。,28,青い薔薇
89-7,私は姉に言われた。,15,Haru Kato
90,この少しの動画を見ただけでも涙が出ます。政治家は何をしているんでしょうか？,8,れ,0
91,大阪完売。。　追加公演希望します。。勇気を持って行動してくださり感謝いたします。,17,なつな。,0
92,動画削除されませんように🙏,290,Mayu Kusamo,0
93,宮沢先生の本を読み、長尾先生のニコニコ動画を見て覚醒した私はいち早く自分の大切な人に出来るだけワクチンの危険性を伝えましたが、変な人扱いで私の言っていることに耳を傾けてくれた人は少なかった。ワクチンがおかしいとわかっても同調圧力に負けて接種した人も大勢いました。若い人の接種が始まった時には怒りで涙がでました。今後、世の中がコロナ終息、ワクチン被害者救済へ向かっていくことを切に願っています。無力な自分に出来なかったことを、成し遂げて頂いた映画関係者の皆さま。本当に感謝申し上げます。この映画はこの先、社会に大きな影響を与えることになると思います。,21,ako y,0
94,勇気ある先生方の行動に涙が溢れました国や煽りメディアに洗脳されないで真実が拡散されますように❗必ず正義と勇気・光が勝つ本当に感謝いたします,56,ごん,2
94-1,お前らいっつも涙溢れてんな、安っぽい涙やなw,0,レヴ
95,3回目接種2月中旬に終わりました。1.2回目は何ともなかったのに3回目は発熱、関節痛、怠さが2日間ありました。その数日後生理予定で生理きましたがいつもの2倍量でしんどかったです。ワクチン打ってから約２週間後、私は心臓に持病があるのですが薬飲んでいれば発作は起きないはずが突然胸の痛みと歯の強烈な痛みに襲われて救急車で運ばれました。心臓カテーテルは心筋梗塞は問題なし。ただ、採血結果は心筋梗塞や心筋炎を思わせるような悪い数値です。今現在も入院していますが、節々の痛み、喉の痛みがあります。先生ははっきり言いませんが、心筋炎なのでは？と思っています。もう、ワクチンは打つことはないと思います。,12,こりんちゃま,0
96,職域接種を実施した企業経営者は全員観るべき。,8,本多拓也,0
97,既に1,500名の死亡報告が上がっているのに３回目の接種を推進するのは異常です。,32,地デジ難民,0
98,素晴らしい映画だ,286,外印,0
99,このような正直な声はなかなか表に出てこないですね。私の回りにも後遺症は出ていますよ・・・しびれが取れない人や、耳鳴りし始めた人、すぐに風邪をひくようになった人など、矢張りそうだと思います。ファイザーの元副社長や研究員たちが、当初からその危険性を暴露していました。幼い子供たちにまで強制するのだけはやめてほしい・・・小児にマスクは不要です。友人からも「自分も接種したんだから、他の人も接種すべき」と半ば脅迫されました。接種していないと非国民のように思われるかも知れませんが、接種には今後も更に慎重になるべきだと思います。運命論で終わらせてほしくないので、もっとこのような事実を知るべきです。,201,富士の高嶺,4
99-1,@かんのわのなのこくおう 一応高学歴ってどのレベルの大学かな？,2,肩金谷
99-2,うん、馬鹿は気にしないでいきましょうよ。どんな世界にもいるでしょうし。自分に自信がないからだろうし、きっと認められて来ていないんでしょうね、他人からにも自分からにも。,15,かんのわのなのこくおう
99-3,すがる思いでコメントしても、心身ともに限界がきている人に対して、平気で傷つける。多分家族に対してもそうなんだとおもうけど、そんなコメントを残していく方が多い。結局そんな世の中です。中にはいい方もいますがね。,13,鳥好き
99-4,事実は知らないとね。それからどうするかは本人の選択だろうし。　一応高学歴の立派な非国民より,8,かんのわのなのこくおう
100,Thanks for those who participating in the making of this documentary....,11,WK,0
101,ワクチンの問題、何とか正視するべきです。子供たちのために。,34,有迷你機就有佑希,0
102,Please add english subtitles, it will be very helpful,47,Amy Leung,0
103,職場の雰囲気が変わってきた感じはします。今まで口に出してはいけなかったワクチンの危険性の話し、5類に下げる話し、マスク効果の話し等が少しずつ話せるようになってきました。,138,釣沢禿太郎,0
104,ニコニコ動画で長尾先生が、反対の人からの脅しや、いろんな質問、後遺症の人からの藁をもすがる思いでやってくる患者さん、さらに通常医療もしないといけないという状態だと言ってました。もうかなり限界が来ていると。でも患者さんの為にと動画をあげてくれています。これが本来のお医者さんですよね。他にもいろいろと頑張ってくれている方々もいます。 私には、そこまでの事はできませんが微力ながら身近には後遺症の話などはしています。いつかは、化けの皮がはがれると信じて諦めずに頑張りましょう。とにかくこれからの子供達には、特に打ってほしくなです‼️,168,ハッピー,6
104-1,肯定者ってこんなのしかいないよ、もう。,0,さゆ
104-2,何〜！ここ工作員の溜まり場になってるww,5,R N
104-3,ニコ動に洗脳されちまってるからさっさとプンレクこいよ!!!みんな待ってっからよ!,0,あら汁
104-4,そいつまともな人からはもうゴミ扱いだよ,1,ハトクラ
104-5,もう長尾の化けの皮剝がれてるよ,4,超天才高学歴エリート
105,今度東京で放映されるとの事で、絶対に観に行きます！,30,タロー.G,0
106,猛毒やん…強要するのはやめてほしい…子供達の未来はどうなってしまうんだ(>_<),97,マリクンクン,1
106-1,人間は毒ならいつか解毒できるが遺伝子操作は細胞ごと変えちゃうからほんとに先がわからない,2,山田幸弘
107,めっちゃコロナ対策してたけど、まさかのワクチンにやられて3ヶ月間微熱と倦怠感やばかったわ。今は少し良くなってきたけど3回目は恐怖でしかない、てか多分打たない。,101,幸sex,0
108,国や政府からの圧力には負けないで発信して頂きたい。スパイクタンパク酸化グラフェンナノカミソリは体の中でどのような変化が起こるのか…長期的な安全は保証されていません。,237,香月理央名,2
108-1,酸化グラフェンナノカミソリこれらは混入していないことがすでに証明されています,0,東京ぼん太
108-2,絶対自分が言ってる言葉の意味わかってないだろ,6,ハトクラ
109,歩行障害後に亡くなった方が身近にいます。父の高齢者施設でも検査、ワクの圧力が強まってどうすればよいかわかりません。もっと多くの方に認識を改めて欲しい。立ち上がり声をあげてくださった方達に感謝です😊,7,シエラミント,0
110,しっかり真実を知って考えていきたい,174,めぐきょん,0
111,関係者の皆様に深く感謝します。日本中に届け！真実を知ってください！,31,長岡英子,0
112,私も一回目のファイザーで1時間後に高熱でて夜中にアナフィラキシーにもなって、不安で泣きながら震えました。さすがに次の日大きい病院に行ったら、心膜炎になってあるけなくて、入院しました。入院費10万円です。シングルマザーの母に感謝です。みなさんは絶対に打たないで欲しいです。,42,A,2
112-1,@空マンハッタン ありがとうございます。🥰💓,0,A
112-2,それはさぞ辛かったことでしょう体に異変があっても認められない人もいそうですよね同じようにワクチン後遺症の人が周りにいないとあまり理解されにくく孤独な戦いになりますあなたのお身体がどうか良くなりますように,0,空マンハッタン
113,真実の情報を伝えてくださる方の勇気に感謝申し上げます。目覚めた方から全員に届くよう皆で活動しましょう。悪に加担した者は償ってもらい、良い世の中に変わる事を願っています。,14,Grand Tea Banana,0
114,興味深い映画ですね。DVDかBDでも見ることができるといいな。,22,玉虫にゃんこ,0
115,子宮頚がんのワクチン打ってから、食品アレルギーが強く出ました。それまで何でも食べれたのに。そして同じような症状が世界中で出てると聞いて、もうワクチンに対して拒絶反応しかなく、コロナも打ってません。こういう動きがあることに感動です！頑張ってほしいです！,339,YU E,3
115-1,@ハトクラ 具体的に何処にそんなとこあるの？有効性うたってる専門家って製薬会社に雇われてる御用学者とマスコミだけでしょうw,28,R N
115-2,@ハトクラ 厚労省は効き目が無い事を認めていますけど。,22,yちぃ
116,本来必要な10年以上の治験期間がなく緊急承認して使用開始したのだから、使用しながらの治験がある訳なので、どんな副反応が発生したかは真摯に受け止めなければならない。事実、副反応で苦しんでいる方々や亡くなられた方々が多数いらっしゃるのだから、しっかりとした対応をして救済しなければならない。,32,ああ,0
117,真実は、国民自身が発信して伝えるしかない。こと記録動画は、すべての国民が見られる陽にすべきである。,11,小圷克弘,0
118,大人は打つ打たないの選択肢があるから自己責任というのもわかるが子供はよくわからず親に言われて打つという子もいるだろう。子供を持つ親は目先の利益にとらわれずしっかり判断してほしい,18,むねやけ,0
119,テレビで 放送して欲しい！,3,ハシトム,0
120,この映画は後にyoutubeに出るのでしょうか? 海外に住んでいます。頑張ってください。心から応援しています。後遺症で苦しむ皆さんが早く回復されることを祈っています。そしてその情報が多くの人に届きますように🙏,13,Yuki Healing Yoga & Shiatsu,1
120-1,出ても消されるし、上映もなかなか難しいようです。長尾先生はコラムに映画の事を書こうとしても書かせてくれないと。拡散したいですね！,4,O 1
121,大変有難い動画に心打たれましたチャンネル登録しました,2,keitoku209,0
122,絶対、英語や他の言語の翻訳をして世界中で流してください。,90,ukks63,1
122-1,そうなんだよなー、先生方ばかりに負担かけたくないですよね。私ネパール語ならできますが、マイナー過ぎるな😅,2,かんのわのなのこくおう
123,TOHOシネマズ　とか全国で上映したら世の中の流れが変わる。,208,candy1179,0
124,ぜひ、観たい‼️,75,ゆ〜ママ,0
125,上映日追加されてたんで、さっそくチケット買いました。観ておきたい映画です。,59,l j,0
126,みたい。。家族にもみせたい。。販売して欲しいです。,12,忍者君,0
127,良かった！！まともな意見だ！！,80,長谷川博之,0
128,家の母はファイザー接種後体調不良になり12日目に脳梗塞でICU入院の後自宅療養中で心房細動の手術もしました。親戚の母の兄も接種後脳梗塞発症し現在も麻痺が重く入院中です。,14,千秋,0
129,とても楽しみ、そして頼もしいです！,108,もかぞー,0
130,まだ目が覚めていないすべての人が見るべきだと思います。,211,げんき,15
130-1,@山田幸弘 デモってそういうものが多いですよね。個人情報を書かないといけないデモは要注意ですね。それに引っかかる人は悪いけどいいカモにされていると思います。ただ、それも見抜いている人が多数だと思います。,0,まみー
130-2,@めぐりズム もちろん、中国とドバイを除いた世界規模で実施されます。デービッド・アイクの著書「答え」に重要なことが書いてあります。,1,BC BC
130-3,@通知オフなのに必死に返信してて草お聞きしたいんですが、何をもって安全だと思ってらっしゃるんですか？,10,まみー
130-4,今までこういう話が出てこない状況がおかしいのですが、ワクチン打った人の大半は自分の行動を間違いだとは思いたくないので批判するしか出来ないと思います。,31,まみー
130-5,それでも僕は、打ツマゲドン,4,よっちゃん
130-6,さすがにまだ、気付かない人ってお年寄りくらいじゃないのかな？,19,I J
130-7,目が覚めてるってなんか宗教みたいですね,20,マカロンパグ
130-8,お前は一生夢見てろよw,14,A N
131,このパンデミック騒ぎやワクチンに疑問を抱くのは当然だと思います。この動画がどうかYouTubeに消されませんように。,53,ドゥンドゥン,0
132,正義は必ず勝つ‼️よくぞ立ち上がってくれた聖人達よ‼️,38,しゅりshurica,0
133,私はワクチンを打たず、白い目で見られてきましたが、自分の思いを貫いてよかったです。同じ考えを持つ友人も接種はせずにずっと陰性です。私は一時的に濃厚接触者になりましたが、その間に行なったPCR検査では全てにおいて陰性でした。お願いです。これからの若い子達に打たせないで欲しいです。,12,西風ゼファー,0
134,素晴らしいです。東京なので見に行こうと思います。最初に出た中学1年生の子の映像、子宮頸がんワクチン副反応のショッキングな映像を思い出しました。,79,まれちゃん,0
135,妊婦健診でも打て打て言われるから恐ろしいよ〜自分とお腹の子を守るために何があっても打たないよ。旦那は1回目2回目もすぐ接種して、3回目接種も待っててアホだなぁと思ってる😞,28,ささ,1

136,コロナワクチン…………脳梗塞と甲状腺癌（手術済）があるので重症化するのが怖いのでワクチンを受けましたが副反応（モデルナ）が強く出て1回目熱が38.5℃と喉の痛み2回目熱が40.5℃まで上がりました。その後、脳梗塞の後遺症の左側の麻痺がきつくなり、それまで無かった頭のふらつきが7ヶ月ずっと続いています😭こんな事になるのなら、受けない方が良かったのかな？って思ってしまいます。今のままでは仕事にも行けないし、歩くにも杖をついて歩かないと転けそうで怖いです。何処に相談したら良いのかも分かりません( ˘•ω•˘ ).｡oஇ見た目普通なので分かって貰えない苦しみがあります😭😭😭,9,河合知美,0
137,医療従事者ですが、帯状疱疹になる人が本当に増えてきました。みなさんの周りにはいないですか？？私の先輩も、身内でも帯状疱疹になる女性が本当に多いです、、職場ではワクチンの後遺症ではないかと言われています。,33,momo,2
137-1,ワクの後遺症とみて間違え無さそうですね。三回目済ましてから、続々と何方かのチャンネルでコメント寄せられて居ます。三回目はもうプラセボは少ない様ですね。‼️,2,宮田和博
137-2,シングリックス打てばいいじゃん,0,G O
138,こういうの大事。ワクチンに関する事を動画にすると、問答無用で消される今がおかしすぎる。,220,Clark Popular,2
138-1,@食べかす それが本当の民主主義、公平な報道ですよね。,11,boyacharchan Love
138-2,それ。行き過ぎたらダメだけど反対意見とかもテレビでとりあげてほしい,22,食べかす
139,これこそが本当の正義だ,7,WEI,0
140,全国の知事の方々に見てほしい。,10,インコちゃん,0
141,同調圧力に負けるな。いつだって自分の人生は、自分のものだから後悔のない選択を,27,一柳ワイが,1

142,どうしよう2回受けたけど後悔してる…こういうこと前に知っておきたかったなぁ,113,ヘッドチーズ,40
142-1,もう毒物を体内に入れてしまったので、免疫力を保つために和食を中心とした生活が必要かもしれません。あとは睡眠とストレス、でも仕事してるとどうしようもない…,2,ヘッドチーズ
142-2,気がついて良かったですね。あとは解毒と免疫力上げる事です。クヨクヨしないで明るく楽しい事も笑う事も免疫力上げます！,2,亀茶
142-3,@ぽんまき だから応募で集まった治験の人にはプラセボ打つよ？比較対象の為にね。ただ一般の人には打たないって言ってるの笑,1,type S
142-4,後悔？は必要ないかと。いいじゃん今知れたんだから、←そう思いましょう。ただ、3回目の圧に耐えられますか？頑張ってね💪,2,かんのわのなのこくおう
142-5,@I J すばらしい！！,0,すけさんかくさん
142-6,@すけさんかくさん だから証拠はないって言いましたよね。。でも、最初と比べると明らかに気付いた人多いように見えます😊コメントが変わってきましたし。さよなら〜,7,I J
142-7,@I J いや、他の話は置いときましょうよ。実際に被害や詐欺に合われたなら、然るべき対処をすればいいだけじゃないですか。因みに、プラセボを一般人に投与したと言う証拠って、電話以外にありますか？？電話しかないなら、もーいいですwwwありがとうございましたwww,0,すけさんかくさん
142-8,@すけさんかくさん 厚生労働省の電話窓口が嘘ついたということになっちゃいますが、大丈夫ですか？だから私が嘘つきなんですよね。,8,I J
142-9,@すけさんかくさん 騙されてるじゃなくて、私が嘘ついてるって話ですよね。そのことについてはもう、証拠がないので何言っても無駄だろうと言いましたよね。私はさすがにもうこの茶番、おかしいと気付くときだと思っていて、今気付いてないとなるともう話し合いは無理だろうと思います。。残念です。。,14,I J
142-10,@一蘭KL その通りですね。ただ、老人は厳しいのかもしれませんね。テレビしか見ないので。,4,ぽんまき
142-11,人は自分の信じたい話を信じるし、無意識に目に入る情報も偏るのはよくある事。まぁ、初めに都合良い話をしすぎましたね。ワクチンの副作用や後遺症が全く無い、0%なんてそうそう無い。だからたとえ例外や不運の範囲内であっても、ある事ない事話が湧き出してきて不安が高まる。本当に存在するリスクも見え辛くなる。,1,カランド貿易ペンギン急便支部担当兼社員ハーノ
142-12,@カプリ島 こんなところの書き込みで騒動が続くとか、終わるとか思います？w今行ってる治験内容はワクチンの持続性ですよね？？それでも治験は治験ですけどね。顔真っ赤じゃないですよ。私、暇なだけですwwwあなたも暇なんですね！いいですよ！仲間に入れてあげるのでジャンジャン書き込んで下さいね！,0,すけさんかくさん
142-13,@すけさんかくさん 大して調べもせずに、ですか。。私相当いろいろ見てきましたよ(笑)私は嘘はつきません。平気で嘘をつくのは日本ですよ。気付いてくださいね。,20,I J
142-14,@I J 大変失礼しました。まだ治験中でした。ワクチンの効果の持続性を調べる為だそうです。,3,すけさんかくさん
142-15,@type S プラセボは、あると思います。実際ファイザーの最初の治験でも使われてますよ。本物とプラセボで打って何人感染したかでデータとってました。,9,ぽんまき
142-16,ある程度対策として意味があるので、後悔する必要は無いかと。受けずにコロナ罹るよりは重症化リスクが低いのも事実。まぁ、あとは吉と出るか凶と出るか、のルーレット。もし何かあっても、間違いというよりは、運が悪かったとしか…。,0,カランド貿易ペンギン急便支部担当兼社員ハーノ
142-17,@I J 厚生労働省のホームページ見れば一発やで、治験中ってのは普通に嘘,2,らり
142-18,@めぐりズム ありがとうございます😊その方もよく電話してましたよね！酸化グラフェンのはまだ見てなかったので見ますね！最近、すぐ消されてた言葉が消されなくなったのが、逆にこわいのですが、なんでだろう。。マスクとか酸化グラフェンとか、免疫力とか。。,12,I J
142-19,まあ、証拠がないので何書いても無駄ですね。私は日本を信用しなくなりました。安心、安全なんて日本にはないなぁと思いました。,37,I J
142-20,@すけさんかくさん 私に言われても、私は電話で治験中だと聞いたので。,19,I J
142-21,@すけさんかくさん 厚生労働省のワクチン電話窓口で治験中だと聞きましたが、、プラセボも入っていると。ワクチン始まった時なんで、だいぶ前ですが。,20,I J
142-22,@I J 治験に携わる仕事をなさってる方ですか？？だとしたら、プラセボがなんなのかは御存じですよね？？友達に電話して聞いたとか、誰かが言ってたから....とかデマを流すのは罪ですよ。,8,すけさんかくさん
142-23,@I J 治験にプラシーボを確かめるためのグループがある場合があるというのは事実ですが実際の患者に打つものにプラセボは存在しませんし存在させてはいけません。プラセボは効果の弱い薬のことを指すのではなく、その病気が治る、または副作用が出ることが本当にその薬が原因なのかを調べるために存在しています。,16,ざつよろ
142-24,@すけさんかくさん 私も治験中だから、プラセボが入ってるって電話で聞いたんですが、それが嘘と言うことなのでしょうか？,20,I J
142-25,自分を絶対責めないで下さいね。悪いのは「自己責任」と言うくせに情報統制して、真実を伝えなかった政府ですから。それにロットによっては「プラセボ」という食塩水かもしれません。毒の弱いものもあります。もしも何かあったら政府を訴えましょう。打った人も、打たなかった人も共に戦いましょう。,87,Lapin Lune
143,メディアもドンドン事実を取り上げて欲しいです。苦しんでいる方たちの声を。,56,K.み-ちゃん,0
144,絶対拡散すべきですね。メディアがデメリットを報道しないんだから。言論統制もお構いなしなんだから。日本が日本じゃなくなりつつあるんだから。,102,サイコロマン,1
144-1,バンバン、拡散して欲しい。じゃないと不公平です。,5,boyacharchan Love
145,まだまだこれからが本番ですよ。こんなのは　序章に過ぎません。リチャード先生の言っている事が現実になってきましたね。,12,こめきち,0
146,有難う御座いますとしか言葉が無いです😭　魂の汚れの無い方々の行いが潰されずにこのまま広がって行きますように。💖ところで、本当に日本人の八割が打ったのでしょうか？ずっと疑問です。,27,K,0
147,今までの薬害の例を見て受けようと思ったのが不思議。国は何を言うても絶対責任とらないと思う。,7,あんり,0
148,安全が確認されていない薬品を人類に対し使用することは異常だと思います。打つ判断は本人次第とか言ってるが、不都合な真実を意図的にブロックされた感じがするのは私だけではないだろう。大切な人を守るためにすることは打つことではない！　この映画を見ることだ！,54,A C,0
149,こちらに参加して下さった方皆さんに尊敬と敬意を表します！真実を知らない1人でも多くの人に届きますように。,3,N,0
150,長尾先生が、立ち上がった！！！〝ワクチンが、何故反対なのか！〟を、知って欲しい！,5,石見神楽,0
151,歴史に残る大失敗になるかもね、、。まだまだメディアは3回目を煽る報道やめないし私は子供を守り抜きます,143,つくし,1

152,涙が出た(>_<),22,ARIAさん,0
153,薬害の歴史をちょっと調べれば、国が正しいと言ったことが間違いだったなんてことは山ほどある。,25,Ultrarich,0
154,おいら一時期親にワクハラされてたけどこういうの観ると無視し続けて良かったなって思うわw,143,ポペガ,1
154-1,👍👍👍,12,小柳絵理あ子
155,予防接種だと思ったら遺伝子治療でした。,247,ぴろぴろ,1
155-1,その通りです！！お花畑の日本人の皆様は覚醒して反撃の時がきました、子供の為に1秒でも早く気づいて、周りの人に教えてあげて下さい！！,14,tom nomura
156,変わり者から世の中を変える者になる日もそう遠くなさそうだね！自分の考えは間違えてなかったと誇れる。,21,冨樫の弟子,5
156-1,私も誇れます！頑張ります。,0,薔薇
156-2,その日までお体に気をつけてお過ごし下さいね☺️,2,冨樫の弟子
156-3,いつになったらくるんだかw,0,レヴ
156-4,@フラクタル図形 そんな辛辣なwwwwwwwww,0,しゅな
156-5,一生来ないから安心しろや,0,フラクタル図形
157,素晴らしい！！,10,kou7405,0
158,テレビしか見ないような人には事実を知るのには時間がかかりそうですよね。その前に命を落とさなければいいですけど。幸いにも私の母は、茶番に気づいていて助かっています。これ以上ワクワクで苦しむ人が出ないように事実を沢山の人に知って欲しいです。,19,クルミ,0
159,TVを観ないでこの映画を観てほしいです,45,鈴木幸,0
160,ほんと二回も三回も打ってるのが信じられないわ！ちゃんと調べて打ってんのかね？未接種でよかった,26,肥後おみつ,0
161,「ウチの小学生の子供が喘息持ちだから、なるべく早くワクチン打たせてあげたいのよ～」と言ってる友人に見せたい。,87,キバマル,1
161-1,いやいやいや〜、なんでそういう発想になるかだよね😅　喘息持ちならなおさら猛進してはだめかな、と。ま、医者に言われたのかな。,12,かんのわのなのこくおう
162,変な大人は手遅れだけど子供達がいつも犠牲になるんだよな！,16,bmwlife59,0
163,危険な洗剤や柔軟剤による化学物質過敏症も同じ。一生不自由さを抱えなければいけない。訴えても何一つ届かない。だけど、伝えなくちゃ何一つ変わらない。伝える側は色んな意味で命懸けなんですね。だってまさにみんなの命が将来がかかってるんだから当たり前なんですよね。怒らない方がおかしいんです。人間として当たり前の事を言っているだけなのに。,33,copanda panda,3
163-1,自演乙w,0,芋の人。
163-2,同意でした,10,ぽんまき
163-3,激しく同感,12,ぽんまき
164,しっかり聞きたい　みたい　知りたい,165,よっちん万歳,0
165,私も説得しようと言ったが、変人扱いされ、家族は皆打ちました。イギリス在住。打ってもまたコロナにかかった家族も居たし、夫は心臓と神経が悪く成り、テニス好きな４０代ですが、歩くのにも心臓が苦しくもうスポーツはできないかも。病院では最初は副反応かもと言いましたが、ころっとメンタルの病気と診断が変わり、不信感でいっぱいです。,11,M B,0
166,コロナ茶番がようやく収束の兆しを見せ始めた。,54,紗倉木糸,1
166-1,まだまだまわりでは気がついていません。,0,薔薇
167,もっと、声に挙げていきましょう‼️私も体調不良になりました‼️3回目の追加が怖くてしかたありません‼️何故、このワクチンへの絶対的な信頼の根拠はどこにあるのでしょうか‼️,89,大村和代,2
167-1,信頼というか社会に毎日蔓延るリスクにたいして、打ったほうがいいかなというだけじゃない？あらゆる全ての物事にリスクはあってそのリスクを数値化してビビるのも特定のだけ認知するのもバランス悪い認知だと生きづらいですよ。この時期、風呂入って死ぬ人が毎日何人も出ています。高齢者はヒートショックの死者数を調べたら風呂入れなくなりますよ,1,blue
168,このコロナ茶番が、2重にも3重にも詐欺だということに何故みんな気づかないの？それが不思議でならない。,33,都筑隆,0
169,ありがとうございます！真実を発信してくださり、ありがとうございます！,5,Kimi rin,0
170,今までは疑問を書いただけでも1分もしないうちに削除されてたのに、こうゆう動画とかコメントが削除されなくなったことも不思議ですこの動画も、検索にワクチンと入れたら一番最初に出てきましたが、今までなら反対するような内容のものはなかなか検索に引っかからなかったし..流れが変わったと言う人もいるけどそんな単純なことなのかなあまりに短期間で変わりすぎてることもなんか怖いです..動画の内容とは関係ない書き込みですみません,18,えりぽ,0
171,事実をどんどん公に出していくべき！素晴らしい取り組み✨こういうページにいちいち出てくる厚労省のアンフェアなワクチン情報に腹が立つ。,234,アコードユーロR,0
172,名古屋でも豊橋でも上映してください❗️お願いします🙏,11,sayu ponta,0
173,看到希望，谢谢日本人,8,我的家在大盐,0
174,これ、英語の字幕つけられたら良いのに,13,Yumi Manring,0
175,youtubeで公開が難しいならどんな発言をしても許される肥溜めプラットフォーム、オープンレックで配信してくれ,12,雪国,0
176,3回目副反応は、ワクチン接種後の頚部圧迫感、頭痛、38℃台の発熱、嘔気、強い悪寒、倦怠感が2日間持続した。3日目から体幹にヘルペス出現し、時折悪寒と頭痛があった。1週間後から体調不良は改善したが、記名力低下と失語症の様に言葉の言い間違えが増えた。10日後位にヘルペスは改善し、失語症も改善した。自分の身体に何が起こったのか考えると怖い。,38,tomo isi,1
176-1,イベルさんが枠副反応にもいいという情報があります。,0,亀茶
177,沖縄でも見たいです！,14,14 s,0
178,英語の字幕をつけて世界中に配信していただけないでしょうか？今ドイツに住んでいますが、ドイツ政府がワクチンの義務化を進めようとしていて、多くの国民もメディアを通して洗脳されていて、これからどうなっていくのか本当に恐ろしいです。ワクチン後遺症の確率は本当にわずかという話を聞きますが、その少数の後遺症をもった方々に対して「不運」の一言で片づけてはいけないはずです！その苦しみがどのくらい続くのか誰にもわからないのですから…。ドイツの人たちにも、世界中のワクチンを推奨している人たちにもこの映画をぜひ見ていただきたいです！,14,Singanewsong,1
178-1,世界の人達の為に字幕をつけて、全世界に発信するべきだと思います！！,5,tom nomura
179,噂で聞いたけど思ったより重症の方達が結構集まってるわ(),21,芋の人。,1
179-1,本気でヤバイ奴ばっかで怖ぇよ…,0,レヴ
180,欧米もそろそろ有名人(俳優、有名外科医、スポーツ選手)が亡くなりはじめてるのでどんどん声を上げる人が増えるでしょうね,10,小渕恵ニ,0
181,えー。　先生達、かっこいいなぁ。子供や小児の接種は去年から反対です！海外でも無理やり打たされておかしくなってる子供達もいるのに日本もそうなるでしょうね。,11,Yuri Ka,0
182,今でも世間では💉勧めているけど、さすがに無理がありますよ。,159,kana 5,0
183,きちんと国民に説明せよ。我慢の限界です。同調圧力になんか負けない。戦ってやる。許さない。,21,Respect Usa,0
184,こんな映画を見なくても自分の身体に入れる薬の仕組みぐらいは勉強し作用副作用ぐらいは想像できるようにはしたいな,76,碧葉さとる。,0
185,後遺症で苦しんでいる方々の苦痛苦悩はいかばかりか。テレビも感染者数を強調してばかりで後遺症に苦しむ方々の追跡調査をしない不自然さ。私の親も二回接種後、大きなおできが出来たりまぶたの下が赤く腫れる等、皮膚系トラブルを抱えてしまいました。皮膚科には「お疲れの患者様 30分で済む点滴があります。」と違和感を覚える貼り紙がありました。,12,日村拓也,0
186,私はワクチンでそんな目に遭いたくなくて打っていなかった。アレルギー体質でもあるし薬で酷い反応が出たことがあるので怖くて打てない。今年の始めにオミクロンに感染したけど自然治癒で頑張った。かなり辛かったし、なかなか治らずにとても不安でした。とりあえずデルタの方だったらどうなっていただろう。。ワクチン打った人は自分は重症化する恐れがないからと、あちこちに手指消毒のエタノール等が置かれているのに、最近は使用する人をほとんど見かけない。以前は手指消毒の為に並んで消毒していたのに。そんな人間がウイルスをばらまいている、。ワクチン打てない人がたくさんいるのに。。,34,月光の調べ,2
186-1,@Hana Mitchy 確かに打つのは怖くて無理。打つのも打たないのも絶望的。完全に対策を続け出来る限り免疫力を上げる努力をするしかない。問題は、職場に悪質な人（サイコパス）がいて、免疫力に自信があるらしく絶対にマスクを外して寄ってきて話すしトイレの個室に入る。注意をしてもニヤニヤしてふざけたことを言うだけで平然とやめない。上の人間は放置。不安しかない。わざわざ何かに感染してそうな体調の悪い人に接近してはウイルスを貰おうとする。それを別の人に感染させようとして楽しんでいる。そうやって仕事のライバルを消しては喜んでいる。そんな人間に限って上に取り入り信頼を得るのが得意。特別扱いされているしどうしようもなくて。。まぁ上もサイコパスしかいないし。。なので関わらないようにするのが本当に大変😢。重症化しやすい変異が無いことを祈るばかりです。,0,月光の調べ
186-2,ワクチン打てない方もいるけど、絶対に打たない方がメリットがあると思います。私もアナフィラキシーになった経験があるので打つ気はありませんが。あんな危険な毒まみれの薬を体内に入れるなんて、安全な訳ないじゃないですか。私は、今ではあの経験に感謝してますよ。でないと、打っていたかもしれません。,13,Hana Mitchy
187,責任が発生しなければならない事。,4,バイトなんで,0
188,地元の映画館に上映依頼します。,21,ココノ,0
189,巷で陰謀論と嘲笑されることを少しでも信じていれば苦しまなかった、亡くならずにすんだ人が大勢います。なぜ、ここまで言論弾圧をするのか？人は考えることをやめた時に負けます。しかし団結すれば力を持ちます。声をあげる方々、ありがとうございました。,16,【メイン】True Fact Check,0
190,この動画が消されないことを祈る！,25,かなかな,0
191,１回目打ったあと、このことに気付いて、ワクチンなるものを一切受けないようにしました。体調はすこぶる好調です。子どもにもワクチン打たせていません。ただ、ワクチンを接種していない人を「なんで打ってないの？」とか悪者扱いしそうな空気感が嫌でたまりません。多数派の意見が正しくて、少数派の意見が間違っている、という思い込みは差別の根源だと思います。地球は丸い、って唱えた人が正気ではないという時代から何十年もたって、正しかったんだってなったことを考えると、ワクチンなんていらないってことが正しいと全世界に認識されるまでには何十年、何百年とかかるのかなあ...,80,HikonyanS660,27
191-1,@めぐりズム 笑顔の絵文字😆で喜んでませんはさすがに無理あるて。んなサイコやん。普通の神経ならパートナーが体調崩してることについてそんな絵文字使わないと思いますが。「ワクチン推進派の夫が体調崩して、反対派の私は健康だ。これで反ワクチンの正しさが証明された！」っていう喜びの表現にしか見えない(というかそう書いてますよね)ですが、もしそうじゃないなら気をつけた方がいいですよ。意図したことと違うことを他人に伝えてしまってるんですから、もう何も書かない方がいいと思いますがいかがですか？自分の言いたいことが伝わらないなら何も書かない方がマシでしょ？,0,Dyson
191-2,@100万回コメントしたねこ いや、他に方法あるんですか？って聞いてるだけですよ。煽ってるから不愉快とかいう論点ずらしはやめてください。方法がないなら、社会での役割を全うするために本当は打ちたくないけど打たないといけない人がいることは理解してるんですよね？じゃあ、あなたの「打ちたくないねが強過ぎる(笑)」ってコメントはおかしくないですか？なんでそれが強いんですか？それは医療従事者の前でも言えますか？医療従事者の苦労がわかるなら、そんな煽りコメントは撤回すべきでは？,0,Dyson
191-3,@めぐりズム 家庭の事情は色々あると思うけど、夫の病気を喜べるほどワクチン推進派・反ワクチン派って人をおかしくさせるんですね。もう怖いわ。,1,Dyson
191-4,@Dyson 学生時代の同期がインフルから肺炎患った時そんな感じだったけど。,1,魂の 薔薇色
191-5,@Dyson ...返信する人間違えてない？医療従事者で苦労してるってのはわかるし同情するけどさ。そんな他に方法あるか？とかこれで少しは理解できたか？とかそんな煽られたら不愉快だよ。勘違いしないでほしいけど俺はもうワクチン打ってるよ。,0,100万回コメントしたねこ
191-6,@魂の 薔薇色 じゃ、打ちたくないね。が強すぎる（笑）,2,100万回コメントしたねこ
191-7,@みるくゆがふ 正解！,2,boyacharchan Love
191-8,西洋医学偏重が良くないのです。直ぐに薬で対処しようとするからそれを止めないと。,3,boyacharchan Love
191-9,@Dyson 自然療法士るい さんのチャンネルでファイザーのワクの説明してました。かなり前なので、今はヨーツベさんに消されちゃったかもしれません。よかったら観て下さいね。,3,にゃんにゃん
191-10,@杉藤志おり 実際私の職場の人も、２回目は全員１日仕事をお休みしました。仰るとおりだと思っています。,7,HikonyanS660
191-11,@Dyson じゃ、打ちたくないね。それだけ。,19,魂の 薔薇色
191-12,@Dyson 劇薬の意味わかってるのかな？,8,魂の 薔薇色
191-13,@杉藤志おり その空けられた2回目の穴を埋める方が接種会場の担当者にとっては大変だったかもしれませんね。,0,Dyson
191-14,​@魂の 薔薇色 私が劇薬の定義を決めたわけでもないし、私が劇薬指定したわけでもないので、私に聞かれてもわかりません。,1,Dyson
191-15,@Dyson 二回目が大変なんですよね。私の友人も一回打って二回目は打ちませんでした。,12,杉藤志おり
191-16,@Dyson そもそも劇薬指定だけど、そこらへん大丈夫そ？,21,魂の 薔薇色
191-17,@みるくゆがふ はい、おめでとうございます。罹患しないのが一番ですね。,0,Dyson
191-18,@I J あなたにとっては打つ必要がなかったということですね。それはそれでいいんじゃないでしょうか。打つもよし、打たないもよし。自分で決めたらいいんですよ。実際副反応はしんどいですからね。,2,Dyson
191-19,@t9 打ったらどう終わるんですか？科学的な根拠をソース交えて教えて下さい。英語読めるんで海外の論文とかでもいいですよ。煽ってるんじゃなくて純粋に知りたいだけです。みなさんがいうmRNAの危険性ってどう科学的に証明できるのか気になります。,0,Dyson
191-20,インフルエンザワクチンも同類の様です。私の実体験として、毎年受けていた接種を止めてから、一度もインフルエンザに罹患しなくなりました。,29,みるくゆがふ
191-21,一回も二回もmRNAうったら終わりや,17,t9
191-22,@Dyson 打つ必要がないものは打たなくていいのです(笑),39,I J
191-23,1回打っても体調すこぶる好調なら別に打ってもいいやん(笑),3,Dyson
192,静岡県で上映お願いします。🙏知事はぜひみてください！,15,のりのり,1

193,応援してます。,5,カー,0
194,このことが本当であるなら、世の中は相当おぞましいものですね。ゾクッとしました。,39,ヘルシーパパ オーガニック＆無添加【家ごはん】,1
194-1,平和日本が続いたので、表に出ていなかっただけでしょう。,7,Kiichi
195,そもそも接種に同意書あるのが怖すぎ,21,メフィラス星人,1
195-1,国「全て自己責任です(´･_･`)」,4,みみ
196,日本のテレビメディア新聞は乗っ取られてもう日本のものではアリマセン😭こんな真実を報道してくれるところがなく今では3回目の💉を打たせようと必死です。子供にまで😣真実の映画楽しみにしています。,21,星の王子,0
197,コロナウイルス→郵便投票→アメリカ大統領選挙　最初のこの流れでワクチン打たないのは決めてた。,57,ひま暇ひま,4
197-1,すみません。これってどういう事なんですか？コロナウイルスが大統領選挙と関係あるんですか？,0,100万回コメントしたねこ
197-2,普通はきずくと思うんですがね、接種開始前から、いろいろな博士の告発ビデオ出てたし。,20,yama hiko
198,広まれマジで！！,35,ほほほみみみ,0
199,河野太朗の嘘が引き金になってると思う、あの議員はダメだわ。,9,杉分宏行,0
200,何が起こってるか知って欲しい、考えて欲しい。,8,超初心者の味方ハジメ,0
201,全世界的に億人単位の薬害訴訟になってゆくかもしれませんね,66,kazzdon01,1

202,歌はASKAさん(チャゲアス)のPRIDEですか？この1分半で涙が出ます。多くの心ある勇気ある方々が立ち上がってくださった。見事なスピードでこの映画を作ってくださり、ありがとうございました。海外でも見たいです。,38,rak14miracle,2
202-1,飛鳥「クスリは危険だ！」,1,G O
202-2,ASKAが主題歌なのやばいだろ,1,レヴ
203,私の身の回りの人も接種後、慢性疲労症候群になりました。,26,もりのくまさん,0
204,こういう映像が水面下ではなく、少しずつ顔出してきた事が素晴らしい。これを機に何か仕掛けてるモノに一撃喰らわしてくれる動きが活性化して欲しい。正しい人間道を照らして欲しい。さぁyou tube、どうでる？また、消すか？w,7,redshoesboogie,0
205,自分もワクチンの後に謎の目眩に一ヶ月くらいおそわれた。,46,うみうみ,0
206,every medical intervention comes with some risk and benefit. you cannot just focus on one side. the better choice is always different depending on each individual.,5,A H Olivia Smith,0
207,また、ひとつ大きな流れがきましたね～、、とにかく、今年中になんとか、、、,12,donnahide,0
208,殺傷能力が、高いなあ。こんなのを強制してくれるな。一生歩けなくなるなんて、かわいそうだ,11,喜喜,0
209,勇気あるチャンネルに賛辞送ります,60,ヤマシタユウタロウ,0
210,自分に問題がなかったからって無責任に勧めないで欲しい。仮に問題があったら絶対に他人には勧めない癖にね。無責任なんだよ。問題がなかった人は被害者の声を聞こうとすらしないからね。平気だった人たちで勝手に盛り上がり、実際にはこういう声は届かないんだよね。,14,タサン,1
210-1,それどころか馬鹿にします。,0,さゆ
211,闇勢力の圧力が少しづつほころんで来ました。何千人もの死者と後遺症者が接種の間違いを物語っています。生命財産は国が守るはずですが、常時必ずではありません。多くの医師や体験者が反対している事を見抜いて、しっかりと目を凝らして考えるときです。絶対に可愛い子供の未来が失われてはいけない。一般の多くの人が見られるようにして欲しい。,112,ウィルエイブ,8
211-1,@ざつよろ そもそもその数字全く関係なさそうなのが多いよね,4,ハトクラ
211-2,闇勢力で間違いないでしょ。打たせよう、打たせようがすごいんだから、明らかにおかしい。,14,I J
211-3,仮面ライダーの出番ですね！！！,2,すけさんかくさん
211-4,闇勢力って厨二病ですか？,3,マカロンパグ
211-5,そんな胡散臭い言い方するからダメなんだよ,8,岡本和真
212,もう何が正しいことなのか分からんただ俺がすべきことは自分のした行いや選択に対し　戦士　として最後まで責任を果たすことだ,18,生粋のバルセファン,2
212-1,@一蘭KL あぁ!! 勝負は今!! ここで決める!!,3,ゆづぽん
212-2,ライナー.......やるんだな!?今....!ここで!,3,一蘭KL
213,本当にテレビに出ている専門家政府、岸田総理に見てほしい,0,やえこ,0
214,コロナ脳の方たちにどうしたら届くんだろう😰ワクチンか！毎日検査か！みたいに職場で言われています😭,46,ピースフル・ワールド,2
214-1,@かんのわのなのこくおう ありがとうございます！！私も全く同じ考えです。TVでもすこーしずつ真実を伝え始まっていますが、まだまだですね。こんな時こそ笑顔ですね🙆,4,ピースフル・ワールド
214-2,コロナ脳には届かないんじゃあないかな。毎年職場でインフルエンザ予防接種もしますが、私はやりません。インフルエンザかかったことないし。今回も3回目お知らせ来たけど、一回目まだだから打てないよ、と言われ、打ちませんけど（笑）。笑って楽しく暮らすのが私のせめてもの意思表示です。某介護福祉士より,7,かんのわのなのこくおう
215,福岡での上映もお願いします,5,Sachie Konno,0
216,💉打った後痛いか痛くないか熱が出るか出ないかの副反応だけに目がいって💉を打つ人は後遺症を怖がらないのが不思議でしょうがないです。,28,星の王子,1
216-1,バカ面白いよね😀,1,滝丸蘭々
217,子どもがいるので見に行けない💦DVDとか買えないんでしょうか？是非見たいです！,45,原田幸,0
218,大変な思いで警鐘鳴らしてもらってありがとうございます。テレビは自らのコロナ報道の在り方によって、自滅していくのだろう。,4,ハルハル,0
219,絶対に、洗脳テレビでは、放送されない題材。,19,子猫ねこねこ,0
220,歩行困難は子宮頸がんワクチンでもありました。ワクチンがどんな仕組みなのかよく知らないといけません。,10,ne o,0
221,お金出してでもマジでみたい,7,たいこう,0
222,来た来たー〜やっと来た〜😭😭✨👍👏👏👏,57,カッシ,0
223,👏👏👏👏👏‼️,42,いくらいく,0
224,「人の遺電子に、和久血ンの遺電子が組み込まれた。」という重要な実験結果が２月28日のsakitani石のブログに書かれています。うった人・子供達は、大変なことになります！,6,青天気愛,0
225,問題は日本の研究にお金をださず、科学的な根拠もなく、飲食店いじめすることですあと、利益がない若者に打たせること,11,すみっこゆき,0
226,見たい！,7,なかよしちょこ,0
227,広めていきたい,99,M O,0
228,治験も終わっていない不必要なものを若者に打たせるのは、言い過ぎですが、学徒出陣に近い雰囲気はあります,7,すみっこゆき,0
229,多くの人々の目に止まりますように。,1,s a,0
230,ここまで2年…長すぎる。犠牲も多すぎた…同意した以上、愚民による愚行が原因、よって因果応報だと今更突き放しても終わらない連鎖。3回目が分かれ目。もう止めない、好きにしたらいい。ただ、子供達だけは絶対西村巻き込むな。,54,Puff Dadico,2
230-1,同意見です。大人は自業自得だが子供はかわいそすぎる、,8,yama hiko
230-2,ひろゆき？,1,Dyson
231,２回目打ってから、毎月体調を崩してしまうようになりました。学校のみんなの目が怖いです。打たなきゃ良かった。,7,kanaria 。,0
232,在米ですが、日本の方にも同意見の人がいると知って安心しました。メディアに操作されてる田舎の母はワクチン打て打てとうるさいです。私は打つ必要性がないと言い返します。母は医療関係で働いていることもあり、ワクチン3回目打てると言って喜んでました。まるでワクチンが印ろうかのように言います。興ざめですよね。私は一度コロナにかかりましたがメディアが煽るような呼吸困難の症状も高熱もなかった、死にかけもしなかった、こうやって普通に生きてます。ワクチンしてもコロナにかかる人はかかるんだから...とりあえず打つ打たないは個人の勝手なので、強要するのはどうかと思う。,9,スチュワートさん,0
233,人工削減を目指す一部国際エリ-トさん方の企みに、世界中の善良な一般市民の方々が考える暇も与えられずにうまくはめられてしまったのではないでしょうか。人体実験の真実を伝えようと立ち上がってくださった方々に心から感謝いたします。,16,yholleran,0
234,打つ打たないは個人の自由、しかし俺は死にたく無いから打たない。,23,松山雅也,0
235,こういう現実をひたすら無視する民放、新聞、政治家、全て存在意義が無い。,12,まっすう猫スキー,0
236,同調圧力により抑えられてきた,38,Feng Wang,0
237,数日で治りましたがワクチン摂取後に味覚嗅覚がかなり弱くなりました。熱は39度です。ワクチン摂取したその日からです。二回目打つときは大丈夫でしたが、摂取前のかるい医師とのカウンセリングで話したら渋そうな反応してました(笑)まぁ不安にさせないようにかなにも言われませんでしたけどね。,6,南方綾鷹,0
238,やっとこう言う動きが出てきたか。潰されないでほしい。これ、いつまでようつべにあるかな?真っ先に消されるのでは？消されていないのが不思議！どうやってAIから逃れているんだろう？,32,やい,0
239,この動画が削除されないということは、概ねの目的は達成されたからでしょうね。,26,KAZU,0
240,YouTubeで無料公開したらいいのに,19,MIYA,0
241,TVでいろんな意見が無いのはおかしい。思考停止とか同調圧力受けてるのってそこに座らされてるｺﾒﾝﾃｰﾀｰやﾀﾚﾝﾄがもしかしたら色濃いのかもしれないですね。議論も許されない雰囲気、仕草が感じられます。,54,無,1
241-1,違う意見が出てくると、司会者が慌て出すのがあからさまだからね。,13,Kiichi
242,私は昨日耳鼻科に行った際に、ワクチン未接種なだけで受診拒否されかけました。ワクチン打ってても重症化を防ぐことしかできないのに。訳が分からない。,12,あいり。,2
242-1,本当ですよね。この国は狂ってる少しでも周りの状況を冷静に見れるひとが増えてくれればと思います。,10,みみ
243,ワクチン副反応＞感染症状ワクチン副反応発症率＞感染確率,13,イニシャルMK,0
244,心ある勇気のある皆様を尊敬します！本当にありがとうございます🙇🏻‍♀️伝えたら、興味を持ってくれた方々がいて自宅を離れられない生活なので、オンデマンドやDVD等で観られる方法を捜しております。良い方法を教えて戴きたい❗,2,Hoshino chan,0
245,宮沢孝之、あるテレビ番組で、凄くいらだってましたね。,6,かいとさえこ,0
246,ありがとうございます！(*^▽^)/★*☆♪,5,akihiro ichikawa,0
247,この世界は地獄　地獄はあの世にあるんじゃない　この世にある　強制じゃない任意だと言ってるでしょ　同調圧力に負けそうなら仕事を辞めてでも　己の身を守るべし　己の身は己で守るしかないんだよ　ボーっとした羊の群れでいてはいけないよ,18,いみきりこ,1
247-1,欅坂46の黒い羊とサイレントマジョリティーきいてみて,0,滝丸蘭々
248,どうしても宮沢教授を見るとあれを思い出してしまう,1,Mrs GREEN NIPPLE,0
249,『記録映像 新型コロナウィルス後遺症 ロングCOVID』も作って、酸素ボンベ引きずって歩いてる人も取り上げて欲しい。,2,H K,0
250,どうか拡散を急いでください、どうか宜しくお願い致します。間に合いますように。,26,タヌ吉,0
251,症状の原因を解消し、体本来の機能を取り戻し健康になっていきたい方をサポートしています。,1,egaosukoyaka,0
252,これが、真面！,71,涼葛城,0
253,主題歌がASKAなのがこの映画の全てを物語ってる,7,Gu Mi,1
253-1,確かに笑笑,1,キルヒホッフ
254,支援します,4,落合豊,0
255,ワクチンの副反応が嫌でまだワクチン打ってない,15,馬鹿1号,0
256,おはようございます。このような映画を待っていました。🔔＋１👍＋１予告編を拡散させていただきます。😃🙇,11,赤とんぼと神様,0
257,是非 英語の字幕をつけてください。,3,Rhubarb Pie,0
258,もっともっと、真実を表に‼️先生方、発信ずっとしてくれてありがとうございます‼️先生方のおかげで打ってません‼️ これからの、3回目、子供達への接種は断固反対します‼️‼️,40,chan pi,0
259,隠せなくなるね,悪魔の悪さを摘発するのはこれからです!,25,y s,0
260,いいね〜！,5,亀ちゃん,0
261,一方的な視点になってない映画なことを祈ります,3,山田太郎,0
262,本当ありがとうございます,1,あかね,0
263,勉強になりました！,5,T S,0
264,よく注意してみると「感染予防効果があります」「重症化予防効果があります」とは言っておらず「感染予防効果があると言われています」「重症化予防効果があると言われています」と言っている。ダイエット食品やサプリと同じ手法の様にも思えるが、機能性表示食品の場合は事業者は免責ではない。,10,烏山石煙,0
265,議員達は、この実態を直視しなさい‼️,2,一之城咲チャンネル,0
266,私はワクチンを打ってません。自己判断ですからね。強制接種の国は怖いね。日本でよかった。,16,つるかめ,2
266-1,つるかめ　様少し前に、「予防接種法、及び検疫法」が改正されてます。それによれば、「一部の指定された人は接種の対象としなくて良い」と。個人の判断にまかされてるはずなのにわざわざ明言する理由は？それはもはや、国会議員や上級国民を除いて日本も「強制」になるのではないかと不安です😞,0,lemon
267,やっぱり、薬でもなく、毒である。治験がおわっていません。治験が終わって初めて薬になる。,37,せいこ,0
268,ドキュメンタリー映画が出来ていたのは知りませんでした。ワクチン接種後に発見した。,2,Ikk0 M,0
269,テレビを見てる人は打つのでしょう。,12,cb mc,0
270,コロナ後遺症についても知りたい,8,Walküre,0
271,世の中はオミクロン煽り一色＆打て打てでワクチンのその後の事などないも同然のような風潮が異常ですね,9,小布施ピアノ♫,0
272,是非、観てみたい。その上でワクチンを打つか決めたい。,20,atkyu,0
273,打つ打たない自由でいいと思う。ただ、打たないから悪ってのは気に食わない。,43,相楽亮,0
274,素晴らしい監督の声にそっくりだ,4,生粋のバルセファン,0
275,宣伝動画だけどバンされないか心配。ようつべはこの動画を消すなよ。,16,houtoumusuko,0
276,別にワクチン推奨はいいけど義務化や差別を助長したりするのはおかしいと思います。周りがしてるからしようっていう風潮も良くないです。,4,ルルるる,0
277,最初からワクチン批判してきたけど間違いじゃなかったようで、ひとまず、安心。権力がある人が言おうが、金持ちが言おうが、肩書きのある人が言おうが、ニュースで言おうが、易々と信じてはいけない。すぐ信用するのは、お人好しなどではなく、きつく言うと馬鹿ということ。,8,aibme,1
277-1,特に金持ちとか信用してはいけない。お金を私利私欲のためにだけ使う人なんて頭の中は、金集めのことしかないのだから。まぁ人間そんなものだけど,1,aibme
278,もうずっと前から戦時レトリックで煽りに煽ってます。医療倫理や人権が踏みつぶされて、あり得ないことがまかり通っています。一歩立ち止まって考えてみましょう。,13,Yasunori FUJISAKI,0
279,恐ろしいことです。,48,牛すじカレー,0
280,最後の一番大事な部分、上映予定が次の動画の広告で隠されて見えません。概要欄に記述して欲しいです。,9,池田和仁,0
281,接種した事で、今後本当の単なる風邪でも免疫細胞が、御作動起こして身体を攻撃するって事か？厚労省も職員全員接種してない医療従事者だって人体実験か？なんて言ってた,6,small rabbit🐰,0
282,歩けない振戦ですね、麻痺様になる、皆さん、治験ですから、参加しない様にして下さい、治験ですから、任意ですよ、、,12,kunpunogogatsu,0
283,テレビ脳の親に危◯性をどう伝えればいいのか・・・,12,大石さん,0
284,この動画は削除されなければいいが。,82,candy1179,0
285,映画観たいと思ってもどこも完売で観られへんやん。上映期間も場所もほとんどないやん。どないせーちゅーねん。何とか映画を観れるようにしろや！,22,masa200555,0
286,科学的な検証が不足した状態で、行け行けドンドンやったのがいけない。万が一の時の責任の所在があいまいなのと、接種に関して自由な選択が憲法と法律によって保障されているにもかかわらず接種していない人を差別しようとしている。国は、国民に接種をしてほしいなら責任の明確化と法整備をしなくてはいけない。国民の間にはびこる同調圧力によってコロナ対策をしようとしてまともな対策をしてこない政治家はもういらない。,6,ゼロツー,0
287,ありがとうございます。,5,安田敬寛,0
288,コロナの後遺症で苦しんでいる人がいるのもまた事実なんだよなぁ,100,ちゃんひで,3
288-1,@boyacharchan Love どんな薬にも副作用はあります。流行病に対処する事は特別な事でしょうか？,2,ちゃんひで
288-2,どんな病気も後遺症はあります、コロナを特別視する事が問題。,6,boyacharchan Love
288-3,老人と子供を一緒くたにしてはいけないということだと思う。,16,Kiichi
289,自分の付近を見ても3回目のワクチン接種は打たないという人は多く見える。,13,楠本高子,0
290,自分は2回打って微熱感と倦怠感はあってもそれで一日だけで問題になりませんでした。😌,0,ムラゆう,0
291,拡散してマスゴミに対抗しよう！！！,6,さや,0
292,リスクも承知で打ったんでしょ、文句言うなよ。…とは言いたいものの 世間も接種を促したからなぁ…。,21,kcal diy,0
293,宮沢先生、コロナウィルス研究に国からのお金カットされて嘆いていたよね、あの正義の味方で,2,すみっこゆき,0
294,本音で話すことは大事ですが、宮沢さんは確たるデータを示すべき。テレビでも宮沢さんを拝見しましたが感情論で話してるだけに見えました。学者である以上、大事なのは確たるデータです。信じたいですが因果関係を証明しなければ意味がないです。薬も多少なりとも副作用があるのは普通だし、ワクチンにも副作用あるのではないかと考えるのが普通だと思うのですが、後遺症って言い方が正しいのか自分にはわかりません。コロナ感染後治癒した後に後遺症が残ることありますが、そちらの後遺症に関しては問題がないとお考えですか？どちらが正しいのかわかりませんが、どちらにしても明確な根拠、因果関係の証明が大事です。,7,戦闘民族,1
294-1,ソースがはっきりしてないの映画としてどうなのか…,1,レヴ
295,嫌なら打たない、打ったほうが得と思うなら打つ。でええやん！,8,たくわくさん,0
296,自分の周り皆ワクチン接種済みなんやが、打ってない同志おる？,34,OOO HHH,7
296-1,運良く、長尾先生と鹿先生のYouTubeに出会ったので、打ってません。全て削除されたけど…でも、ニコニコで勇気を貰ってます。,4,あみこ
296-2,@かんのわのなのこくおう まだ、治験中､任意だって事を､みんな理解してないのかな？とさえ思います。,10,川本葉子
296-3,打ってないよ🖐️職場にはほぼ1人。3回目打たないかな、と言っていた同僚もこのぴーしーあーる検査数増量中ゆえの陽性者拡大状況に恐れおののいて打つみたい。介護現場なので、打つのが当たり前、らしいよ（笑）。いや、当たり前なんてお前らが勝手に思っているだけじゃん！任意だしな。あ、うちの家族も打っていません。,12,かんのわのなのこくおう
296-4,私達家族4人（夫婦と17と21の息子）売ってませんよ。,5,まあき
296-5,が解って良かったです。何か、受けてないのを悪いみたいに圧力掛けて来られるのは、家族でも嫌ですね,8,川本葉子
297,ファイザー社は毎年ワクチンの接種を推奨しているけど、どう考えても利益尊重。人の健康などは二の次でしょう。日本の政府もコロナ政策に頭が回らないから乗っかるしかないのかな。,8,rikono,0
298,良い動画だ。,11,JonBovi,0
299,Fight for your freedom,8,Jarmen Kell,0
300,治験1年で1291種類の副作用が起こったとファイザーが公式データを公開してるけどこれが毒じゃなかったらなんなんですかー？？？？？？？？僕は２０２０の時点でこうなるって知ってたので当然打ってませんｗ,2,浩二,0
301,なぜ映画？？これたまたま見たけど、この議論はすごく意味があるし、ワクチン後遺症に悩む多くの方々の現状理解や支援、さらには国への働きかけなどみんなが知るとても良い機会になると思う。でも映画にしてお金払ってしかもその上映場所に行かないと見れないようにする理由はなんなのか疑問。予告編じゃなくて本編をここで流せばいいのでは？せっかく多くの人にリーチできるプラットフォームなんだから。なぜ？？わざわざ観れる人を少なくするの？理由が分からん。この予告編現時点で9万再生以上されてるけど、全国4カ所で上映して果たして9万人観に来るの？上映収入を支援に回すとか目的が他にあるのかな？だったら募金とか国への補償の要請のための署名活動とかいろいろ手段はあるはず。映画にして世間の注目をより多く集めるためというなら分かるような気もするけど、ならせめて上映終了後にYouTubeで見れるようにしてほしい。せっかくいい内容なのに、手段がいろいろ疑問。,10,tel kulala,1

302,副作用がない薬なんてものはない。確実に言えることだよね。,104,とと,2
302-1,@カランド貿易ペンギン急便支部担当兼社員ハーノ 枠のリスクの方が大だと彰化になってますよ。健康な若者、子供にはコロナのリスクは殆ど無いです。,8,boyacharchan Love
302-2,そうですね。まぁ、コロナに罹って重症化して死ぬリスクもあるので、どっちのリスクを低くするかって感じですかね。,1,カランド貿易ペンギン急便支部担当兼社員ハーノ
303,子供には絶対に打たせません。,7,月菜太陽,0
304,みんな自分の意見しっかり持てよ。周りと違うからなんだ。周りに流される方がよっぽど恥ずかしいし、やばいぞ。しっかりと情報収集して打っていいな。と思ったら打て。こりゃぁ駄目だな。と思うなら打つな。それが出来ないと将来困ると思います。俺はどっちの意見も否定するつもりは無い。,29,Y . Kaito Admiral,0
305,コメント消された？人は誰しも身体的な危害、拘束、毒を恐れているが、それがリスクの過大評価につながっているってファクトフルネスに書いてあった通りで感動している。,9,mochi mochi,0
306,ようやくまともな意見です。,49,早雲北条,0
307,この映像に対してオミ茂のコメントが欲しいね,75,heriosi,1
307-1,河野タローさんも。,2,boyacharchan Love
308,~为有良知的人点赞~！,5,22 liVR,0
309,ナガオサンもミヤザワサンも、みんなコマの人。流される人が本質に気づける日は来るのか…,1,な,0
310,他人のワクチン打つとか打たないとかどーでもいいけど，今を楽しく生きたい． 10年後の後遺症とか気にして今辛い思いするより，10年を思いっきり楽しみたい．今の年齢でしかできないことをやらずに後悔したくない．過去は変えられないけど未来は可能性がある．これは個人の意見．他人に何を言われようと構わない．反対意見が間違ってるとも言わない．,12,rei rei,0
311,まさか､この映画(?)に､チャゲアスの名曲「PRIDE」のASKAさんのソロバージョンを使うとは‼️,4,志郎,0
312,ころちゃんの騒動が全て茶番劇で、お金のために私たち働き蟻の命と心をもてあそんでいた。そんなにお金がほしいのか。そんなに絶対権力がほしいのか？うちらはもう少しで騙される所だった。うちらにだって人権が有るぞ❗,8,M B,0
313,実際の症状を訴えるコメントがが少ないのはなぜ？あなたや家族のリアルな病状を訴えるべきだ。あなたの体験談が力になる。,3,ヤマネユキオ,1
313-1,正解は、実際に症状がでているわけではないから,1,レヴ
314,こんな声があるの初耳です。,69,たぬきさん,8
314-1,@ハトクラ 打った人が感染拡大させてるのに打ち得の意味が分かりません,7,沖縄料理 Google星4.9 88件我謝ハル子酒場 那覇店
314-2,ハッキリと症状として出る場合もあれば、癌とか他の病気として弊害が現れるパターンもあり得るんですよね。その辺はやっぱり時間がもっと経たないとどれくらい影響しているのか分からない事ですし、常にリスクと隣り合わせのお注射なんですよね。そこは理解しておいた方が良いかと。,5,あ あハブラシぐれい
314-3,あるにはあると聞くけど、自分の周りにはいないって人もいるとは思う。わたしは友達の友達の友達、ぐらいの関係性が低い人に症状がある人がいるうわさを聞くぐらい。だから、コメ主の感覚理解できる。重い症状が出る確率がどれくらいかわかればいいですよね。それであとは個々の判断で。長期的に影響が出るか否かは、打つ派打たない派のどちらの話も聞きましょう。人はどうしても、信じたい方の意見だけを見がちです。わたしは持病ない未成年と若者は打つ必要はないのでは？とは思います。持病がある高齢者は打ったほうがいいと思います。感染で亡くなってる人もいるのも1つの事実だと思うので。そうでないなら、それよりも免疫力高めるほうが必要なのでは？と思います。ただ、いくら無症状でも、持病ある祖父母に一生会わないわけには行かないでしょうから、打つ人もいるのも理解できます。長期的な影響がわからないとしても、です。,1,kanandrop
314-4,えぇ…。,29,沖縄料理 Google星4.9 88件我謝ハル子酒場 那覇店
315,立ち上がった専門家の方々は現代の侍。,0,Hiromi,0
316,まだ世の中捨てたもんじゃないですな,6,Shogo Horikawa,0
317,隠蔽も陰謀論も要らない。真実がなんなのかということ。冷静になって考えてください。,3,Dr. hat trick,0
318,やっぱりワクチン打って熱がでるのは良くないだろ免疫反応とか良く見えない事言って身体は正直って言うし。,21,みえる,1

319,未来予想の部屋に大変な情報が有ります😵😱,2,金子勉,0
320,副反応の強弱、後遺症の有無があるらしいけど、その原因やメカニズムが気になるな。自分はモデルナ2回打ったけど、モデルナアームと数時間のだるさだけで熱は出なかった。免疫力強すぎてワクチンを瞬殺したとか？筋肉注射とのことで日課の筋トレが効いたとか？鋼のメンタルのおかげで精神病にならなかったとか？いずれにしても今後の解明が楽しみやな,0,ボイジャン,0
321,コメント欄がオフにされないことを願ってます。,12,プロパガンダム,0
322,今、シアター情報見たら、大阪、東京共に売り切れでした😭😭😭,6,ちゃがみぴぴぴ,0
323,おれ一回も接種してないしもちろんこれからも接種しない,46,m 5,0
324,映画、是非見たかったです（ ;  ; ）ワクは反対です！,3,ゆりゆり,0
325,すげぇな。博覧会みてぇだ,2,漆黒十字架親父,0
326,３月１日モデルの3回目注射打ちました腕一ヶ月以上過ぎても親指までしびれます日常差し支えないですが下に手を後ろに首辺りから神経痛いではなくてしびれますまさかまさか後遺症ですかね。と,1,せきのちゃん,0
327,良かれと思って打って、打たせて取り返しつかぬことにあんな少量でこれ程の被害。どんな毒やねん。何遍薬害経験しても、薬が助けてくれると思うとるの？,27,amazing thailand,0
328,だから　ワクチンは緊急承認　ということで始まったのです。　うるさい輩には日本製ができたら打つと躱しました。＾＾；,5,岩田澄夫,0
329,2月11日、観に行ってきます❗,6,lemon,0
330,お父さんが2回目のワクチンを打つ時に目眩の症状が出ました。もし、三回目のワクチンで同じ症状やもっと酷くなった場合が怖いです….。つまり、この動画はワクチンを打つなっていう事を伝えたいってことなんですか？理解力がないので誰か教えてください🙏🙇‍♂️,4,チョコレート,3
330-1,打たないほうがいいということです。,12,mstk kt
331,素晴らしい活動です素晴らしい活動なんですが実際、根本を理解している人たちは当初からずっと訴えていたことですよ？まさか、、ではありません。他国が先行して射ち始めて、しっかりデータが示していましたよね？ロックス○ップとかイベ○ト201とか、聞き捨てならない情報もきちんと出回っていましたよ情報格差が、収拾つかないところまで拡大しているようです今からでも遅くはないのでしっかり拡めていきましょう少しでも食い止めましょうただし情報リテラシーの低さをきちんと省みましょうクロスオーナーシップを解消できない我が国がテレビ、新聞、オールドメディアで一斉に矛盾だらけの騒動を続けているのに未だにワイドショーなど観る人々がいることが信じられませんたった一名のサンプルから遺伝子配列をテキトーに決めているという、ふざけたスタートの騒動に本気で乗っかり満員電車は経路としてスルーし続けておいて謎の飲食店潰しの矛盾とか射ちましょうがシレっと2回やら3回に増えてる理論崩壊とか10代初のタヒ者！（事故死だけど陽性だから）とかの呆れ返るようなプロパガンダに引っ掛かる民度とか布切れを二重、三重にして本当に怯えている救いようのない方とか怒り立ち上がってほしいですが同時に大いに恥じてほしいとも感じます。情けないほどの無知を大衆は大きな嘘ほど騙される。,9,11 Giggs-Bale,0
332,予防の為、周囲の為、重篤化しない為、死亡しない為、総てブレイクスルーですね。何のため？誰かさん達の金の為。,39,鉄槌雷神,0
333,誰も知らない 涙のあと,3,遥奈,0
334,どうか、みなさんが『プロパガンダ』について勉強してくださることを祈っています,6,唐揚げ仙人,0
335,映画見に行こうと思ったけど、ソールドアウトしてた。。。。,13,インターロイキン10,0
336,東北でも、是非。全国、まんべんなく。,4,ケロ,0
337,これが事実,8,studiopepe,0
338,映画に出た医師や識者は打ったんでしょうか？聞いてみたいです。,2,美辞麗句2,0
339,落とし前をつけてもらう日は近そうですね,44,小林洋介,0
340,手足痺れてます。SIRVAになり、カテーテル治療も受けました。,3,アルトサクゾー,0
341,3ヶ月前なら、この類の動画はアップされてから1時間もしないうちに削除されていたでしょう。1月29日14時30分現在アップから一日近く経ってもこの動画は残っています。YouTubeが変わったようです。,26,後は野となれ山となれ,1
341-1,その可能性は高いですね。この映画を一人でも多くの家族と友人に伝えていきましょう！！,6,tom nomura
342,西オーストラリアは半強制状態です。夫は打たないと仕事ができないのでやむを得ず二回打ち、４月ころには、３回目を打たないとまた仕事ができないので打つことになります。娘は、16歳。二回打たないと卒業パーティに出席できないことになったので、急きょ、先週１回目接種。きっかり３週間後に２回目を打つ予定。これでその次の週のパーティに出席できることになります。私としては不本意です。ワクパスが導入になり、未接種の両親、息子、私は、美術館、映画館、ホテル、外食、酒屋への立ち入りができなくなりました。国民の92％は２回目接種済み。ボーダークローズして、コロナをかなり抑えてくれていることには感謝ですが、（現在感染者200名強）ワクパス導入、制限を設け、任意接種とうたいつつ、かなりの強制姿勢に憤りを感じています。こういった内容がもっと身近に配信され、英語字幕などをつけ大勢の方に届くことを切に願います。,9,yumiA,0
343,子宮頚がんワクチンの時と同じや！推奨した人たちは知らん顔,8,チャントモ,0
344,私はまだ子どもで、世の中のことを全然知らないから、この件に関しては難しいなとしか思えません。そしてワクチン接種済みの方たちを異常者扱いするこのコメント欄が怖いです。それもきっとお互い様なんだろうと思います,6,Lisa,2
344-1,@めぐりズム お気持ちは分かりますが、あまり重く感じすぎない方がいいですよ。反ワク派、推進派と単なる考え方や情報を受け取る場所が違うだけ、まるで肌の色が違うかのようなレベルで考えなくて大丈夫ですよ。打ったか打ってないかの違いですから、反ワク派はいつでも打てるわけですから、確かに社会は多数決で進む傾向がありますが時代を変えるのも少数派の意見から、どうなるか分かりませんが一番良くないのは重く受け止めすぎることですよ。,2,虎北
345,兎に角、有難うございます。,3,まんまるお月,0
346,強制はヤダ　ワ　パスもヤダ😷もヤダ手の消毒もヤダ　スーパーのカゴの方にしてほしい,55,rose gold,0
347,さいごにASKAの曲流れてきて凄い納得したわ。,19,I EG,2
347-1,情報がどうのこうの言ってるコメ欄の反ワクはこういうの無視してるしなぁ…,1,レヴ
347-2,🤣👍,1,松田小夜子
348,ポイズン強制の為の新型コロナ茶番劇も暴れてきましたね。,4,alain delon,0
349,打たなきゃ良かった話だよ😁それでいて、テレビでは全く伝えられてないし,34,タケ48,1
349-1,介護関係の人間はもうしゃあない,5,もりかわにごう
350,この映画は、いつどこで観られるのですか？,3,若葉ch,0
351,やっぱこうなったか,4,もっちぃTV（mochi）,0
352,この動画がYouTubeによって削除される方に1000点。,5,Yuji Cobayashi,0
353,私もやってから脱毛があります。看護師で転職のために打たざるを得なかったのですがもう２度と打ちません。,8,もも,1
353-1,いちど打ったら2年以内になくなると言うことをノーベル賞学者のモンテエ博士がて言ったじゃないかもう手遅れ,2,nobuo tanaka
354,テレビ局員が全て悪い。 画面を被った美人アナウンサーに騙される日本人。,18,kaki sakura,0
355,これみて、目を冷ましてください！みんなもー射たないでください！,9,8オチャメん,0
356,気の毒ではあるんだけど、そもそも何故打った??　人類に初めて実用化されたmRNAワクであり人体実験ワクである事は最低限知ってたんだよね??これを打つってのがそもそも理解不能だからね　ただ、同調圧力で半強制的に打たされた人はマジで気の毒圧力掛けた奴は裁かれるべき,43,ただの仮酢魔,6
356-1,@甲斐の男 私もそのような事を周りから言われます。なので「あー、○日に打ったよー」と適当に言う様にしてます。,0,酔いどれCamp
356-2,自分も、会社の人から少なくとも5回以上は、『ワクチン打たないの？』とか『ワクチン打った方がいいぞ』とか『ワクチンまだ打ってないの？』とか『みんなの為に打った方が良いと思う』などと言われました！　最初は、真面目に『ワクチン打つのは怖いから様子見で判断します』とか答えてたんですけど、最近は流すようにしてます笑同調圧力に負けないで良かったと思ってます！,5,甲斐の男
356-3,@あ-汰 あと1回、交渉してみては？ちなみに録音をおすすめします,5,アレキサンド・ライト
356-4,@あ-汰 医療従事者は大変ですよね。お察しいたします。それぞれの事情があり、どうされるのかはご自身の自由ですが、まだ間に合いますね。周りの医療従事者や介護職の方は職場を辞められた方、拒否しつっけてる方、諦めて打つ方、色々いらっしゃります。絶対に打たないで働き続ける職場が無いというのは嘘ですし、法律では絶対に強制は許されていません。訴えると言えば勝てる案件です。労働局に相談しても良いでしょう。そうは言っても…と思われる気持ちも理解できます。ただ今はご自身の打ちたいか打ちたく無いかだけで決めて良いと思いますよ。他人の圧力に負ける必要は無いしどう受け止めるかは自分の問題だと言うことです。どちらを選択されても後悔のない様にお祈りします🤲,4,R N
356-5,私は3回目摂取の紙に「摂取は希望しません」にチェックしましたが、後日上司に呼ばれ「周りの為に打て」と言われました。それでも拒否しましたが今度は、強制だと言われました。病院が経営している介護施設に勤務しています。打てと言うなら辞めると言いましたが「何処に行っても打てと言われるはずだから同じだよ」と・・・2月5日に打つ予定です。怖くてしかたがないです。,2,あ-汰
357,３回目は打たない！打って死にたくないからね。,5,バッジョバッジョ,0
358,ありがとうございます,4,rose fairy,0
359,ノーベル賞の山中教授がワクチンを推奨されていたと思います。,4,泰知,2
359-1,@もも高橋 なんで知らないのに取引されてたってわかんの？,0,レヴ
359-2,山中氏のはガン化するらしい、スタップ細胞はガン化しないらしいです。スタップ細胞はあったのです、アメリカのハアバードが特許を取ったと聞きました、私達の知らない裏の所で取引がされているのでしょう。山中氏には失望しました。,1,もも高橋
360,薬害訴訟まつりじゃー！！ドンドンドン！！,9,ケツ穴評論家,0
361,インフルエンザワクチンとの後遺症発生率の違いはどんなもんなんだろう？他とどう違うのかわからんかったら、評価しようがないと思うんだけど。,3,9 g.g,0
362,映画は素晴らしいと思うし、作った人にも本当に感謝する。ただ、何故覚醒剤で捕まったアスカの曲を採用したのか、非常に疑問。そこだけは印象が悪い。,3,ken a,0
363,観たい観たい観たい,2,まんまるお月,0
364,コロナ ワクチン1日100万回目標なんて、怖くないですか？総理大臣のノルマですか？国民を何と思ってるんですか？,10,✨ヒカリ光✨,1
364-1,目的が感染を抑える、ではなくて100万本、にすりかえられているのを皆気がつかないのかな。まあ、そうだとは思ってたけど。,1,かんのわのなのこくおう
365,意見は人それぞれ。正解は誰にもわからない。今起きてる現実を受け入れるだけ。,12,アゴパックリ,0
366,症状が狂牛病に似ています‼️,1,モコマロン,0
367,記録映像まで出来ちゃったか,5,ネトウヨをロシアへ突撃させよう,0
368,この動画が消されたら、本当ということ！？,3,NineKing,0
369,5歳未満始まりますねもし、死んでも因果関係なしでしょうが,9,RAGGAMUFIN,0
370,あるにはあると認めてる。でも極論は相手にしてない。,2,sangatamar,0
371,こびナビに対して集団訴訟しましょうか,41,にゃんちゅー,0
372,まさしく、予防のために接種したのに。です。,3,Ken,0
373,ワクチン三回接種したが副作用が全くない僕😞逆に不安。,2,SoulJa power,1
373-1,良かったやんなにも起こらないよ,3,すみっこゆき
374,ASKAの挿入歌が神曲,7,第0宇宙のジレン,0
375,これ大拡散せねば。曲はやはりあの人か。流石❗️,11,情報りてらしー,0
376,時すでに遅し！まんまとしてやられたね！ま、あらゆる解毒剤でも、取り入れなければね！それで助かればね！,5,吉田一至,0
377,ぶっちゃけ基礎疾患持ってる人や高齢者は感染したら死ぬリスクがあるから打てばいいけど、感染しても死なない若年層が打つ意味ってねえよな。若い奴がうって副反応の症状を死ぬまで引き摺る可能性もあるわけだから、製薬会社やマスコミや政府の全国民に打たせようとする空気づくりには疑問があるわ。,8,吉田修樹,0
378,TV、新聞、信用せず、正しい情報を自身で得て、判断すること。TVは捨てました。,9,じゅん,2
378-1,5chソースにしてそう(),0,レヴ
379,防波堤になるのは町医者　ありがとうございます,2,ロビンロビン,0
380,政治家は皆、懲役刑だな,11,でんけん新聞,0
381,今更ですが、新型コロナワクチン予防接種についての説明書を理解した上で接種しましたか？接種希望書にサインしましたか？命は大事ですよ。納得行かないならセカンドオピニオンも考慮すべきです。,1,竜みぃ,0
382,これっすごいです。でも、消されてしまうのでしょうか？,14,S' M,0
383,関東では上映されないと聞きました。なぜでしょうか？,1,令和の安全保障,0
384,みんな、真実を知りたい❗,12,蘇る金曜,0
385,ファイザーとモデルナですら今のお注射は効かないから、尾身対応のお注射を作ってると公言してるのに、お注射信者の頭はどうなってるのやら(；´_ゝ`),2,Thorstein Veblen,0
386,中一の子は嬉しい,1,Κατσούκι Χαρίμα,0
387,これは‥観に行かねば。,35,T T,0
388,やっと。。。。やっと。,48,Yuki Dawson,0
389,中高年のSIRVAは、どれだけ知られているんですか？腕が痛くてたまりませんわ。。。,0,浜田拓司,0
390,テーマソングがアスカなのが皮肉やね…,1,ako I,0
391,主題歌ASKAという豪華メンバーで草,7,男女,0
392,コメント失礼致します。直感でわかりました。岸田総理様だけが悪くはありません。直感でわかる方はお分かりですよね？失礼致します。,5,Respect Usa,0
393,治験中と言う事は皆さん調べなかったんですか？,15,爺3,0
394,薬害訴訟待ったなし💦,15,ももみかん,0
395,やっとだ,19,抹茶抹茶抹茶,0
396,えーこれどうやったら見られるんですか？💦,2,ちゃんひめ,0
397,専門家でなくても茶番だということが分かることがある。お金の流れ。幽霊病床への補助金は何処へ消えた？みなし陽性に市から補助金を出すのはなぜ？1回の接種につき医師が受け取る報酬は？病院の決算はどう変化した？お金を受け取る人と、そのために犠牲になる人がいる。,5,香月理央名,0
398,アスカの曲が最高。,2,Taiho M,1
398-1,ヤク中の曲の間違いだろ,1,レヴ
399,遅くなってごめんよ。謎を解くのに少々手こずったから。,1,ちゃこのぶ,0
400,ほっらね。ワクチンなんて打つわけないでしょ。成人してるなら自己責任よ。うん。,78,Rin Rin,0
401,なんともない人がほとんどなのは理解している。ほぼ大丈夫でも、運が悪くて悪化する人も少なからずいる。絶対に安全な薬なんて存在はしない。全てわかったうえで接種を検討してほしい。流されて接種するのだけは間違っている。子供には接種させない方が良いと個人的には思う。例え子供が感染源になるとしても、子供が副作用で苦しむよりは、大人が感染したほうが良いと思う。体感だけど、ワクチンでなくなった数のほうが多い気がしている。ウィルスでなくなるのは自然ですが、ワクチンで亡くなるのは不自然なんだよね。国は因果関係を絶対に認めません。不正な申告などを警戒すると賠償条件も緩和できないでしょう。国が国民の自己責任とする政策はあってはならない。そんな職域接種はあってはならない。国が責任を持つのが常識でしょう。責任を取れない不完全なワクチンを承認するべきではない。しかし政府は 外国人を入国させている。なにが正解なんだろう。,4,真田J,1
401-1,長期的な副作用もあり得るけど　何ともないに越したことはないよな　実際先のことなんて分からない,1,やるお
402,学徒出陣とは同じにしないで欲しいです。,6,BUU BU,0
403,ワイ後遺症何もなかったのラッキーやったんかなまあ3回目は打たんけど治療薬もあるしええやろ,5,ワイワイガヤガヤ,0
404,みたい！,2,たんたん,0
405,👍,12,Sabrina,0
406,私はコロナ感染し、現在後遺症で毎日起きれたり、寝たきりだったり、昨年夏お盆明けに移され、コロナ病棟にも入院、倦怠感、脱毛、頭痛と戦ってます。家族が主人だけなのが幸いです。主人は会社の同僚から移され、私は主人から、私は肺炎と、血中濃度が低くなり、自宅で気絶？し、保健所が即、入院手配で、回復しましたが、コロナ感染の間は匂い、味は一切なしでした。一番にミネラルウォーターが苦くて、数回吐きましたが吐いたときも吐いた匂い等もなし、これがコロナ感染なんだと、コロナ感染で死にたくないと思いました。でも後遺症の残った今も又、感染しないとは言えない、私にとって、コロナは本当に目に見えない戦争です。もしかしたらコロナ感染で死ぬかもしれない。,4,coco,6
406-1,俺は今現在コロナに感染してます。まじで死にかけてます,1,ステハゲ
406-2,後遺症よくなること祈ります,1,すみっこゆき
406-3,生還してくれてありがとうございます,2,すみっこゆき
406-4,生還して良かったですね,2,虎北
407,預告篇が正字ですよ。編と篇の差異を理解しましょうね。,1,武士道國家を復活しよう。日の丸、君が代を廢止,0
408,打つ決断をしたのは自分なのでは,9,MYM T,0
409,学徒出陣とは違うだろww,6,ゴリラ人間,0
410,河野が総理にならなかった理由分かった。要はトンズラ。それで岸田になったのか。,15,濃い太大損,0
411,規制解除が早すぎるからこうなるんよ,2,パリエッフェル,0
412,👍,7,トミミっち,0
413,全員が救われる道なんてないと思いますけどね？,3,うさまるのみみ,0
414,知らなかった。。。,3,しらくも,0
415,いやそもそも強制してない、尚且つリスクはあるので自己責任って政府も製薬会社も言ってるもんをサインして同意して都市伝説とか笑ってバカにして打ったの自分らやん。。。私たちは買われた。みたいにゆうなや今更。。。もう遅い。人柱のお勤めご苦労さんですとしか言いようがない。,13,Good Speed,2
415-1,その気持ちはすごく分かります、同感しかありません！だけども、今後更に子供にワクを打つ事は完全に狂っています。先に覚醒している人達が周りに伝えていくしかありません、頑張りましょう！,9,tom nomura
415-2,そうだよね～添付文書も読んでないし、毒だと言っても信じない、その上頭おかしいとか変人扱いだし。今更だし、手遅れだよね。,6,青い薔薇
416,打てるわけないわー,10,ポンコツ心臓,0
417,関連動画にある山中伸弥教授は削除してもいいのでは？！大誤解になるのでは,1,Yopi Yami,0
418,本当に基礎疾患があったり、免疫低下している方々には必要だと思います。ただ元気で免疫がある方々が打つ必要はあったのか些か疑問です。私達成人はワクを打つ必要はあったと思いますが、利益が少ない若者が犠牲になることはない,6,すみっこゆき,1
418-1,基礎疾患がある人は 悪化するかも？ なんですよ,8,奈良ぷー
419,受験やから打ってもたやん…,1,2 1,19
419-1,解毒方法はあります。,0,あかね
419-2,@飯おもろ ambam！？ambamambam…,0,レヴ
419-3,@PasteruArtz さん映画観られたら良いと思います。,1,飯おもろ
419-4,@飯おもろ 調べても知らない人のブログとかしか出てこないんですよね…貴方のように状況判断が正確な方よりも僕の調べ方がまだまだ甘いですね;;,0,PasteruArtz
419-5,@飯おもろ だから、プラセボ食塩水はネットで見た情報ですよね。僕からもワクチンについて危険かそうでないか断言はできませんが、鵜呑みにして発信するのは良くないですよ。,0,PasteruArtz
419-6,@飯おもろ ソースは？,0,PasteruArtz
419-7,@たまごかけごはん ですよね！大丈夫ですよね！インフルのワクチン毎年打ってたからワクチン慣れしてるのかなって思ってます笑追記ですみません💦前のコメント返信せずにこちらのコメントに返信してしまったです💦,0,2 1
419-8,@2 1 さんそれは分からないけど、反応無かったってことは食塩水の可能性もありますね。全体の25%がプラセボの食塩水とか聞きますね。ワク以外にも加工食品にもワクに入れられてる酸化グラフェンとか入ってるから、加工食品もやめた方が良いよ。私は加工食品結構食べてたせいで、打ってないのに鎖骨下とかデコルテの骨とかに磁石付いたんだよね。信じられない話だけどね、割と磁石付く人多いね。私はヒマラヤのブラックソルトをお湯に入れて飲んでたけど、それ効果あったのか今では付かなくなった。日本の添加物量は世界に比べてとんでもない量だからね、その辺も含めて打ってない人も日々解毒しながら出来るだけ毒含んでるものは食べない方が良いよ。そんなことテレビは絶対報道しないからね。毒入れてる企業がスポンサーだからね。色々調べると目が覚めると思う。打って反応あった人は松葉茶とかイベルメクチンとかNACのサプリとかグルタチオンの点滴とか色々SNSググると解毒に良いもの紹介されてるのでググってみて下さい。玄米や天然のお味噌とか炭の粉末とか食べるのも解毒に良いと思います。,3,飯おもろ
419-9,@飯おもろ解熱剤を熱が出る前に飲んで反応無かったんですが…それって大丈夫なんですか？？,0,2 1
419-10,逆に打って正解,0,芋の人。
419-11,気にすんな受験に集中したほうがいい頑張れ、合格して変な陰謀論を信じるような大人になるな,5,たまごかけごはん
420,子宮頸がんワクチンと同じ流れかな？,27,なおかぼちゃ,0
421,理屈も知ってりゃぁだから何よってはなしなんだがな,1,rp ar,0
422,ワクチンと学徒出陣、なんで一緒にするのかな？それとこれとは違うんだけど。政府が間違ってるの分かってて学徒出陣したんですけど。学徒出陣は洗脳じゃない。バカにしないでください。遺族として言ってます。,10,keepnsmile,2
422-1,遺族？なんの遺族ですか？,2,虎北
423,公共放送？NHKは放送してください。,2,森下昇,0
424,お家帰るぞ！！,5,- MokOn,0
425,ドキュメンタリーものを音楽で盛り上げようとするのは胡散臭くなるのでやめてください。,11,uwrhwu uvwuirgvq,0
426,追伸　　sakitani石とは、崎谷博征医師のことです。,0,青天気愛,0
427,素晴らしい勇気❗️しかし、主題歌になぜASKA⁉️どんな人選❓この人は完全におクスリから足を洗えたのか？気が散るわ😓😓,3,道雄,0
428,宮澤が入ってる時点で…🙄長尾先生の言ってることはある程度理解出来るんだけども。,2,ととちゃん,0
429,大体、2年前からのメディア、み０春まのころから、おかしいと思わないんだろうか？,15,yama hiko,1
429-1,生活、仕事、子育てで忙しく興味が無いんです。みんな。いくら、止めてもわかってないんです。ニュースを信じています。,0,薔薇
430,へぇ  どちらが正しいかは後に分かる事でしょう。どちらにせよ先に死ぬのは医療従事者だ 何故なら先に摂取したのは医療従事者だからだ。,1,かびかび,2
430-1,中身は色々ある治験中だし医療関係でも打ってる人もそうでない人もいる,0,あかね
430-2,小泉理論わろた,2,レヴ
431,挿入歌ASKAでワロタ。完成してるやん。,5,tanaka,0
432,アスカさん、📺で変人扱いされてたから目覚めてるんじゃ。。,6,r u,0
433,ワク信君たちがこの先どうなろうと自分でリスクヘッジ出来なかったのが悪いからどうでもいいだろ。まぁある意味自然淘汰やな🐵,7,7 7 7,0
434,あの契約の内容には触れないのかしら,1,benten bridge,0
435,ワク射った人は体から独特の臭いがする。その臭いが柔軟剤の様なケミカル臭で臭くて気分が悪くなる。最近は射った人が多いのか職場やら電車・バス、スーパーとかあちらこちらで臭いがし、頭痛と吐き気、眼もしみて１日に何度も目薬をしなければならない。これは大げさでも何でもない事実です。自分は射っていなくて間接的にもこれほど悪影響があるのにこんなに有害な物を直接体内に入れるのとか本当に信じられないし恐ろしい。多くの人に副反応出る時点でおかしいと思わないんかなぁ？何でワク射って何ヵ月も経ってるのにケミカル臭がするの？体内で何が起こってるの？射った人は自分自身からケミカル臭が出ていてそれに慣れてしまってるから気付かないん？相当ヤバいよこのワク。ファイザーの元社長がワク射った人間は天寿を全う出来ないと言ったのも理解出来る。,7,祭大介,1
435-1,糖質って病気やで、精神科行ってみ,0,レヴ
436,ニコニコ動画子どもコロナプラットフォーム,4,アオヤマミサコ,0
437,こういうのって結局確率論なんだよね、コロナが大したことないって言うけど死ぬ人もいる。ワクチンも同じで一定数副反応が強く出てしまう人がいるのは分かりきった事だし仕方ない面もある。それと自分の環境や健康面と照らし合わせて、打つべきか判断すればいい。,3,ケイタ,0
438,←後遺症？そりゃ〜そうでしょうね。,0,ちゃこのぶ,0
439,ワクチン打つ打たないはそれぞれの考えだから、私は3回目もしっかり打ちます。,1,ポン太郎医学,2
439-1,@ささ お前やろ、周囲の目が冷たいぞ,0,レヴ
439-2,あほやwwwww,2,ささ
440,私はワクチン打って良かったと思うし、NYの友達もワクチンのおかげでまともな生活が戻ってきたと言っていたけど、反対意見も尊重されるべきだと思います☺️みんながみんな打たなくても、納得して打てる大多数の人がいたら感染拡大を防げると思うし。※個人の意見です。,13,*とき,0
441,打ったやつの自己責任だよマヌケwwww,0,タシット・ロニーン,0
442,厚労省のリンクを意地でも貼ってくるんやな（笑）ユーチューブはこれ削除するのかどうか。,4,劇的暇人空間・鴨の巣,0
443,参政は改憲😡,0,世界が平和でありますように,0
444,だから打たない！,32,seizetarget st,0
445,とんでもねえ映画が出ちまうよww,9,あら汁,0
446,学徒出陣変わってないじゃん！先人に何を学んだのか？,4,鈴もち,0
447,素晴らしい映画だと思うのですがただ一つASKAの歌が気になる,12,ムーベン正和,1
447-1,注射繋がりかな？,7,マキビシマイタケ
448,これガチなの？,1,キミヒトチャネ!!,0
449,このコメ欄可愛い笑,3,ンプルィーヌ・チペペスブ共和国,0
450,これ消すなよ？Googleさんよ。,10,アフターシックスイエロー,0
451,3日でこの再生数w,3,kokoro vivi,0
452,２０２１年は戦後最多の死者数(１４５万)だったんですが何でですかねー？？？？？？？？？,6,浩二,0
453,しかしさぁなんで打ったの？？,8,あかとんぼ読書,6
453-1,@あかとんぼ読書 それがワクチン摂取しないことにどうやって繋がるんだ？,0,レヴ
453-2,@あかとんぼ読書 高齢じゃなくても危険はあるし基礎疾患なくても危険あるじゃん,0,レヴ
453-3,@レヴ 高齢でもないし疾患もないから。以上,3,あかとんぼ読書
453-4,逆になんで打たないんだ？,0,レヴ
454,残念ながら全て自己責任です。情報や圧力に流されて射つ判断をしたのは自分ですから。,4,non fiction,0
455,サインして接種したの誰よ？,5,竜みぃ,0
456,うちらはニュースに出始めた月からずーっと偽物って言ってましたが？そのうち来る輪もやるなって言ってましたが?,7,桜葉各務,0
457,別に強制じゃないんだから打ちたくないなら打たなくていいよ1000万人が救われるために1人に後遺症が出る。統計学とは時として残酷なものなんよ。でも万人が救われるものなんてないのよ。だったら差別なんてとっくになくなってるし、戦争なんかも起きないでしょ。そういうもんなのよ。手の届く範囲の人間は幸せにできるけどってやつなのよねぇ,5,もぐもぐもぐら,0
458,俺は２回打ったけど、特に副作用はない自分の感覚、感性を信じるだけ,14,kusanoたか,9
458-1,@KA Y 妄想凄いなwなんでもありw,2,kusanoたか
458-2,@Day Walker オミクロン株は重症化の確率がかなり低いから３回目は今の所しないよこう言うのは確率の問題だから柔軟に考えよう,2,kusanoたか
458-3,3回目接種よろしく～w４回目接種よろしく～w5回目接種よろしく～w,5,Day Walker
458-4,ウ　ケ　る,0,すけさんかくさん
458-5,ごめんなさい。噂で聞いた事なので、驚かせてしまいました。,0,杉藤志おり
458-6,@kusanoたか 何にもないならたぶん大丈夫ですよ,4,kz 750
458-7,@杉藤志おり 何者ですか？何を気をつけるんだろう・・・,0,kusanoたか
458-8,だいぶたった頃に出るかもしれませんよ。気を付けて下さいね。,20,杉藤志おり
459,苦しむ人たちの声を聞いたところで薄っぺらく「大変だね」としか言いようがない,5,P 51,0
460,これ、消されない？大丈夫？,5,КIМ@フィリピン寄生㊥,0
461,くっっっっそウケるここまで面白いドラマもなかなかないな笑,2,音羽彩葉,0
462,何これ？マジ？,4,いちごあめさん,0
463,不安につけ込んでええ商売してますなぁ,3,としお,0
464,反ワクはどれだけ発信したデマを否定されまくっても相手が反論できないデマを一つでも用意すれば勝てるからな。強すぎる,51,食べかす,5
464-1,ワクチンの良いところを挙げないと。いつも何故かそれがない。,1,さゆ
464-2,@BC BC 自分の頭で考えろ,0,レヴ
464-3,って力スが言ってます。,9,山本太一
465,山中は外道,1,noyori,0
466,真剣に訴えたいことがあるのに薬物中毒のASKAをなぜ起用した？そこだけは印象最悪なんだけど…🤔,5,戦闘民族,0
467,😁,0,吉田美和子,0
468,なんともないけどな,2,あか,0
469,主題歌ASKAはさすがに草,19,松村咲穂,0
470,ワクワクはゴミ,3,長谷川Naoki,0
471,何でこの動画を俺におすすめしたんだよｗ,3,フランス太郎,0
472,免疫暴走するか？,4,kunpunogogatsu,0
473,この音楽、玉ちゃん？,0,MDAng0,0
474,地獄みてぇな映画で草,6,Hans-Ulrich Rudel,0
475,香ばしいやんけとおもってニヤニヤしながら見てたら挿入歌ASKAでクソ吹いた,17,ひふみん,0
476,南無妙法蓮華経🌐南無妙法蓮華経,3,モコマロン,0
477,なんでASKAなのか。長尾先生の歌じゃだめだったのか。,10,ケロ,0
478,今日３回目接種しました。,18,ビナコスタ,2
478-1,早いですね,0,マカロンパグ
478-2,私も刺してきたが、介護関係だから三回目はしゃあないとあきらめてます,2,もりかわにごう
479,なにこれ？コウノタロウさん,7,天王Gaghiēl,0
480,個人的には子供が打つ必要は無いと思うけどここのコメント欄異質だろ。文章の書き方的に結構歳いってる人が書き込んでそう。,7,じいさん,0
481,プラスなるのはファイザーだけですよ。一歩後ろに戻って冷静に,2,Nst panc Nst panc,0
482,拡散します。,5,Linden Lily,0
483,やっば！またかよ,4,ゆう,0
484,なんだこれw 本当か？,4,kigrs,0
485,Abemaでブチギレ出た教授？,4,キンヌグー,0
486,副反応ってコロナ以外でも普通に見られる反応ですし、HPVワクチンの被害者もカウンセリングしたら治りましたよね。,2,Jay Jay 🅥,0
487,学徒出陣を”単なる愚行”の例えに扱うなよ。,6,nico nice,0
488,あー左翼なのね,0,匿名,0
489,挿入歌の人は💉大好きな方では？,1,あげから,1
489-1,薬物中毒のアスカの歌を挿入するというところ自体に 常識を疑う,1,River Euphrat
490,ASKAやねんな笑,3,msk msk,0
491,少なくとも自分の知る範囲では、こんな人居ないなぁ。まぁ色々な意見があっていいと思うけども。私は打つ派,9,すけさんかくさん,0
492,0:36またお前かwww,2,おにめつ,0
493,ふっ,1,黒丸,0
494,まぁ俺は打っても何も無かったんだけどね,3,めいちゃんえ.,1
494-1,塩水射って何ともなかったって当たり前だろ。,1,斎藤誠
495,ワクチンらくちん,0,宗家,0
496,皆さん、にこにこどうがを観ましょう。↑にこにこどうがと、書いたら消されます。,6,ゆ ま,1
496-1,消されてないやん,0,レヴ
497,ふと疑問なんだが、この人たち生きてきた過程で、幼少期の3種混合ワクチンとかも拒否してきたのだろうか？,7,yunizon 74,4
497-1,前からあれだけハッキリとこれは危ないって言われてたものとインフルワクチンと区別できないとか終わってる。,3,斎藤誠
497-2,そういえばコロワク競争の影で子供のワクチン不足してたよね。まずコロナより子供のワクチンから作るべきと思ったし、逆に打たなくてもいいものだから作らないのか？みたいに色々思ったりした。,6,てしまひろみ
498,申し訳ないんやけど、一個人がワクチンなんて打たなくても良くねて思ってる人は打ってないんよ。打って文句言うのは流石におかしいと思うねんけど。少しでもおかしいと思ったら反ワク同士で手を組んで打たなかったらええやんけ。,3,華大丸,0
499,糖質の巣窟じゃんここ,4,ooo,0
500,賢い人たちにデマって言われちゃうらしいですよ？あれ？コレyoutubeから削除されちゃわないのかな？,0,K K,0
501,わ口ん打ってない方はいらっしゃいますか？,1,Mizuno Mika,7
501-1,@ささ ソース無いじゃん,0,レヴ
501-2,@レヴ 全て免疫を落としてしまってヒト型エイズと言われてる件についてはどう思う？,2,ささ
502,僕は、ワクチンは少し疑ってはいるが このドキュメント映画になぜしてるのか。なぜ？無料でないのかも疑ってます。本気で何か訴えたい人達のやることが無料でないこと変ですホントに苦しむ人がそこにいるのなら、普通に公開させるべきなんじゃないかな？,5,。 RION,4
502-1,@Black Margarine そだよ慈善で善意でなければいけないと申し上げてます,0,。 RION
502-2,無料でないと変だとの理屈は貴方の主観です。撮影や編集、映画上映や講演も無料でできるわけがない。慈善事業ならば有能な人が集まらないし、暇な人に限られ成立しない。,3,Black Margarine
502-3,@虎北 無料で成り立たない幾らかの利益で医者や関連の人がくるのなら。来ない方がいいです何故なら 本質がずれる事をと被害者の思惑も金に変える可能性のある団体とおもわれて一般人にそんな目でみられるからです。,0,。 RION
502-4,他の配信や媒体は今まで無料でやってきてます。ですが考えてください、これだけの会場にこれだけの医者等が仕事を休んでまで集まるわけです。あなたが主催者なら全て無料で出来ますか？,24,虎北
503,やばい連中ばっかで草,5,飴じゃないニッキ,0
504,心ある専門家、という珍妙な表現をするコメントが散見される。要はてめえの願望に沿った発言のことだろう。心ある専門家はいらない。正確な論文がすべてである。,4,pop哲,6
504-1,ほとんどが因果関係なしにされて、まともな論文ができるか,7,mstk kt
505,コメント欄が地獄と化しててワロタ,4,かなたさぶらう,4
505-1,@レヴ 中国人もいるアルよｗ,0,pnkt_ramen
505-2,接種者でまだ平気な奴はこれから地獄だな。,6,斎藤誠
505-3,詐欺師のいいお客さん日本人,5,沢城
506,理解しなきゃいけないのは薬に副作用があるのは当たり前の話で、全体の数%の割合で後遺症が残ったりするが、その分大多数の人には前向きに作用する。何かしらの作用には必ず良い部分も悪い部分があるのが普通なんだから、そのリスクを踏まえた上で自分で判断して嫌なら摂取しなきゃ良いし摂取したければすれば良いだけの話。マイナスな部分だけをフォーカスして薬自体をはなから否定してる人がいるが、それは薬に副作用なんてないと言ってる人と同じぐらい間違ってる。,3,Ew Yw,2

507,0:47ここクソワロタコレが准教授ってマ？俺でもなれそうやんけw,5,バブみ幼稚園古参勢,0
508,地獄みたいなコメント欄で爆笑してる,5,ねこみかん,0
509,また香ばしい映画が出てきたな。学徒出陣ワロタ,4,ペイルライダー,0
510,そら万能薬じゃないし打った回数で言えば２億越えてるんだからそんなケースもあるでしょうよ。だからって何も考えずにワクチン拒否は思考回路がショートしてるとしか思えませんよ。実際に薬害被った方はいずれ救われて欲しいとは思いますけど……。,20,後藤又兵衛,0
511,ワクチンを接種している私にはなぜ後遺症がおきないのでしょうか？化学的に説明をいただけますか？,9,チャーリーブラウン,7
511-1,そりゃ打った人全員が100%の確率で後遺症起きたらヤバ過ぎだろw,10,ただの仮酢魔
511-2,小学生以下はまだエネルギーが少ないので、いくら希釈したワクチンでも打たない方がいいとは思います。しかも副作用も大人と同等の症状が出ますので,9,アットホーム雰囲気
511-3,あなたが何事もなく良かった。ですが今後3回目、4回目となった場合にぶっちゃけ不安ないです？,10,kz 750
511-4,なぜ後遺症が起こるのかも明確にはわかってない。専門家ですら明言しかねる説明をyoutubeのコメント欄に求めるのはナンセンス。,11,kcal diy
511-5,素人なので分からないけど、打って何もなくても何年後に副反応が出てくるとか？あくまでも噂なのですけどね。気にしないでね。😰,16,杉藤志おり
512,こういった情報のせいで家族のなかでワクチン打たなかった老いた母がデルタに感染し死にかけました。はっきりいって恨んでます。,9,ダミー,3
512-1,注射に重症化や予防効果はないと思う,0,あかね
512-2,@斎藤誠 そういう口調で物言うような雰囲気じゃないだろ…,1,レヴ
513,ここにいる奴らアルミホイル頭に巻いてそうなのいっぱいいるな,15,オートマニュアル,0
514,ようやく「本当のこと」が聞けるって言う人いるけど「本当のこと」を何を基準に判断した？専門家ですら意見が分かれる問題をど素人が真実だと決めつけて話してんじゃねーよ,19,雪風,0
515,異常な評価率www何だこれ,3,とるて,0
516,クソワロタ,1,ちひろ,0
517,頭Ｑ反ワクチン湧いてて草,12,Ken Ken,1

518,早く子どもにワクチン打たせてあげて！,7,Ne,0
519,こーゆー謎講演会に反ワクチンの信者が集まってそれが自称有識者達は儲かるから嬉しいし、反ワクチンの人たちは有識者がこんな事言っているワクチン打ったやつは馬鹿だって言う選民思想的な自分を特別視したいって言う優越感に浸れるから嬉しい。需要と供給が完全一致してるなw,7,らり,16
519-1,@らり >ワクチンによる発熱の仕組みは抗体が関係してるけど？免疫学ならなおさら抗体じゃん、反論するならば抗体つくるのに免疫細胞（マクロファージ等）が関わることくらい理解してからにしろ。,0,Black Margarine
519-2,@Black Margarine ワクチンによる発熱の仕組みは抗体が関係してるけど？免疫学ならなおさら抗体じゃん、,0,らり
519-3,いまコメントが削除されたが、YouTubeの言論弾圧には呆れるね,0,Black Margarine
519-4,@らり ＞あと熱出る理由としては自分のが合ってると思うよ。学校＋調べた。自分は物理選択だから貴方の言ってるやつまずまず単語知らんわ…発熱のしくみを述べているが？頭痛も副作用だが知らない者が多い。免疫学になるんで,0,Black Margarine
519-5,@らり >なんか文変わったw削除した文？,0,Black Margarine
519-6,@Black Margarine あと熱出る理由としては自分のが合ってると思うよ。学校＋調べた。自分は物理選択だから貴方の言ってるやつまずまず単語知らんわ…,0,らり
519-7,@Black Margarine なんか文変わったw,0,らり
519-8,@Black Margarine ちなみにインフルも副反応あるぞ、接種後運動避けろも言われるぞ,0,らり
519-9,@ざつよろ win-win-winだw,0,らり
519-10,それを見て陰謀論乙wって言ってるやつらの需要も満たしてるの草,8,ざつよろ
520,思ったこと1.え？そんなに伝えたいのに金取るの？2.主題歌歌ってるASKAってあの薬物の？3.もちろんASKAはノーギャラだよね？,5,Yoshihiro H,1
520-1,コメント欄でファイザーは金をとりたいだけの～とか言ってる人いるけどこの映画も結局同じだぞ,1,レヴ
521,やりすぎコージーと同じレベルの都市伝説・陰謀論・オカルトエンタメ映画ですね。まぁエンターテイメントとしては面白いかも。まさか真に受けて信じちゃう人いないと思うけど🤣本当に真実を伝えたいとお思いならお金取らずにやればどうですかね？w無理ですよね。陰謀論ビジネスですからねこんなの。,25,na ka,0
522,あっ獣医の宮沢先生やんなんで、獣医が人間の医学について語ってんの草,5,傀儡,2
522-1,獣医は感染症に対する見識が深いんですよ。人→コウモリ、ブタ→人、感染など様々なパターンの感染症を研究していらっしゃいます。,16,小柳絵理あ子
523,なんでaskaさんとか使っちゃうんだよ。話題作りのためにこうい映画を作ったのなら、もはやほんとにワクチン後遺症で悩んでる人はどうすりゃ良いんだよ。ちょっとは考えてaskaさんとか使って下さい。マジでどうかしてると思うんですけど、これはワクチン打たない人はどうかしてるって言いたい映画なの？,3,ならづけ,3
523-1,こんなに誤解してる人を見たのは、はじめてかもしれない。,0,虎北
523-2,なぜ？,2,あい
524,ハンワク歓喜してて草,2,マイケル,1

525,ワクチン打ってない人への差別よくない！！とかよく聞くけどなんならワクチン反対派の方が攻撃的な人多いと思うんだが....なぜなんだろう。。このコメント欄も宗教じみてる。。これごマイノリティーの所以なのか,6,ERK I,3
525-1,少数派は声がでかい,0,写楽す
526,うおーこのコメ欄、悪い意味で香ばしい!こりゃ先が思いやられるな・・・,4,ディトネイター,0
527,売名行為なのかな？,0,eaa,0
528,今コメ見てて思ったんだけどワクチン打つ人は「大事な人にうつしてしまいたくないから」って感じで打たない人は「自分の体によく分からない変化が起こるのが怖い」って言ってらっしゃる方がいてあーそういうことかーってなった,6,一蘭KL,8
528-1,@kcal diy それはそうきちんと説明するのは大事政府が説明するのはもちろんとしてテレビとかももっとちゃんと報道して欲しい「コロナで20代死亡」とだけ書かれててびっくりして内容見たら「コロナにかかってた人が交通事故で亡くなった」とかでさすがに酷いと思いましたわこれから小さい子供への摂取や3回目もどんどん進んでいくわけですしなあなあで済まさないで欲しいところですね,2,一蘭KL
528-2,最近とある本で見たんだが物事を断定して語る人は大抵が誰かの受け売りらしいそしてその結果に至るまでの根拠を知ろうとしないから結果だけしか持たないので周りに何かを言われても妥協ができないんだと(根拠がないので途中の部分を変えられず相手の意見と自分の意見のいいとこ取りみたいなことができないらしい)多分ネット民が極端になるのは結果だけを知ることができるツールができてきたからなのかもねー,0,一蘭KL
528-3,傾向は沢山あると思いますが、自分の頭で考えられるか考えられないか、調べるかそうでないかと思います。うつしてしまいたくないからうつとしてうち、注射が安全じゃなかった場合、周りにも迷惑をかける可能性は十分に考えられますから。,1,あかね
528-4,@一蘭KL 「接種者は他を思いやれて、未接種者は自分本位」みたいな煽りと勘違いされるぞ。接種は自由だが、判断する上で必要な情報を国が公表してないのが一番問題やな。,5,kcal diy
528-5,@めぐりズム 危険を伝えて何の得にもならないし、頭おかしいと思われてましたが、最近厚労省の数字が出たりデータが出てきてるので、何となく前よりは伝わってきてる気がします。細川先生が言う、今だけ金だけ自分だけ！これが日本を駄目にしたのかな？と思います。自分もそうだった。しかし、今は違う。日本人みんなで生き残らなきゃ。そう思います！分断してる場合じゃないですよね。,11,ぽんまき
529,学会では見向きもされない人たち,3,太郎,6
529-1,@mstk kt 学会でどうぞ。,0,太郎
529-2,@太郎 世の中の状況を見れば、こうなる人もいることは前提としてわかっている。ミクロではなく、マクロで考えているから少数者は切り捨てられている。全体としては利益になっているが、一部の不幸な人は置き去りにされているだけ。,1,mstk kt
529-3,@mstk kt 本当に後遺症で苦しむ方を救いたいなら、診断基準を正々堂々と学会で発表なさればよろしい,0,太郎
529-4,これ以外にも、もっと苦しんでいる人は一杯いる。それほどまでにしてワクチンの肩を持ちたいあなたこそ何者といいたい。,3,mstk kt
529-5,@やるお 随分と幸せな読解力をお持ちで,1,太郎
529-6,そもそも学会が凄いと思ってる時点で　太郎ちゃんはアウトだな笑　尾身さんにお小遣いでも貰ったかい笑,3,やるお
530,上映されているものは誰が研究して誰に証明されましたか？ここでコメントをなさってる方々はきっと私達は騙されてると思っているかもしれません。ですが、少数の不確かな情報によって操作されているあなた達も間違っているのかもしれません。これが本当にあっているというのなれば証明してください。ここでこの上映内容は正しいと嘆くのは自由ですが、家族の方にあなたの意見を強制するのはやめましょう。,3,天野 凪,0
531,胡散臭い,3,おはなちゃん,0
532,やっぱり、おじいちゃんおばあちゃん達は不安だよね。こういう動画で感動したとか言ってる人壺買ってそう。,5,YUKIRIN,2
532-1,@斎藤誠 上手いこと言うー,0,超ベジタブル
533,少数派ってマジで声がデカい,1,sleeper,0
534,まずマスクしろお前ら,6,播磨。,1
534-1,マスク意味あんの？いつ義務になったんだよ？,3,斎藤誠
535,完全なものなんてないよ。何百万人、何千万人を救って救えなかったのがこの人たちだったと言うだけ。そのリスクもこみで受けるか受けないか決めればいいだけで確率と運の問題,3,すいめだる,3
535-1,そのリスクもこみで受けるか受けないか自己判断でと言うが、まさか自分や大事な人が後遺症に見舞われるとは思いもよらないから言える事でしょうに,6,nakayosi
536,ここの人たち、今まで予防接種とか打ったことないのかなぁ？,3,ぴーぴー,8
536-1,@レヴ そーなんだ、知らなかったわ。無知ですまん,0,ネイマール
536-2,@ネイマール はしかのワクチンとか熱出るけど,0,レヴ
536-3,@レヴ こんな39℃近く出る副作用あったっけ？長ければ二日も出るとか普通じゃないよね。まぁ、10万人あたりでもこんだけ亡くなってるかたが出てる時点で本来なら即刻中止レベルだけどね。,2,ネイマール
536-4,副作用でる点は同じじゃね？,0,レヴ
536-5,今までと同じなら打ってると思うよ、今までと違うから足を止めて考えるだけ、普通じゃない？,34,虎北
537,なんだか狂信者のようなコメントが多いなぁ。,5,翼,3
537-1,@mstk kt あちこちに噛み付いて敵を作ってイライラしてる生き方よりボーッとして暮らしてる方が幸せかもしれませんね。,7,翼
537-2,ノーテンキなあなたは、一生ボーっとして暮らせ。,10,mstk kt
538,総じてうさんくせぇ。,1,darkzagi1,0
539,ここのコメ欄なんか怖い。宗教かなんか？,1,れもんまん,0
540,こんなのに金払って見る人間の気が知れない,6,みつき,4
540-1,@みみ 😅そもそもワクチンなんか打たないですよ笑,0,みつき
540-2,@みつき なぜですか？視野を広く持ち見聞を広めることは良いことだと思うのですが。副作用について目を逸らすのではなく、現実を受け止めるべきです。,1,みみ
541,コメント欄怖いなあ,0,R _,1

542,デタラメばっかだな,1,tetsu Jo,1
542-1,真実が知りたくないだけ,13,mstk kt
543,単純にワクチン接種前後にコロナ罹患しただけでは…,0,しょしょ,12
543-1,@mstk kt じゃあ政府の陰謀ですね笑,0,しょしょ
543-2,@しょしょ 消してないでしょ。,0,mstk kt
543-3,@mstk kt あれ？政治家と官僚はワクチン接種してないって発言消したけどどうしたの？？,0,しょしょ
543-4,@mstk kt 現実で見たというのがネットでは信憑性に欠けると言っているのですが。。。神様とか見えたりします？,0,しょしょ
543-5,@しょしょ ネットで見たのではなく、現実に身近で見たということだよ。そういう風に取られるとは思いもしなかった。人の感性とはいろいろだね。これを見て、これを信じない人もいるのもわかってきた。凝り固まった頭を変えるのは難しいね。,1,mstk kt
543-6,@mstk kt ネットで見た見てないは意味あるんかね,0,しょしょ
543-7,@mstk kt 誉め言葉、ではなさそーね。,0,しょしょ
543-8,現実を見ることのできないお人好し。,2,mstk kt
544,内容が一方的で公平ではないように思うね。正確な情報を掴むことができる人ならば、この内容だけをもって判断することはないと願いたい。苦しんでいる人が実際にワクチンのせいだとする明確な根拠が示されない以上（つまり、因果関係がワクチンを打ったあとにこうなったとするだけでしかない）、この映画の内容を過信することはできないことは、義務教育を終えた者であればすぐ解るのではないだろうか。なお、ワクチンの有効性については、たとえば大阪府がそのデータを公表しているので閲覧することをお勧めする。,0,中野和明,6
544-1,@mstk kt 明確な根拠なく吹聴するのはやめましょうね。,0,中野和明
544-2,@mstk kt 詳細なデータなく素人判断しているからあきれてるだけですよそもそもこの人、公表されたデータ、読んでないじゃん読んでるなら原文を元に話をするはずです,0,中野和明
544-3,国はこういうことを公表したくないから、有志がやっているんだよ。こんなのはほんの一部だよ。それほどまでにしてこの現実を認めたがらないあなたは何者なの。,0,mstk kt
545,だ・か・らさ、打ちたければ打てばいいし、嫌なら打たなきゃいいだろ？学徒出陣とか・・・すごく飛躍してるな～。,0,三毛猫,1

