1,大石さんのワクチンに関する報道は、いずれ歴史に残るほど評価されると思います。いや、評価されなければなりません。これからも、頑張って下さい。,2665,Japan Y M,17
1-1,@ニールヤング さんお返事ありがとう御座います！そうでしたか、これは、速く、どうにかできないものですか、?東京都知事の責任もありますよね…  !!,0,色・彩
1-2,マジでそうですよ。今の時期でこれ、この報道をやるのって。去年か一昨年だったら、海老蔵の義理のお姉さんとかは発言しただけでTV出演を干されてしまった。報道は完全に沈黙してたよ。今でもワクチンに関する発言はYoutubeでBANの対象となり続けている状況でしょ？それが…まあ関西ローカルとは言えテレビ局のオフィシャルYoutube動画でやってるんですよ。この大石さんという方は勇気が有ると思いますよ。テレビ局の方も火中の栗を拾いに行く気持ちになったんだろうけど、それをも推して栗拾いに行くキャスターが居てこそだもの。今現在も大メディア含め大手テレビ局は全く報道しない。世界の歴史って程ではないかも知れないけれど、この時期に真っ先に、しかもテレビ局がワクチンの害に関する報道をしていたという事実は本当に歴史に残さなくてはならないことですよ。,0,ニールヤング
1-3,ノルマ ?,1,色・彩
1-4,@菜 様同感です。👏👏👏,1,58 jam
1-5,全体のワクチン接種者の中から統計で示さないと一例だけ紹介して不安を煽るのはどうかと思う,4,山田山田
1-6,本物の報道機関ですね！真実をありがまま発信してれる所が無いに等しい世の中ではとても貴重な番組なので継続的に観ています。,8,mika
1-7,コイツは言わされとるだけ。駒のひとつやで。,6,c
1-8,@m mi こういうの難しいんだよ。やりすぎると担当外されるから。,8,Kiichi
1-9,みんなで拡散して目指せ再生100万回！,26,松尾行高
1-10,@m mi そういう事を言ってた医療関係者が取材した中に居たって事ですよね？確かに一時期、追及が緩くなったと感じる報道内容の時もありました。何かしらの圧力があったんじゃないですかね。大人の事情なんじゃないかなと思います。やりすぎて全部がパーになってもおかしくない内容ですから今後とも慎重に報道してもらいたいです。,41,斎藤誠
1-11,以前のここの動画では、ワクの副反応は2、3日寝ればなおるけど、コロの副反応は苦しいと言ってワクを奨めてましたよ！ワクに有利な地域限定の情報を使ってた事もあったし！,44,m mi
1-12,本当におっしゃる通りです‼️国士、大石キャスター✨🙏✨,135,7 hopes
1-13,大石さんの名前はずっと残るって思う本当に素晴らしいです。,165,おいも
1-14,こういう真実を報道するのが報道の自由だと思ってます。こういう報道は貴重です。,231,kotiya s
1-15,👍️1億回押したいです！,214,菜
2,このような情報をキチンと出して頂けるのは本当にありがたいです。今後も応援しています。,1360,ともこ,0
3,大石さん、CBC放送スタッフの方々へ、勇気ある報道を伝えて下さることに敬意を表します‼︎どうぞ弱者を守ってください。心筋炎の数も異常に増えています。体調崩している方が確実にいる現実を多くの人に気付いて欲しいと思います。,1382,ノウゼンカズラ,0
4,こういうハッキリ真実を伝えてくれる報道は有り難い！これがメディアの在るべき姿だと思います！CBC頑張れ！,1581,登録して欲しいカゲチヨ_kagechiyoChannel,4
4-1,コメ主はシンデシマエ,0,潤チャンネル
4-2,超過死亡が答えを出していきます。現在６万人,29,まさみ
5,正確なデータも示さずに安全と言い切り接種を促す国には恐怖を感じています。そんな中、CBCテレビさんと大石さんが真実を照らす希望の光です。,1237,Eishin Go,0
6,心筋炎はほとんど軽傷だから大丈夫だと言われていますがあれは重症なら命にかかわり軽傷でも突然死のリスクが常に付きまとう非常に恐ろしい病気です　2020年58名だったのが今年は1万5千人　これはもう………,1163,musyoku,8
6-1,河野太郎の大したことない発言は許せない。嘘ばかりついてきたのに罰せられない。,12,momo ILT
6-2,死ぬんじゃないかと思うような恐怖心を抱くような症状に「軽症」ってふざけてるわ,138,mim m
6-3,前ワクチン担当大臣が最近の動画でワクチン接種後の心筋炎は軽症だとアホな発言のような感じで発してますが心筋炎が軽症？何を言ってんのかと悉くふざけるなと思いました,141,不思議
6-4,心筋炎を発症した人の10年後の生存率は76%だとか。詰まり,100人の内２4人お亡くなりになっている訳だ。😭😭😭,82,菊竹淳
6-5,心臓の炎症なのに軽症だから大丈夫とか言う感覚ヤバいよね普通に…,205,ケツ穴評論家
6-6,平時の心筋炎発症率は定かではないのですが、10万人に対して115名という調査結果があるようです。さすがに58名は少なすぎ。かぜ症状を契機に心筋にウィルスなどが感染して発症のようなケースもあるようですから、そんなに珍しくはないはずです。,32,H K
6-7,心筋は再生しませんからね。,154,菅経済破壊担当大臣☑️
7,わぁ！CBCさん、勇気があるなあ。いろんなところから圧力あるでしょうに・・・大石さんも、このためにこの仕事をしているんだ！って誇りを感じる。素晴らしいです！,478,おいも,0
8,大石さん、上層部の方々、スタッフの皆様、真実の報道を本当にありがとうございます。日本で唯一の報道機関です。,533,のりのり,0
9,このような報道が東京の地上波でも流れてほしいですが、こちらで見られるだけでも本当に有難いです。どうか、これからも政府広報ではなく報道機関であり続けてください。ひとつしかない命と身体、慎重に悔いのない判断をしたいです。,593,osawa,0
10,凄いじゃんこの番組。色んなとこから圧力掛かると思うけど、出来るだけ続けて欲しいな。,85,Forex Trader ★ Yuki,0
11,国民はこんな正直な報道を待ってました。,304,M E,0
12,関係あるかどうかはわかりませんがワク打ってから脳梗塞になった知り合いが2人もいます。ワクチン後遺症というか、データ化されてないワク後におこってる病気はたくさんあると思います。ほとんどのマスコミは沈黙なので、今後も追求お願いいたします。,883,あっくんさん,17
12-1,全く一緒の境遇の方が多すぎです。完全介護中の母に３回目接種を要求する病院に呆れました!無論絶対ダメと断りました!,3,秋尚
12-2,私の母の友人もワクチン後、脳梗塞右手が麻痺で動かなくなってしまい、今ずっとリハビリしています。職場の同僚も知人の娘さんが３０代なのにワクチン後急死したそうです。,2,マリアぺぺ
12-3,@aimi 7 す,1,新本美雪
12-4,@vi ai逆ではないでしょうか。そのせいで懐疑的になった人は少なくないでしょう。,1,Kiichi
12-5,@ken satou さま接種後マメなのに面倒くさがつたりと多少の前兆有りました。敢えての水分補給も足りなかったのかと、今からでも。解毒等の対処怠らずやる意味あるのではないかと思います。,11,秋尚
12-6,@ken satou 様アメリカでは、これまでの例で報告が上がっているケースは、全体の1%未満という調査結果があるようですね。一件一件報告するには労力も掛かり、また元厚労省の方のお話では、どこかしらからの指示から外れたことは出来ないシステムになっているようで、報告しづらい状況もあるかも知れませんね。ちなみに、うちも義両親は打ちましたが、昨夜義母の足がもつれて転倒し、大腿骨骨折という大怪我となりました。救急隊の方から接種の有無は尋ねられました。何でも結びつける訳ではないですが、高齢者の転倒による事故も周りで他に2件耳に入っています。（これは単に、運動不足による骨粗鬆症の増加の可能性もありますが）夏に、いつもはなかった熱中症など、義両親共に体調不良も。いずれにしましても、お母様や皆様のご健康をお祈りいたします。,11,aimi 7
12-7,@秋尚 心中お察しします。私の母も止めたのですが、打ってしまいました。幸いにして何も起こっていないですが、私の母だってそうなったかも知れないし、今後何が起こるか分からない。他人事とは思えません・・・,23,ken satou
12-8,@斎藤誠 本来持っている免疫機能、自己防衛の機能の低下ははっきりしていますね。,26,Momo3
12-9,@秋尚 お気の毒で言葉もありませんが、ご自分の健康に気をつけて冬を乗り切ってくださいね。私の両親もあれだけ言ったのに、そんなこと言うのは1割の人もいないよ、と一蹴されました。政府はいったい何をしたいんでしょうね。,28,Momo3
12-10,田舎の母があれほどダメだと止めたのにワクチン接種後2ヶ月目に脳梗塞で全身麻痺になりました。何故か検査もなくただ病院で完全介護状態です。途方にくれてます。,40,秋尚
12-11,@Momo3 「自己防衛」！！まさにその通りです。,40,NOA
12-12,@aimi 7 被害がどの国でも大きいのははっきりしています、枠をしても異常のでない方、非常に出る方、亡くなった方、その違いを調べようともしない政府の姿勢が明らかにおかしいです。何が何でも枠を進めるぞ、、と言う意気込みは伝わりますね。更にスポーツ選手の異常な数のプレー中の倒れ方、ドイツ新聞でははっきりと、事実を伝えました。おかしくないと思える方が変ですが。とにかくこの液体のせいで亡くなったり、引退を余儀なくされた若い選手の多さは異常です、そして自分や家族が被害に合わなければ、本気で考えない人も多いです。関係がないならなぜ各国共に、2日目が圧倒的に多いんでしょう。直後に亡くなっても因果関係はわかっていない。と、いつまでも言うんでしょうか。政府は交通事故でも癌末期でも567死と出して枠なら直後の死亡でも、因果関係は、、、と言っている不思議に、変だと思わない人がいるでしょうか。とにかく今はこの被害者の多さに口を閉ざしている政府に、自己防衛するしかない状態ですね。,123,Momo3
12-13,@aimi 7 多分visitさんは、この番組を見て不安になったんでしょう。気のせい、ということでその不安を何とか払拭したいのでは。そういう人は、そもそもこの動画を見ない方がいいと思う。,25,ryuichi jinnai
12-14,@vi ai 周りで亡くなっている方は、実際多いです。全くの無関係のケースもあるかも知れません。近所では、若い看護師の方も亡くなっています。救急車の音は、ここ数日落ち着いていますが、一時期は連日数件〜は耳にしていました。ワクに懐疑的でない方は、それが原因という発想がそもそもない可能性もありますね。17日入院されたという方は、1回目接種の翌日から高熱が下がらず入院となったのですが、検査で陽性となった為、コ◯ナのせいと信じているようです。打っておいて良かった、そうでなければ◯んでいた。まだ2回目は打てないが、3回目も絶対に打つと言っています。それ以外の方は、ワクが原因だと思うので次は絶対に打たないと言っています。私自身は付き合いは狭い方ですが、あげさせていただいた、接種後体調不良の方々の年齢は、たしかに40代以上の方ばかりです。ちなみに、今回のワクに関してどんな点で安心感や打っても大丈夫という確信を得られたのか、もしよろしければ今後の参考に教えていただけないでしょうか？,77,aimi 7
12-15,同じく脳梗塞で意識不明になった40代の知人がいます。ほか、入院した方々は4名下血された方や17日間安静を要する方、肺炎の方を含みます。入院するほどではないにしても、異常な寒気、接種後数ヶ月経った頃からの頭痛、帯状疱疹、睡眠障害、足のむくみ（パンパンなレベル）、癌の検査待ちの方など（それまではずっと健康）。どなたも原因不明ですが、肺炎の方は「風邪をひいてこんなにすぐに肺炎になるのはおかしい」と医師に言われたそうです。,127,aimi 7
13,大石さん、本当にありがとうございます。情報提供して頂いた方も、勇気ある行動ありがとうございます。大石さんのニュースには感謝しかないです。,714,シロココ,0
14,事実を報道してくださるCBC様、大石様に、心より感謝しています。今後も報道してくださいますよう、切にお願い申し上げます。,512,はなちゃん,0
15,大石さん素晴らしい勇気です。報道の本来あるべき姿です。頑張ってください！,593,あみこ,0
16,患者のために働ける医師が本当に必要,974,ナックル&Eeファス,19
16-1,@たなか てか、なんで(病院行くなよ)って言った？全員悪い、信用できない医者とか言ってなくね？？？KABA.ちゃん2021さん、もうちょっと付け加えるべきでは？(病院行くなよ)じゃなくて(信用できない病院行くなよ)って言えばラッキー純さんは納得すると思う。,4,ゆの縄
16-2,@たなか 強要してるよね？w(行くなよ)って強要じゃんwww,4,ゆの縄
16-3,毒チンを批判すれば病院に行くなと強要か？,9,ラッキー純
16-4,北海道の医師団が立ち上がりましたね。ここで問題発覚‼️その内の大樹町の医師が嫌がせを副町長から早速受けました❗大樹町と言えば、ホリエモンのロケットの町✨なにやら、怪しい雰囲気が漂いますね😜,17,m賢祐
16-5,@Momo3 もう少しお話しします。私も先に書いたようなことから目覚めました。もしも医者にかかるようなことがあれば医者の行動をよく見てください。おきまりの診断をして（ま貴方を診察しましたよと思わせる程度と思います。）そして病状聞き病名を判断し医薬品メーカーのえんま帳を開き病名に対する薬を出す。ただそれだけです。その薬の副作用については一切無視です。というか話したら患者さんが薬を飲まなくなってしまいますから。そういうことで医者も添付文章については診ていないようです。,12,momiji akiha
16-6,全てはハシゴ外しの為ですね。薬害問題を起こさせて医師会のハシゴを外す。自分は良かれと思って金の為とやっている方々、後々痛い目に合いますよ。,14,ZL 900
16-7,@リンダリンダ 昔の人は医者を医者様って言ってたくらいですから、今でも立派な人しかいない職業と思っていると思います。同じく政府も国民のために必死で政策を練っていると信じているかもしれません。父は政府がそんなことするわけがない、と私の説明を一蹴しますから、枠の事ではもう諦めました、運命です。が、若い方は100%近くが影響がない疾病に対してこの液体で多大な被害者が出ている事を考え良い選択をして元気に生活してほしいです、いくら他人でも若い方の被害は心が痛みます。,16,Momo3
16-8,@Momo3 それ家の母もそう！昔は薬なんか1粒。今は5～7粒が、1袋に入ってて、毎日飲んでますわ😓アカンで、って言うても聞きません😓あんな薬も効きません😭,14,リンダリンダ
16-9,@momiji akiha 唖然とします、、、父の引き出しには溢れるように飲みキレなかった薬が入ってます、医療はビジネスですね。,24,Momo3
16-10,@hearts xxx glorious そう言うおかしなことの連続ですね。ここまで被害者を無視する政府の意図も摩訶不思議。,38,Momo3
16-11,@勇者うめたん ほんとにそうなの？素人でもヤバいってわかる事なのに？1人に射つと国から4万が入るんですよ。ヤバいとわかってても勧めますよね。,54,斎藤誠
16-12,本当に良いものだと信じて患者さんに勧めている医師がほとんどです。そこがまた厄介なんですよね。,39,勇者うめたん
16-13,動いている先生方もいますよ。コロナ利権絡みの悪意が単なる嫌がらせに留まらないので、よほどの決意がないと難しいと思います。,59,りおも
17,医療費の補助を貰っても…😭健康な体を返して欲しいですよね！　医療機関から3回目接種が始まってますね…恐ろしすぎます,407,ゆり,0
18,いつも公平な立場での報道に感謝いたします。,351,ピエロピエロ,0
19,これが本物の報道でありジャーナリスト,503,ななたろ,0
20,ワクチンを否定してはいけない圧力の中、勇気ある報道に感動しました。CBCさん大石さんは日本の誇りです。ありがとうございます。幸あれ✨✨✨,170,himawari sakura,0
21,唯一、本当の事を報道してる番組だと思います。これからも日本の為に本当の事を報道してください🙏,108,藤井美由起,0
22,本物の報道。本物のジャーナリスト。涙が出ます。応援してます！,395,チョップマン,0
23,医師の見解を国が却下する異様な世界,413,梅干し,0
24,いつも、大石アナウンサーの深掘り解説を拝見しています。これからも、色々な所からの圧力に負けないで報道してください。応援しています。,377,tomoclub,0
25,やっと日本人守る為にニュースが動いてくれた。,651,カニもバンザイ,2

26,北海道の勇気ある医師の方々が「即時中止を求めます」の声を上げました。彼らは３回目の接種、子供への接種をしないよう呼びかけると同時に、接種した人たちへの免疫力回復のアドバイスも行っています。東海３県にも同じ考えの医師の方、いるんじゃないですかね。,480,yodakii,5
26-1,私も署名しましたこんなワクチン打つ必要性を感じないです夫が仕事の関係で打たざるを得なくなり、打ってしまいましたが、その後頭痛が増え、口唇ヘルペスのようなものがよく出来るようになってしまいました。夫の健康を返してほしいです。仕事の都合で打たなければならないと言うのもおかしいと思います。、こんな治験中の薬を打たなければならないと言うのがおかしいです,27,なたろう
26-2,希望ニュースですね✨ありがとうございます😊,25,midori
27,とんでもない全体主義を創り出した側とそれに加担するマスメディア、そんな中それに真っ向から立ち向かう希少なメディアですね。素晴らしすぎる泣😭,497,保守サウンド不動産,4

28,やっとワクチン後遺症を報道してくれるようになった。大石さんありがとう。,123,犬と猿,0
29,素晴らしい！大手メディアが沈黙の中、真のジャーナリズムです。接種後死亡者も1300人以上です。今後も深掘り報道期待しています。,283,tomo,1
29-1,死者の数実際はゼロの数多く２つ足りません。,27,yugo ibunka
30,何人犠牲になればワクチンは有害だとはっきり表明しますか？他でもない、我々自身がです。大石さん、報道継続、深く感謝致します！,390,ニュースクールエックスチャンネル,1
30-1,1万人死のうが10万人死のうが有害だと表明する日は来ません。,6,二代目ナムルマン
31,大石さん、本当に真実を伝えて下さりありがとうございます。,153,かりん,0
32,尊敬する武田邦彦先生が入院しているので、良心ある同じ邦彦さんがしっかりした取材でこのような報道を発信下さることに心強く思います。日本はまだまだ捨てたものしゃない。,385,笠張浪人,8
32-1,@ヤグモ博士 さん東北大震災の福島被曝の時にも話がいい加減😡二転三転していました！京大助教(当時)小出裕章先生の丁寧誠実な講演でお話しを直接伺って武田氏のいい加減さがよーく分かりました！「先生」に値しません😡,1,Indiansummer
32-2,@ラッキー純 武田先生が講演会か動画で言ってたんですが「自分の発言は発言時 自分の調べ得る事を誠意をもって片寄った考え無く(後のデータで変更あり)調べた結果なので 誰でも自由にどこを切り取って発言を使ってもらってもいい」っておっしゃってましたよ なので ほとんどの動画の編集などにはタッチしてないんじゃないでしょうか😅,9,タンたん
32-3,@ゆう 武田先生はどうしてあのサムネを許しているのか。勝手にやられているのかな。,1,ラッキー純
32-4,@ヤグモ博士 あのサムネは武田先生の動画を勝手に作っている人の動画ですね。武田先生ご本人がやってる動画ではないです。,60,ゆう
32-5,@aimi 7 にとって問題な人は処分される。政治家もそうやって処分されてきた。生き延びてきた政治家はそこのところがわかっている。武田さんは、自分は正しいことを言っている、という思いが強すぎて、脇が甘かった。地方の放送局までは監視ができていないのが現状なのだと思う。,32,ryuichi jinnai
32-6,@あんだんご 変な検査もされませんように😣,57,aimi 7
32-7,武田先生、大丈夫でしょうか。入院中に変な💉を打たれなければ良いのですが。,69,あんだんご
33,子宮頸がんワクチンを接種した直後から副反応に苦しんでいる方々と、とても似た状態であることに憤りを感じます。,225,Keiichi Y,2
33-1,まだ何の解決もしていないのに厚生労働省は又素知らぬ振りで学校にパンフレットをばらまき、受けるように勧めています。ニュースになった直後でも50名近くの「痛い痛い病」みたいな症状の被害者がいらっしゃたのに、、手足の震えが止まらず悲しかった。人生100年時代に十代であんな辛いことに、我が子も丁度学校からプリントの配布があった時で他人事ではなく怒りを覚えました。昭和の終わり、私達はやっと予防接種の強制から任意という選択を勝ち取りました。従順な日本民族な私達が任意という選択をしたのには数々の問題があったからです。コロナワクチン、まともにデーターも出してこない政府に《強制》という選択をさせてはいけません‼️,3,アア
34,国の方向性で自治体も動きますよね、色々が明るみになった時、誰の責任になるのでしょう。こうした報道が増えてほしいです。,272,あめゆき,0
35,日本で唯一信頼できるテレビ局とキャスターさんですね。大変な事もあるでしょうが応援しています。,265,K T,0
36,テレビで唯一真実を報道してくれますね‼️ありがとうございます,196,にゃん,0
37,「政府が言ってるから」とか「国が推してるから」とか、本当に関係ない。自分の体に入れるモノは、自分の頭で考えて、調べて、先ずは疑う事が本当に必要なんです。同調圧力に屈して何か遭っても、誰も責任とってくれません。,451,黄金世界,14
37-1,@n m 本当にそうてすね。簡単に接種しますからね,1,PlumaBlanka
37-2,現代人はいつも熱心にスマホいじってるのに、枠珍の中身をちゃんと調べる人は少ないですね……,4,n m
37-3,@クララさん　私もテレビはありません。 最近はテレビを手放した人も多くなってきましたね。 仮に私がこの世の中の支配者で神に許されるなら大衆をアニメ、漫画、ゲーム、ギャンブル、メディア、仕事…他。に意識を向けさせ水面下で人知れず権力を使い金融関係を操り同じように支配すると思います(しかし、 利己主義で利他的でないところが やはり好きになれないです)これを理解してテレビやギャンブル等をするのとしないのでは今後が全く変わってきますよね。私の中で傲慢な人達は例えば職場で「 あの人がどうたらこうたら」とか「 あの人があーだこーだ」と他人の陰口や悪口を言ってネガティブ発言に自然と意識がいき自分のことでもないことに干渉をして、ストレス発散のはけ口や酒のつまみにして、イジメの原因を作っていることを把握せずに他者の心の弱さを深く理解できない方々なのかもです(あくまで個人的主観です)このタイプの方々がノアに船に乗れ!と言われても、今起こっている状況と情報を照らし合わすことなく 周りの意見に合わせ 自分のソウルの声を聞かずに「あ~ 嘘嘘! 」「ないない、ありえないでしょ!」と言いながら最終結果は…略。乗ったとしても 来るべき新時代に同じような事を言い続け 目覚めている人達の足を引っ張ると思いますので、 新時代の前に自然と淘汰されていったのではないでしょうか?クララさんよりも冷たく厳しい意見ですが時に厳しさも必要なのでは?と思ってます(^_^;)食料備蓄は本当に必要ですね! 2~3年後に完全自給自足は難しいと思いますが、できれば畑を借りて自分で野菜を育て 少しでもお金を浮かせるスタイルと相変わらずお金を目的にする人達との二極化の時代になりそうですね。お互い頑張りましょう!,1,El Lisieux
37-4,@クララ 世の中はあなたの言い方は冷たいと思う方は結構いるんじゃないかな?しかし私は賛成です。最終的には自己責任&甘えも許されないときですよね。陰謀論かどうかを判断するのも自分自身。なんだかノアの方舟に乗る人乗らない人みたいですよね(笑)人間 何千年も前から 本質は変わっていない 人の歴史は繰り返されますね。,2,El Lisieux
37-5,明治時代に思考停止をさせられてしまったんですが 、 他者の意見や世の中の価値観に流されるのではなく 自分のことは自分で考え そして 行動に移していき本当の意味で自立をしていく時代になったということに 気づく人が増えてくれればいいですけどね。,4,El Lisieux
37-6,@V・でかくま さん:本当の情報を知るべきです。打ったら元に戻れない体になるのです。,4,クララ
37-7,光と闇の戦いが始まっているとツイッターで見て、これは、大丈夫だ！と思い、接種しました。おのれ、ビルゲイツめ！許さんぞ！,0,V・でかくま
37-8,@mako 私も打っていません！コワイです🥵,10,びーの
37-9,政府が言ってるから、国が推しているから私はワクチン打ちません,22,mako
37-10,日本人（社会）は性善説だからねえ。今はそれが仇になってる。,14,ken satou
37-11,同感です✨,38,嶋田カオル
38,ワクチンを未だ打たずにいます。周囲に話すと驚かれ、何で？と不思議がられます。反ワクチンなわけじゃありません。ただ、重傷者、死亡者数が世界に比べて少ない日本で、コロナ感染はすごく怖いけどワクチンの副反応なら仕方ないという人が多く、その考えが本当に怖いです。,739,yuuk* Ume,17
38-1,光と闇の戦いとかアホなこと言ってる反ワクユーチューバーを見てワクチンを打とうと思いました。,1,V・でかくま
38-2,わたしは最近打ちました！知人に死ぬ人がいるからね！遺言状を書いて打つ人いるからね！と苦言されて……お陰で怖さが倍増しましたが、想像の数百倍平気だったのでほっとしてます。心配もあったから病院でうけました。高齢の両親もいるし接客業してるので、万が一に備えて、自己判断で決断しました。打つも打たないも自分が納得してからでいいと想います。ただ打ってからは逆に気持ちが、わたしは楽になれました。,3,柴犬りく君🐕&飼い主たかちゃん
38-3,人体実験中の劇薬扱い,22,まさみ
38-4,治験中の人体実験💀冷静に考えたら普通、分かります。,43,AQUA _127
38-5,病気になってから、仕方なく新薬を試すのありだが、健康体に誰も分からない医者や国でさえもはっきり分からない、得たいの知れない薬品を予防の為だけに体に入れるのを拒否するのは当然ですよ,57,senko
38-6,私も打っていません。不思議がられて面倒だから、「喘息持ちで主治医から止められています」って適当なウソこいていますｗｗｗ,98,ken satou
38-7,38歳男です反枠ではないですが打っておりません！周りの出たとこ勝負みたいなノリで打っている人の神経がわかりません,103,できすぎくん
38-8,メディアコントロールされている事に気づかないと！無症状でも、あの検査で陽性にされて大騒ぎをするメディアが言うのは、打て！打て！　ですから。そこまでして、何故打たせたいのか？　国民全員に？強制できる法律を作る？この異常さに、気付けない思考停止も、本当に異常だと思います。,104,チャオハロ
39,大石解説  心から感謝します。いつも真実の情報ありがとうございます！情報を提供してくださった方も大変な中ありがとうございます🙇感謝します。素晴らしいお医者様も沢山います。頑張ってらっしゃる市議の方も沢山います！素敵な方優しい方が日本には沢山いますね✨,227,midori,0
40,大石氏の報道はかなり重要です。本来なら国がしっかりと説明、解説をしなければいけないことだと思います。日本政府もわるいウイルスにおかされているのでしょうね。 体に気を付けながらどんどん発信してください！！,170,広知,0
41,私の友達は１回目摂取後　血圧が２００になりました!　元々高血圧ではありません　救急病院に行き、検査色々したがどこも異常無しでしたが、正常に戻るのに1ヶ月位かかったそうです　医者は多分ワクチンが原因と言っているそう　２回目は打っていません　医者が副反応として報告しているかは、不明です,279,Masako Totsuka,1
41-1,血栓ができて、その血栓を押し流そうとして血圧が上がるらしい。そこで血圧を下げる薬を飲むと、血栓があちこちに滞留・・,20,matu oke
42,この女性は誠意ある医師にあたって良かった、かかりつけ医だったかな、お可哀想に、寝たきりだなんて…。大石さんのおっしゃる通り、診ない認めない医師の話をよく聞きますよ、苦しいから病院に来ているのに、気のせいとか精神的なこととか、はぁ？🤔そして、私たちは誠意ある報道に辿り着かないといけない、今のところこちらと河北新報さんかね🦉,255,M E,0
43,唯一真実のニュースを伝えて頂いてとても感激、感謝！多くの人に知ってもらいたいです！,218,ちぃこ,0
44,大石さんの爪の垢を煎じて飲ませてやりたい情報番組がいっぱいあります。CBCの誠実な報道に真のジャーナリストの姿を見させて頂きました。,243,ひげおのアーカイブチャンネル,0
45,いつも貴重な発信をありがとうございます。この現実を今こそ気づいていない方に知って欲しい…3回目が始まっている…子供達が接種対象になっている中、是非心ある医師は、声をあげて欲しい。自分達の行為がどんな未来に繋がってしまうか責任を自覚してもらいたい。これからも発信、宜しくお願いします。,126,ママチョコ,0
46,配信ありがとうございます。情報源が明確なので、話題にできるのがありがたいです。超過死亡数や心筋炎の発症数等も、データ比較していただけるとありがたいです。巷ではワクチン、検査パッケージなどもちらほら話題になっていて、一般に広く認識されないうちに進められている自治体もあるようです。自分のところはどうかなと、議会記録を閲覧しようとしたら、3月から更新されていませんでした。人口動態も見られませんでした。変ですよね。強制接種に向かうような流れを見過ごさず、民意で止めましょう。,156,ふくふく,2
46-1,強制接種は憲法違反です。だから憲法を改正させてはならない。これからもしっかりと運動していくことです。,5,ZL 900
47,私の父はワク２回目の後２週間後から下痢が始まり、検査しても異常なし。下痢で体重が減り、食事が取れなくなり一次入院しました。薬は何を飲んでも効かず、柔らかい食事やビタミン剤、整腸剤でしのぎ、回復するのに４ヶ月かかりました。医学的には異常なく薬が効かない、というのかワク副反応の特徴かと思いました。もう３回目は絶対イヤと言っています。,274,MK HATTORI,3
47-1,やはり回復には4ヶ月ほどかかるんですね自分も先月半ばから苦しいながらも通常の家事などがなんとかこなせるように,1,あねフモ
47-2,無事回復されて良かったですね,52,相馬翔平
48,みんなのために国の方針に従ってワクチン撃って被害があるのに国が無視するのは許せないな、国のために傷ついた人でしょう、最大限の出来ることをしてあげるのが国の責務でしょう,465,はんぺん,4
48-1,@midori masuda それ、現状を知ってて言ってんのか？あんま適当な事を吐かすなよ？被害者の前でそれを言ってこいよ。,24,斎藤誠
48-2,国は無視してるの？申請すればちゃんと補償してくれると思うけど？調べて言ってる？,1,midori masuda
48-3,ぷ　　ろ　　パが　　ん　　ダ,21,満 ガンダ
49,政府は被害者を今のところ無視しているのがはっきり分かりますね。政治家には心がないんでしょうか、酷すぎます。,259,Momo3,1

50,アップロードと深堀解説ありがとうございますッ！,182,おわたゃんねる(チャンネルではない),0
51,事実をそのまま伝えるのは大事です。今年の救急車のサイレン音は異常なほど増加。自分の周囲では帯状疱疹、脱毛が多かったのですが、最近では眩暈から倒れて寝たきりに。その他脳出血で亡くなった方も2名。遅延性副反応がこれから出てくると思うとぞっとします。抗体値も調べずにわくを打てとはおかしい。どうして治療薬にシフトしないのでしょうか？健康な人にまで打たせる意図が怖いです。今、感染している方の多くはわくを打った人が多い。わくをうったから重症にならなかったという考えです。ワクをうったからとは考えられないみたいですね。一度打ってしまうと、麻薬やアヘンのように死ぬまで打つのか。いつまで打つのか自問する冷静さが必要だと思います。,174,Blue Diamond,5
51-1,私の周りでもサイレンが凄いです！火事が起きましたので。,0,V・でかくま
51-2,@midori うちの周りも毎日サイレンですよ。,10,ken satou
51-3,本当ですね。最近の救急車のサイレンの音は異常です！消防士の奥さんが7月頃最近救急車の出動が多い💦と呟いてました💦もう気づいてもいいんじゃないですかね。,17,midori
51-4,4、5回打って体が悲鳴を上げてから皆さん考え始めるのかな?信じ込んでいる人には何を言っても駄目でしたね。救急車出動件数調べるとよくわかります,23,kana 5
52,この配信がバンされないことを願います！いつもありがとうございます！,186,46 93,0
53,来年、再来年、大石さんとCBCニュースのみなさんの勇気が認められます。,113,CountrysideCat-田舎ネコ,0
54,地上波はどこももう人の心を持ち合わせていないと思う中、ＣＢＣさんのこの発信は一筋の光。メディア内にも良心の呵責でくすぶってる人がいるんだろうなとは思いますが、保身で流されてる限り同罪。ＣＢＣさんの行動が、そういったメディアの人々を立ち上がらせるきっかけになることを願います。,187,seidai JP,0
55,ワクチン副作用は始からわかっています。私は一度も接種していません,156,ハニーリユウリヨウ,0
56,知り合いのオッサンも半寝たきり状態になってガリガリに痩せてしまいました。最近枠珍効果が切れたのか体重も戻り動けるようになってます。主治医は枠珍の副作用と言えない事情があるようです。,264,kazuki furuta,3
56-1,@V・でかくま 陰謀論は一種類じゃないよ,2,nakajima
56-2,８月くらいに打ったんでしょうか,2,nakajima
57,いつも素晴らしい情報をありがとうございます。肯定的な意見をする為には懐疑的な意見(鹿先生みたいな方の意見)も充分理解してしてほしいです。実験中の駐車は自己責任、(偏向的な)メディアを信じてたとか知らなかったとか言わせない。,226,ケロジ,0
58,人間、引くに引けなくなるというのがいかに恐ろしいことなのか分かりますね。,144,Shovis,0
59,どんどん副反応での重症化の声が上がって来てますね。枠は毒です。摂取は強制ではない。打つ前に考えて。,286,すーぷはるさめ,4
59-1,@たなか 567脳だらけのジャーナリストが多い中、大石さんは冷静に分析してるよ。,3,asibagu3
59-2,流石に隠し切れなくなったね。,15,ken satou
60,勇気を出して申し出ていただいた方、医師、大石さんに感謝致します。スポンサーや、国などに臆することなく、真実を伝える、これが真のジャーナリストの姿だと思います。ワク死者1000人以上いるのにね。。泣き寝入りするしかないこの世の中…何で打たないんだと、周りから圧力かけられたけど本当打たなくてよかった！コロナの異様なまでの煽りとワクの同調圧力しかかかけない、都合の悪い事は報道しない、それがマスゴミです。,106,寶井しずちゃん,0
61,接種後体調を崩した人は病院で診断書をもらっておいた方が良いですね。今は因果関係不明でも後々認められるケースが増えてくるかと思います。,65,まこたま,0
62,日本に残された最後の良心！真のジャーナリズムが大石さん、CBCさんにはある。素晴らしい！！応援しています！！,82,s tm,0
63,２万人っても氷山の一角でしょうし、何かしら身体に違和感を感じたらすぐ病院で検査してほしいですね症例をドンドン出させて明らかにしていかないと、いつまでも不明で逃げ切られてたらやりきれないでしょう摂取するまで健康だったのにそんな理不尽を許さないようにしないといけませんね,250,黒岩真司,0
64,接種による原因不明の死亡は泣き寝入りで統計上には出てきませんが４月以降本格接種が始まって5月6月7月8月9月まで5か月分で約4万人が昨年度より超過死亡数として厚労省より発表されていますこれが本当の副作用でしょう、、、,432,omasa4552,6
64-1,4420万円ししゃに零円,5,山田幸弘
64-2,@チャオハロ さんそんな事故まで起きているんですか！？😱😰🥺ヤバいですね、、。,7,fukuyamahironobu
64-3,@fukuyamahironobu さん車で突っ込む事故が、多いですね！昨日は、愛知で24台？玉突き事故があり、突っ込んだトレーラーの運転手は、車を降りてから倒れてしまったそう。横浜でしたか、10メートル下の海へ落下。運転手が、気が付いたら海に居た！って😱記憶が無くなるのでしょうか…関係してるのでは？,8,チャオハロ
64-4,@チャオハロ 間接的に交通事故も増えているらしいですね。,16,fukuyamahironobu
64-5,脳梗塞、心筋炎、心筋梗塞、肺の病気など、救急車の急増から考えて、命を取り留めた方の方が何倍もいると思います。歩けなくなる、立てなくなる、力が入らず転倒、骨折も多いと聞きます。,29,チャオハロ
64-6,どうやっても誤魔化せないのが超過死亡数。,74,すぷらー
65,重篤な副反応の視点から見ていくとたくさんの症例が浮き彫りになりそうですね。,532,うまかっちゃん,3
65-1,@sakura saku 優しくするために反応に変えてますね政○は😅,32,成長チャンネル
65-2,副反応ではなく副作用でいいですよ,62,sakura saku
66,絶対に安全で安心。デマ太郎が言っていましたね。責任をとってもらうべきですね,108,かっちゃん2,0
67,大石アンカーマンの新型コロナワクチン接種された女性の方の深掘りしたのは凄く的確な情報にキャッチすること出来ました。これからも応援して行きます。,101,たつま,0
68,数少ない真のジャーナリスト応援してます,286,m sy,0
69,いつもありがとうございます。ワクチン否定派ですけどこの様な動画は助かります❗,68,真,0
70,私は1度もワク打ってません！夫と娘も打ってませんが、、義理姉は、心身ともに健康な人だったのですが、2回目のワク打った一週間後から帯状疱疹が出来たり、口が回らなくなり固形物も食べられなくなりました。入院して病院で色々検査してもどこも悪くないと言われてるようですが…頭や首の痛みもあり滑舌も悪く思うように口が回りません！もう5ヶ月近くなりますが、何の薬を飲んでも効かず、未だに流動食しかとれないので好きな物も食べられず外食もできません！病院ではワクのせいとは絶対言わないので本人も疑ってないようなのですが、私は絶対にワクのせいのだと思ってます‼️,176,yukichaaaaan1959,8
70-1,@PlumaBlanka 賢い兄ですね,0,V・でかくま
70-2,@ゆの縄 さん、当たり前のように、みんな接種するのに、お母さん大したものですね。うちは兄に説明したけど、いつの間にか打ったみたいです。感染者が増えてた時は、俺の言うとおりにワクチン打たな火傷するぞって脅されましたwww,2,PlumaBlanka
70-3,僕の母がワクチンのことをよく理解してて家族全員に打たせませんでした。本当に母に感謝しています！😭貴方もしっかりした親で娘が健康な体でいられますね！👍,8,ゆの縄
70-4,言い方悪いですが、医者の言う「どこも悪くない」は「自分には分からない」の言い換えです。個人的には分からないと言ってしまうと自分の実力が疑われるから、言い訳をしているだけでは？と思います。なぜ素直に「うちの設備や持てる専門知識を使いできる限りの原因究明をいたしましたが、今のところどこに異常があるのかわかりません、申し訳ないんですが他の病院で検査を受けてください」と言えないのか。要は保身でしょう。,52,カテー・ノジジョー モルト
70-5,怖いですね。同意書取ってるから泣き寝入りみたいですね。,29,PlumaBlanka
71,力強い言葉で、真正面から『ワクチン接種の陰で実際に起きていること』を堂々と語られているお姿に感銘を受けます。　　　　大石さんの暗示的メッセージが、一人でも多くの『接種検討者』に伝わりますよう心から祈っています。応援しています。頑張ってください。,27,トモテンテン,0
72,真実を中庸な立場で報道してくださって、ありがとうございます！偏りがちな、いえ、偏り過ぎなこの２年間の報道で、人間らしさがどんどん失われていってしまっています。それに歯止めを掛けるために、大石さんのこの報道は、とても大きな布石となるでしょう。本当にありがとうございます。今後も応援しています！！！,36,kyokoogurann3,0
73,コロナワクチンを打ちたい人は打てばいい人の意見は人それぞれだしだからと言って打たない人を批判するのは間違ってる,39,たむ,0
74,同僚が、2回済ませた夜から40度近くの高熱で、次の日に目の角膜剥離が起き注射をした、大学病院に行き説明したが国は、1人1人検査などしないと取り合ってもらえなかった為、国の救済センターに電話したが、言っておきますね〜〜とすぐに、一方的に電話を切られたと言ってました。2か月達ますが視力は回復して居ません。泣き寝入り状態です…,143,えみりん,3
74-1,私の友人の女子高生がよく行くスタバのハイキング中のドイツ人がワクチン接種後に突然倒れたと母親が言っていました。,3,V・でかくま
74-2,私の友人(40代前半、基礎疾患無し、介護職)が、２回目接種後直ぐに片目失明してしまい、少ししか回復せず、来年４月に１週間入院の手術します😭ワクチンが原因と医者には言われてます。３回目は打たないそうです。他のYouTubeで眼科医の先生が、ワクチンは、目に悪作用は起きることあると言ってたので本当にそうなんだなと思いました😭,33,唯
75,接種後、生理不順が如実に現れている。３回目は本当に危険だと思う,208,おた,6
75-1,私は体が金色に光りました,2,V・でかくま
75-2,友人はアトピーめっちゃ悪化して毎日痒過ぎて耐えられないそうで皮膚科でかろうじて塗り薬貰ってるみたいです。,7,二代目ナムルマン
75-3,元ファイザーの人が、３回目からは今までの10倍強力で、いよいよ殺傷実験が始まると言ってるのを観ました,25,NaNa
75-4,幼馴染は接種後の生理が異常なくらいの大量出血だったとか…,20,のりのり
75-5,知人の弟さんは血尿が出ました。,20,Momo3
75-6,同僚のお姉さんは、生理が完全に停止したままです。,43,えみりん
76,大石さんの勇気ある報道を感謝してます。もっと多くの人に声が届きますように。,34,UmiPol,0
77,ようやくマスコミの良心を表明することができたのかと、大変うれしく思います。今後も大いに真っ当な報道に務めていただきたいです。こころから応援しています！,30,OTA MASAN,0
78,いつもありがとうございます‼️日本一素晴らしい報道姿勢に感動です🌟私の従姉の知り合いも最近パーキンソン病になったとぼやいていました。ご本人は副反応の可能性にまだ気づいておられないようでしたが…。いずれにしても遅発性のものは、あたりまえのように因果関係が不明で泣き寝入りとなってしまうのでしょうね。打てば打つほど自己免疫力を失って、癌や自己免疫疾患にかかりやすくなると言われているのに、そんな話は信じられないと3回、4回と進めていくのでしょうか。せめて発熱や腕の痛みやアナフィラキシー以外の副反応についての情報も、接種に協力してくださいとアナウンスするのと同程度に知らせるべきですよね。,51,hasumi,0
79,大石さん、かっこいい。まるで昔の仮面ライダー。捨て身で日本人を思う気持ちに熱くなります。,324,breezes0610,1
79-1,>仮面ライダーご免！Lieだ！／ HEAVENESEという替え歌（パロディ）がヨーツベにあります🤭,2,fuji sakura
80,この番組、全国放送すべきです🥺,51,まつめぐ,0
81,思っているより多くの人が苦しんでいるよな。,174,競人,0
82,配信本当にありがとうございます✨,114,F H.,0
83,素晴らしい番組です。私は家族の中でも唯一ワクチンを打ってないのですが、家族は当たり前のように3回目のワクチンを打とうとしています、、聞く耳も持ちません。こういう情報をもっと他の報道番組でも発信してほしいです、、,8,あいり。,0
84,この情報、とても参考になります。今、自身でもワクチン接種後の副反応に悩まされて、1〇日以上回復せずに仕事を休みでいます。このような実態をもっと取り上げてほしいです。,14,菊池泰功,0
85,今日の小牧の事故もノーブレーキで追突だそうですが最近この手野事故が異常に多い気がしますがワクチンの副反応での事案ではないですか？,166,だきいさすみき,6
85-1,@たなか 適当ではありません！想像です！,0,V・でかくま
85-2,あと認知症も加速させる可能性もあるみたい,9,山田幸弘
85-3,事故多いと思います。その前の事故は頭痛がしていて脳に異常があったと聞きました。,12,ことチャンネル
85-4,車には気をつけなければ行けませんね。,24,PlumaBlanka
86,首都圏の放送局はスポンサーに外資が入ってるからこうゆうニュースを流さない。関西、北海道、北陸などの地方局はちゃんと報道してくれる。YouTubeで観られて有り難いです。,118,y m,5
86-1,@相馬翔平 さんそのように言われています。,1,y m
86-2,@相馬翔平 w,1,YUKI G
86-3,@m mi さん最近になって本当の事を隠せなくなって来たんじゃないでしょうか。テレ朝とかTBSとかと比べれば、こちらの局は大分中立なスタンスでしたよ。,1,y m
86-4,コメント消えてた！以前の動画では、中立のように見せながらワクを奨めてたんですけどね。,2,m mi
86-5,なるほど！スポンサーが関係していたんですね,6,相馬翔平
87,大石さん、CBC、流石だなあ‼️ほんと関東でも大石さん来てほしいなあ☺️,97,バケネコ,0
88,真実の報道ありがとうございます‼️,38,KINOpic,0
89,最初から懸念され分かっていたことを無視して早計な接種を進めた結果です。国の無責任が招いた本来なら健常な人達が被害を受ける異常な事態だという危機感がなければこれからも増えます。そして泣き寝入りも増え潜在的な被害者も増えていきます。すべては治験などをほとんど行わず経済優先、国内事情より国外に対する見栄を優先し動いた国の責任です。それでワクチンパスまでやろうとしている異常脳な政治を止めない限り国民に負担と被害が広がり続けます。これはマスコミも便乗したことに責任を持たないといけません。今になって言っても遅いのです、一回目の時点でもすでに出ていたのを無視した報道の姿勢も考え直す必要があります。,78,itsuka1650,0
90,恐れていた事が現実になりました。自分は職域○○断るとき、内分泌疾患で心臓に不安があり、万が一心筋梗塞や心筋炎をキメてしまったら寝たきりになりかねない。それなら潔くコ○ナで○んだ方が迷惑にならないからと伝えました。　腕が異常に腫れる映像で視聴者の方も警戒すべきでした。筋肉注射で腕が腫れるなら、心臓の筋肉も腫れる可能性があるのです。　例のブツの副作用に懲りて、現代医学全否定になっている人は少なくありません。国や医学界は国民のことを舐め過ぎでは無いかと思います。,92,攻撃呆方法,0
91,この放送だけが真実を報道しています。大石さん、大変だと思いますが応援しています。,42,Mayu Kusamo,0
92,大石さん、CBCさん、報道ありがとうございます。m(_ _)m,34,My Melody 1993,0
93,苦しんでいる方の為にもこれ以上苦しむ方が出ない為にも取材報道お願いします,12,つらたんつらたん,0
94,人工的に体内に流行病と同じものを作り出すので、似たような症状(有害事象)が起きるかもしれませんね。引き続き注視(傍観)していきたいと思います。,51,SA,1

95,単純に厚労省がHPにあげてる死亡症例、副反応症例見たら怖くて打てないと思うけど。10代の心筋炎の多いこと。子供に平気で打たせてる人、見てないのかな？,89,Kama Kama,0
96,CBCさん、大石さん、公正な報道をありがとうございます。信頼できるメディアもあるんですね！！応援しています！！！,28,N,0
97,報道番組として見る価値あるのはもうここしかない。,100,おすし,0
98,大石さん、ありがとうございます_(._.)_、これからも頑張って下さい。今回のコロナ騒動で、国は全く信用してはいけないことがよーくわかりました。,22,三世ルパン,0
99,ワクワクの心筋炎はほとんど軽症だとかなんちゃらと言ってる方…いましたが…心臓ですよ…もう十代のあれこれみると、なんでこんな…と思えて…軽症がなんちゃらと言ってるあなたはもう若くはないから…10代よ…あなたよりあとどれくらいの時間があると思うのと思うと…認めないでしょう…異様ですもの…田舎の母がこの１ヶ月で小さな集落で三人が心臓止まってなんちゃらと…せめて調査くらいして欲しい。庶民の命と思っているのかな…なんだかとても辛い…あと数年でもいい生きよう、ころちゃんにならずにと思って接種して亡くなった方がどれ程いたのかと思うと…とても胸が苦しい。なんだか海外のあちらも異様だけれど…そのうち日本もと思える事が多々…せめて未来ある子どもたち若者は守って欲しい。免疫力もあるのだから…,63,なひ,0
100,こういうことも報道してくれる方もいるんだ✨希望,3,。名無しさん,0
101,信じて打った人はまさかそれのせいだと思ってないし、そうだと言われてもそんなことないと否定するので、実際はもっと被害が大きいのではないかと…,21,マリエッティー【ママFX】,1
101-1,たしかに、私もワクチンを二回打ったのに恋人が出来ないんですよ。くそぉー！騙されたぜ！,1,V・でかくま
102,やっと、テレビで取り上げて放送したか、良かったです。後遺症をもっと早くやれば、沢山の人達が、接種をしないで済んだのにと思います。子供達もしたら駄目です。北海道では最近、医師が立ち上がりました。ワクチン接種反対と、全ての人の接種中止を訴えています。嬉しいです。😀,14,ミッフィー,0
103,こういう当たり前の事実が、公然と報道できない報道機関が多過ぎることの方が大問題だ。CBCは、よくやったと思う。,30,Himawari 0808,0
104,今頃言うな。かなり前から予測できわかっていたことだろ、でも、でも言ってくれてありがとう。早く多くの方に伝わることを祈っています。,37,Yuji Nakagawa,0
105,これは氷山の一角に過ぎないが、大石さんは、本当に本当に真っ当な方だと思います😢他のテレビ局は腐りきっている💢真実を報道することは、大石さんの身に危険が及ぶ可能性もありますので、どうかお気をつけください💦,26,寺西幸子,0
106,CBCには頑張ってほしいね‼️,44,mame,0
107,誠実なニュース求めてました。ありがとうございます😊私は介護職です。周りは打ちたいわけではなく打っている方も多くいます。私は打たなくても働き続けてます。これからも応援してます😊,100,唯,0
108,わたしは何人か⑤⑥⑦ワクチン後遺症の方のつぶやきを読んで経緯を見守っていますが、中には後遺症であることをかたくなに認めずに苦しんでいる間にかなり症状が進んだ段階で３０歳でALS（筋萎縮性側索硬化症）と診断されて、むしろそれで納得しているような人がいます。その人はたまたま打った直後にALSを発症したと思っているようだしALSと診断されたことで気持ちが落ち着いたようなのですが、接種した４日後に初期症状が現れたということなので客観的にはどう見てもワクチンがきっかけでALSのような症状になったとしか思えないような感じがします。そして、そもそも打たなければ健康な身体でいられたのかもしれないと思うと、このような後遺症になる可能性があるワクチンに疑問を感じざるを得ません。,48,ユカリーヌ＠正義の味方ちゃん,0
109,日本に残された数少ない公平な報道を、ありがとうごさいます。,12,エアロランナーV,0
110,大石さん、歴代総理のように、原稿棒読みではないし、非常に好感が持てる。,4,tamatama kon,0
111,素晴らしい報道姿勢です！貫いてください！,16,NENEKO,0
112,報道ありがとうございます感謝してます最近は夕方ニュースの時間はチャントを見るようになりました。私の中で、１番信用できる番組です!!,142,M R,0
113,唯一事実を報道してくださっているCBC放送大石さんに感謝します(^^)ワクチンに関する悪影響をメディアは一切流さないのでワクチン肯定者がどれ程多いことか。。この動画がたくさんの人々に拡散され被害に遭う方が少しでも減る事を願います。これからもよろしくおねがいします!,9,ケロヨン,0
114,このような世間のなか、ワクチン副反応についての貴重な情報を発信して頂きありがとうございます。その報道姿勢に心から敬意を表します。残念ながら、私の地方ではみれないのですが、これからちょくちょくお邪魔したいと思います。「チャント！」の皆さま方、どうぞ、この報道姿勢を貫いて下さい。応援しております！！！　ありがとうございました。,31,ももこ はしもと,0
115,私のまわりでも50代、60代の人、3人亡くなっています。原因はわかりませんが元気だったのでおどろいています。任意です。自分の身体を大切にしましょう。私は未接種です。健康管理に気をつけて頑張っています。,13,ピザ,0
116,副反応って、副作用ですね。言い換えにより、柔らかくしているだけで、医学生であった時代に、薬の副作用というように習っていましたよ。薬はリスクとも。,17,インコが大好きゴシキセイガイ,0
117,私もこのような勇気ある配信内容を多くの方々に拡げ繋げて参ります‼️一人一人が行動をしていけば、大きな輪となる✨ありがとうございます💗,4,マチルダ,0
118,ワクチン、短期に副反応が出る人❓️😓それより、2、3年して、何の原因か分から無いが怖い((( ；ﾟДﾟ)))😓😭,39,須本孝光,0
119,心臓に爆弾を抱えてるので接種は控えてます。これだけの副反応(副作用)がありながら心の問題で片付けられたら堪りませんね。早く然るべき検証を行うべきだと感じます。気づいた知事さんも居るのに、うちの方では未だに町内放送で接種を促す市長がいます。👍,26,栃内弘己,0
120,大石さんおよびCBCさん、抑止圧力は想像に難くありませんが耐えてくださいね！,13,who but sushi,0
121,言わんこっちゃない。残念ながら手遅れの方もいらっしゃるでしょう。ご冥福をお祈りいたします。,56,井上準之助,0
122,事実を集め調査してください、大石さんご苦労様です、,97,堀保,0
123,事実に基づいた報道ありがとうございます。多方面から圧力があると思いますが負けないで頑張ってください！,10,江藤リンゼ,0
124,夏場では副反応で重篤な人の割合は微々たるものだと数字を出して言っていた人も今では見なくなりましたね。,47,さゆ,0
125,真実を報道くださり、ありがとうございます。これを全国放送すべきです。,13,ささ,0
126,良い番組ですね。,8,ei co,0
127,愛知県でも始まる議会で、五歳からの摂取やめさせたいです助けて下さい！,24,チャンネルYURYU,0
128,まともな世界、まともな日本になりますように願っております。まともな報道ありがとうございます。,12,アーノルドじゃんぼう,0
129,弱者に寄り添った報道に、敬意を表します。ありがとうございます。他のジャーナリストも見習うべき。,15,暦の,0
130,これがテレビで放送されるようになれば、もっと世間に周知できるんですがね…でも、このようにYouTubeで流せるだけでも進歩ですけどね❗ワク賛成でも反対でもなく、淡々と事実を伝えてくれて感謝です😭✨,17,ハッピー,0
131,医療従事者である看護師が1回目のアレ打ち始めた頃に数名おなくなりになっている事を当時のスマニューで見て、正直言って怖くてこんなもの打てないと直感して、日本人のほとんどは打たないだろうと思っていたのに気付いたら1億人近い日本人が2回目終えているとか。あり得ない、みんな何も考えないのかと思っていたら、こんなに後遺症の人たちがいたんですね。なのに国や御用学者は3回目打てとか、平然と推奨していて怖くなります。あの人たちには人間としての普通の感覚を持ち合わせていないのか。今こそ大石さんの様にマスメディアで報道すべきです。この時期を逃したら日本人が近い将来・・・と考えるといたたまれません。,16,riko,0
132,急性期の病棟で11月末まで助手をしていました。よろけて骨折した高齢者、肺に水が溜まった人、脚が紫色になり、片目が開かなくなった人たちなどが後を絶たず、回復の見込みのない入院患者で一杯でした。9月頃からこのような状況になり、毎日生き地獄を見るのが辛かったことと、体力的に厳しかったので他業種に転職しました。私はいろいろ調べて因果関係を推論していましたが、すべては「原因不明」でスルーされ、お決まりの対症療法が施されていました。医師も看護師も接種済みでしたから、暗黙のタブーだったと思います。,18,VG,0
133,真実を伝えてくださって感謝いたします！メディアは嘘ばったりですがこちらは素晴らしい報道をされています。大石さん応援してます！！,9,モモンガ,0
134,医療手当の支給を認められた内訳が重大!殆どが女性でしょう!これは、男性と比べて体格差が問題だと思われる。そもそもP社のお注射は、体格の良いアメリカ人男性を対象にしていると言われている。日本人女性には使用量が多いのではないかと思われ、その結果でしょう!さて、３回目の接種が言われていますが、これは止めたほうがいい!まるで回数を問題にしているようで実は、累計の接種量が問題。明らかに、日本人女性には量が多い。更にそれを子供に打たすなんて。正気の沙汰とは思えない!,70,スズキマサミ,0
135,公正な報道に心より感謝します,15,kina melo,0
136,公正な報道、ありがとうございます(^-^)/♥️感謝です。,56,赤松光,0
137,素晴らしい！　カネ取ってる放送局はいらんなあ〜。,73,Joe Joe,0
138,💉リスクの報道が最近はちょこちょこ出てきているのに、国は立ち止まって検討することもなく、それどころか３回目接種時期の前倒しをするとか言っている。狂っているとしか思えない。,28,あゆみ 渡辺,0
139,だいぶ前から薬害事件が継続中ですけど、東京のキー局はいまだにワクチン推奨ばかりで情けないですね。本来ならキー局が真っ先に報じなければならない情報なのに。,21,C Moon,0
140,これはあくまで氷山の一角だ。同僚から周囲ですら体調不良は多くいる。知り合いは仕事も辞めた。,32,hiroya777100,0
141,がんばれ　大石さん　ひとりでも多くの方に真実を届けてください。抵抗勢力がすごいと思いますが、応援しております。,9,早寝早起き,0
142,これを見て三回目、子ども止めて欲しいです。地元ｎ局も副反応の取材をテレビ報道してました・テレビしか見ない人のために後に続く報道が全国であってほしい。,13,ことチャンネル,0
143,私もワクチン２回打ってから、ずっと疲れやすい身体がだるいのが続いてます。,20,Eri Sakura,1
143-1,それは加齢…あ、いや、ワクチンのせいですね！許せませんね！おのれぇ！政府の役人め！許さんぞ！,0,V・でかくま
144,日本は独立した調査機関が無い異常なんだよなぁ,33,ふーふー,0
145,自分のワクチン接種が危険と、判断した事は、正解だったと本当に思いました!良かったワクチンしなくて!,17,y È.,0
146,このニュース全国放送で流してほしいです　テレビに出てくる医者や話は信用できません　真実を伝えてくれてありがとうございます,8,ジェジュ子,0
147,私は打っていませんしこれからも打ちません。職場の接種時の状況を見ると、恐らく誓約書を書いている筈。強制ではなく、任意であり、自分の意志で接種すると。私の記憶が正しければ、皆がほとんど何も考えずサインしてた。こうした状況下で救済されても知れてる。１億２０００万人中　　９６００万人が深く考えず、こうした凶行に走った責任は誰にあると大石さんはお考えですか？散々煽り加担しておいて、それじゃあマッチポンプじゃないですか？この投稿が削除されないことを願います。少しでも正義の心があるのなら。そして、貴方と貴局があちら側でないのなら。,49,スズキマサミ,0
148,ワクチン接種をとにかく推し進める政府に疑問しか残らないです。　大石さん応援しております。,17,店舗リサーチ,0
149,いつも動画見ています。貴重な情報本当にありがとうございます。自分の人生に関わる大事な事なので、慎重に判断して行きます。,7,高島司,0
150,真実の報道、ありがとうございます。政府も厚労省も行政も自称専門家も本当のことは言いませんね。言えないんでしょうね。,49,ラーハム,0
151,番組見ました、素晴らしい,50,hpitotaka93,0
152,私も同じく怠さや胸が苦しい息切れ等で外出できないでいます,33,kyoko,0
153,すごいテレビ局が報道してる。半年遅いけど、報道しただけ他局よりはまし。,100,ああ,0
154,この国は一体どうなってしまったんだ！,70,リアル,0
155,マスコミが利権にまみれた専門家をテレビにも出して「リスクよりベネフィットが高い」と言い続けている限り、政治家は何も変わりません。政治家はそれを盾にして後で問題になっても「知らなかった。自分は悪くない」と逃げ切れると思っています。,12,nobita nobi,0
156,お気の毒ですね！回復祈ります。枠は数年後にも何が起こるかわからないものだと聞いていたので、高齢者ですが、私は接種受けてません、でも枠かからず元気ですよ！大石さんの勇気ある発言を聞いていたので、よかったです。いつも配信有り難うございます。,1,片岡末子,0
157,高齢の方がワクチン接種して亡くなった時、寿命だと平気で言ってたし、接種していなかったらきっと今も生きていたと思います。,10,noco no,0
158,副反応あっても隠す、、そして、3回目まで打つことをすすめる、、恐ろしい国です。そしてなにも気にせず3回目打つ人が私の周りは沢山いることにも不思議でしょうがない、、、,15,tomo tomo,0
159,木下投手の死因について伏せられていることにも色々ご存じなんでしょうね,14,ミステルFX,0
160,報告されてない副反応の人達も多いと思います、私の職場でも接種後倦怠感などで仕事を休んだり数日動くのも無理になってしまった人もいますし、息子の同僚も高熱が続いてキツかったと。それらの人達の症状は報告されてません。,5,XJAPAN&猫 maririn,0
161,多くのテレビ局が偏向報道・隠蔽をしている中で、とても勇気のある発信本当にありがとうございます🙏いろいろな圧力がかかるとは思いますが、どうか負けずにこれからも正しい情報を伝えてください🙇‍♀️,44,y y,0
162,親戚に一気に体調不良者や持病の悪化した人が出まくってる。２、３、４型アレルギー持ってる人で接種者は、何らかの症状が出て無くても今後、症状が出るかもしれないので、気を付けてください。免疫系の疾患持ってる人は特にやられてる。,10,mim m,0
163,地上波の報道機関がこれほど深堀しているのはこのチャンネルぐらいです。打つ打たないは真実を知ったうえで判断するのが普通の事。まるで戦時中の情報統制と洗脳だもの。,14,kaokun,0
164,メディアで唯一信頼出来る人圧力に負けずに戦ってる姿は尊敬に値します,55,ねむ。,1
164-1,都合のいいことだけ信じていたらだめですよ,3,たなか
165,真実の報道有難うございます。とても感謝いたします,1,さくら,0
166,段々と真実が出て来て、うれしい。これから子供への接種をはじめようとしている、断固として反対しなければあとから取り返しのつかない状況になるぞ,9,ryu&na,0
167,これこそ真のジャーナリストです✴,57,セイントチャンネル,0
168,こういう方たちはどのくらいの情報・知識を得て打つ判断をしたのか知りたいですね。接種者の中にはmR○Aがこれまで20年間研究して承認を得られなかった技術だということも知らなくて打ってる人もいてビックリします。冷たいようですが全て納得して打った(治験に参加した)のならば、結果も受け入れるしかないですね。,68,Yo Mi,3
168-1,@菊竹淳 「厚労省の役人等は9割は接種していないと聞きます｡ 感染予防,重篤化を防ぐと言い続けてきた厚労省の役人がです｡」いい加減なデマをあちこちでばらまくのは止めるべきです。,1,Mustang
168-2,ご意見,ごもっともですが,医療従事者でさえ,よく調べ事もせず,亡くなっている方も,結構いると思われます｡ましてや日々の生活に逐われてその暇の無く接種した方も居られると思います｡ 一番非難されるべきは劇薬と重々知っていながらに推し進めてきた,政治家,厚労省,散々,煽ってきたメディアは｢知りません｣,｢判りません｣は通じ無いでしょう｡  厚労省の役人等は9割は接種していないと聞きます｡ 感染予防,重篤化を防ぐと言い続けてきた厚労省の役人がです｡,7,菊竹淳
169,全世界で、ワクチン接種を進めているので、少なからず不調を訴える人もいそうなのに、接種一択ですすめている世の動きに、疑問を感じていました…,11,世界のやまちゃん,0
170,いつも貴重な情報をありがとうございます。このような報道が出来ないテレビ局が多いのも現実で、日本のテレビ業界の衰退を招いた原因でもあると思います。海外メディアを見ていると日本の報道の滑稽さがひときわ目立ちます。その為に英語教育を弱体化させたのか？と思う位ですが。最近ではネットを見られる若者が増え知らないのはテレビ漬けになっているご高齢の方ばかり、あと５年もすればテレビも終わりを告げそうですね・・・そうならない為にもこれからも報道の在り方について勇気ある正しい事をしていただく事こそ国民が望むテレビ像だと思います。これからも勇気ある正しい事を報道していただく事こそ国民が望むテレビ像だと思います。,5,ポコちゃん,0
171,素晴らしい中立報道。応援します、頑張ってください！,11,長岡英子,0
172,この報道に感謝します!国も認めざるを得ないほどに深刻な症状の方が多いのでしょうね。それでもまだ半強制的にブースターを煽っている国や厚労省と大半のメディアには怒りしかありません。,4,にゃんまー,0
173,唯一の真っ当なメディアですね。素晴らしいです。これからも変わらぬ姿勢で国民の灯台になって下さい。お願い致します。,7,Kay,0
174,世界で一番まともな報道です。,11,fisherman Nagara,0
175,ワクチン危険性も正しく伝える報道ありがとうございます。,5,狐塚秋彦,0
176,ある程度人間がモルモットとして利用されることで医学は進歩してきたんだよな…嫌な人は拒否すればいいし、リスクを承知で打ちたい人は打てばいい。どちらかに偏るのではなく、お互いに自分と異なる主張をする人の権利を尊重して認め合って欲しい。,3,あまの,0
177,一回でも撃つと、その先は,撃つも地獄、撃たぬのも地獄、三途の川を前に、暫し,逡巡か？覚せい剤よりもヤバイ｡,97,菊竹淳,4
177-1,となると、近年はお葬式屋さんが儲かる職業かな？🧐,0,けん志村
177-2,@V・でかくま 打ったら永遠にバイバーイ🖐,0,PlumaBlanka
177-3,言ったな！嘘だったらボウズだぞ！,0,V・でかくま
177-4,打った人は安心してますけどね。わからない人が多いからしょうがない。,5,PlumaBlanka
178,CBCの社長さんもありがとね！　こんな報道を許してくれて　これが本当の報道ですよね　応援いたします！　頑張ってください,8,NAOKO NAKAMURA,0
179,良くあるケースですね！基本原因は腕で多く起こる抗体生成反応が心臓で起こることで循環器や呼吸器で疾患が起こり、重篤な場合は死に至ります！肺の水は心臓が強いダメージを受けた証拠ですが、心不全に伴うどうきや呼吸困難を伴うことも多い。なお受けたダメージが強ければ心不全という形で肺や心疾患等の検査に現れ重篤な症状に至りますが、そうでない場合はダメージが分かりにくく、その後に後遺症として現れることも十分ありますので、接種後に倦怠感や背中に痛みを感じた人は要注意です。接種後短期間で現れる副作用は一過性のものですが、受けたダメージの大きさと、もともとある基礎疾患の状態で予後が変わります。なお中長期の副作用に関しては未来に行かない限りわかりませんが、心疾患や癌や免疫疾患等の基礎疾患がある人は短期で増悪する可能性が高いので、中長期でも心疾患や癌や免疫疾患等に問題が起こる可能性は低くはない。,8,2010hyhy,0
180,副反応が酷い方が病院たらい回しのことを言っていたが、親切に診てもらってもこれだけ検査したらそりゃあ患者さんはしんどいわ。お金もかかるし。大石さん、素晴らしい報道ありがとうございます。,8,ma~rio,0
181,医療関係者の方、それは”心の問題”ではなくて”心筋”の問題でしょう、明らかに。,21,Abon,0
182,子宮頚がんワクチンも再開され推進するとか…こちらも心配,16,みそきち,0
183,大石さん敬服します。ワクチンパスポートについての報告、取材に期待します。これはワクチン同様将来にわたり大きな禍根を残す可能性があると思うのでよろしくお願い申し上げます。,2,さいくす,0
184,ありがとうございます大変な事になってるんだけど、３回目💉打つの止めようって騒がれないのが不思議,18,レモングラス,0
185,いつもまともな報道ありがとうございます,4,とっとちゃん,0
186,兵庫県尼崎市の長尾和宏医師の過去動画を見ると、CBCワカサさんが取り上げて下さったことを知りました。嬉しい😂ですね。コロナ後遺症より、枠後遺症が多いとの事。遠くから患者さんが、救いを求めて見えるそうです。志ざしを持って医師を目指された、先生方この惨状を救って下さいませm(_ _)m,8,Daian1222,0
187,高校時代に貴方が下宿していた田舎の母はご活躍を喜んでいます。コロナの闇をストレートに発信し、厳しく問題提起している勇気は、野球一筋だった頃の一球入魂の精神がまだ息づいていますね。何よりCBCが容認している点に希望の光があり、民意の力が真実を後押しすると信じています。,36,89y VERMEER,0
188,一年たって飛蚊症や肺塞栓が増えている,46,みかんうさ,0
189,私の父は高齢ということもありますが、ワクチンを2回打ってから足がパンパンに浮腫み、原因がわからず、徐々に足が思うように動かなくなり、急に痩せ始め、最後に道で倒れて顔面を強打し、今は要介護5です。それまでは、特に誰の助けもなく普通に暮らしていた人が突然、要介護5になったことに驚きです。「高齢だから」で済まされていますが、疑念が晴れません。,17,ゼットントン,0
190,皆さん健康管理には気をつけて下さいませ。心あるホスピスならいいけど、今はそれは難しいと私は思います。,3,きらら,0
191,ありがとうございます。この方の治療費は自費ですか？　頑張ってくださいね♪,20,いまここ,0
192,だって毒を撃ったら体がどうにかなっちゃうのは当然じゃん,37,月打輩,1
192-1,どうしろと、とうしろとwww打ったら永遠にバイバーイ🖐,9,PlumaBlanka
193,二回目のワクチン接種後、倦怠感、吐きけ、目まい、ドキドキがひどい、息切れ等で６ヶ月ほど寝込みました。三回目はやりたくはありません。,3,内藤信子,0
194,いろんな所からの嫌がらせがありそうです。お体にきをつけて頑張ってください！応援しています！,1,YU E,0
195,Good job,54,Jorge Nikaido,0
196,これこそ、本来の報道のあるべき姿です！！圧力に負けず、大石さんはじめ、スタッフの方、よく頑張って下さってると感謝しかないです。日本政府は隠蔽ばかりで、国際的にも日本は報道の自由のない国として有名です。しかし、この様な報道が、大石さんとスタッフの方々が頑張って下さることで増えるかもしれませんので、頑張り続けてください。応援しています。,7,Gao O,0
197,こんばんは私は2回目を打った後から吐き気に襲われ3ヶ月経った今も食欲不振で体重が10キロ以上落ち手足が枝みたいになりました。病院で胃薬貰ったけど…効かず。ちょっと歩くと血圧低下でフラフラワクチン接種は懲り懲り一人になると情けなさで涙が出る。,2,白桃みー,0
198,副反応　寝た切り　呼吸困難　3か月　心臓検査　癌検査　異常なし　体重8kg 3万件　29-37-81-126人一定数居る,6,古田真,0
199,友人のお父さんが2回目接種後に心筋炎になり、医者に「もう長くない」と言われたそうです。,9,カーリー13,0
200,中部日本放送と大石さんを応援してます！！！副反応で苦しんでいる方、亡くなってしまって苦しんでいるご遺族の方の味方でいつまでもいてください。日本で唯一まともなメディアと感じました。,14,A S,0
201,素晴らしい番組です🙏✨感謝✨,7,春,0
202,今回もありがとうございます。私の住む地域では番組を拝見できませんが、Twitterで毎回拡散させて頂いております。きっと視聴者には分からない圧力等もあるかと思います。お身体に気を付けて、これからも本当の情報の発信を宜しくお願いします。,4,ララキキ,0
203,ＣＢＣの大石様を日本人みんなで守りましょう。勇気を出して下さった大石様を日本人みんなで見守りましょう。大石様、本当に有難うございます。,8,田々,0
204,ひそかに応援しています。,45,中年おにぃの気まぐれ投稿,0
205,素晴らしい報道姿勢。名古屋の誇り。,19,QU QU,0
206,最近救急車多いよね,36,Gaia,0
207,ご報告ありがとうございます。今更ながらですが、討たなくて良かったと思ってます。,10,Eight Man,0
208,CBC様、いつも有難うございます。日本の闇を知っている国民は沢山います。テレビでここまで報道して下さるのは、CBC様だけです。ずっと応援しています！,21,かんの,0
209,残念ながら認めないでしょうね…。私も無念です！,40,カカロット,0
210,本当にありがとうございます。日本一の報道番組とアナウンサーさんだと思います。応援しています。,18,菜,0
211,これが報道！本道！真実の報道を今後もお願いします！,10,創者一客,0
212,大石さん、国民にとって本当に大切な情報をテレビで発信してくれてありがとうございます！知り合いが、ワクチン摂取2日後に腸が破裂し半年間入院していました。勿論因果関係は認められていません。一回目二回目大丈夫だった方達も三回目摂取前にもう一度立ち止まって考え直してほしいです。,5,lucky girl,0
213,50代の女性はそれまで健康だったということですので明らかに副反応だと思います。1回目でそこまで酷いなら2回目はやめて正解ですよ。政府はきちんとサポートしてあげて下さい。,13,ヤグモ博士,1
213-1,す,0,岩下初美
214,ここまで問題になっているのに３回目打つ人の気が知れません…韓国の子供が接種後に急性白血病になったり、鎌倉市の長嶋議員も鎌倉市の10代の接種後数時間で亡くなった遺族の訴えを市議会で訴えてます。北海道の医師も中止を訴えてます。この声が聞こえない政府はもう狂っています。O株は感染力大のため弱毒化している可能性が高いですがB株用の枠チンではO株に対しての抗体がB株に対しての1/41程度しか出来ないことがわかってきたようです。そうなると枠チンが効いてるのかそもそも自分が持ってるB細胞が抗体を作ってるのかはっきりしないと思います。B株が蔓延していない現状ではP社、M社のm枠チンはほとんど無駄です…逆に打てば打つほどの本来の免疫を下げスーパーコールドと揶揄される単なる風邪にも感染しやすくなり、理○大の村○教授は同じ抗原を５回以上打つと動物実験では毎回半数くらいのマウスが逝ってしまうそうです…感染は粘膜から始まるのでそこを防御する力を保つのが非常に重要です。粘膜内のIgA抗体とマクロファージです…IgA抗体はビタミンAから作られてマクロファージはLPSにより臨戦状態を保つことができます。IgA抗体は種々のウィルスに対応でき初見のウィルスでも対応します。逆に枠チンでの抗体はIgG抗体で主に血中にでき感染しないと働きません…しかし…今回のものはスパイ○タンパクの遺伝コードを打つものでしかも人類に投与したことがない成分が10種類含まれます。遺伝コードでスパイ○タンパクを作りますが作る量が人によって異なりその量によって副反応も変わり抗体量も変わります。恐らく若い人か元気な人は多量にスパイ○タンパクを必要以上に作り抗体生成が追いつかず副反応が酷くなると考えます。逆に副反応が少ない人は抗体も少ないと思います。なので…他でも何回も言っていますが、感染→隔離→抗体治療しか無いです。ソトロビマブという抗体をビックファー○ではありますがgskが作りました。それはスパイ○タンパクの変異が起こるRBD部に作用する抗体ではなく変異を起こさない部位に取り付く抗体です。なので手が嵩張るので細胞内に侵入しづらくなります。こういった抗体は変異の影響は受けません…m枠チンはスパイ○タンパクを自分の細胞で作ること自体も懸念点が多く指摘されています。まずはスパイ○タンパクを作った細胞はT細胞によって破壊されている可能性が大です。枠チン成分の中には細胞浸透性を上げる成分が含まれており細胞内に浸透していきます。当然心臓にも行きそこでスパイ○タンパクを作る可能性が十分ありP社も特許内であらゆる細胞内で生成されていると記述しています。ということです…打ちたければどうぞ…DE○TA OM○CRO○ を並び替えて見てください… ME○IA CO○TROL になります…偶然でしょうか？10年以上前から計画されていたように思えてなりませんけどね…,19,やくきん,0
215,報道機関のあるべき姿だと思います。全力で応援して行きます。,16,ytselector,0
216,本当にありがとうございます。,20,早雲北条,0
217,糖尿病だった主人はHBA1ｃが食事の改善でどんどん下がっていたのですが、接種後どんどんあがってしまい7.0前後が9.4まで上がってしまいました。因果関係ははっきりしないのが悔しいのです！糖尿病の方の情報が聞きたいです。よろしくお願いいたします！,6,ポピー,0
218,子供が、モデルナ2回目の後に、胸の痛みを訴えてたけど、病院では、精神的な問題だと言われ、厚労省に連絡したら、心筋炎の疑いがあるから循環器に行く様に言われたけど、それを病院に伝えたらここでは診れないと複数の病院から断られました。あれから2か月経ってやっと胸の痛みが治まったけど、未だに循環器の受診が出来てません。毎回胃腸科か内科に回されます。病院の対応にも問題が有りますね。,44,h.i,5
218-1,@キャンつば 家の子だけでなく他にも断られてる人が居ると厚労省からも言われました。,0,h.i
218-2,そんな病院あるわけないやろwww,1,キャンつば
218-3,子供になぜ‼️,3,NaNa
218-4,病院の対応にも,問題有るでしょうが何の疑問も持たないで子供に接種させる,親にも 問題あります｡恐らく子供は永く生きられないでしょう｡,5,菊竹淳
218-5,打たせるだけ打たせておいて、いざとなったら責任とりたくないから放置なんて酷すぎます😣,10,riko
219,身近で血栓で片目が失明した人居ます,14,ももえももえ,0
220,こういう大事な、話をしてくれ！全国ニュースにして！,1,かなと,0
221,いつも真実の報道ありがとうございます、異常なほどマスコミはワク副作用の件は報道しません、ほとんどの人はワクチン反対派とかではなく、国は任意と言いながら、ワクパスや職場で強制し、そのくせ責任は取らないのがおかしいと思ってるのでは？真実を報道した上で、自分で判断して考えたいですよね、とにかく世界中がおかしな事になっている。,8,オリオン,0
222,もう政府いらん。こんな状態を放置する政府はいらん。,55,ap std,2
222-1,@Tonya そうです！世界政府を倒すぞ！俺たちの戦いはこれからだっ！どんっ！,0,V・でかくま
223,父は接種後1週間で歩行障害、失禁をするようになってしまいました。現在通院中ですが、高齢な事という事でワクチンとの因果関係は分からずです。摂取前は元気な父だったのに。CBCテレビの大石さん有難うございます。色々な圧力があるとは思いますが、変わらぬスタンスで情報提供、発信をお願いします。,14,モルちゃんMOR,1
223-1,お父様、今の状態から少しでも良くなることを遠くからですが祈ってます。,4,y y
224,ワクチン接種後、副反応がひどくてなくなったり、あるいは重症化した人が、もっとたくさんいるので、そのようなケースをニュースで伝えて欲しい。,0,suzuki ran,0
225,子宮頸がんワクチンの時と同じだなそして被害者がいわれのない誹謗中傷をテレビで堂々と言われるのも容易に予想できる,11,わっふるわっふる,0
226,他のテレビは全く出てこない情報です。一部の新聞や週刊誌で少しだけ。政府は「稀に」という副反応は上がっていないものも多数あるはず。最近多い車の事故、ワクチン後遺症と言われるブレインフォグとの関係も調べてほしい。,8,NOA,0
227,正義！！ありがとうございます！,6,そら,0
228,大石さんは日本で唯一反権力の正しいニュースキャスター。かっこいいですね！,3,志音慶一,0
229,感動しました。真実を伝えられるとここまで腑に落ちるんですね。,1,豆曲,0
230,大石さんいつもありがとうございます。亡くなった方や後遺症で苦しんで死にたいと言ってる人もTwitterで見ました。河野太郎はまた心筋炎も直ぐ治るとか言ってます。もう犯罪です。私の周りでも亡くなった話や心肺停止になった話し接種後の体調不良等色々と聞きます。今迄なら直ぐに中止になってますよね。金属が入っていても死者が多くても中止にならない不思議ですね。世界中が同じ様な動きをしています。本当不思議です。アメリカでは流産が増えて医師が怒ってました。日本でも増えてると医療関係者と思われる方が言ってました。,34,romiko39,1
230-1,カナダオンタリオ州です。死産率が17倍。病院は、心臓疾患の新生児多数。（妊婦は、接種義務）メインメディアは、決して報じません。現場からの告発が、続いています。,2,Tonya
231,副反応で病院に行っても「気持ちのせいだ」という医者がいるんですか？これも私の気持ちのせいかもしれませんが、医者や看護師がテロリストに思えて仕方がありません。気持ちのせいだとは思うんですが・・・・・・,47,SHI HA,4
231-1,ビルゲイツが闇の支配者に見えていない限りまだ大丈夫です。こちら側に戻れます。,0,V・でかくま
231-2,気のせいではありません。現実です。,2,きらら
232,いつも拝見させていただいています。フラットな報道素晴らしいです！ありがとうございます。ぜひ、CBCのTVの方でも報道をお願い致します。,5,磯部卓志,0
233,副反応の数値は、担当医の判断なので、かなりの埋もれた数が予想されますね。,2,renonkkk,0
234,血栓のDダイマーっていう血液検査の項目があるみたいですけど、それはどうだったのでしょうか。,2,ともみ,0
235,人口動向統計が、2年連続で、発表見送りも見逃さずに報道して下さい！！　すでに、何十万人っていう人が亡くなってますよ！！,12,こんこん,2
235-1,人口動態統計は通常通り厚労省のホームページで公表されていて、データのダウンロードもできますよ。ここ２年分はもちろん、３ヶ月前の月報（確定値）、２ヶ月前の速報値もそれぞれ出ています。超過死亡者数は、少子高齢化の日本では毎年増え続けていますが、今年は例年の増加率から予測されるより数万人多くなっているのは事実です。その流れから、私も厚労省がそのうち人口動態統計の公表を急に中止するのではないかと危惧してましたが、さすがに今のところ公表はしています。,3,gomiakuta
235-2,病院に行かなくなり死亡者は減っていると思っていたけど,1,相馬翔平
236,真実の報道が広がりますように❗️枠は毒,9,sakurasou17,0
237,まず最初にワクチンを接種したかしないかを表明してから始めて下さい。毎回、お願いします。,3,ma ya,0
238,テレビを、そうそう毎日見続けていたら、打たなきゃってなったんだろうな。人が、はやしたてることには、ひっかからないことだ日本人は、いつから用心深さを、なくしてしまったのか。,6,喜喜,0
239,やっと本当の事が🌈💫大石さん頑張って下さい🙏🌈💫,20,乾郁代,0
240,こういう重篤な副反応が怖くて、なおかつ、補償もきちんと出るのか分からないので、ワクチンを打っていないのだが、そのような私は、ワク推の人からするとゴキブリで、根絶やしがたい害虫らしい。ひどくない？,18,青地,2
240-1,そのような,人を見下した人達はこれから永きに渡ってワク接種した事で重い代償を払う事になるでしょう｡何しろビル,ゲイツに依るとこのワクはスローキラーでゆっくりと身体を蝕むそうです｡,3,菊竹淳
241,コメントに　いいね！そして、高評価！押して応援します。,4,houtou111,0
242,12月2日厚労省発表の接種後48時間以内1387人。何故インフルより脂肪者圧倒的に少ないのに枠史しなければならないのか、根本がおかしい！頃での脂肪多いと感じるのは「令和2年6月18日厚労省事務連」で何で史んでも陽性なら頃死と発表後、厚労省へ報告するようにとしたためである。,10,灯あかし,1
242-1,「インフルより脂肪者圧倒的に少ない」は間違いですよ。「脂肪多いと感じるのは・・・何で史んでも陽性なら頃死と発表後、厚労省へ報告するようにとしたためである。」と言わるかもしれませんが、直近の速報値を迅速に調べ早期対策をするための通達分です。実際の死亡者は厚労省の最終人口動態統計の医師の正式な死亡診断書で集計されます。速報値と実際の人口動態調査との差は殆ど誤差ありません。100%の精度を求めるために時間を費やすより、95％の精度で速報を出し対策を早急に打つことが重要なんです。2から3週間後の死者数動向みても手遅れです。（他事項含め一般社会の常識です。）追記：陽性者でかつコロナの治療を受けていて死亡した場合ですよ。「治療を受けている」が抜けています。,0,Mustang
243,大石さん、ありがとう。,2,ミイラ,0
244,大石さん、深堀りありがとうございます。私自身、約２０年前に名古屋市鶴舞駅にて大石さんご本人より直接インタビューを受けました。内容は忘れましたが、その時の紳士な態度や、解きほぐされるように丁寧に意見を傾聴されていた態度に感銘を受けました。時は経ち、最近のコロナ関連、心無いともとれる偏向報道やワイドショーが多い中、「大石さんなら・・・」と思っていたところに、大石さんの深堀り解説を拝見しました。ご自身で取材され、ご自身の言葉で、公平に表現される内容に、お会いした時の感銘が間違いでなかったことを確信しております。関係のスタッフの皆様、公平な報道をありがとうございます。今後も応援してます！,8,shigetoshi matsuda,0
245,お医者様が副作用では？と聞くと明らかに引くらしく、関係ないと言われるのが多いみたいで、更に治療を避けるらしいです。素直に勧められて受けた後、後遺症になったら取り合わないってあり得ない。苦しんでる人結構な数いるみたいですよ。,8,まんまるお月,0
246,事実を伝えてくださり、ありがとうございます。,4,D O,0
247,ワクチン情報開示請求に対しFDAは75年後の2096年までかかると返答。真実を隠すため。　　　　　　　大石さん！報道継続、深く感謝致します！,6,ニュースクールエックスチャンネル,0
248,こういう情報をテレビでどんどん取り上げて欲しいです。今のニュースはメリットばかりを取り上げてデメリットを全然報道しない。こんな国はおかしすぎる。本当に国民のことを思っていない。怖すぎる。,6,良美,0
249,大石さん   真実の報道をありがとうございますm(*_ _)m 応援しています,4,つぶちゃん,0
250,問題がマクロになって　薬害訴訟に発展していく可能性も,9,ぺんぺん,1
250-1,そこまで行くのに10年20年単位の時間が掛かる結構な割合でそこまで命繋がってるか分からんぞ製薬会社は問題が起きても一切責任を負わない契約だから尚更進まんと思うわ,8,ふーふー
251,がんばれ大石さん👍,7,日本愛国人,0
252,20回彼氏に打つなと言ったのに、8月に２回目も打ってしまい、今週　血栓から心筋梗塞で救急車で運ばれてしまいました😓（冷たいけど、可哀想にとは思ってあげれませんでした）　手術をし回復に向かっていますが、毒チンで心臓を破壊されたにも関わらす、長年の喫煙のせいだと言ってる救いようのない、メディア洗脳からまだ目が覚めない彼😱😓　じゃあ３回目も4回目も死ぬまで打てば!!と怒鳴るしかありませんでした😤　同僚の旦那さんは突然片目が見えにくくなり脳を検査したら脳血栓が見つかり、もう一人の同僚は具合が悪く家から出られないと友達から聞きました😩打った人の体の中は､一生トゲトゲを作り続ける生産工場でトゲが血管や臓器を突破って破壊するようですね。と言う事は、一生治らないのか😱世界人体実験中の毒チンの結果は私達人間にとっては大失敗だが、世界の悪魔らにとっては大成功💰💷💶💴　因果関係が持たれないように毒チン後６ヶ月〜2年間にかけて病気になる、もしくは突然死するように、うまいこと作られた注射!国はファイ、モデとの契約でキャンセルすると多額な損害賠償を払わなければならないから、国民の命よりブースターに必死、最後の望みは３回目を打たないこと‼️📢いつまでも寝てるな➖‼️,14,NaNa,1

253,ありがとうございます。真実のマスコミ！身の危険も、顧みず発信素晴らしい！立ちあがろう覚醒者纏まろう自由の為に！今でしょ纏まるのは！,7,takahiro,0
254,圧力や脅しもあるだろうに、勇気ある報道に感謝します🥲🙏,4,あした,0
255,大石さん、お願いです。北海道の心ある医師の方々が１２月５日に立ち上がりました。是非報道してください。,8,アンパン粒,0
256,CBC、そして大石さん、真のマスコミはここだけです。ありがとうございます。,6,ヒキガエルのぴょん吉,0
257,CBCさん、キー局に乗り込んで全国報道してください。お願いします。,9,ミラクル,1
257-1,キー局のお金がどこから出ているか知ったら、不可能とわかるでしょう。,1,Tonya
258,応援しています！ありがとうございます！,4,guuuu0000,0
259,ワクチン接種の数日前に健康診断受けた人のデータあったらな…,6,Kob A,0
260,ワクチン接種後の副反応の数は、軽く言ってこの倍の数はいると思います。だって、ワクチン接種の時に鎮痛剤渡されれば、病院に行かないのでカウントされてませんよね……実際私もそうです。私はファイザーで40度近くまで出て丸3日魘されてましたが、病院へは行きませんでした。,8,ふみきり,0
261,福島県内堀知事、ぜひお願いします!!知事でこういう提案をしてくださるのは初めてでは？？市長は南出市長だけ。,4,hiro musubi,0
262,大石さんの企画に支持します👏🏻絶対必要です！なぜキー局はやらないのか？いつもありがとうございます😭,16,T Grazie,0
263,今年の4月から9月だけでも過去5年平均と比べると50,000人以上多く亡くなられていますが、このままいくとどうなりますか。今年だけダントツの原因は何ですか。,9,ptw,0
264,勇気ある報道マスゴミの中でひときわ輝いているこれこそ掃き溜めに鶴,24,G S,0
265,3回目で同じようになる人も出てくる可能性も否定できない,29,ヤナータミー,0
266,いつもありがとうございます大石さん、ぜひ北海道有志医師の声明を取り上げて下さい。素晴らしい先生たちです。,4,バームクーヘン,0
267,あの…この方の「肺に水が溜まった原因不明の呼吸困難」ですが、10年ほど前に経験したことがあります。私もくまなく検査してもらいましたが、原因不明でした。原因不明=治療法も不明　なので、その不安はいかほどかと、さぞお辛いだろうと感じました。,1,近藤美由,0
268,全国の知事さん頑張って下さい　日本を売っている知事も何人かいるけど県下の人リコールやって下さい　とんでもない奴,4,メロン,0
269,周りの声に、摂取するか～と流されそうになることもありますが、こういった情報がもらえることで冷静になることができていますワクチン接種者でないと面会ができない病院も増えていると聞き、今後、生きづらくならないかなと心配になったりします..,5,えりぽ,0
270,町内の方の亡くなり方が異常に多くて怖いです、こうなる事は分かってましたよね。,6,rosy channel,0
271,私はコロナワクチン1回目打った後、入院しました。最初は気の持ちようかと思ってたら、違いました💦息苦しいさ、吐きけ、くちびるのしびれ寝たきりの症状が続きました。二回目は、しない方がいいと入院した病院の先生に言われたのでキャンセルしました。後日、市から連絡がきて、どうして二回目を打たないかしつこくきかれました。打たないので本当によろしいんですね？と最後きかれ電話が終わりました。この報道をみて、ワクチン後遺症があると知りよかったです。,7,ya Yukitty,0
272,凄い続いてください。,5,探偵-Tantei盗撮-Tousatsu,0
273,カイ・シデン曰く「こうゆう時は臆病なくらいが丁度良いのよね」,1,服部浩昌,0
274,大石さん、cbcさん、いつもありがとうございます。これからも、どうかよろしくお願いします。,5,S Tanaka,0
275,スパイクにより血管が侵されるということは老化が一気に進むことと同じです。今後平均寿命が下がってくるかもしれません。,6,nkrdv055,0
276,私の近いところでも起きました。知人(48歳)が、くも膜下出血で急死したのです。どうしても因果関係がゼロとは思えないタイミングで...。大石さんの情報の発信は本当に貴重です。これぞ本物の仕事です。,24,玉戸久光,1
276-1,直後の死を調べようともしない政府はいったい何をやってるのでしょうね。こう言う話が世界各国足並み揃え、、です。,4,Momo3
277,地上波でやってほしい,1,TOMOYA SUGIKAMI,0
278,真実を伝えてくださり有り難う御座います　アナウンサーの鏡だと思います立場的にもご苦労する事も多いかと思いますが　このおかしな世の中から　日本を救って下さい🇯🇵 お願い致します,0,maruru,0
279,いつになったらこういう報道を全国ニュースにするんだろう気配がない,7,夕凪雫,0
280,CBC素晴らしいですね。,2,st a,0
281,こうなると、三度目で出来る限り三途の川渡らせてしまえとなるか？,17,amazing thailand,0
282,細胞遺伝子治療だったのですから、私の副反応は想定内のことだったことでしょう。私が真実を発信することにより、様々なことが改善されて、世界中の人たちが笑顔になりますように願います。,6,花チェリー,0
283,なぜか対極的な新コロの後遺症で倦怠感が酷くやる気も出ず寝たきりの女子大生を思い出した。ベッドから起き上がれないほど重症（笑）なのにネイルとおしゃれは楽しめて、作ってもらった料理をクサイクサイと騒いでいた某女子大生とは真逆で、とても論理的で信憑性のある報道内容でした。,11,麻生 Q次郎,0
284,これらの費用の全ては自己負担です！,4,JUN.M,0
285,名古屋市民は　先鋭的な放送局があり　羨ましい限りです。　いいですね　全国的になればいいかと思います。　政治家やマスコミ界では打たないと聞きます。　真意はあるのでしょうか。,1,宮脇眞弓,0
286,自分もまさに、息苦しさと息切れと胸痛に悩まされています😥　仕事もお休みしてます。,6,Saturday Night Fever,0
287,先日3回目のワクチン接種しました。次の日の朝から39℃越える発熱から始め頭痛、倦怠感、膀胱炎に似た症状が現れ仕事に行けてません。家事もできず寝たきりです…。どこに相談すればいいかわからず病院にも行けず家で症状と戦ってます…。,0,あゆみ,0
288,国家による賠償案件,6,Ｉ T,0
289,2回目の次の日に、発熱と悪寒で寝込みましたが、職場に休みを届け出した他は知らせていないが、国の統計に入っているのかなぁ？,2,平野賢滋,0
290,政府が製薬会社に免責を与えている新薬を体の中にいれるのだから、何があっても自己責任　ただそれだけのこと。,5,mitsu,0
291,CDC頑張って下さい。必ず、正義は勝ちます。,6,efg,0
292,CBCさんは凄い,11,サトさん,0
293,これを子供に打たせる意味がわかりません。周りに流されず、親御さんたちにはよく考えていただきたいです。,3,ism9,0
294,テレビでこのファクトを伝えない局は全て何かの圧力を受けてるので、報道する真実を報道することもする権利もありません。主要各局はこの局の爪の垢を煎じて飲め！ありがとうございます。,17,is ta,0
295,内堀知事！やりますね！是非全国知事会で動いて下さい！！,8,たあくん,0
296,私の知人女性(40代)は、ワクチン接種して2ヶ月後くらいから酷い頭痛がはじまり起き上がれなくなり、仕事もできない状態です。病院に行くと医師からはストレスだと言われるそうで気の毒です。,15,So phia,1

297,地元の放送局CBCが全国から絶賛されているのは嬉しい反面CBCラジオでは一言も言わない違和感。むしろワクチンを進めてる感じがするけど。,0,鶴田朝彦,0
298,これはホントの話です会社の友達の息子さんの友達ワクチン接種で意識不明になり今も入院してますだから息子さん怖くなって打たないそうです,2,まーちゃん,1
298-1,ここでコメントされても,1,はろうぃんはろうん🎃
299,多くの人が応援してることを忘れないでいただきたい。マイノリティーな国民が期待しています。,5,タカザワD,0
300,危ないですね。気をつけます,1,KKA,0
301,私は、アレルギーとてんかん持ちです。かかりつけ医は全部病気把握しているのですが、打ての一点張り。全身痙攣起こしたら困るのでとお断りしました。補償もあるかないかわかりませんし。,16,もずく,1
301-1,補償しますって公約しているけど、認められたのは生きている人でほんの一握りですね。当日や翌日に亡くなった若い方もいるのに因果関係不明のまま闇に葬られてます。生きてる方へは治療費とか生活費レベルを保証すればいいいいだけなので安い話ですよね。,4,mi na
302,なぜこのような真っ当なニュースがもっと流れないのか？,8,情報りてらしー,1

303,ひとりひとりの善意と行動でしか今の状況は変えられない。みんな傍観者でいてはいけないと思う。大石さんは呼び掛けてるんですね。私も愛知県４市1町に非接種者差別禁止、接種強制禁止条例制定、重篤な副反応や死者数、陽性者中の接種割合などの情報開示の請願書を出しましたが、市長や議員の方々の言葉は「接種数を上げるのが党の目的なので心筋炎や死者数などを書くと人が接種をためらってしまうから、それは違う」と、署名頂けませんでした。「では今後子供にもしものことがあれば誰が責任を取るんでしょうか？」と聞くと、「みなさん同意書にサインしてますよね？では自己責任です」とのことでした。今や政治は詐欺になってます自由意思による選択には、公正な情報公開が必須なのに、、、大石さん本当に応援してます。愛知県の保護者のグループチャットでもみんな拍手喝采です。ひとりの子供も犠牲にしたくない,7,Tommy f,0
304,報道ありがとうございます。ワクチンのメリットとともに負の側面をしっかり理解したうえで3回目接種や子供への接種を考えていきたいと思います。,13,Sしばのすけ,0
305,一定数の人に副反応が出ることは、やもう得ないことだと思う。人間は色々な体質な人がいる。玉子、牛乳、小麦とかでアレルギーの人もいる。大切なのは、この症例を分析をして原因を解明し副反応を少なくすることだと思います。,1,かめたろう77,0
306,心電図は正確には負荷をかけて変化を調べないと判らない。でも弱っている心臓に負荷をかけると、とんでもない結果も有り得るので専門でない医者は普通怖くて出来ない。循環器の専門医に診てもらったら、と思うが…。,2,terasyu1,0
307,まだワクチン接種してないんですが、こういうニュース見ると、　ますますワクチン接種受けるか迷う…😔,6,mrr07,0
308,このチャンネルは地上波のテレビで放送してほしい❗️地上波は情報操作されてて信用できない,1,一之城咲チャンネル,0
309,身体全体遺伝子組み換えたから、相当な危険行為では⁉️,1,山岸千紗,0
310,ありがとございます。,4,Kじょなお,0
311,やっと少しずつ真実がデクラスされ初めましたね。,5,gentle air,0
312,この話しが真実ならばワクチン接種慎重に考えて行動していきたいです。,0,パンジー,0
313,ワクチン接種後…風邪のようなダルさと節々の軽い痛み…その後、風邪気味になり…病院で喉の赤みと鼻の薬を…あまり効きづらいなぁと思っていたところへ痰が絡み咳をした時に…今迄に無い胸の痛みがかなり痛い…咳を下だけで胸の中心がもの凄く痛い…２回目接種迄、後一週間…その後を考えると少し不安です。,8,shino,3
313-1,@wa ka まだ…時間があるので様子をみながら無理しないよう検討していきたいと思います。職場のことが無ければ辞めておきたいですね。有難うございます。,4,shino
313-2,副作用ではないでしょうか。そのような体調で再接種されると危険かと思います。キャンセルして治療を続けられたほうが良いと思われますが。,10,wa ka
314,70代の父は味覚が変わり、毎日食べていた納豆とお味噌汁が食べられなくなりました。また、接種した側の腕が自力で上げられなくなったままです。保健所や各問い合わせ窓口に相談しても、取り合ってくれないそうです。どうしていいか分かりません😢,6,lily1989,0
315,結局どっちが良いのか分からないから打ってない,8,できすぎくん,0
316,私はワクチン後遺症6ヶ月目ですが、やっとマスコミで取り上げてもらえて嬉しいです。専門医療機関が開示されていないために複数に渡ってしまった受診医療機関から、救済制度に必要な書類を集めることを体調の悪い患者がするのはつらいのです。申請しても認定される可能性が薄いことを考えると、私は諦めモードです。どうにかなってくれると有難いですね。,5,moisten,0
317,ファイザーは3回目始まったばかりなのに4回目必要だと言ってますよ治験中で、劇薬で、被害者続出の謎の液体を子供にまでやるという事態になる前に止めないとね！,9,takeomix,1
317-1,もはや笑い話レベルだけど、なんで盲目的にまだそれについて行く人がいるのか不思議。もはや病気かヤク中。,7,Kan Kan
318,自分の身体大切にせな、いつまでも前習え直れでは自分を守れませんよ、おかしいと思わな、戦いは始まっとるんよ、自己免疫より強力なWAKなんてないよ、選別されてまうよ、,7,hide away,0
319,2回目のワクチン接種💉した後咳が出やすく成りました。不安です。,6,桜吹雪,0
320,サッカー選手が相次いで倒れていますね。元々そういうのが多い競技だそうですが、今年の6月以降で調べると極端に例年よりも多くなっているとか。ハッキリしたことは分からないからこそ、射つのが当たり前みたいな流れに持っていくのは良くない。CDC等でも💉担当の方々が相次いで辞任したりしていますし、反対派も多いのに、声を上げると言論を封じられるのは不自然です。ファウチも去年は研究員達に「まだ射つな」って言っていたと、元職員が言ってましたね。未だに射ってないんでしょうか😑？,9,satoko,0
321,私の周りには急死する方や体調が不良の方が続出しています。,7,石井幸希,0
322,厚生労働省の職員は9割打っていない。これが答え…,8,豚ぴんく,0
323,国民の生命を贄にして何を得るつもりだ。こんな残酷な事するのは人間じゃないぞ。,6,Hiro Mayama,0
324,ありがとうございます,1,裕美hiromi,0
325,テレgで今回の動画を見つけ、ツベで見ています。せめて、再生回数と👍ボタンポチッとする事(位しか出来ませんが)で、この様な動画が注目されればと思い行なっています。以前も、こちらで早々に枠の報道をされていたのを見ました。変わらずの真摯な報道をありがとうございます🙏世間の風向きは(報道)少しは変わり始めたでしょうか。どんどん報道される事を願います🤲ありがとうございます😊✨,5,未来人,0
326,60代の女性ですがワクチン接種後具合が悪くなり翌日、病院にワクチン後の具合の悪い状況を説明したのですがワクチンの副反応は誰でもあると言われて帰されてから翌日亡くなりました。ワクチン後３日目の朝でした。身近にも埋もれているはなしを沢山聞きます。怖くて接種していません、出来ません,4,dark glay,0
327,濃いのと薄いのがあるのかなって思ったりします。製造過程で。,5,ももえももえ,1
327-1,２０２３.５までは治験中なのでプラセボもあるし濃いのや薄いのとか4種類位ある様です。もはやロシアンルーレット、いわゆる人体実験中ですね。,8,smile
328,周りがばくちん派なので、友人さえも出兵に万歳してる人たちにしか見えなくなりました。本当に目先のことしか考えない日本人が増えてきたガッカリですよね。ばくちん後に異常が見られているのに、認めない国。目の前で物盗んで、やってませんと言い張る輩と同じですよね。貴重な動画ありがとうございます✨,1,sharittoshabe,0
329,ようやくメディアも左⇒右の報道をするようになりましたか。私はマスゴミの人たちを許そうとは思いませんが。少しずつとはいえ事実を報道するようになってきたのはうれしいです。,5,momiji akiha,0
330,お疲れ様です。ワクチ○後遺○ですか。ありがとうございます。今後とも、宜しくお願いします。,1,坂本武志,0
331,国籍別に副反応認定者の数を出さないとまた税金が特定の人たちに流れることになる。,1,suguru tachikawa,0
332,ワクチン未接種の中学生です。家族やクラスメイトがワクチンを続々接種している中、副反応が怖くて私だけ未だに接種できていません。国が接種を推奨し周りのみんなも接種し始めている中、ひとりだけ接種していない、そのことで周りにどう思われているのかがすごく不安です。誰のどの見解を信じればいいのか分からない中、このような情報を発信してくれることに感謝しかないです。,10,はぎ,1
332-1,頑張って!応援しています。,4,茉莉花ジャスミン
333,私も心臓病とドクターが記載してくれまして受けましたが大丈夫でした、４日位寝てだけど､､､３度目、怖いなぁ､､､錠剤にしようかな‼️私の知り合いは最初から錠剤を飲んでます‼️ 注射💉が普通に怖いから,1,神楽神楽,2
333-1,私も動悸と息切れで気絶して、一週間ほど安静にしていました怖くて3回目、ましてモデルナは打てません,1,reve yz
334,まだ打ってる人いるんだー！お金も貰えないのによく人体実験に参加できるよな。本当に物好き、オイラは無理！,39,PP PP,4
334-1,@PlumaBlanka 集団でピラニアの川を渡る牛のようですねw運が良ければ生き残るwww,11,PP PP
334-2,@PlumaBlanka まぁ確かにですねwオイラは陰謀論は好きじゃないけど、単純に全てが不自然だと思いましたw反抗期ですなwでもそのおかげでまだ元気www,12,PP PP
334-3,真実を分かってないですからね。,8,PlumaBlanka
335,身内に1回目から同じ症状、2回目から1ヶ月余りでいきなり何も無かった所から癌が見つかりステージ4、検査方法も怪しいですが世界でも否定されてる抗がん剤治療、放射線治療を無理矢理するのは何か意図が有るんでしょうか？直感的に某関東大型病院🏥のやり方に納得しません。因みに身内でも自分1人だけ接種はしてません。💉🦠🧬😈🧟‍♀️🧟‍♂️🧟🦎🦎🦎,4,KiwiKen,0
336,私の知りうる範囲では重い副反応の方はいません。幸運でした。,1,棗希郎衛門,0
337,私の知ってる限り、そうした症状に苦しむ人、亡くなった人は４人います。特に親戚の叔父さん夫婦は２人で接種し叔母さんが急死、叔父さんは病院に入院したまま生死をさ迷い、現在言葉を少し話せる様になったものの、いつ亡くなるかわからない状態です。,7,星空と月読み,0
338,事実を事実として人間の都合など取っ払いありのままを伝えるのが報道ですね！ありがとう！,0,福田豪太,0
339,新薬の治験中に、アメリカ合衆国で緊急使用された事を承知の上で、リスクがある事も理解し接種希望した人達に接種している。治験中である以上ある程度の割合で重篤な有害事象が出ても仕方がないであろう。新薬の治験結果が判明するには数年必要だと思います。治験に参加している多くの人達には感謝しています。因みに私と私の家族は新薬の治験には参加していません。,4,keigo hara,0
340,いつもありがとうございます。大石さんの報道は希望です。シェアしています。感謝します。,2,Smile Clear,0
341,問題なのは、国が認めた後遺症はアナフィラキシーのみです。その他の心筋炎なども含めて認められていません。ファイザーなどとの契約があるのでしょう。,3,BEXEL (ビクセル),0
342,救済制度の申請するまでかなりの苦労をするみたいで、途中で諦める人多いらしいですね,15,雪広,1
342-1,たらい回しだってね,4,ふーふー
343,大石さんに感謝子供達のワクチ◯の特集お願い出来ませんか？,1,目覚めよ日本人,0
344,大石さんは、信用出来る。,0,ナイス孝男,0
345,今回のコロナ、ワクチンノーという勇気を愛知県からCBCから始めませんか？自分はＮＯです！,13,hiko hiko,0
346,うちの人は２回目後血小板減小で　体調あまり良くないです。,5,Fu Lee,0
347,接種後数日以内に亡くなられた方は確か1300人位(氷山の一角との事)。副作用で苦しんでる方も多発。国は「因果関係が不明」と言い調べようともしない。普通の神経を持った人なら「大至急調べます」と言い行動を起こしますね。,6,ダブリーハイテイ,0
348,引き続きリサーチ&リポートお願いします👍ありがとうございます❗️,1,m h,0
349,国は賠償責任！,1,くま侍,0
350,東京都医師会の尾崎会長はイベルメクチンを強く推奨しています。一日も早く、イベルメクチン12mgを数日間服用すべきです、尾崎会長は2回、記者会見を開き、イベルメクチンの効果を説明していますが、テレビでは全く報道されません。,1,k5 k5,0
351,そもそも日本の状況でワクチンなんか必要あったんか？EUやアメリカレベルなら緊急承認は理解出来るがそれに日が進む連れ治療薬や新しいワクチン開発が進んでいるのに,4,ふーふー,0
352,確かに怖いですね,2,武石智弘🎑絆🍶,0
353,ｵﾜﾀヽ(´Д｀;≡;´Д｀)ﾉ ｵﾜﾀワクチン💉💉💉ワクチン💉💉💉      受けないと...,0,くろさわ【黒澤】,0
354,★今年12月5日「北海道の有志石の会」14人が枠は・面駅を壊す・済者から移動している・クロちゃんは、もはや唯のカゼだどして「枠即時注止」を求める声明文を出した。会員の病院では口当て注止といている委員も確認した。賛同石を募集中です。自分・家族・友人を大切にする灯と成るように皆さん動きましょう。網抜けの為インゴットを使用しています,7,灯あかし,0
355,私もファイザー７月１３日1回目８月３日２回目、2回目は死ぬんじゃ無あかと思うくらいしんどかったです。４０度でました。その後急に母指CM関節症発症して１０月からお仕事お休みするしか無くなりました。安静に４ヶ月してても右手にも進行してきて、私はワクチンの後遺症じゃ無いかと今に思うようになりました。関節が身体の内側から変な感じなのを感じます。証明しようもないけど、ワクチン有効性も理解しますが、ワクチン打った事に後悔もしています。,0,石田恵子,0
356,ファインサンキュ（笑）正義の獅子!大石、~吠えてくれ!,2,川平健之,0
357,大石さん、がんばれ,5,T TAK,0
358,正しいニュース（ワクチン接種被害）が流れることは本当に素晴らしい事ですね～！ｗｗｗ,6,Ｓ Ｋｏｎｄｏｕ,0
359,地上波放送はほぼ完全スルーですが知る限り須藤慎一郎氏が因果関係不明について批判的コメントをしていました。,4,power chord,0
360,ワクチン接種する前心配したけど、想像の数百倍平気だったのでほっとしてる。どんな人が後遺症になりやすいのか知りたい。,5,柴犬りく君🐕&飼い主たかちゃん,0
361,大石さんは良心です。支援します。,3,Sky Shot,0
362,※コピペですがアメリカ在住です。病院に押しかけてる方々のほとんどが接種完了者だと看護婦である告発者が暴露してましたよ。なぜそうかというとほとんどの方々に血栓が見つかったそうです。普通に健康だった人にはコロナ感染後に血栓はできませんよ。血栓はmRNAの副反応ですから。ほとんどの障害そして死亡者は接種した方々か接種した方々と生活空間をともにしていた方々です（接種者がスパイクタンパクを排泄し他者に感染させている疑いがあるそうです）。私の周りにも接種した方々が二人も亡くなってます心臓発作でした。コロナは呼吸器疾患ですから心臓病でも持ってない限りコロナで心臓発作で死ぬことはあり得ません。彼らはいたって健康でした。コロナが流行り出した去年テレビで病院がてんてこ舞いだということを聞いた方々がそれらの病院へ行ってみたら病人が全くいなくて静まり返ってたらしいです。その頃はまだワクチンがありませんでしたよね。国民に恐怖を植え付けるためにフェイクニュースを流しワクチンを打ちたくなるように誘導しようとした心理作戦だったのでしょう。ワクチンを打ち始めたら都合よくデルタ株が登場。しかしフェイクニュースからは病院が対応できないくらい忙しいなんてほとんど流してません。でも代替メディアでインタビューを受けてる医療関係告発者などは副反応で入院してる人で溢れてると言ってます。去年と今年の違いはワクチンです。去年私の会社でも感染者が多数発生しました。しかし死亡者はゼロでした。ワクチン導入以来私の会社でも死亡者が多発してます。私はデルタ株も実存しないと思います。なぜならある方がCDCに電話を何度もかけデルタ株にかかってるのかどうかを知りたいと聞いたらテストではどの株なのかは判定できないと言われたそうです。しかしCDCはデルタ株は感染力が強いなどと断言してますよね。死亡者の何人がデルタで死んだのか判定できないんですよ。なぜデルタ株は感染力が強いと断言できるのでしょうか？第一COVID-19ウィルスでさえ分離できてないんですよ。分離にも成功してないウィルスのワクチンが製造できるでしょうか？あなたがワクチン接種完了者かどうか存じませんがmRNA発明者のマローン博士（Dr. Malone)や元ファイザー者の幹部であったイードン博士(Dr. Yeadon)が接種してはいけないと警告してます。このワクチンを打つと多くの方々が２、３年以内に何らかの合併症で死亡するとイードン博士がおっしゃってました。このパンデミックは全てがデタラメです。目的はこのジーンセラピー注射（又の名をcovid-19ワクチン）を一人でも多くの人に打たせることが目的だったと思います。怖い話ですがつまりは人口削減のためです。,2,浩二,0
363,肺水腫の検査はしなかったけれど、8月半ばの2回目接種で同じような状態になった。7月の1回目から疲れが抜けない、謎の背中痛があったが2回目で39.3°の熱が出たあたりから10日ほどかけて徐々に悪化してった…動悸、めまい、背中痛、呼吸苦、血圧不安定、微熱、水分も取れないくらいの食欲不振、過呼吸とは知らず死ぬかと思って救急車に乗るハメに。一時体重がマイナス10キロまで行った。起き上がる事も出来なくなって4ヶ月の休職…最近ようやく動けるようになってやっと明日から復職となりました。ブースター接種は受けないつもり。また同じ目にあっても医療費出たとしても収入が補償され無いんじゃ無理。でも　後遺症認められる人もいるんですね。自分は血液検査とか自己負担で医療費かなりかかりました。,0,あねフモ,0
364,12月2日功労省発表の接種後48時間以内1387人。何故インフルより死亡者圧倒的に少ないのに枠脂肪しなければならないのか、根本がおかしい！頃での脂肪多いと感じるのは「令和2年6月18日厚労省事務連」で何で脂肪しでも妖精が居たらなら頃四と発表後、功労省へ報告するようにとしたためである。,6,灯あかし,7
364-1,@灯あかし いい加減な情報を信じて、人生無駄にしないように。またいい加減は情報を流して他人の人生も狂わさないように。,0,Mustang
364-2,@Mustang ：いい加減にしましょう！貴方と話しても人生に無我な時間を使っているとしか思えません。屁理屈には付き合えません！もう返事はしません！,0,灯あかし
364-3,@灯あかし ・「「直近の速報値を迅速に調べ対策をするための通達分です。」の証拠は何処にもありません」は私が述べようとしていることと観点が違います。報道機関が毎日報告している速報数値は6月18日の厚労省の通達に基づいて集計されて数字です。その速報値の死亡者数と正式な人口動態統計の死亡者数は大きな差はありませんと言ってるのです。（「陽性者で治療受けている人がコロナ以外の要因で死亡するよう状況はまれで誤差範囲内なんです。コロナ対策に大きな支障はないのですよ。）・あなたが言っている「困っている」「仰っています」は、「インフルより死亡者圧倒的に少ない」のエビデンスには何もなりません。要はこと健康関係の問題で、どこかのネットのエビデンスも無いいい加減な情報を流すなと言ってるだけです。,0,Mustang
364-4,@Mustang さん：貴方はこの問題に何時もそうコメントする方ですね。私は全くそうは把握していません。令和3年6月18日事務連により脂肪原因に困っていると、現に医者が言っています。ネットでは岐阜大学の犬房教授（博士）も仰っています。幾ら言っても、多く見せたい方とは水掛け論でしょう！,1,灯あかし
365,この動画に１万個の「いいね」をつけたい❗,10,まっつぁん888,0
366,始めから法的にも肉体的にもリスクなのはわかっているはず。自分の決断。打たない人は打たない。,1,Hana Junko,0
367,とても良い内容でした❗️本当にこれ、日本中で放送して欲しいです。まずはワクチン後遺症、不調のある本人が気がつく、周りの人がワクチン後遺症の存在を理解する、医師が認める、国が認めるこうやって、ワクチン後遺症で悩む方がまずは理解されないという精神的な苦痛から開放されますように。そして、是非とも次は接種後、３ヶ月位経過してからの、若い人の心臓発作や脳梗塞などの急死について取り上げてくれませんか？実際に悲しい事が私の周りでも始まりました。,3,コウノトリごはん,0
368,だから救急車の出動多くなってるのね！,8,ももみかん,0
369,イベルが、効くそうです。オーストラリアでは、治療に使われています。,1,五百石太郎,0
370,人に迷惑をかけたくなくて打ったはずが体が壊れて会社を休み、人に迷惑をかけてしまう皮肉…,0,n m,0
371,ワクチンは駄目みたいですね。私もワクチン接種は接種しないでおこうと決めた。,0,へんなおじさん,0
372,隠蔽しきれなくなってきているんだろうな,9,ヤナータミー,0
373,こんなにワク後に急死もしくは重篤化してる人がいてる中、一人でも認められた人はいるの？？本当に怖い。国に支配された医者？誰が診断してんの？？TVの情報だけを見て、かからない移らないと思い込まされて副反応の事はほぼ知らせない。ワク打った人たち自己責任という判断に命を無駄にしてしまっている。私の親も打ちました……ハァ…。,9,y k,0
374,勇気ある報道に感謝させて頂きます❗まだまだこれから長期副反応が、出ます‼️どう政府は、責任をとるのでしょうか？追求してくださいね‼️応援させて頂きます‼️,2,Kaoru Honey,0
375,肺に水が溜まるって聞いて心臓が原因か？ってなったけど原因不明なんだな。,1,ぺぴ,1
375-1,心筋炎症→静脈流の行き先は肺だからです,1,Haruka Yamazaki
376,2回打った負け組は3回目以降も打とうな,5,ところでさぁ、,0
377,大石さん、ミックスパイくださいで山口達也に似てると自分で言ってましたね、赤札小僧が懐かしい😄,4,いのちゃんねる,0
378,最初から、ファイザーはこうなることを知っている。,6,River Euphrat,0
379,ストレスが原因とか、わけのわからない事言われて門前払いのケースもあるみたいですね。治験中のモノを何も調べずに、政府、マスメディア、周りが推奨、接種してるから。ただ、それだけの理由、自分では何も考えてない、調べない。こういう人が接種全体の何%を占めるだろうか。治験中のモノだから将来的に何が起こるかは誰もわからない。言い方が酷ですが、接種する側にも多少の自己責任というものがあると思います。,8,マミマミ,0
380,これを全国放送でできない腐った世の中,7,i am,0
381,普通の人がこんなになるなんて怖いよ。。,6,nakajima,0
382,出処のはっきりしたデータで勝手な誤った結論を誘導しないように。,0,donald walter,0
383,国に検閲されないといいんだけど…と思ってしまう程に、真実を伝えていると思います。現在の日本においては本当に貴重な、そして我々国民にとって本当に有難い報道です。このようなテレビ局が１つでもある事、そして、このような方がひとりでもいることが大切。このようなメディアの報道する真実が、広く全国に知れ渡る事を期待しています。コロナの感染者数やコロナによる病状ばかりを報道して国民を脅し、ワクチン接種へと促す大多数の日本のメディア。ワクチンによる副反応についてはほとんど報道しない大多数のメディア。現在の政府や行政、そして大多数のメディアのスタンスを、自分は全く理解できない。CBCさん、真実を報道し続けることで、他のメディアや政府、そして行政の間違ったスタンスが間違いである事を、ドンドン暴いていってください。強く期待しております。,0,takeshi573jp,0
384,大石さんありがとうございます。大石さんとCBCは勇者である。,3,dash dash,0
385,こんなに流行り病に興味があるみなさん、当然ﾍﾟｷﾝオリンピックは反対ですよね？せめて選手派遣中心でしょ？さあ、声を挙げて！あれ、おかしい、静かだなー,0,せっつん,0
386,専門家は想定内で接種を推進してる安全、デマと言った政府のおじさん誰だっけ？,5,たまきん,0
387,普通、これだけの副反応事例が出たら、使用中止にするよねぇ？今年（2021年）の夏頃から毎日数回救急車の音を聞くようになった。第五波のせいとも思ったけど、落ち着いた今でも毎日2、3回聞くのはなぜ？？コロナの前は月に数えるくらいしか聞かなかったから、ピーポー聞こえると「あら！救急車だっ！」とか思ったけど、今や耳慣れして驚きもしないくらい。,7,next who's,0
388,枠を打ったら赤血球が凝固し酸欠状態からこの様な症状や心筋炎、脳血栓などの重大なリスキーな状況が一生つきまとう。,5,光クリスタル,0
389,もしかしてまだ1回もワクチン打ってない俺勝ち組？,20,牧瀬紅莉栖,0
390,最初からわかってたでしょ！今更何言ってんの…😅1発でも打てば体には残る…打った人は本当にかわいそう,5,東の工事,0
391,本来はこのような事例こそテレビで報道すべきです。接種後亡くなった１４００人以上の方を公表して原因を追究すべし、しかしほとんどが死亡後に火葬されており証拠はない。これが国にとって最高の証拠隠滅。,0,dragon7777,0
392,有難うございます。この様な報道を行っているマスコミは殆ど見られません。特に全国放送のマスコミは、しっかりとしていただきたいですね。これからも真実の報道をお願いいたします。,1,hiro soo,0
393,打っても打たなくても感染して打っても打たなくても軽症なのになんでそこまで打たせようとしてチンパスとか変なことしてるの？ガチャだよどう考えても,10,お猿のショーン,0
394,月別は人数より何%が知りたい。10月11月の方が全体数は多いと思うから。,1,なおや,0
395,私もワクチンまだ打っていません。みんな打ってるし悩むのですがもともとインフルエンザワクチンから副反応が強く出るため大人になってもインフルのワクチンも打ってません。頭痛も普段からあり熱も微熱だらけなのでなかなか予定が立てられず打ててません。いろんな体の方がおられるので一律に打つのが良いのか悪いのか、わからないところです,1,esta est,0
396,CBCこそ真の報道機関❗️大石アナこそ真のジャーナリスト❗️,4,李敏,0
397,昨年の段階で井上正康先生は言わてましたよ　こう言う事が起こると　接種後の死者の方がコロ死を超える　心筋炎等も　まあそれでも　打つ人がいるんですからね（笑）さらに3回、4回と　普通気付きますよ（笑）,6,エルドレッド本人,0
398,政府からの救済はムーンショット計画へのスライドでしょうね。,3,モナナ,0
399,正常な赤血球の数を検査したいとこね,0,伊藤龍,0
400,圧力に負けないでCBC！,5,SeishinGakuin,0
401,元気が、喪失されるんだ。原因が、わからず検査費用も相当かかってしまったようで、お気の毒ですね。騙されて打たないことが、なによりだと確信しました。,5,森林みどり,0
402,これマジヤバいな…ぶっちゃけ中身どうなってんだろ…,5,マリクンクン,0
403,そういや仕事仲間のご両親が接種後、２人とも寝たきりになったって言ってた（８０代　足立区）,6,sdora BMax,0
404,ありがとうございます。ほんとうに、ありがたいなと思います。,1,ゆか🍀,0
405,有難うございます。２回目！これから３回　４回と圧をかけられ、色んな症状で苦しむ人達が増えるかも知れません！どうか皆さまにお願いします🤲自分の身体は自分で守りましょう！良く調べ！自分が納得して！結果入れるか入れないか決める！治験と（お　　く　　に）は言って頂いてるから、まずは言葉の意味を理解してほしいです。,3,福々こころ,0
406,打つのは自由！ﾀﾋぬのも自由！,0,Haji Ron,0
407,ワクチン接種で重篤化を防げた人数も、ハッキリ伝えてほしいです。ワクチンの有効性と、ワクチンの副反応は注意事項として説明されていますが、同意したから打ったんですよね。記事に「有効性を信じて」とありますが「副反応にも同意して」もちゃんと併記しないと、公平な記事ではなくなると思います。,3,DIO123A,0
408,ここすき,0,あれ草,0
409,普通の報道に称賛の嵐とか　この国どーなってんの　外に出ればみんな口あてしてるし,3,濃い太大損,0
410,色々検査しても原因不明って最近よく聞く。ウチの母、友人のお母さん、友人の息子さん、友人のご主人…。症状はバラバラ。でも高熱が出続けてたり救急車呼ぶくらい心臓が痛かったりするのに原因不明。治しようがないじゃん！母親は痴呆気味になりましたよ。,4,minchaku kuma,4
410-1,僕の伯父さんは会社の事情でワクチンを打ってしまって本当に悲しい気持ちはわかります。😢😢😢,0,ゆの縄
410-2,どうか貴方の知人たちが重傷だけですみますように🙏ρ(・・、),0,ゆの縄
410-3,僕はずっと少しでも人の命を救いたくて知らない人たちにワクチンのこと教えてましたけど、めったに信じてくれることしかなかったです。少しぐらい信じて調べてほしかったと今も思ってます。,4,ゆの縄
410-4,貴方の知人は(いろいろな情報を集めて重ねたりしてなかったからこうなったのです。)(強制で打たせたわけでもありません)自分で決めた道なので仕方ないでしょう。,1,ゆの縄
411,マスコミでこういう情報を流してくれるのはありがたいが、ワクって循環器系にダメージだよね？関係あるんかな？関係ないなんてことは、思わないことはないこともないが。,1,ボノボ,0
412,ちょいと一回のつもりで打って、いつの間にやら三回目、気が付きゃベッドの上で瀕死、これじゃ身体にいいわけないよ、分かっっちゃいるけど断れない、アホね、スースー♪スパイクタンパク　モリモリ量産さん♪へんな〜スパイクタンパク　モリモリ量産さん♪●曲➡︎スパイク節●歌手➡︎ヘブニーズ,8,Kyoto_hiro,0
413,「接種会場行く振りして「やっぱり打ちません、枠の中身が信用出来ない、成分分析したいので持ち帰らせて？」は無理でしょうか？何時でも、何処でも、誰でも、自分が接種するはずだった枠の小ビンを持ち帰らせて貰うことはできないのでしょうか？何時でも不意打ちで小ビンを一般人が持ち帰る事をさせて貰えるシステムにしてくれないのでしょうか？「枠は国の税金で買った物なので無理です」と言われたら「じゃあ個人的に枠の小ビン買い取ります」と言えば良いし、「枠の中身を一般人が知ることは特許違反なので無理です」と言われたら「中身を公にせず市民を不安にさせたまま接種させる気ですか？もし、枠の中に何の毒も入っていないなら公に出来るはずです、それに公にした方が皆、安心出来るので接種してくれる人も増えて、そちら（枠の製薬会社）にとっても好都合じゃありませんか？」と思ったんですけど。」と皆で至るところで情報発信して政府が無視できない状況を創って国会討論させて、その情報を世界中に広めて枠強制接種国を、強制ではなく任意（打ちたい人だけ）にできないでしょうか？,2,おにとし,0
414,子どもが通う学校の保護者の方が、チンワク接種後、２日してから身体が動かなくなり、足し算などの簡単な計算もでくなくなり、入院。病院はチンワクとは関係ないの一点張り。3か月経って少しずつ回復している状態。,6,おじさん,0
415,私もいまだに打っていません。体調が悪くなるのは勘弁して欲しい。,1,Hatsumi J,1
415-1,和多志も打ってませんオミクロンは2回打った人がなりやすいと言います！！3回打ったからと言ってもオミクロンになる人もいます！！,0,高澤日出夫
416,浜崎あゆ〇さんも　２回目の接種後にアナフィラキシーになったとか・・・そうじゃないとか。,0,S K,0
417,Twitterでしか情報が交換出来ません。もっと知って周りに拡散お願いします。,2,Kiichi,0
418,2回目打ったら死ぬ位酷いレベル,6,ヤナータミー,0
419,このあからさまに続く茶番に疑義を唱える垢や動画は削除され、世の中のSNSで言論統制が強化される中で、攻めた報道は本当に有難いですね。,2,茶番,0
420,〇シンプル投稿掲示板サイト(反枠珍)検閲対策の一環として微力ながら活動しています。情報共有、発信の場としてご活用ください。今後の社会を考える場です。※当アカウント名 ＞ ホーム＞概要から。,4,ニャン吉,0
421,職場で強制され打たないといけません。今まで逃げてきましたが 今回は無理みたい。無報酬で実験体になります。,1,井上雅人,2
421-1,強制は、憲法上出来ないはずですよ。医者に相談して体の都合で射てないと診断書を書いてもらうなど、打たなくて良い方法を真剣に考えられてはいかがでしょうか。,2,t o
422,大石さん、いつもありがとう御座います❗️本当にそうですね。打って後遺症が出ても、本人事態分かってない人もいるし、先生事態も分かってない人がいます❗️調子悪い方が沢山いますが、ワク○をしてから、なのに、本人は分かってない。沢山の数の人達が報告しないでいると思います❗️他のテレビでも上げて欲しい➰少しずつ明るみになりますね❗️🙏,4,愛,0
423,私の知り合いは腰がやられている人が多いのと同僚の娘にワクワク打たせた結果急性子宮炎を起こした２回目はキャンセル同僚はひどく後悔してました勧めて打たせて1人娘を病気にしたことを！,3,Kazuo Yamaguchi,0
424,( ￣▽￣)何が原因かは判らなくても、明らかに接種したことが起因しているでしょう。自己責任、自己判断を前提とし集団的な薬害問題とならないよう防衛策を講じているが、社会では未接種だと解雇される場合もある。働くためには接種せざるを得ない人がいるのが実態だ♪その結果、運悪く長期的な副反応に苦しむことになった人は、お気の毒だけど、接種を奨めた連中にも責任の一端はあると言えるでしょう。最終的に裁判になるだろうけど、それより前に潔く国が認めるべきですよね。私は、心臓に持病があるから医師から接種を止められてます。はなっから接種する気はないけど(笑)○○省とか信じるに価しない組織だからねぇ…,0,長谷川マダオ,0
425,すいません。ワクチンは打たな派です。ちょっと不思議だったのですが普段アクティブな女性にかかりつけの医師がいたのですか？,1,のゆき,0
426,スタッケルバーガー発言記事（アメブ、泣いて生まれてきたけれど）,0,まさみ,0
427,事実報道をありがとうございます。中々報道されない副作用副反応の事実を発信するこの番組を素晴らしいと私は評価します！,3,mika,0
428,私の知り合いには、某〇ジテレビや某大手広告代理店の報道管理職がいます。彼等を含め総じて大手メディアは容易くワ〇〇ン派報道です。その中で、大石さんのこのモチベーションは何なのでしょうか…❗️私はその知人達よりも大石さんの命を守りたいと思います。テレビ局、Webメディア、どこよりも，日本人だと思います。,6,いろはもみじ,0
"429,Nippon no mina-san, OttenTo-san o abiru koto, vitamin ""D"" ne.,2,satoruchibana,0"
430,ここのテレビ局すげぇよ！スポンサーつかなくても視聴者が味方になるよ！,4,あさ,0
431,大石様はじめ、この動画作成に関わられた全ての皆様に深謝申し上げます。副作用に苦しまれている方々の症状が少しでも良くなることをお祈りしています。,3,井原世之介,0
432,国民の７割が接種しているなら、民主主義的倫理としては接種が『善』で、打たないのは『悪』となりかねません。国会で接種を義務付ける立法が成されたとしたら、打ちたくない人の自由は保護されるのでしょうか？憲法解釈の問題かもしれませんが、何かの機会にでもお教えいただけたら有難いです。,2,りんくら,0
433,副反応云々をしっかりケアせずに？平気で推奨する医療など…？良くも皆大人しく従うものですね？１００年前のスペイン風邪の時も日本だけが何とか乗り切った様ですが、当時の関係者のほうが手探りながらも非常に優れて立派だったように見えます。現在の関係者一度振りかぇって検討しなおす事も必要では、ないでしょうか?,4,アガサシオラン,0
434,真実の報道ありがとうございます😭ワクチンを打った人が多数なので 打った人は耳を塞いでいます打った人が 何か症状が出たら 持病があるから仕方がないとか自己責任だとか あんなに推し進めておいてこれからも 真実の報道をよろしくお願いします地元の放送局なので 誇りに思います‼️,5,メメ,0
435,私も、1回目ワクチンを打ってから体調が悪く、いろいろ検査しました。結果は異常なしです。この先、どうしたらいいのか不安です。,3,60代マル日記,0
436,可哀想過ぎる。,4,ぴょん,0
437,有難い情報をメディアで取り上げてくださり感謝いたします。私達は真実を知りたいだけなのです。,0,yuka KS,0
438,つべにばんされないことを望みます。,0,polarbear55jp,0
439,そもそも、日本人は新型コロナに対する交差免疫を獲得していた事が論文で発表されているにも関わらず日本中がワクチン騒ぎになる事が意味不明です。私の知人の会社の従業員もワクチン接種後に呼吸困難になり、エクモと人工透析で治療中です。１ヶ月経ちますがまだ戻ってきません。,2,M N,0
440,人により合う合わないがあるんだと思います。ワクチンによる副作用の疑いがある人の医療費は国が出すべきだと思う。,4,ヒデミチ,0
441,短期間で結果が出ます！というのは騙されやすいです。事故、事件、犯罪にいつ自分が巻き込まれてもおかしくない。恐ろしい事です。助けて救ってあげて欲しい。,0,みよ子,0
442,消去法で最後に残ったのがVac.　これを国が認めないのならそれは国のもつモノサシのほうがオカシイのでは。,2,daisuki nihonshu,0
443,友人の奥様は風邪一つひかない丈夫な方だったのに　ワクチン2回接種後、ずっと風邪の症状が続いていますが本人は認めません。また職場の同僚は2回摂取後首のリンパ腺に瘤のような腫れができています。また知人の若い男性のお母様は2回目接種後に亡くなりました。,3,Keiko A,0
444,また接種によって発現する病態が一つ増えましたね。ありとあらゆる病気を発症するのでしょうね。何で亡くなるかは人それぞれ。接種でどんな病気を発症するかも人それぞれという事でしょう。,2,H M,0
445,3回目はこれより悲惨になる。,1,あつ,1
445-1,4回～5回もあるのがイスラエル！！でも、20パーセントしか打ってないとか！！発癌するか、体オカシクなる！！,0,高澤日出夫
446,私なら検査費用がなくてここまで検査できないかも。,0,MARU3579,0
447,思った以上に、ひどい後遺症!本当のことを報道して下さりありがとうございます。,2,たっちゃんだよ,0
448,👍️,3,石原陽三,0
449,バンされないのか心配だ,3,ヤナータミー,0
450,大石さん、CBCさんありがとうございます。,4,mamezoYT,0
451,指が痛い腰が痛い、胃が痛い、ヘルペス、血小板減少するよ、周りの方はなりました、、体調悪いですよ、、任意だし、自己責任だから、気をつけないとね、、３回目は、😭😂治験中ですよ、治験する？,0,kunpunogogatsu,0
452,この再生回数が物語ってる。気づいて。,5,こたこは,0
453,大石さん、北海道の医師１２個人が接種中止を声明出しているのでかれらに取材と質疑応答してもらえませんか？この大きな話題が黙殺されています。,5,武士道國家を復活しよう。日の丸、君が代を廢止,0
454,手を洗う偽医者逃げれると思うなよw,4,よーくん🌟,0
455,これが削除されたらYouTubeもグル｡,7,リーダー,0
456,こわいよー一生寝たきりになっても誰も保証してくれないんだろうな他人に対してワクチン打てとかいう人も責任取らないだろうし,4,haru,0
457,最近、接種してしまった人からの、非接種勢への嫉妬がすごい。だから『納得してから受けよう』と警鐘したのに、『陰謀論者』とバカにされ続けたなあ。,6,家族に内緒でガチゲーマー母ちゃん,1
457-1,同じく...,1,ゆの縄
458,日本人のデータは取ってるんでしょうか、個人的に二度目の接種後二日熱が続き、その後脇のリンパが腫れ、不整脈が続いています。５０代の男です。,3,april tiger,0
459,それでも70代の私は自分の意志でワクチンを選択します。,0,Shisi Xixie,1
459-1,和多志も70代ですが、全然打ってません！！(私⇐GHQ洗脳語;のぎ辺に無し、五穀無し),0,高澤日出夫
460,厚労省の人工動態調査によると、今年の死亡者数は12月の予想を入れて前年比85000人だそう。過去最高のようだ。このワク問題を掘り下げるとこの数との関係性が浮かぶよね。ピークは22年秋だそう。,3,Information Factory,0
461,接種者のハシゴを外し始めてるわ😩,2,man Jugon,0
462,埼玉弁護士会では有志の弁護士が「ワクチン接種についての問題」のプロジェクトチームを立ち上げたそうです。(新潟大学、岡田正彦先生を呼んで勉強会もするそう)。たとえ、不調があったとしても、国に対して、個人での発言はなかなか大変だと思います。弁護士に相談するというのも手だと思います。色々とあると思いますが、大石さん頑張ってください。ちなみに私は、ワクチンの事をヤフコメに書き込んでいたら、意味不明な理由をつけられてアカウントを削除(しかも二度)されました。,3,yasuko hosono,0
463,何故か尾身黒？、ﾜｸﾁﾝ茶番劇に幼い子供迄巻き込まないで欲しいです。,5,上谷シロ,0
464,大石さんもデマなのか？太郎よ,2,さとちゃんまんさとたろう,0
465,ここだけは真実を報道してくれてる。大手はバックの関係で無理なんだろな…,5,Ken Spider,0
466,もっといるでしょう‼️,6,森まりあ,1
466-1,なかなか報道してくれないワクワク後遺症を言及していただきありがたい,1,森まりあ
467,🔴 大橋眞名誉教授に取材して下さい。,2,Aランチ,0
468,アメリカの⁉️Foxテレビ📺️❇️並に、真実を報道する😃姿勢に、感謝しかないです、まだ⁉️心意気のあるテレビ局が、日本にあるなんて、🤩本当に❗️素晴らしいです。,2,吉田松陽,0
469,このYouTubeの動画みてるひとは、他の動画を見ないのだろうか。玉石混淆のネットの世界だが、もっと有益な情報が一杯あるのに。これを称賛…,3,せっつん,0
470,やっと！マスゴミからマスコミに進化したヾ(*≧∀≦)ﾉﾞ,2,ゆの縄,0
471,これも人類進化の一手段だとは思うけれど正直怖いですね。,0,旅の吟遊詩人哲也,0
472,3回目は絶対打ちません,4,寒,0
473,TBSは見ないけどCBCは見る,4,yoshiyasu,0
474,CBCだけですね。あとは中国の中央テレビと同じです。だから人権問題非難決議も、外交的ボイコットもできない国になってしまった。,1,a369258147z,0
475,副作用は増えるよ。なのに、政府は推奨。いわない、ふれない、調べない、違いますかね🐸,4,たかんぼう,0
476,打った後、ジンマシン、頭があり、脳が消える、意識が消える？不思議な問題が沢山なんです❗,1,藤山京子,0
477,日本のメディアは大石さんだけでいいね👍世界一のアナウンサー👏👏👏大石さんだけのチャンネル作ってください＼(^^)／名古屋の飲食店でサイン色紙がが飾ってある所で偶然あえないかな☺️トコトン語りあいたい(^^),9,たかひろ,0
478,なんのためなのか,2,エルデンリング専門チャンネル。。,0
479,色々な方が居るのですね。大手企業で集団接種を凄い人数受けてるけど一人としてこういう方居ないんですよね。早くよくなりますように。,20,大黒天マロン,0
480,消されたり、マークされるためコメントはありません,0,Mエルフ,0
481,CBCは、今後もしあらゆる方向から圧力があっても、すべて報道の自由、国民の知る権利を盾に、その圧力すらも全て報道してほしい。,1,戦艦ヤマモト,0
482,Googleに削除されちゃうよ？ｗ,3,ko sato,0
483,なんでカルテではなくメモ書き？あやしいな,0,hanatarerunner,0
484,そういう副反応は0.03％、交通事故年間で0.5％、一億円宝くじ当選確率0.00002％とりあえずそれらには当たらなかった。,0,qvmk iwze,0
485,気づいて下さい、いい加減。,5,かた,0
486,もう、駄目だと、思いました。怖いです１月に検査するね,0,藤山京子,0
487,iイチベイさん動画以前ワクチン摂取拒否運動します。多くの日本国民覚醒の為視聴します。,1,朝子,0
488,いいね👍もう終わりにしよう！,43,野村智志,1
488-1,今中盤戦。これからムーンショットへ一直線。内閣府のHPを読まれましたか？,2,Tonya
489,前回の書き込みを反映してくださったような報道、うれしいです。,2,猫岸夏目,0
490,ほぼ義務に近いワクチン接種。ワクチン接種に真っ向から疑問を投げかける報道はとても大切で貴重です。,1,宇都宮眞理,0
491,後遺症など存在しない、言わない、治験中です。また、医師会では、因果関係は不明。治験に参加したので、自業自得なんだが。2023年までに、データを分析している。治験に参加はしないのが、妥当。,3,Joshua,0
492,東京の医者ならば、めんどくさいから診療拒否するよ。,1,t k,0
493,あいつなんていったっけ？ワクチン大臣,9,相馬翔平,0
494,小田圭一岡山県議会議員自民党所属,2,Hajime Ichikawa,0
495,コロナ騒動への提言です,0,イッチャンティカ,0
496,薬害がちらつく,4,ケツ穴評論家,0
497,いつまで経っても因果関係は認められない…でもそうとしか考えられない。,0,シャボン玉石けん,0
498,おや？テレビでこんな素晴らしい番組やってませんよね？どこなのかな,1,moon,0
499,必用か？個人の意志を貫き通せばよいよ。他人に自分の体の事を任せたらいけない。,2,食ぱんマン,0
500,無料の裏？,1,田舎くん,0
501,テレビに踊らされてワクチンを打つ人ネットに踊らされてワクチンを打たない人どっちが正しいのかはわかりません。誰も事実を見た訳でもないのに行動する社会が不思議でしかありません。,3,みえる,1
501-1,打つ派も打たない派も、相手のことを「情報弱者だ」「洗脳されている」と罵っているのは興味深いですね。けどこの件に関しては、打つor打たないをみんなが選択しないといけないし、命と健康がかかっているだけでなく、社会全体に影響が出る(連帯責任)と考える人もいるので、どちらも必死にならざるを得なくなってしまうのも仕方ないかと。,1,がえしおうむ@がいよう見てね♥
502,聖書曰く 人々が「こちらだ」とか「あちらだ」とか言っても行ってはなりません。あとを追いかけてはなりません。」^_^,1,イッチャンティカ,0
503,1年前にこの様な報道をしてたら、心から賞賛します。打てば３年以内に全員死ぬと、ノーベル医学生理学賞の科学者が言ってる物を、何千万人も、打っちゃったんでしょ。テレビしか見ない情弱は殺される。,2,カリーナオニール,0
504,treg細胞活性化により自然免疫低下,3,すみっこゆき,0
505,コロナ流行時、病院へ行く人が減り、全体的に日本では、亡くなられた人が減ったと。。逆に、ワクチン接種が始まり、、公式な厚生労働省のホームページでは、、、五万人超過と聞きましたが、本当なら、ワクチンの服反応が厚生労働省に上がる数が少ない事実を鑑みても、、関係あるように思えてしまいます、、,1,畑ラベンダー,0
506,厚労省のワクチン副反応に対する分析がおかしいと感じてます（死者が出てるけど少ないから大丈夫と言っているように見えます）。複数の民間アナリスト（国から独立した機関）によるレポートが待たれます。,0,令和の安全保障,0
507,ゴゴスマ石井と違って大石は取材重視で語るから信憑性が高いCBCもTBS御用番組ゴゴスマはもう切って地元重視の番組を作って欲しいですね,1,DRAGONS 2017,0
508,究極な後だしジャンケン負けた接種者,1,マシャ,0
509,今週、1回目を打つ予定にしてる50代女性です。ワクチンの不安だったから今までしなかったが、来年職場で旅行に行くようになり、やはり打つべきかと思いの予約した所です。たまたまこのYouTubeを見てまた思い悩んでます。あーどうしよう😥,0,Mあき,5
509-1,愚かだと思う。たかが旅行のために危険なワクチン打つとか。,2,matu oke
509-2,今の日本状況で、打たないと旅行できないんでしょうか。,6,さゆ
509-3,いろいろ調べるほどに怖いです。長期的安全性は不明のもの。打たないでほしいって思います。職場旅行のためだけに。,8,wa ka
510,この報道、もっと早くできなかったのか？大半が打ち終わってからじゃ後出しジャンケン,1,Y,1

511,血液検査は？なんつったか分子レベルでチェックする検査は？,2,たこ八郎,0
512,スーパーコールドの一つなのか・・・？それともADE？,0,ジャックマン,0
513,実は知らないうちにコロナに罹っていたのでは？,0,O Ciao,1
513-1,それはないなw知りたいのならしっかり情報を重ねようね。どうしても真実がわからないなら待っといてください。,0,ゆの縄
514,頭髪が抜けた方に会いました。,0,大堀公歩,0
515,ほとんどない確率の話を取り上げて、煽り立てる、TBS系列のCBCも、早く潰れろ！,1,青木誠,0
516,二回目のワクチン接種後、腕が痛く、両手足が痺れています。4ヶ月目です。。。,0,はまたくGO!GO!エンターテイメント,0
517,治験は必要だろ？どんどん打て,3,汗汁,0
518,因果関係は調べていないんだろ？最後の「調べて欲しいと思います」ってそこまでがお前らの仕事だよ。,1,893Pal,0
519,ワク信の旦那に見せるべく、さりげな〜くテレビでYou Tube流してる中にこの動画混ぜていたら、この動画が始まった途端チャンネル変えられましたよonzわざわざ変えるということは、何かを意識しているという事。ムカつくんでまた何度でも挑戦します♪お世話になりますm(_ _)m,7,がえしおうむ@がいよう見てね♥,0
520,2回目接種後の頭痛がもう4ヶ月も経つのに治りません。1回目は微熱未満でしたが、2回目接種で39.4℃の発熱と吐き気、頭痛が起こり、熱は4日目にはやっと下がりました。ずっと発熱してから解熱剤飲んでたけど、ずっと高熱でほんとキツかったです。でも解熱しても頭痛はずっと続いてます。ほぼ毎日受診してもらい続けてるロキソニンを飲んでます。今も痛いし副反応についてもっと情報が欲しいです。このまま頭痛持ったまま何十年と歳とってって想像すると辛すぎます。,0,marupasu marupasu,0
521,私は親にワクチンを打つよう言われても自分の考えで打ってないので、親からバカ扱いされています。この動画を見ていたら、また親にバカじゃないのと言われました。あああああもうウンザリ！！,1,hinohikari,1
521-1,そもそも親御さんは打ったのですか？？親はNHK信者です！！,0,高澤日出夫
522,たった一人の症例を大々的に取り上げて中立は違和感があります。たった1人の知事の意見もしかりです。原因不明の病気で苦しんでおられる方は多くおられます。大勢がワクチンを打ったのだから、たまたまタイミングが重なる方も大勢おられるでしょう。中立だというのなら、本当に因果関係があるのかどうかまで統計学的なラインで数字で出して踏み込むべきです。,4,空飛ぶポテト,0
523,こういったワクチン接種後の体調不良に関することはあまり報道されていないのでとてもありがたい。病院に行っても副反応かどうかはわからないとしか言わないし、様子を見るしかないしか言いません。まずどこに相談するのがいいのかなど詳しく調べていただけないでしょうか。黙って症状が治まるのを待つしかないのは辛いです。,0,maiko,0
524,副反応報告3万件、死亡者1500人、死亡には至らない重篤な例が6500件、コロナに感染しても殆ど重症化しない若年層が予防の為に打つ意味全く無いどころか打ってはいけないと思いますが。,1,vario roof,0
525,Subete kesareru,0,黒潮丸,0
526,超えました・・　野中しんすけhttps://www.youtube.com/watch?v=gEpuqW6Ee50,0,羽場輝旭,0
527,一定数いる、という事は、そこにメカニズムがあるという事。条件が整えばそのメカニズムは動き出すから、条件次第で発生数の増加、症状の深刻化が有り得る。メカニズムの解析は進んでるの？誰が担当？放っといたままの三回目、考え直したほうが良いのでは？,2,Keen Bobson,0
528,虎ノ門ニュースでも怖くて言えないことを言ってくださってありがとうございます。虎ノ門ニュースも見習ってください！,0,NAOKO NAKAMURA,0
529,アメリカでの医師のワクワク責任化、この流れを日本は止める必要がある。そのあとは、遠隔と派遣が取り込み、外資系の土台になる計画を予測。,0,yamagugu00,0
530,私は、小学生の時学校でインフルエンザの予防接種を打ち、真っ暗になり体中が消毒の液体が入った匂いになり、具合悪くなった。　　打ってすぐなった。　保健室に寝ていたら良くなった。病院に連れて行かれなかった。それから、アレルギーと言われ学校で予防接種はしなかった。　　痛み止めでも呼吸困難になり、色々な薬で副作用が出る。私は予防接種を打てない。　命がけだから。,0,コロパピィ,0
531,何を今更。一度打ったらもう元の体には戻らない、8割の人からが打っちゃった後で、危険性を言うことに何の意味がある？後の祭りとはまさしくこのこと。アリバイ作りやってるとしか思えない。まあ、言わないよりははるかにいいことなんだけど。ワクチン煽りをやったことは間違ってましたとか宣言するくらいのことまでしたら、見直すけどね。,1,瀧公威,4
531-1,私の知る限り、大石氏は3ヶ月前頃からこの問題を取り上げています。その前は分かりませんが。https://youtu.be/GGJGqVvAAGI他のメディアが負の側面を全く取り上げない中、警鐘を鳴らす勇気ある報道姿勢だと感じます。勝手な憶測になりますが、圧力も結構あったかも知れません。また、明言は避け事実を伝える事にのみ終始している事も。問題がうやむやにならない様に、取り上げ続ける事は意義があると思います。,2,Toshiyuki Shoda
532,既存のメディアNHK含め利権で真実を報道しない。害悪でしかなくTVは見なくなりました。,0,池上豊,0
533,ワクチン接種が危険ありきの報道ですね。ワクチン接種者と摂取していない人のコロナ感染者数と重症率も発表すべきだと思いますが。又、ワクチン接種の目的は他の人にウイルスを遷さないのが重要なので、その点についてのコメントを知りたいです。,1,Michitaka Okabayashi,1
533-1,まあただの再生数稼ぎだから。,0,笑福亭翔平
534,半年前ならバンされてたのにバンされないのはなぜか？事実を隠しようがなくなったから。それと大部分の人が打って目的を既に達したからか。,0,對馬敦,0
535,日本人って遺伝子組み換え作物には異常とも言えるくらい一方で拒否反応を示すのに簡単に自分が遺伝子組み換え人間になる事は従順なのにオドドキですね！,0,Sumiyuki Nagata,0
536,ワクチン接種は国民の義務だけど副作用は自己責任、政府も製薬会社も誰も責任は負いません,0,正体不明,1
536-1,いつから義務になった,2,シャボン玉石けん
537,まともな報道してたら多方面から消されるよw覚悟しときな,0,ありさ,0
538,誰もワクチンがノーリスクなんて言ってない。副反応の種類と確率で議論すべきです。このような情報は有益ではありますが、報道のやり方は慎重にしないと、HPVワクチンの時のよう子宮頸がん罹患率が増えているように、ワクチン接種によるメリットと併せて考えるべきです。,2,Koji N,2
538-1,@houtou111 ありがとうございます。ということは厚労省が発表しているデータやLANCETやNEJMのデータは虚偽ということでしょうか？,3,Koji N
