1,これが、本当の報道ですよね。,637,あみこ,0
2,全国で放送して欲しいです。素晴らしい番組👍,574,brilliant orange,3
2-1,受信料取っている放送局こそ、この真実を放送する義務、責任がある‼️,24,ママチョコ
2-2,ごく普通の番組が、素晴らしい番組に見えると言う恐ろしさよ。,72,ken bou
3,こう言った優良情報を全国地上波で流さないの本当怖い。,463,ゆか,0
4,ワクチン接種差別も、取り上げてください！打てない人、打ちたくない人を差別しないで下さい！,628,かなと,15
4-1,@humuhumu nukunuku ありがとうございます,1,かなと
4-2,@かいとさえこ さん周りの多くの人が打ってないという事？今からでも「もう打つのはやめた! アレはヤバい ﾔﾂ だった!」と公言されれば非難などされなくなると思いますよ。体調も改善される様に周りの人に助けて貰えるかもしれません🤗 頑張ってください！,1,humuhumu nukunuku
4-3,職場では、3回目ワクチン接種は、私だけ、打ってないんですけど、無視されたり！まっ、どうってことないですけど☺ありがとうございます！,2,かなと
4-4,具体的にどんな差別をされてきたのか書いていただけますか？,0,まるなか
4-5,@かいとさえこ さん接種者が非難される？　そんな事あるんですか？,27,MARU HANA
4-6,@かいとさえこ 貴重なコメントありがとうございます,4,かなと
4-7,@かなと 接種者だって非難される。  未接種者だけが差別されているわけではありません。,7,かいとさえこ
4-8,@Kiss Yukko ありがとうございます,6,かなと
4-9,デマたろ○ 見てるかな〜〜〜。,18,Kiss Yukko
4-10,@かなと さん私も、人から大阪の高槻市の松本医院のことを教えていただきました。松本院長、ホントに親切に対応してくださいます。本日さんみたいに、自分を押し通せるのがベストですが。圧力かかったら、私も、おらぁ！何かあったら責任とってくれるんやろな⁈あー⁈と詰め寄ってみる。あ、コホッ。共に、ジョコビッチで行きましょう❗️,20,re cuo
4-11,@re cuo 貴重,12,真世界秩序
4-12,@本 日 貴重なコメントありがとうございます,16,かなと
4-13,@re cuo 貴重なコメントありがとうございます！,21,かなと
4-14,私は見た目の威圧感で一切誰にも何も言われません。とやかく言う奴が保証もしないのに関係ないです。,73,本 日
4-15,診断書とかあれば、差別されない状況ですか？私たちは家族で、万一圧力がかかってきた場合のために、ワクしないための診断書を書いてもらいました。診断書が必要なら、松本医院さんで、遠隔診療もしてくださいます。しない人のほうが、した人からシェディング被害受けてるのに😓,84,re cuo
5,これぞ真の報道だ！サンTVは我が兵庫の誇り。圧力に屈せず頑張って下さい。,451,チョーキング,3
5-1,改めて見ると　本当に被害数が多い。大変な事だ,9,Kiss Yukko
5-2,サンテレビさん、素晴らしいです‼️これからもどんどん真実の報道をよろしくお願いします☺️,9,新垣香
6,最近はテレビの全てが信じられなくなってしまったなか、こういう報道を見るとうれし涙が出ます。,269,NEKORIE525,0
7,世界中で子どもの接種が中止されてるのも放送してください。日本だけ打て打てと進めています。,228,Yoko,1
7-1,学校からも、検討してくださいって一斉メールが来ました💦,1,えみみ
8,結局、「打て打て」というばかりで何かあっても絶対に国は責任をとらないということ。（今までもそうだったけど）原因不明の症状が続いて、いくつもの検査や入院をしても何も因果関係は認められずに全額自腹。死ぬまで自腹。そして決め台詞は、「打つと決めたのはあなたでしょう？」　　…本当に愛がない。,381,シテル,6
8-1,@レインボーママ何の目的よ？免疫付ける事が目的だと言うならもう集団免疫とっくに出来ているって。,0,yukinokaze1
8-2,@レインボーママ さんそれにしたっていい加減にして欲しい。政府は自分達だけ逃げようと国民を盾にしている。海外は続々と規制緩和に向かっている。,2,humuhumu nukunuku
8-3,目的があって行われている事だから、仕方ないんでしょうね。日本だけ無傷ではいかないのでしょう。,6,レインボーママ
9,大手のメディアが放送しない内容。勇気ある報道ありがとうございます!,50,hina h.,0
10,報道しただけ偉いですね。それにしても、映像を見ていますと、いかに皆さんホイホイ無防備に接種しているかが分かり、驚きます。,394,VG,12
10-1,@Sutamina Tengoku 大丈夫です！人類は全滅などしません！次に変わる時代に向けて、輝かしい未来が待ってると思います。健康、命を大事に生きていきましょう☺️,4,レインボーママ
10-2,@マロンマロン 地球に適切な人口は5億人と言われてますからね。,6,レインボーママ
10-3,@Sutamina Tengoku そうですね、地球を維持する為に必要な政策ですから。大多数は従ってしまうでしょう。仕方がない事です。全滅という訳にはいかないので。,5,レインボーママ
10-4,それそれ、接種しても非難される。未接種者だけではない、差別されるのは。,5,かいとさえこ
10-5,メディアは淡々と事実だけを報道してくれれば良い。エンタメ要素は不用！,28,takatsugu kishimoto
10-6,3分の1しか生き残れないのかも？,15,マロンマロン
10-7,生き残りゲームの最中ですからね。受け身では生き残りゲームには生き残れないのです。,22,えとうま
10-8,@、、 自然淘汰です。,23,Sutamina Tengoku
10-9,どーせ3回目も4回目も人口の8割は打つと思うよ。俺は諦めてるけどね。散々止めたけど誰も聞いてくれないから。,68,、、
11,因果関係不明でも起きてる事実は事実。報道本当にありがとうございます。,163,namio12531,0
12,死亡した家族には病理解剖をお願いします。,228,lily FAY,6
12-1,昨年の６月だったか接種後にコロナで死亡した患者さんの病理解剖のレポートが海外の医療誌に発表されてまして、死因は懸念されていた通り、多臓器不全であったことが分かっています。おそらくADEによるものです。病理解剖で死因が分からないという事はないと思います。,27,青猫
12-2,@lily FAY さまそうなのですね😳ご家族の思いもあるでしょうが、亡くなられた方々の因果関係を証明でき、後遺症についても明らかになると良いですね。,15,朝倉典子
12-3,@朝倉典子 今の技術では病理解剖でちゃんと追跡できるそうですよ。(参議院会館での井上正康大阪市立大学名誉教授の質疑応答参照),27,lily FAY
12-4,そうですね。証拠が無ければ因果関係不明にされてしまいますから。しかし、ワクチン接種して死亡した人で、どれだけの人が司法解剖されたのか、日本では司法解剖のハードルが高いし、死者を傷つけたくないという意識もあり、難しいですが。万が一の時には司法解剖できるんだと知ってほしいですね。,26,s S
13,このような事実があるのにブースターや4回目を推奨している政府が信じられない。,14,Tatsumi,0
14,報道は素晴らしいですが、接種後のアナフィラキシーか急性アレルギー反応しかまだ認められないのが怖い。もっとあるでしょう。,129,アマウツシ,1
14-1,帯状疱疹や蜂窩織炎などの免疫力がさがったらかかりやすくなるウイルス性のものも症状はアナフィラキシーよりマシだれど、かかる人多いようですね。親戚の伯母さんなってましたから。,10,kira bijou
15,これが政府の言う「安全」だ。,182,ふじいら,2
15-1,@にしと さん心の底からそう思う人だけが打てばいい。実際には同調圧力によって打たされている場合が多い。そこが問題だ。,1,humuhumu nukunuku
15-2,兵庫県内だけでも接種した人の内17万人に一人しか健康被害が出ないのであれば、十分安全ですね。どんな薬にも副作用はあるし、リスク0の医薬品を求めるのは間違いですね。,0,にしと
16,この番組こそ、全国放送にすべきだと思います‼️,36,ah0910,0
17,今後は名古屋のCBC ニュースの「大石解説」の様にワクチン被害を大々的に取り扱って欲しい,151,狭志 外側打,0
18,薬害エイズでは数年経って汚染がわかって認められたのはずっとあと。原発も「絶対安全」って言ってて大事故。打つ方はなんで怖くないんでしょうか何も知らない若い方は気の毒です,48,Tommy f,0
19,いつも思うんですが、人の命にかかわることなのに因果関係が不明な状態で接種を続けることが異常。普通は因果関係がないとはっきり分かるまで接種は中止するもんじゃないんですか？,21,Kaz Markriver,0
20,この報道は、大事。他の番組も見習わないと。,120,はるかわおわお,0
21,素晴らしいチャンネルですね！CBCだけではなかった！腐った国は因果関係認めませんからね。,276,re cuo,9
21-1,@早野武 いえ、夕方のニュースの中で大石アナウンサーのコーナーで放送しています。ただ、このコーナーは夕方のニュース枠16時〜19時の間の地元(東海地方)だけの放送時間で流しているので、全国配信ではないです…多分、全国放送では流せないのではないでしょうか,1,マロン
21-2,@Rin Rin 様地上波放送していたんですね、深夜ですか?,1,早野武
21-3,@Rin Rin さまそうなんですね！ありがとうございます🥰,0,re cuo
21-4,@re cuo いや、CBCは名古屋の地上波放送だよ,5,Rin Rin
21-5,@早野武 さまそうなんですね！うちテレビないから。。。,1,re cuo
21-6,ｃｂｃは、地上波放送していなです。,3,早野武
22,裁判で集団訴訟しないと国は認めません、弁護士団のご協力が必要です、早くしないとさらに被害者が増えるばかりです、、,206,omasa4552,3
22-1,1度目は弁護士さん追い出されてませんでしたっけ?,5,さゆ
22-2,そういうことも含めて3回目接種は良く考えたほうが良いですね。,15,えとうま
22-3,神戸には木原弁護士がいらっしゃいます！関西、神戸から国へ訴えなければ！,35,ゆり
23,真っ当な情報ありがとうございます。県内でこの件数、全国ではどれくらいになってるのか不安でしかたありません。,18,わいす,0
24,日本全体で何千件もワクによる健康被害認定してるのに1500人も亡くなった方は全員因果関係無しの不可解さ。,173,vario roof,4
24-1,@にしと さん実際はそんな数では済まないでしょうね。,3,humuhumu nukunuku
24-2,＞日本全体で何千件もワクによる健康被害認定してるソースは？,1,にしと
24-3,むやみに国を信じていたら駄目だと教訓にすべきでしょうね。国を疑うくらいでないと、自らの生命は守れないのです。,34,えとうま
24-4,交通事故でなくなったのに、PCR検査で陽性になったら、感染者として死亡のカウントっておかしくないですか？じゃ2人死んだことになるのですよね？交通事故とコロナ感染死で？。何かおかしいと思うのは私だけではないと思います。ワクワク打って障害が残っても、死亡しても自己責任って書いてあるなら、国は責任を取りませんね。あれほど打て打てと煽ったのに。,36,テレサクリスタル
25,取り上げてくれてありがとうございます！,199,lily FAY,0
26,国の言うことを信じてはいけません。認められているのは一部の軽症のケースに限られ、真に補償すべきケースには「因果関係不明」を繰り返すのみ。,57,カワイタダス,0
27,全国ニュースの存在意義がしだいに、、、地方頑張れ❗初期の頃に、数時間内に亡くなられた70代の奥様のことが今も他人事とは思えないくらい、悔しいです。被害に合われた方の人生ごと労り救済すべきです。,36,sharittoshabe,0
28,「厚生労働省は〜否定しています」の言い方が、容疑者を追い詰めているような感じで良いですね。,88,馬が好き,1

29,報道していただき嬉しいです。本当はこういうのを全国で朝昼晩バンバン流すべきです。,74,猫岸夏目,0
30,帯状疱疹もあるあるすぎて辛い,73,本 日,2
30-1,自身の免疫低下による健康被害。これからどんどん増えると思います。,3,レインボーママ
30-2,シェディングでも帯状疱疹が凄くて参ってます。同じお風呂に入るのも怖いです。,9,まつ
31,報道とはこうあるべき！👏👏👏今後も事実を事実として伝えて下さい。,77,TM Kony,0
32,健康被害は一部認めるが死亡は認めない。,170,chihiro senno,2
32-1,もしかしてWH〇からそういう方針で行けと言われているのかもしれません...,2,humuhumu nukunuku
32-2,健康被害レベルならお安く片付くからでしょうね。日本政府は利権のためには使うけど、国民のためには税金を使いたくないのです。,24,えとうま
33,ちゃんと調べないのに「因果関係が確認できない」。そりゃ調べないんだから何時まで経っても判るわけがない。知っていてやってる臨床試験（故意）で調べる気がない。悪意に満ちてます。,61,iidukafly,1

34,兵庫県だけでこの数⁉️全国にしらヤバい😭😱ホントに世界中でヤバい事になってるね😨,56,おかっぱちゃん,1
34-1,これからドンドンでてくる。1~2年かけてADEによる被害が益々増加していくと思います。,3,レインボーママ
35,ありがとうございます。真実の報道。,89,Kobayashi Shigeru,0
36,全ての国民の心に届け　確り調べる学び　考え直して欲しい,49,maruru,0
37,正しい放送ありがとうございます,57,ひろろチャンネル,0
38,真実の報道すばらしい👏戦後最多の死亡者数の事実も報道してください。,41,ww %,0
39,サンテレビさん頑張って欲しいですね。,20,相葉マサキ,0
40,コロナ感染も辛いが、ワクチン接種がリスクよりメリットが大きいなんて、政府は推奨するから恐ろしいです。,21,だいすけ ホンダ愛好家,0
41,頑張れ正しい報道！！応援します！,34,はむすたー,0
42,真実の報道をありがとうございます。これからもがんばって下さい！,18,89zumi,0
43,事実を事実としてきちんと報道してくるメディアがあるのは救いですね。国民を使って治験をしているのだから結果を公表する義務があると思う。,30,幸村みゆ,0
44,やはり、兵庫県といえぱ尼崎市の長尾クリニックの長尾先生がどうしても浮かぶ。こうしたことについての正直な報道もやはり、その県や市の首長次第だと思う。大手のマスコミは全く当てにならないが、地方のテレビや新聞なら首長の姿勢一つでなんとかなると思う。地方からこうした輪が広がっていくことを願う。,41,合谷洋四郎,0
45,ろくに調べもせず安易に打った人達は覚悟してた方がいいかも。今までの注射とは仕組みが全然違いますからね。,54,punchman,0
46,ワクチンを打ってから異様に疲れやすく、回復しにくく、気力がでない状態なんですがこれもワクチン被害にあたりますか？,167,にいにい,5
46-1,@めぐりズム 自己責任でしょう。それ以上何があるんですか？,2,もっこり小太郎
46-2,病院で血液検査を含めた精密検査を受けて診断書をもらっておく事をお勧めします。すぐに認められなくても、生活の状態を日記などに書き留めておくと後々認められるかもしれません。副反応に真摯に向き合ってくれる病院を探して受診されるのも良いかと思います。,49,まこたま
47,NHKは恥を知れ,29,わしゃがえる,0
48,サンテレビさん、いつもありがとうございます！日本にはまともな報道番組はCBC大石アナウンサーとサンテレビさんしかないのか！？コロナ茶番が終わっても、このことはよく覚えておきます！,80,ぱぴこ,0
49,自分で考えることもせずにワクチンを打って、被害を被れば救済してほしいなんて都合良すぎるよ。自己責任でよろしくお願いします。,10,A SU,0
50,保障出したくないから因果関係無しと回答する政府卑怯もの。,18,small rabbit🐰,0
51,一刻も早く中止すべきだ国が、なんでやるかに疑問を、もたないと。,30,喜喜,0
52,救済制度で葬祭料、死亡一時金はあるのに因果関係不明ってどういう理屈なんですか？,26,【メイン】True Fact Check,0
53,報道の姿勢は評価したい。病理解剖すれば立証も可能らしいがその前に即火葬させるんでしょう？立証させる気がないんじゃないですか。,18,daisuki nihonshu,0
54,サンテレビは、優秀かつ報道の在り方を知っておられる。,91,中野明子,0
55,兵庫県！！！長尾先生でしょうか₍ᐡ• ̫ •̥ᐡ₎頑張って下さいm(_ _)mサンテレビさんありがとうございます！各報道局さん本当の報道をお願いします🙏,62,Yama miri,0
56,どうしたの？このニュース！素晴らしいです！正しい報道ありがとう😊,21,ゲイリーゲイリー,0
57,そもそも死亡者平均年齢82ってほぼ寿命なのに、なにを怖がって打つのか俺にはさっぱりなんだが。,50,ネイマール,0
58,結局責任逃れなんだよな。自分で決めて打ったと言う。周りで打ったあとにうっ血じん麻疹が全身にでてる人がいました。お年寄りですそのうち沢山出てきそう。B型肝炎も数十年たって今頃訴訟あってるし、頸がんもインフルも打ったこが感染してうちの子も病院でインフルとか言われたけどタミフルとか飲ませず1日で回復正直あてにならないって思って,130,春,1
58-1,油、頭痛薬、粉ミルク、輸血、保護法等、本当に繰り返しに気づいてほしいです。,9,sharittoshabe
59,サンTVさん、ありがとうございます。他のテレビ局もサンTVさんを見習って欲しい。テレビ局がスポンサーを大切にするのは理解出来るが、そこで働いている人達が居ます。その人達が💉の被害に遭わない様に💉のデメリットもきちんと報道して欲しいと思います。,62,マンボ,0
60,いい加減未だに成分が分かっていない毒物を接種する意味が理解出来ませんね！自分の一生に関わる事ですからね！,94,M C,3
60-1,@にしと さん最近出されたファイザーの正式な文書によると、1500種以上の有害事象が出るとあります。,1,humuhumu nukunuku
60-2,厚労省のサイトに成分が書いてあるけど？まず自分で調べたら？？,1,にしと
61,もっと、この報道を各地へ！,25,t chan,0
62,なんでアナフィラキシーだけ？心疾患は？心臓が痛くて働けなくなってる人たくさんいるからこの人達のことも保証しようよ。因果関係不明ってめちゃくちゃ便利な言葉ですね。,13,しお,0
63,あれ？受信料を取ってる公共放送局は何してるの？,64,Organic,1
63-1,該当局始め大手は全てユ○○系の傘下なのかもしれません。,0,humuhumu nukunuku
64,正しい情報、報道を本当にありがとうございます。私の職場の家族が、ワクチン打った後に発熱と体中の筋肉に力が入らなくなって、数日トイレにも行けなかったそうです。ワクチンを打った病院に相談したら、様子を見るように言われただけで、数日苦しい思いをしたそうです。このような副反応って、許容範囲なのでしょうか・・怖すぎます！,52,とも,0
65,こんな怖いものをあなたの孫に打つんですか。,25,なななんと,0
66,全国放送では流せないのか！,126,I Asam,0
67,接種後の体調不良はあることを前提に打て打てキャンペーン！不良が長引けば因果関係不明とは変ですね！,98,Akiko Sumiyosi,2
67-1,相手はプロですから！抜け目なく用意周到,0,レインボーママ
67-2,何かあるんでしょうね〜,7,Satiko Hosi
68,これだけの数健康被害が出ているのに薬害と名打たないのは本当にどうかしている。同時にこの状況の中進んで接種する方々は自己責任を放棄してしまっているということだ・・・。,78,なえやま,10
68-1,@もっこり小太郎 あ～はいはい、そうですね。,0,にしと
68-2,@にしと ポンコツだな笑,1,もっこり小太郎
68-3,@もっこり小太郎 お、おう,0,にしと
68-4,@にしと ドンマイ笑,0,もっこり小太郎
68-5,@もっこり小太郎 ブーメランで草,0,にしと
68-6,@にしと は？比較もできねーのかよ笑,1,もっこり小太郎
68-7,@もっこり小太郎 ソースは？,0,にしと
68-8,@にしと ワクチンの中ではダントツで多いだろ笑,2,もっこり小太郎
68-9,これだけの数？？？健康被害が出る確率は17万分の一ですが？？？？,1,にしと
68-10,どーせ明日も100万人ぐらいの日本人が打つんだよ,3,、、
69,任意ですからね。調べれば危険かどうか馬鹿な私でも理解できたので。打ちたくない人、打てない人に、打て打て圧力する人は殺○未遂または殺○行為ですからね。,95,メロの憩いの場😺,5
69-1,国は任意という姿勢ですが…医療機関に勤めていると打つのが当然  と圧力がかかります本当にやめてほしいです私はインフルエンザワクチンでも発熱あり、アレルギー体質でもあります。看護師には二度と戻らない自分の命は自分でしか守れない,25,ももたろう
69-2,努力義務,1,NEKO
69-3,確かに殺人行為ですよね,25,Satiko Hosi
70,枠も補償も税金何十兆円もの税金の垂れ流しいい加減にしろ！,44,Anton0220,1
70-1,仮に補償の会計を社会保障費として計上した場合はそれを理由に歳入が足りないと官僚や政治家が言い出す危険性ありますよね。その場合は消費税などの一般会計を狙うと見ています。この場合流石に怒って良いと思います。,3,shinndr
71,もっと居るんじゃないの！？,132,おわたゃんねる(チャンネルではない),0
72,別の症状でしんどい思いした人多いと思うなぁ。帯状疱疹とか蜂窩織炎とか…,11,kira bijou,0
73,この情報ありがとうございます😭,22,もぐたんもふたん,0
74,本当に今さらなんだよな。今さらなんだよ！もっと早く正しく報道してくれてたら被害に会わなくてすんだ人も沢山いると思います！っていうか中日ドラゴンズのかたの例などもあったのに！因果関係不明になぜおかしいとおもわなかったのか…。,8,もんもんものもの,0
75,厚生労働省の態度やばい,123,美由紀,44
75-1,@G O さん医師とか言っても人それぞれ。誰を信じるのか洞察力が試されますね。学校では絶対教えてくれませんよねww「医師にも色んなのがいる」な〜んて。,0,humuhumu nukunuku
75-2,@G O 寄生虫の薬で思考停止してて草ァ‼️,0,もっこり小太郎
75-3,@もっこり小太郎 イベルメクチン飲んでる人だっけ？笑ったのは悪かったよあの後調べたら結構健康被害出てるみたいだから、ちゃんと医師や薬剤師に相談して服用するか中止するか考えてくださいね,0,G O
75-4,@G O ワク信涙目で遁走してて草ァ‼️,0,もっこり小太郎
75-5,さすがに笑いを禁じ得なかったが、たぶん本人は真剣なのでしょう人の健康や命に関わる問題なのに、煽りに乗ってしまい失礼しました医薬品のリスクについては陰謀論者の皆さんの方が詳しいと思うので、よく理解して専門家に相談のうえ、ダニ用の薬を服用するかどうか判断してください,0,G O
75-6,@もっこり小太郎 疥癬薬って自分で言ってんじゃんwダニはたしかに怖い布団ちゃんと干しとけよw,0,G O
75-7,@もっこり小太郎 ちょwまあ、大丈夫だと思うがw騙されやすい性格なんやねww,0,G O
75-8,@G O とっくに飲みまくってるつーの。副作用も一切ねーよ。,5,もっこり小太郎
75-9,@もっこり小太郎 じゃあイベルメクチンの治験に参加しなよ俺はワクチンの治験に参加してる,0,G O
75-10,@G O リスクがあると分かってるならワクチンを拒否する人間を「反ワクチン」の一言で片付けるのはやめなさい,6,もっこり小太郎
75-11,@もっこり小太郎 何百回も調べてるよリスクはもちろん承知のうえで治験に参加してるそれで本当に危険ならなぜ笑えるのかが分からない,0,G O
75-12,@G O 死亡例と副作用を調べてこいよ笑笑　それ以上あんのか？笑,4,もっこり小太郎
75-13,@もっこり小太郎 貴様に俺がそう言ってるんだよ誰かの受け売りじゃなく、自分の言葉でワクチンの害を説明しなさい,0,G O
75-14,@G O もう少し自分で考えろよ,3,もっこり小太郎
75-15,@もっこり小太郎 そう思うなら私の悪いところを論理的に説明してください,0,G O
75-16,@G O ワクチン信者やべぇな,4,もっこり小太郎
75-17,@サンオリエ 自分で調べて真実()に気づいた気になってホクホクしてるとこ悪いけどネットでゴミの山一生懸命漁っても出てくるのはゴミだけだぞ。,1,N
75-18,自分で調べもせずTVや新聞の情報だけ信じて生きて下さい✨本業、小説9割、医者1割の金貰ってる医者の話を信じて打って下さい✨自由に打ったり打たなかったりでいいです✨,8,サンオリエ
75-19,@めぐりズム あなたは信じるものを一旦疑った方がいい,0,G O
75-20,結局、罪悪感や優越感で内部の人から暴露されてくんでしょうね😅開き直りにビックリ😑,6,サンオリエ
75-21,@まる じゃあなんだよ？自分の感情に都合の良い情報だけを集めて悦に入って思考停止してるのは貴様だろ,0,G O
75-22,@ネイマール だからなんで人が死んでるのにゲラゲラ笑ってるの？,0,G O
75-23,もうこれだけ被害が出ているのだから、ワクを薦めるのは狂ってる。ワク在庫は厚労省の皆さんで好きなだけ打ってー！どうぞ！どうぞ！,22,re cuo
75-24,反ワクチン陰謀論者の方がヤバいわ,1,G O
76,厚生労働省って闇のとこなんだよな、認める気とか無いと思うよ,12,きさらっち,0
77,本当の事報道してくれるならテレビ見ますよ😃もっとデータ調べて見てよ同じ報道じゃなくずば抜けたヤツお願いします,14,サンオリエ,0
78,何故忠告を聞かず　接種するのだろう薬剤師息子😭,32,maruru,6
78-1,@にしと さん教科書の内容が訂正されるのは過去にしばしば起こっています。今回の事についても何れ上書きされる事でしょうね😓,1,humuhumu nukunuku
78-2,@にしと さん25人？厚生労働省のホームで　そうなっていますか？国が認めた人の人数ですか？もっと大勢の人が苦しんでいるとの　情報は沢山有ると思いますが？私の知る限りでも　心肺停止になった人や　亡くなった人も居ます25人少な過ぎませんか？,1,maruru
78-3,明らかに薬剤師である息子さんの方が貴方より薬品の知識があって、その上で打ってると思うけど。,0,にしと
79,やっとか？そうゆう思い。隠し切れる問題じゃあないとゆう事でしょう。,48,バイトなんで,0
80,岸田総理はなぜ隠したんですかねぇこんなにも打ってるところ映像で流せるのに、わざわざ死角にしてまで写さなかったのは？1日110万回打ってほしいなら、中身は何にせよまずは見せるところからでしょ？最初から打ってなかったんやろうけど。,29,ぐっち,1
80-1,針や指が消えてるとかでフェイクでは❓とかって動画有りましたよ😃,4,サンオリエ
81,サンテレビさんありがとう！！うちの地元のCBCテレビさんも頑張っています。厚労省のホームページにはワク〇〇後の死亡者、重傷者がのっていますが、数字だけでは伝わらないものが、映像では伝わります。子供に打つのは論外です。何が起きているかを正直に伝えて欲しい。他のテレビ局も続いてくれることを切に願います。,30,ke re,0
82,この壮大な人体実験、虐殺の被害の実状を伝えて頂きまして誠に有難う御座います。殆どのマスゴミが政府や権力者に忖度し、デマや偏向報道、印象操作、洗脳を続けるなか、勇気ある誠実な報道に大変感謝しております。,6,岩大chan,0
83,当たり前やん！打つ必要無いもの体に入れるから！,19,れんこん,0
84,これでもまだワクチン打ちますか？尾身会長は４回目の検討とニュースでてましたけど、この報道と無視した国の打て打て攻勢に矛盾感じませんか❔自分の体ですよ。いろんな角度からもう一度考えてください,18,鈴木征紀,0
85,わー、デマ太郎ちゃんどうする気だろう？心筋炎なんて全然気にせんでいい、と言ってたけど😂,55,私のひかり,1

86,サンテレビニュースさんは掃き溜めに鶴。有り難う有り難うどうも有り難う。最高の有り難うを贈ります。,21,ニアンポメラ,0
87,因果関係不明って、厚労省の役人、テレビ医者、副反応検討部会のメンバーたちは、いつまでしらを切り通せると思っているのでしょうね。平均寿命超えてる高齢者が呼吸器系の感染症で亡くなることがそんなに恐れるほどの異常事態なのか？ そんなわけねーだろ。,11,inoue ska36,0
88,サンテレビ、応援しています！,16,ゆずゆず,0
89,死亡や長期的な症状が認められないと意味がない。,104,ap std,4
89-1,@青猫 政権吹っ飛ぶくらいで済めば良いですけどねw長期的影響がこれから年数経つごとに判明していくだろうけどやってることは国家反逆罪に値すると思ってます。,1,Yuri Ka
89-2,無意味だよね,0,もっこり小太郎
89-3,そっちは逃げ切る気がします。,17,Yuri Ka
90,何この番組ビックリ！此れって地上波で流れているのでましょうか？是非頑張って下さい！,251,101 D,1
90-1,名古屋の地方局の大石アナウンサーの番組はみましたか？そっちもだいぶすごいです…,61,ピーチ姫
91,申告してない人もいっぱいいるでしょうね。,15,ita–c,0
92,ネットなどで調べないと知ることが出来ません。,43,ペンタわっしょい,0
93,学校が認めない限り、『いじめゼロ』だからな😁。,26,GEN HIRATA,0
94,127人申請して25人しか認められないんですか。全員認めたら？笑,19,徹則 加藤,0
95,時間かかりすぎたら救済にもならんだろうが！打つ前はこんな救済があるとか甘い話で誘っておいて、いざ事に及べば因果関係が証明できないから認定しないとか、詐欺だろ！,53,E Dreams,2
95-1,相手はプロです。用意周到。射ったら自己責任で終わり,1,レインボーママ
95-2,一律4000万では遺族が暮らせないのだから、60歳以下は打つなと言うことなのかとまず思うべきだが、打つ人がいる。それどころかほとんどが打つ。そして国は4000万すら払わない。さすがに、60歳以下基礎疾患なしなら問答無用で医師が申請しなくても全て払うべきだと思う。因果関係が証明できないから中途半端な金額を払うのだ。因果関係がわかれば、億という金額であるべき。思い当たる人が何万人なのかわからないが、とりあえず申請くらいできていい。数がわかって国民としてはリスクをしっかり理解できる。,6,石川誠
96,耐え難きを耐え忍び難きを忍ぶのはもう止しましょう🖕,64,まさクマ,0
97,死亡例をさっさと認めろよ笑,19,笑福亭翔平,0
98,死亡一時金の申請が12件。この県だけで。因果関係の疑いがあって亡くなった方が県内だけで12人は居るということですよね。なぜこんな重要なことを大手メディアは報じないのでしょうか。,52,sao S,2
98-1,@Yuri Ka さま教えてくださりありがとうこざいます。闇が深そうですよね。,13,sao S
98-2,口止めされてるっていうか、在庫処分に協力しないとお金もらえないからでしょうね。業界内でも打つ打たない別れてる気がする。,15,Yuri Ka
99,認められてるのはアナフィラキシーでの治療のみ　それ以外の症状、死亡、重症、重篤は一例も認定されておりません。,6,イモリ,0
100,治験中の人体実験に自分の意志で無償参加したのは本人なんですけどね。。,64,ヤマ,3
100-1,ワクチン打たないから肉体労働しても疲れ知らず🥳,4,本多拓也
100-2,テレビ見てれば打ちたくなるんだよ。一昨日の夕方の食事時にテレ朝がコロナ後遺症やってた。頭痛、吐気、登山したような疲労感、寝たきり…コレ全てワク副作用だけど羊達は知らないからね。,18,pu ramu
100-3,それなです,13,りおも
101,まだまだ今からでしょう😓気が付くと良いけどな〜,9,jpshark95,0
102,これから先メディアの手のひら返し報道が！？,19,与作,0
103,これが本当のジャーナリスト,52,MP,0
104,サンテレビさん、ありがとうございます！,6,saki,0
105,長野県もワクチン後遺症専用の相談窓口を開設して欲しい。。。,2,Ki,0
106,打たせてくれるなら、今後どうなってもいいですよ～、自己責任で大丈夫です！って予診表にサインしてさ、後から「し…死にかけた！金くれよ！」って正直、都合良くないかなぁ…何のためにサインしたんだい？サインを求める時点で最初から国は認める気ないのは分かりきってたよね。可哀想だけど、仕方ないよね。ワクチンって税金なんでしょ？打ってない人にはその分税金免除かその分のお金くれない？,10,魘夢に爆血中,3
106-1,@humuhumu nukunuku 確かにね、PCRも自分から行くものだから、そこで感染してますよって言われたらおしまい。知人とも話してたけど、PCRしなきゃ感染者数減るんじゃない？って言ってた。自ら自首するみたいなものだよね、PCR。,1,魘夢に爆血中
106-2,PCRもですね...,0,humuhumu nukunuku
107,素晴らしい❗️ありがとうございます❗️,10,やまさきけいこ,0
108,サンTVさん‥本物の仕事してますね。,4,ととと,0
109,正しい報道をするこれがニュースのあるべき姿です。政府は一億総国民を治験に使った中間報告をしろ。,5,B B,0
110,僕はファイザーの元副社長の内部告発を知ってるんで絶対に打ちません(笑)既に打っちゃった人はご愁傷様です,22,浩二,0
111,本当に医療従事者に強制接種やめてほしい。表向きと実際は違います。体調悪くなるので打ちたくないです。めまい嘔吐に悩んでいます。切実な願いです。希望しないを選んでも上から強制ですよね,0,ジブリ,0
112,サンTVありがとうございますm(_ _)m,7,ちゃんはっ,0
113,CBCの名古屋ローカル、サンテレビは神戸ローカル。地方局だと報道できるというのが何かを示唆してるような気がするな。,6,kenichi F,0
114,ちょっとずつ表に出てきてますね。 まだ認めてないようやけれど、もうごまかしきれない。,8,テレキャスター・スター,0
115,ファイーザ 社は 分厚いの 副作用ありの 報告書が 出ましたよ!!,5,miko fu,0
116,手遅れ感があるけどないよりはいいねていうか隠せなくなってきたのかな,7,hoshan14,0
117,真実は勝利する👍素晴らしい特集です。,32,桜ぐっど,0
118,もう健康を害してお金もらうために打ってるって感じw。,20,Ikuyas,0
119,因果関係は不明なのに、死亡者に対してはワクチンが原因では無いって言い切ってるのやばいな,3,ひらてうち,0
120,これから益々増えるよ!薬害訴訟世界中で起きる!,1,川平健之,0
121,苦しんでいる人にまずは優しい労わりの言葉を。次に病院など、どうしたらいいのか、親身の相談を。さらに医療代を全額、または、一部支給を。,1,アルトサクゾー,0
122,兵庫県は、やる気のあるお医者さんが、おるんやねー👍👍👍👍医者が言ってるんだから国は因果関係、認めて下さい🤗,4,佐春,0
123,報道いただきありがとうございます❗これからも応援しています‼️,3,みっきーみっきー,0
124,認めないでしょうよ,30,柴犬ニコChannel,0
125,コロナ騒ぎが茶番であることに気づいてない奴が多すぎるんだが,14,houtoumusuko,0
126,副反応ではなく副作用ですよね〜🤔しっかりしましょうよ,0,jpshark95,0
127,死んでも認められないのが副反応の怖さ,18,ところてん,0
128,盗るほうは早いが払うほうは遅い、いつものことです。払う気があればの話だが・・・。,4,速人ｔｙｐｅ-R,0
129,今日3回目打ってきたけど放送されないだけでやっぱり健康被害、死亡含む事例が裏で起きてたんだね国としてはワクチン打って欲しいからか、なんか情報操作の臭いがプンプンする。亡くなられた方の数多い少ないが問題じゃないんだよ・・・,4,龍一,0
130,1/9 読売新聞カタリン・カリコ「この注射は炎症を起こしません」不活化と異なり炎症を起こさないはずが、高確率で炎症を起こす。1種類の注射で死亡因果関係は100%認められていなかった。2種類混ぜるとどうなるか？,24,がんばろう!日本,0
131,兵庫県だけで42人亡くなってるのか😭,4,沙織,0
132,首都圏は完全に利権とかに汚染されてるし、近畿圏から訴えていくしかないね,0,はるはるかがみ,0
133,地上波で報道しないのが本当に悔しいし恐ろしい。CIAがTBSを名指しした事は有ったが、地上波は殆ど中国支配だと言うのは本当と思えて来る。サンテレビ頑張れ👍,2,ぴらるく,0
134,良い番組です,5,SAYURI,0
135,この127人も氷山の一角、なのかもね,19,きた,0
136,因果関係が現・時・点で解明されてないだけなんですよね。逆に因果関係が無いと結論付けされてるのは片手に収まるくらいしかない((( ；ﾟДﾟ))),2,ちゃんたかお,0
137,止めるべき！,3,gebai,0
138,わかってるか、埼玉県。これが「正しいエビデンス」だよ。,5,瀬崎吉廣,0
139,それでも、まだワクチンワクチンと推奨している。おかしくない？,6,みみちゃん,0
140,もう皆そろそろ目覚めましょうよ。最初の接種時にSNSでお話しした方、1人は伯母が看護師で接種したあと、心筋炎で死亡。(疾患なし。打つ前まで健康。)もう1人は、２０歳の方。友達と一緒に接種して、友達が完全失明されたそうです。どうしたらいいか、なんて声をかけたらいいか…とおっしゃられてました。ワクが始まって、救急車も近所にしょっちゅう来ます。この前は、同じ家に数ヶ月たって２回来てました。あきらかに身体に害を与えるワクより、コロの方が恐ろしいものなのでしょうか。,3,m- n,0
141,コメント数は反映されていますが、コメントの内容が表示されません？不都合のあるコメント内容だったんでしょうか？ご確認して頂きたいです。現段階でコメント数4件、コメント表示2件？？？,34,Erai,4
141-1,編集せず消して再投稿するとコメント数に反映され加算、投稿した（枝の中を含む）総回数の様ですよ。,1,Jon taraiter
141-2,それどこコメント欄にも限らずあるんでワクチンとか関係ないですよ,0,オパルン
142,３回目接種してから６日目だが、脇の下から肩にかけて痺れがあります。本当に治るのか？,2,YOICHOPP,0
143,射たせたいから連帯責任心筋炎でたら自己責任自分は射たない政治屋は無責任,5,河西潔,0
144,あんなのだめに決まってるじゃないですか。私理系だからわかるけども。,21,Emily.,0
145,認定はアナフラスキーだけですよね,12,makoto fukuda,0
146,副反応がとんでもなくしんどかったのでもう打ちません,5,群馬くんのイラスト講座!,0
147,まともなチャンネルはさんテレビとCBCだけか…,7,森の麦ちゃん,0
148,コロナの死亡認定の申請と承認の割合とワクチンの救済制度の申請と認定の割合を一覧表で出して欲しい。,0,梅ちゃん,0
149,国民よ、怒れ！,3,japanairhome,0
150,兵庫だけでそんなに😱😱😱こっちの報道の方が、枠推奨ニュースより大切じゃないですか？ロシアンルーレットさせるなら体調不良の方々への支援をしないと。景品配ってる場合じゃないと思いますけど💢💢💢,0,kotarou599,0
151,医者はどっちをみてんだ！患者か金持ちか？,8,沢城,0
152,認めたら賠償金払わないといけないから認めないでしょうね😱😱😱,3,フクロウパイ,0
153,うちの家族は主人以外は打っていません。主人は2回目を打ったあと急に癌のステージ4と診断され、2月に亡くなりました。打ったせいだとしか考えられません。もっとリスクの方も報道してほしいです。,4,ゆづネコ,0
154,いや、死亡例認めろよって,8,もっこり小太郎,0
155,やるやん、サンテレビ！,3,きのこきのこ,0
156,アナフィラキシーしか対応しないのかい！ってなるけどね。,3,ポンぽ,0
157,これやばいニュースですね,5,Masafumi Tatsumi,0
158,出てきましたね⚠️明るみに出てきましたね😲,7,レイリーです,0
159,うちの頭の固い両親にも見てもらいたいわ。前からこの枠は従来品と違ってヤバいと訴えてきてるんやけど。全国ネットの情報番組でこういう事例もあると取り上げてくれれば、大半の人の考えが変わるやろね。,0,勧善懲悪,0
160,確かに多過ぎますね、。,4,おがわだいせん,0
161,お！やっと放送したんか,6,河史,0
162,さすがサンTVやな！,3,Kimi rin,0
163,やっと認めだした。でも、死亡したら認められない状況って変わらないだろうな。,1,犬と猿,0
164,これで接種をそのまま推奨するなんて、日本の政治は完全にアングロサクソンに支配されてる。,5,松尾行高,2
164-1,もしくは国際金融資本家,2,humuhumu nukunuku
165,そのうち全員認められる👍,2,M・I,0
166,おっ!サンてれび  情報をありがとう,2,かえるさん,0
167,認定されたのって接種後すぐにアレルギー反応が出たとかの比較的軽いケースだけじゃないのかな。多少時間が経ってからの症状は、お得意の「因果関係不明」で認定外ってことでしょ。接種後死亡のケースも除外でしょ。そりゃその辺のケースを認めるわけないわな。日本医師会や接種を煽ってきたメディアが補償しなさい。「副作用」「副反応」って軽いイメージを与える言い方もそろそろやめるべき。身体に異常が出てるんだから異常反応でしょ。,0,abikings,0
168,そりゃあ国は認めんやろ。そもそも打つ、打たないも自己判断やん。後出しジャンケンがまかり通るんだったらなんでもありやん,2,汗不二子,0
169,まだ 申請してない人も沢山いるはず,0,Forest North,0
170,認められてるのはどうせ軽いアナフィラキシーだけかと思ってましたが…死亡も？？,1,C T,0
171,認定と補償金セットしてくれるのかな？,1,Masquerade,0
172,毒を身体に入れてはいけません。,9,超人機メタルダー,1
172-1,正社員最高❗,0,socialmovementer
173,俺大丈夫だよ❗なんともないよ❗という事後報告は 強がりに見えて滑稽です(笑) それに対して 良かったねえ✨おめでとう👏と返すのも なんか…ねえ,1,イサムちゃん,0
174,こういうのって打った人全員に金配るんじゃないの？,0,ボイジャン,0
175,🐴🦌だけ被害受けるなんて安全じゃん,5,ところでさぁ、,1
175-1,親から有無を言わさず打たされる子供がかわいそう。,11,Yuri Ka
176,現時点で。。。,7,柴犬ニコChannel,0
177,認めているのはアナフィラキシーだけなんですね・・・,2,。らいるー,0
178,想定内,10,kaki sakura,0
179,あれ？　臨床だから責任取らなくていいんじゃないの？,0,たまよ県,0
180,ワクチソが効くという陰謀論を言ってるのはどっちだ,9,真世界秩序,0
181,やっぱり、ロシアンルーレットですよね。,3,もなか,0
182,直後でないと認められてないやん,2,hannibal097,0
183,死亡認定ゼロのままの対応。では、どうであれば証拠になり認められるのか？打つ直前に人間ドックで数値を出しておけばいいのか？ならば皆そうすべき、そこまでしないとなら、打つべきでは無いと思う,1,きくきく,0
184,相談窓口なのに0570……金儲け,3,Lovin'you,0
185,急性とアナだけか。他は全滅なんだろうなぁ,1,superspective,0
186,認められても打って後遺症残るならあまり意味ないと思うけどねそもそも自分で調べて判断すればいいだけ,4,藤井祐希,2
186-1,@本多拓也 ロジックで痛いとこついても安全神話に浸ってますからね、むしろ変な宗教勧誘に誘われてる被害者みたいな感じで怒られますね。ヒント与えてるだけでもね〜,1,藤井祐希
187,やっとですかーっ😂w,0,りな,0
188,氷山の一角・・・・,3,ken bou,0
189,このペラペラとしゃべる続けている機械みたいな子は・・　CGか？,1,ぼうちゃん,0
190,副作用副反応って言う方は打たなくていい。打つ打たないは自己責任ではないのですか？海外で同じようなニュースありますか？今の日本は本当に平和です。昔の方が良かったと思う事が多々あります。,1,柴田雅也,8
190-1,野放しって言うか誰が何を言っても打つ打たないは本人が決める事なんで。,0,柴田雅也
190-2,@柴田雅也 さん自己責任ですよ。自分でサインしてるんだから。でもだからといって詐欺師?山賊?が野放しになって良い訳ではない。,1,humuhumu nukunuku
190-3,@柴田雅也 さん北欧諸国で、モデル○が真菌円を招いたとして若年層へのセッシュを禁忌としました。,0,humuhumu nukunuku
190-4,そんな事はわかってる。打つ打たないはの話しであって、副作用副反応が出るって言ってる中で打つんだから自己責任ではないの？,0,柴田雅也
190-5,@柴田雅也 さんまさか「米国で2億回打って一人もタヒんでない」を信じている...？,0,humuhumu nukunuku
190-6,フェイクニュースとは言ってませんけど。日本人だけが騒いでる感じにしか見えないのですか。海外で副作用副反応って騒いでるニュース見ましたか？副作用副反応出るって言ってる中で打つ打たないは自己責任です。,0,柴田雅也
190-7,フェイクニュースだと言いたいのですか？情報があるなら報道してくれないと、打つ打たないの選択もできないと思いますが。,2,Y T
191,まーたアナフィラキシーだけだな。,3,マカオオカマ,0
192,案の定コメント欄地獄やな,2,私は地球人だ,0
193,まだ、打ってるの。,3,hitomi mizumo,0
194,うわ、洗脳されたやつらがウヨウヨいる,0,れもんまん,3
194-1,@humuhumu nukunuku マジこわい,0,れもんまん
195,氷山の一角,2,赤石一人,0
196,ここの反ワクは打って被害が出た数と被害が出なかった数の割合の計算も出来んのかーー？？？？,1,fuji,8
196-1,@fuji さんご返信ありがとうございます。しかしそれはあくまでも建前であって現実には強大な同調圧力が存在する。しかも政府によるPR動画や厚労省のパンフレットで「周りの人のために💉しよう」と圧力を掛けている。これを標準化と言わずしてなんと言う？,0,humuhumu nukunuku
196-2,@humuhumu nukunuku 標準じゃないですよ？あくまで個人の判断で摂取をするかしないかの判断をするものですよ,0,fuji
196-3,被害を訴えている人はごく一部、氷山の一角だと思います。この💉打つ事が標準となっていることがそもそも間違っている。,1,humuhumu nukunuku
196-4,@まる 僕の言い方が間違えてましたね。医学的根拠もなしに医療のせいにして迷惑行為もしてくるのはやめてほしいてことです。もちろん自己判断にしろ医療を提供するのは医療職として当たり前ですが、現在標準治療として選択されてる医療を拒否してオカルト医療を選んで被害があった場合などに標準治療をすすめてる病院などに文句をつけてくる人達がいるので。,1,fuji
196-5,@まる 自己責任でどうにかなったときに医療に文句つけてくるのだけはやめてほしいですね,1,fuji
196-6,割合の問題じゃないんだけど？大丈夫そ？,9,魂の 薔薇色
