1,大石さんが報道してくれたおかげで、日本の報道が少しずつ変わってきたように感じます。今までは「ワクチン後遺症なんてない」と断言していた報道がワクチン後遺症を取り上げるようになりました。大石さんのおかげです。これからも応援してます！,1096,Kob A,8
1-1,@鈴木天一郎 与野党グルだと思うよ。,1,おいも
1-2,自民党はさつじんしゅうだんｗｗ,7,鈴木天一郎
1-3,河野太郎「デマ」,38,Private
1-4,@もっこり小太郎 日本医師会や自民党による被害も限りないですね。今も続いています。,44,アイリーン
1-5,その通り！,50,Yukie Kanda
1-6,この方の功績は限りなく大きいですね。,99,もっこり小太郎
2,この放送を観ると、テレビを観る人は真実を知らないとは言いづらくなりましたw。大石さん達の行動が国民の命を救う事は間違いありません。全面的に支持します。,935,mのりぞう,38
2-1,@蠍 確かに接種後しばらくはそのような効果があるように見えますよね。ただ、副反応にしてもすべてが補足されている訳ではありませんし。長期的に見れば、自然免疫等が下がる事が分かっています。この辺の専門的な事は、大阪市立大学名誉教授の井上正康先生のお話が一番解り易いです。YouTubeでは消されてますが、ニコニコ動画では検索すればすぐに出て来ますので、一度観られる事をオススメします。,1,mのりぞう
2-2,@fujiポンポン まさにおっしゃる通りですね。皆さんはそれぞれ善意で動かれてる。情報や表現の仕方が違うだけですよね。顔も知らない人の事を思いやれる事は、日本人のすぐれた文化ですよね。,4,mのりぞう
2-3,最近、こういう副反応の事象に対して、多くの人が疑問を感じ始めた事は良い事だと思います。ここの書き込み欄でも、誰かの書き込みに対して「怒ったり」「それは無責任では？」等、自分の意見の言う人が現れたので、やっと本格的な議論が始まったと感じています。ココの皆さんなら「マスコミ、政治、利権」その全てを考慮し、最良の結果に進む事でしょう。これなら「今後は副反応で苦しむ人も減る可能性があり、良い方向に改善されるように思います」勿論、他人を攻撃したり喧嘩する事は良くありませんが、自分の意見を言う事は大切です。また、例え自論を他人に反論されても、それに対して、相手の言葉を理解するように努めれば、新しい考え方も浮かぶと思うので、必ず良い方向に進むと私は思います。医者、政治家、評論家、その人達には利権があると理解する事も必要です。偉い人の言葉？と簡単に信じ込まずに、その人達の言葉の真意を疑う気持ちを忘れずに、みんなで医学的な知識を深め、今後の対策を冷静に判断できるようになれば、下半身不随という不幸な人も減らせると思います。,4,fujiポンポン
2-4,@茶番 さんおっしゃっる通りです。,0,こーしゃん
2-5,@ラッキー純 そうですね。だからワクワクの被害が増えてるんですよ。,4,mのりぞう
2-6,@mのりぞう 一部以外の多くの医者や製薬会社の人間から批判の声は上がってないよね？むしろ批判の声を上げているのはごく一部。ウソはダメだな。,1,ラッキー純
2-7,@ラッキー純 我那覇さんが批判したかは知りませんが、日本の為、国民の為に働かれてると思っています。立場のある医者、メディア、製薬会社の一部、政府が国民第一ではないのは確かだと思っています。ラッキーさんが同じ国民の命が大事だと考えられていて良かった。私は自分が出来ることを辛抱強くやることしかできません。それが物足りないのであれば、申し訳ないです。精進します。,4,mのりぞう
2-8,@タカワタ 医者や製薬会社がそんなにヴァカなのか？俺はそうは思わない。,1,ラッキー純
2-9,@mのりぞう 同じ日本人の命がかかっているだぞ。身内の命がかかっているんだぞ。押し付けるのは人として当たり前だろ。,0,ラッキー純
2-10,@mのりぞう 我那覇って医者や製薬会社や自民党を批判したのか？,0,ラッキー純
2-11,@もっこり小太郎 営利企業かどうか調べたか？,0,ラッキー純
2-12,@ラッキー純 　当初は正しいと思ってたんでしょう。ただ、その後各種統計が揃ってきてからはどうか分からないですが。不都合な数字が出てきたときにそれを隠し始めたら、もうそれはわざとになると思います。,2,タカワタ
2-13,激しく同意です。,1,花房雅仁
2-14,@アイリーン そうかもしれません。ただ、人って押し付けられた意見は受け入れがたいものだと思うのです。知り合いですらそうでした。,3,mのりぞう
2-15,@chie あの大統領選挙で気づいた方は多いと思いますね。我那覇さんや大石さんのように、主語を国民とした活動には心を動かされます。,5,mのりぞう
2-16,@ラッキー純 日本語通じてる？,2,もっこり小太郎
2-17,@mのりぞう これだけの被害が出ていて自分で考えろは無責任ですよ。,1,アイリーン
2-18,@もっこり小太郎 営利企業かどうかも知らないの？,2,ラッキー純
2-19,@ラッキー純 製薬会社が営利企業じゃないとでも？,5,もっこり小太郎
2-20,@fujiポンポン 自分で考えて答えを出すこと、子供についても親がしっかり考え決める。それしかないですよね。私たちにできるのは考えるきっかけやヒントを提示する事しかできないのかもしれませんね。、ちなみに家族は救えました。,12,mのりぞう
2-21,@こーしゃん ほんとそう思います。真実を知らなくても平和がつづくならそれが一番幸せなのだろうけど。そうとも言えなくなりましたね。,18,mのりぞう
2-22,@mのりぞう さん国民の９０％がテレビ＝真実だと思考停止していますね。悲しいですね。,28,こーしゃん
2-23,@ラッキー純 そのとうり！,7,こーしゃん
2-24,@Oくぼ さん私ももう十年前からTVを見ていません。うそだらけなのが分かったからです。,23,こーしゃん
2-25,@fujiポンポン お気持ちはよく解ります。,11,mのりぞう
2-26,@ラッキー純 そもそもこの茶番当初からの矛盾だらけに早々にこの茶番に気付いています。今流行りのエアロなんちゃらも茶番が始まった年の5月には医師から実際に聞いた話で医者がすれ違っただけで貰うと言っていたくらいですから。その時は色々と理由があって反論しませんでしたが。それでも茶番当初からずっと世間の逆張りをしていますが、私な想定通りだった事ばかりで間違いなかったのが現実です。最初からSNS等で疑義を唱え続け陰謀論者や基地外扱いで袋叩きにもあいましたが、国や増すゴミ、企業、御用学者に扇動された結果がこれだと思います。,51,茶番
2-27,@ラッキー純 医者だからとか政治家だからとかではなくて、ただの事実で考察して答えを出したまでの話。,40,ボカン タイム
2-28,@ラッキー純 今回のワクチンの仕組み、開発者が感染症の検知に用いるなと言った検査方法、死因が何であれ陽性であればコロナ死とされてきたこと、超過死亡数が東日本大震災以上であること、様々事を客観的に見ればそう取られてもおかしくないのが現状です。ご自分で調べて考えて見てください。,63,mのりぞう
2-29,つまり医者や製薬会社や自民党はびょーきやしにんをわざと作ってると言いたいわけね？,25,ラッキー純
2-30,そうですね😳！本当に仰る通りです！これからは一部のTVを除いて他はフェイクだと言うようにします😁,68,Oくぼ
3,大石さん。いつもありがとう。被害者の方々の救いになる番組です。,778,シロココ,18
3-1,@ケツ穴評論家 医者や製薬会社は謝罪しなくていいの？,1,ラッキー純
3-2,@もっこり小太郎 様お返事ありがとうございます。地方局はいくつか放送しています。あと地方新聞も。,5,mingzi
3-3,@mingzi 有難う御座います。名古屋は市長と知事の乖離が酷いですねぇ…,5,もっこり小太郎
3-4,@もっこり小太郎 様名古屋のテレビ局です。全国放送ではありませんが。,7,mingzi
3-5,これはテレビでは放送されないのですか？,4,もっこり小太郎
3-6,@ケツ穴評論家 野党も何も言わない、それどころかずっとコロナ煽り続けてる政治家オールリセットしたい,35,知らんけど
3-7,「被害者の方々」と言う表現ですが、、、、日本の場合は強制ではありませんでした。ですので、各個人が「打つリスク、打たないリスク」判断して接種を受けたのです。自分の判断が間違っていたダケだと思います。,13,fujiポンポン
3-8,@ラッキー純 さん　何言ってんの？,19,チコ
3-9,@ラッキー純 自民党はむしろ国民様に謝罪をしろ,36,ケツ穴評論家
3-10,お医者さんや製薬会社、自民党にはありがとうと言わないの？,4,ラッキー純
4,40代男性の状態を知らせる資料を届けた行動力、大石さんの伝える行動力に脱帽です。色々な状態が何とか少しでも良い方向へ向かって欲しいと心から思います。個人の決断はもちろん尊重した上ですが、ずっと治験中だと言い続けてきた身からすると、予想通りの因果関係不明が増えるたびに残念でなりません。,699,シテル,7
4-1,@ラッキー純 以前は国民が取らせていましたよ。徹底的に薬害を追求して。,14,アイリーン
4-2,@茶番 過去の薬害事件でも誰も責任を取ってないの？,14,ラッキー純
4-3,４万人以上、もうそんな数字になってきてるんですね…それもこれから加速度的に増えていくのかな……,14,mu pura
4-4,@茶番 さま　おっしゃる通りです、知らないと泣き寝入りって酷すぎ。,18,ことチャンネル
4-5,@ラッキー純 あくまで強制の雰囲気を出した任意ですからね。同意書にサインしていませんか？それをネタにしてスルーだと思います。誰も責任を取らない国なのは今に始まった話ではなく、ご存知の通り。,56,茶番
4-6,本当に残念でなりませんね。,46,茶番
4-7,毒チンを打ち始めて血栓系の死亡者が４万人以上増えているのにまだ個人の判断にまかせて国や製薬会社の責任を放棄させるの？,87,ラッキー純
5,定期的な配信がありがたいです。被害を受けた方があまりにも気の毒です。こういった重篤なケースが次々とでてきているのですから、もっと真剣に調査して、いったんは中止すべき。推奨するのはやめるのが筋ではないのでしょうか。,540,TN,5
5-1,@宮田和博 様お返事ありがとうございます。与野党共利権を享受しているのと、国外からのらかなり大きな圧力があるのでしょうね。,15,mingzi
5-2,何で野党はチャンスなのに、この件で自民党がー!!　をしないのか🤔？,13,mingzi
5-3,そんな要求は医者や製薬会社や自民党には通じないよ。,16,ラッキー純
6,名古屋でもマスコミは一律同じだと失望していましたが、中日ドラゴンズの若い選手の急死からしばらくしてこの番組だけが少しずつ変化してゆく様を観てきました。様々な圧力のある中　勇気ある姿勢、尊敬致します。,660,ポンパhiro,6
6-1,河野太郎「デマ」,11,Private
6-2,@ラッキー純 軽蔑すべき医者や製薬会社がなぜか持ち上げられていますね。,18,アイリーン
6-3,@ラッキー純 軽蔑はする。,35,sueotoko
6-4,製薬会社や医者や自民党議員は尊敬しないの？,2,ラッキー純
7,怖いですね。神経が傷つけられてしまうと、さすがに薬を飲んでもどうしようもないでしょうし。政府にはきちんと謝罪と補償をしてほしいですね。,637,ふっちゃん,9
7-1,@Minoru Harada さん本当にそうですね。残念でなりません。,1,こーしゃん
7-2,@Minoru Harada ファイザー製は説明書きにチメロサールは使用してないって書いてるんですが、、、これは虚偽記載だったんですかね？😰,9,さくさく
7-3,@kurenai JP アメリカ、L.A. のテレビです15年前から、コロは計画されていたイブリン ロスチャとビル、キッシンのNwo,17,Minoru Harada
7-4,@Minoru Harada 水銀の情報出どころ教えてほしいです。,11,kurenai JP
7-5,血管に直接、猛毒の水銀を入れたのだから、神経がやられるのは、当たり前。今、インターネットの時代で何でも知識を得られるのに、何で毒を自分で入れたのか私には理解できない。よっぽどバカなのか、それとも仕事上イヤイヤ入れたのかは知らないが,31,Minoru Harada
8,「ＣＢＣ」は、真実を報道してくれる放送局であり、大石アナの真摯な取材報道姿勢には毎回、感動します。そしてまた、自らの「後遺症」を全国に伝えたいという思いでTＶ取材に応じてくれた方々に感謝致します。地方放送局の「サンTＶ」の藤岡アナウンサーも勇気ある真摯な報道をして下さっています。ありがとうございます。,691,武林瑞穂,3
8-1,@wanna know what validity is さんそして洗脳です。,0,こーしゃん
8-2,発症率にかかわらず、1/1に違いないから、よく考えて判断したい。,1,mika jasmine
8-3,肝心の発生『率』を報道せずに、「当事者にとっては１分の１なんです」と報道。これのどこが真摯で真実なのでしょう？コロナ感染のリスクとワクチン接種のリスクを国民自らが比較できるよう報道せず、発生『件数』を目立たせ、視聴者に「訴えかけてしまう」。それは報道ではなく扇動です。,0,wanna know what validity is
9,アレのせいで、不調が起きている事実を隠そうとしている政治やメディアの中にあって、少しずつ、薬害を認めてくれる人が増えてきている。大石さんの働きも大きいと感じています。🙏 　ありがとうございます。,761,SHI HA,8
9-1,ラッキー純さん。きちんとK.Tさんの質問に答えて下さい。「皮肉」とか言って質問の主旨を曲げないで下さい。,6,人工聖霊UE
9-2,@もっこり小太郎 皮肉というか煽ってるだけだよな、この文章じゃ本人は理解出来ない様だが,3,リヒリヒト
9-3,@ラッキー純 その前に日本語をきちんと使いましょう,10,もっこり小太郎
9-4,@K. T. 皮肉という日本語を知ってる？,0,ラッキー純
9-5,@ラッキー純 とつぜんどうした？「薬害を認めてくれる人が増えてきている」事に寄与していると感じて感謝してるんだよね？となると、「自民党や製薬会社やお医者さんもこのように寄与している」と言えないと、あなたの発言は意味不明な発言になるよね？また、仮に寄与していたとして、この場で感謝の意を述べないことに疑問を呈するのは何故ですか？（この動画に対するコメントなので、大石さんへの感謝の意を投稿するのは妥当）「自民党や製薬会社やお医者さん」は「薬害を認めてくれる人が増えてきている」事に対してどのように寄与しているのですか？上記の答えが妥当でないと、意味不明な発言にしか見えませんよ。,45,K. T.
9-6,自民党や製薬会社やお医者さんに感謝しないの？他のチャンネルでは感謝コメントが多いけど？,1,ラッキー純
10,有りがたく見させて頂きました。勇気有る大石さんの報道に感謝してます。,366,ナイス孝男,2

11,去年、ワクチン後の急性散財性脳脊髄炎について、北海道の医師の方がお話されていましたね。もう動画を探せないほど前ですが「怖い病気」という趣旨の解説でしたので覚えていましたが、実際のすさまじい症状を聞き、この男性が本当にお気の毒です。ご回復をお祈りいたします。,362,ptw,1
11-1,JPシカdoctorの動画はニコ動で見られます。今も、毎日のようにUPされてますよ。,56,aiai mi
12,毎回の真摯な報道に心より感謝申し上げるとともに、今後も応援させて頂きます。未知の遺伝子組み換えワクチンです。今後も続々と現れてくると考えます。現状ですでに接種を見合わせるべき要因は揃っているにもかかわらず、いまだに接種を推進する政府と厚生労働省には不快感しかありません。,331,sayumi n,1
12-1,お医者さんと製薬会社は？,3,ラッキー純
13,いつも真摯な報道に勇気づけられています。ありがとうございます。,426,yosimatu2,3
13-1,めちゃくちゃですね世の中、https://youtu.be/KSri0pLFKSkいつもありがとうございます😊,11,成長チャンネル
13-2,昨年の【総死亡】１～３月：例年並み４～９月：↑↑超過死亡の主因は高齢者接種です,24,アラジンの前にアラジン無し
14,先日の「サンテレビ」さんといい大石さんといい地方には本物のTVマンがいて素晴らしい限りです。東京在住ですがペラッペラの報道しかないので全く見なくなりました。こういう方々の報道なら毎日見るのに。,570,kawa kawa,2
14-1,北海道のお医者さんが真実を伝えようとしてますが！yotubeでJpsikaです。一度見られてください！,43,山桜
15,いつも真実の報道ありがとうございます。下半身付随は酷い。これが本当に風邪程度のコロナと天秤にかけてどっちがリスクあるのか。枠ゴリ押しの奴らは許せない。,422,スピーゲルスパイク,3
15-1,スピーゲルスパイクさん犯罪若しくは殺害犯です。,1,こーしゃん
15-2,🍈つけっぱなしも目的です。😢,16,宮田和博
16,いつも配信ありがとうございます。こどもの高校でも同じことがありました。多くの人が疑っていません。気づいている人もわずかです。早く皆が気づいて次をやめて欲しいです。,494,D sayo,3
16-1,毒チンを強要するお医者さんや製薬会社、自民党にはありがとうと言わないの？,3,ラッキー純
17,もっと報道されてほしいです。テレビでもリスクを放送してほしいです。,14,バツイチアラフォーあかり,0
18,重症化は稀と言われても、その稀が自分に遭遇したら取り返しの付かない重大な不幸になります。大石さんの報道から多くの人がもっと現実を知らないといけませんね。,203,M R,0
19,大石さん、いつも危険を顧みず真実を伝えてくださり、感謝しています。より多くの方が後で後悔しないように、しっかりと情報を取材して伝えてください。本当にありがとうございます。特に子供たちへの接種は安易に行われるべきではないですね。親御さんはもし自分の子がこんなことになってしまったら、一生後悔し立ち直れなくなります。これからもよろしくお願いします。,148,Midori Kido,1

20,同じく脊髄炎になりました⤵️足の痺れと痛みに悩まされてます9月あたりから、ずっと痛みと戦ってます日本政府を、国民全員で裁きたいです,369,りん太郎,1

21,P社のワクチン接種後半年が過ぎ、未だ左半身麻痺が残って腕も脱力して握力がほぼない状態ですが、更にここ1ヶ月左脚の太ももからお尻の辺りが弱ってきているのか、立つ事歩く事が難しくなってきました。来週で40歳を迎えますが仕事も出来なくなり退社して、仮に車椅子ということになったりするのではと考えると流石に金銭的精神的にもそろそろ厳しいです。国もいい加減、副反応・副作用を認めて補償を真剣に考えて欲しい。,297,UK TOMO,18
21-1,@UK TOMO 参政党から立候補してみてはいかがでしょうか？供託金も出してもらえます。,1,a I
21-2,@Asa SG 様　ご心配いただきありがとうございます。何とか社会復帰出来るようもう一度頑張ってみようと思います。,3,UK TOMO
21-3,@a I 様　ご心配ありがとうございます。40歳前に仕事を失うとは想像していなかったので、当方も驚いています。夏の選挙までは政治家は動いてくれないと思うので、何とか少しでも治して社会復帰出来るようにと思います。,4,UK TOMO
21-4,@ことチャンネル 様　ご連絡ありがとうございます。また来週体調の良い日に役所に連絡してみようと思います。ご提案ありがとうございます。,4,UK TOMO
21-5,@お金かからない系女子 様　ご連絡ありがとうございます。今でも週一回土曜日に病院に通っています。ステロイドなどの投薬治療が主になっています。発病当初は、ほぼ毎日病院に通いMRI、筋電図、髄液検査、血液検査などあらゆる検査を複数回して免疫力が極度に落ちていると言う事でした。ただ大学病院でもワクチンに起因する病気だとは断定されず。たまたまワクチン接種後になった可能性があるんではないかと言われました。今はワクチン後遺症に理解のあるクリニックでお世話になっています。通院も6ヶ月が過ぎてなかなか回復してくれないのが辛いところですが、多くの方々にご提案アドバイス頂けて感謝しています。補償も本当はして欲しいのがホンネですが、心筋炎以外は今の所補償外の様で難しいのかなと思っています。もう少し頑張ってみようと思います。コメントありがとうございました。,9,UK TOMO
21-6,@H　w　T 様　ご連絡ありがとうございます。来週体調の良い日に労働基準監督署に問い合わせしようと思います。,4,UK TOMO
21-7,@デフレ脱却 様　ご返信ありがとうございます。職域接種ではなかったのですが、上司からの日々の接種しろとの圧力で接種致しました。労働基準監督署の件、教えていただきありがとうございます。来週にでも体調のいい日に電話してみようと思います。お忙しい中ご連絡下さりありがとうございます。,3,UK TOMO
21-8,@お金かからない系女子 借金する必要はありません。生活保護から医療扶助だけでも受けるべきです。,11,デフレ脱却
21-9,他の方もおっしゃってますが、国からの社会保障で、障害認定のため医師の診断書など要るし役所など相談されてはと思います。会社の対応怒りです。,10,ことチャンネル
21-10,国からの保障を希望するなら初期治療から継続した治療が必要になりますよ、一部の方はすでに訴えを起こしている為約100人程度は保障を受けていると去年発表がありました。ネットで書いてもテレビに話しても訴えを起こさないと無意味に終わります。コロナ後遺症の場合もワクチン後遺症の場合も仮病の可能性を疑われる症状が複数あるから、治療受けてます‼️すべて検査しました‼️という証拠が一番必要になりますコロナ後遺症もワクチン後遺症も検査といろんな薬を試すせいで月６万以上かかる人もいました仕事がクビになった後では治療費は難しいと思うのでご家族に相談し治療を受けながら訴えるしか方法が無いと思います無治療での保障希望はありえません収入がない場合は借金でもして早急に治して仕事復帰するようにしないと誰も助けてくれません、生活保護申請もすぐには通りませんし、通っても今月からお金ゲット‼️なんて事にはなりませんクビになったなら失業保険が10日後ぐらいに出ますよね、頑張って治療してください,10,お金かからない系女子
21-11,ユダヤ人が悪い,8,Private
21-12,@UK TOMO 職域接種で会社から進められたら、労災認定もされます。解雇制限もあり、療養のため休業する期間とその後1か月間は解雇できません。療養開始後３年経過してもなお治らない場合は平均賃金の1200日分を受けることができます。労働基準監督署に行って相談してみてはどうでしょうか？,34,デフレ脱却
21-13,御用学者や御用医者も訴えて！まだ若いのに気の毒過ぎます。,31,a I
21-14,@UK TOMO 傷病手当金受給中の解雇は違法です,25,H　w　T
21-15,ご快復を心よりお祈り申し上げます。,27,Asa SG
21-16,@デフレ脱却 様コメントありがとうございます。私の説明が十分でなかったです。自主退社ではなく、首になりました。2ヶ月だけ傷病手当が出たのですが、(それも最初は渋られて何とか体調が良くない中、話し合って同意してもらいました。)ただ、働けないならそれ以上は待てないと言われ退社となりました。,26,UK TOMO
21-17,社会保険から障害認定をいければいいのでは？会社は退社する必要なかったですよ。,12,デフレ脱却
22,貴重な情報をありがとうございます。国は絶対に不利な情報は出さないので、この様な番組は必要である！！と思いますが。私は絶対にワクチンを受けません。,22,太郎 マル,0
23,打って後遺症や副反応の症状が出てしまった方は気の毒だと思うけど自分を信じて打たない選択をしたことは正しかったと思ってる,299,黒猫のビビ,2
23-1,同意書書いて注射したんでしょ？嫌なら全力で断るべき。私は会社で強制されましたが全力で断りました。,23,Aあおやぎ
24,私が勤めている200人程度の従業員の会社で、昨年末と先月に2人の方が亡くなりました。死因は明かされていませんが、、、こんな事今まで無かったので恐ろしいです。,96,ひろ,1
24-1,私の近隣でも３回目になるとちらほら亡くなったという情報を聞きます。４回目もっと多くなるでしょう。イスラエルは、４回目で相当亡くなっているようです。,25,チコ
25,勇気あるメッセージをくださった40代男性の方と、それを報道してくださったCBCさんに感謝します。ご回復をお祈りしています。,106,らん♪,0
26,ありがとうございます。この大石さんのYouTubeを接種会場で流したらいいと思います。チャントの前のゴゴスマで、石井さんが、先日感染して抗体があるから３回目はまだです。と言ったら東国原さんが、早く打つようにパワハラしていたと言う記事を見ました。同じCBCとは思えません。他人に接種を強要してはいけないですのね？メーテレも子どもに打てってやってたみたいですね。大石さんしか見ません‼️,187,いまここ,2
26-1,愛知県は、知事が、あんなで河村市長が、いて良かったです。,20,チコ
26-2,他人への強要は強要罪、脅迫罪、最悪の場合●人罪になります。,63,おわたゃんねる(チャンネルではない)
27,ワクチンで肺炎とか本末転倒じゃないか、、回復をお祈りします。,184,冨樫の弟子,0
28,大石さんいつも本当に有り難う御座います🙏🙇‍♀️🌈💫感謝致します🙏🙇‍♀️🌈💫,239,乾郁代,1

29,周囲に流されず同調圧力に耐えて、自分で考えることを放棄せずにワクチンを1度も打たなくて本当に良かった！！実際コロナにはかかりましたが、自宅療養で熱は1日だけ、すぐに回復しましたこの予防のために半身不随じゃ割に合わなすぎます,72,まさちのかすみ,0
30,当事者にとっては「一分の一」　まさに仰る通りです。「稀」の一言で片付ける政府の態度には誠実さを感じられません。大石さん有難うございます。,157,Nokko,1
30-1,まさに、ロシアンルーレット。,6,わんこのふじこ
31,名大の小島先生「コロナワクチンでの発症はあるだろう」とのコメントに、盲目的に賛同します。小島先生は、小児の血液難病などを長年、臨床などで診て研究されてきた先生です。とても、熱心で真摯な先生ですので、小島先生が仰るからにはと思います。最近では、小児への新型コロナの現行のワクチン接種に警鐘を鳴らされております。,166,Jane Smith,0
32,同じ世代です。良かれと思ってワクをうったと思います。まさかこんな自体になるとは思いもよらなかったと思います。まだこれから先の人生を考えると本当に辛いと思います。何がイベントワクワク割だ！💢,189,ぱぴこ,0
33,いつも誠実な報道ありがとうございます,126,おわたゃんねる(チャンネルではない),0
34,こういうリスクを報道しないと後々物凄い薬害問題になると思う。良い面も悪い面も報道してこそと思える内容ですね。,11,おnおn,0
35,ワクチン前診断で副作用を予見する技術もないのに、同調圧力で摂取をゴリ押しするのは人権無視と感じます。大石さんのおっしゃるように、副作用の確率はいくつであっても、当事者の人生が破壊されたことは重い事実です。,10,Celestine1963,0
36,大石さん、いつも分かりやすい解説と貴重なお話ありがとうございます。番組と動画を拝見させて頂いて、とても胸が痛くなりました(><)国もワクチン接種をすすめると同時に接種後の患者さんや後遺症で悩まされている方に救済措置をお願いしたいです🙏最後の大石さんの言葉｢1分の1｣に同感です。これからもよろしくお願いします😊,104,LOVE N.Hidetoshi,1

37,今日お客さんと後遺症の話をしていたら、やはり身近にもいるみたいです。もっとメディアに注目され世間に伝わることを願います,10,珠依繭,0
38,いつも有難うございます。本当に恐ろしいことです。これを国家が行っているとは絶句です。,82,ｸﾐﾉﾝ11,0
39,大石さん、スタッフの皆さんいつもありがとうございます。2回セットのワクチン接種にもかかわらず、何らかの理由により1回でやめた人が200万人います。その後の体調不良や後遺症で辞めざる終えない状況になったのなら、追跡調査などして徹底的に調べないとダメだと思う。,335,ma-3357,2
39-1,そんな調査は医者がさせない。自民党がさせない。,11,ラッキー純
40,これからどんどんこういうことが起こるんじゃないでしょうか⁉️国も逃れられなくなるのでは❓もし因果関係が認められないとしたら、もうこの国終わってるわ😱,181,k s,4
40-1,国が他国に占領されても『気のせい』で済ませそうですね。,11,鮎川まどか
40-2,残念ながらほぼ終わっていますね。,27,茶番
40-3,国の前に、もっと、医療従事者にちゃんとしてほしい。多くの人が、ワクチン接種後に、体調不良を訴えているのに、医者のなかには、それを「気のせい」で済ませるとか、数値だけ見て、異常がなければ、異常なしで片付ける。医者が、正しい判断をして、ちゃんと上に報告していけば、多くの人が救われるはず。,38,みな
41,日本のメディアがデタラメばかりだと思ってたけど、こんな真実を報道してくださる方がいてくださることを本当に嬉しく思います。心から応援いたしております。,55,悠真,0
42,大石さん、CBCさんいつもありがとうございます。また情報を提供された被害者の方の勇気に感謝します。適切な治療を受けて復帰することができますように。,78,yukinowata,0
43,いつも真摯な報道、ありがとうございます。勇気ある行動に感謝致します。,102,らむぼん,0
44,本当に痛ましい。未だにこんなものを推し進める国などもう信用してはいけない！肝心のウイルスには効かずそれなら一体何を受けさせられているのか　どうかもう「おかしい」と気づいて欲しい,16,non fiction,0
45,素晴らしい。若い人から後遺症で悩んでいる人が多く見られます。放送して下さりありがとうございます。,47,Japan浩憲SONE河野,1

46,大石さんの仰る通りですね。そもそも接種される方は流れに任せるのではなく、リスクとベネフィットを調べるべきだと思います。この💉は回を重ねる事、自己免疫を破壊する物なんですよ。,88,下袴田広美,1

47,まだ20代前半の男女がコロナワクチン接種後に小児麻痺やパーキンソン病の酷いやつ（まともに手足が動かせず震えて会話すら困難な病状で何十年も完治しない）のような状態になった別動画を拝見しました。10分ほどの動画でしたがあまりに悲しくて1分も観ていられませんでした。前途ある若者たちですら運が悪いと（ワクチン接種さえしなければ）こうなってしまうんですよね。因みにコロナワクチン接種後に亡くなり国に認定されると4000万円程補助が出るそうですが、現在1500人以上が接種後に亡くなりその疑いがあるにもかかわらず現在コロナ死認定人数は0です。これが真実。接種後10分で急死でもしない限り国は絶対に金は出さないだろう。,18,武知一厳,0
48,こんな悲しい現実があると言うことを、TV、メディアでもっと伝えるべきです!!   これからも打とうとする方々、これから打つ子供達。一刻も早く気付いてほしい。この様な事実が多くある事を、知るべきです！,18,ひとみ たかはし,0
49,私も、1回目モデルナの3週間後に激しい頭痛と高熱で、救急に駆け込みましたが原因不明。1週間ほど体もだるくしんどかったですが、もとに戻りました。医師はワクチンの副反応とは考えにくいとのことでしたが。今考えるとやはり、ワクチンが影響した可能性が高いと思いました。,100,Joy Grace,1
49-1,私も今三回目ファイザー摂取後3週間後です。普段血圧は低いのですが、突然血圧158くらいになって下がりません。体がふわふわしてます。こんなことは初めてです。,3,aoi ameringo
50,いつも勉強になる配信、ありがとうございます。こういう内容の報道を見るたびに思うのは、ワクチンを接種する前にメリット・デメリットの情報を持っている人とそうでない人がいる……という事が問題を引き起こしている事です。ネットで情報を集められる時代ですが、日常的にそれに時間を割くというのはそうする事を決めている人達です。でも、それ以外の人達はやはりメインメディアからの情報が主でありそのメディアが疑問を投げかけるような報道を一切してこなかった責任は絶対に追及されるべきだと思います。国の責任は勿論、偏向報道（または煽り報道）をしているメディア、医師免許を取っただけの勉強不足な医師、保身だけを考える政治家……ワクチンだけに限らず、全ての国民に個々の判断をさせないミスリードをしている今の日本状況には疑問だらけです。,11,REIKO,1

51,反ワクチンではありませんが、私は一度も接種していません。国は３回目を勧めるだけでなく、併せてリスクを周知させるべき。,67,BK Nw,1

52,日本人は早く気付きましょう。,316,あめのむらくも,8
52-1,私は休みの日はマスク外すようにしています。店にマスクせずに入ったら小学生の息子にママ、ダメだよ！と注意されています。息子にはマスクしなくていいと言ってもマスクしないと店に入れないからする！とマスクを決して外しません。学校の洗脳教育の怖さを痛感しています。,4,戸部 ひなた
52-2,@musyoku さん幼児にまで着用させてますからね（泣）,4,あめのむらくも
52-3,セーフーは知らずにやったらこうなったのでは有りません。承知でやって居るのです。😢,24,宮田和博
52-4,@ギンマロン さんですね～マスクにしろ未だに気付かない人が多いです（悲）,25,あめのむらくも
53,日本人はメディアコントロールされすぎ！気がついてくれー,143,さとみくと,1

54,CBCさん、大石さん、いつもありがとうございます。とても価値高い報道です。,63,My Melody 1993,0
55,大石さんは本当に誠実な方だ。,57,佐藤純哉,0
56,本人にとっては「一分の一」本当にそうだなと思いました。重篤な副反応、まして接種後死者数など報告されている数字だけを見ると摂取回数に比してごくごく僅かです。僅かだから無視していいわけじゃないですよね😥。全国の医師が、接種が原因の可能性を排除せずに診断して欲しいなと思います。,134,Oくぼ,1
56-1,一分の一と言う言葉、本当に胸に響きますね✨表に出ている数は氷山の一角です！💉が原因かもと思いながらも認めたくないとか、時間差が有るため他の疾患かもと考える人私のまわりにも多いです💧,11,タカコトランキラ
57,国だけでなくワクチン後遺症を否定する御用連中にも憤りを感じます,71,Organic,0
58,CBCさんは、ほんとに素晴らしい番組ですね🙏嘘八百の茶番📺と違い、日本にもこの様に真実を伝える番組があった事に、感動しました🛐,75,roulette,0
59,大石アナ真実の報道本当にありがとうございます。三回目で苦しんでいる方が身近に増えてきています。『忙しい』を理由に深く調べない無知が深刻化されてます。,52,sasamari,0
60,ヤバいロットのものを接種してしまったんですね。なにしろ、中身の分からないものはカラダに入れてはなりません。,157,VG,1
60-1,ロット番号でせいぶんかえてるというはなしは聞いたことがある。ヤバいね。,0,Toku Ue
61,ワクチン接種によって、こんなにも身体に重大なことが起こり、苦しんでいる方々。国は、一刻も早く、因果関係を認め救済するよう願ってやみません。,102,ジャコビニ彗星☄️ 流星群,5
61-1,河野太郎「デマ」,4,Private
61-2,同感です　　国の　risk 説明を避けよう・触れない様にしようという姿勢は【informed  consent の欠落】に直結ですよね・・,10,嗚呼　黎明の鐘は鳴りて
62,この診断を下した医師は、ワクチンが原因だと説明しているようですが、国あるいは厚労省はこれを認めたのでしょうか？その後の報告も是非ともお聞きしたいです。,91,K K,0
63,私はモデルナ2回目の接種の2週間後から約1ヶ月間微熱が続いてしんどかったです。病院でPCRを2回受けても陰性だったし、それまで数年間風邪すら引いたことなかった。今出てるワクチンが良いものとは思えない。絶対に人体実験のn数稼ぎにされてる気がしてならない。海外ではワクチンに効果は見られないという研究結果が出たというのもちらほら聞く。ワクチン接種する前に自分で納得するまで調べて自分で接種するかしないかの判断をした方が良い。,67,たこやき,4
63-1,松葉茶、味噌汁が快復には良い様です。❕,11,宮田和博
63-2,残念ながら騙されてます。😢気が付いて下さい。私は1年前に2ヶ月間、徹夜で調べまくりました。📺️の言ってることは全て嘘です。❕😂,13,宮田和博
64,打つも打たぬも本人の意志を尊重するよ強制はダメ,124,かざり屋☆STAR,1
64-1,ほんとそれ。うちのも自由、打たぬも自由。うちの母親はなんで打たないの？子供たちがかかって重症化したらどうするの？テレビだけはしっかりよーくみてますが現実をみてない母親に何を言っても無駄だと反抗しなくなりました(笑)会社の人もテレビばっかみてる人はテレビで、テレビで・・・その言葉聞くだけでも頭痛がしてきそうですわ(^_^;),12,モモ
65,報道し続けて下さい。そして後遺症の方が少しでも良くなりますように,2,きょうちゃん,0
66,この薬害をきっかけに、1人でも多くの日本人が覚醒してほしいね。,4,かりょう,0
67,分科会の報告みると20代での死亡…昨年からこのような報告あるのに。海外からのデータもあるのに推し進めた国や医師許せなくて。看護学生がツイートしていたのを、圧をかけるような引用リツイートを見かけました。なんの情報も知らないまま接種している医療従事者も沢山います。でもその中でも情報や論文など見て慎重になっている医療従事者もいます。学生は枠しないと実習させない圧力、医療従事者にもあれこれ圧力をよく聞きます。学生の多くが若く免疫力もあります。そして先も長いのに圧力かけるだなんて…。若者はテレビもあまり観ませんし、ネットからの情報収集も多いでしょう。医療系の学生たちの声って実際の所どうなのかなぁと気になっています。今の世の中なんだか、意見すると責められる異様な世界です…なかでも日本は異様にも感じます。伝えてくれてありがとうございます。,91,なひ,0
68,被害者のコメントとはいえ｢人体実験｣という言葉に正直ドキッとしました。この言葉が言える位に変化が出てきているなら嬉しい。,88,つちのこ,4
68-1,だって治験中なんだから、人体実験じゃん？免責もないんでしょ？,13,Aあおやぎ
68-2,@DLE EOT ほんと、それ🤣🤣私も一本も打ってないし、これからも一切打つつもりはない。全ては自己責任。,13,Rin Rin
68-3,一回も打ってない人は、最初から人体実験だということを知っていたから打ってないのです。,46,DLE EOT
69,正直な報道、ありがとう,33,ギブアップしないよッチャンネル,0
70,真実の報道これぞジャーナリズムの真骨頂,207,Спутник № 0,1

71,初めからコ〇ナ騒動自体、怪し過ぎて、打つという選択はあり得ませんでした。一方、打って無い人も影響を受けるシェディングという現象がある、と聞いた事があります。デマだと言う人も居ますが、実際有ると思います。これについても、報道して欲しいです。,85,猫神様,2
71-1,今後患者が急増するかどうかで世間の評価もある程度変わるでしょう、複数回打ってる人の中から色々な感染症が今後10年程で増えるらしいですがどうなるのかなってみないと分かりませんね,5,リヒリヒト
71-2,おそらくですが私の長男が塾で受けてます。私もまさかと思いました。不登校で学校には行ってませんが塾には行っておりちょうど一般の大人が普通にワクチン始まった頃の話です。運動もしてないのに筋肉痛がひどく呼吸も乱れた為に救急呼んだら隊員の方にワクチン打ちましたか？と聞かれました。打てる年齢じゃなかったので(打たせる予定はなし)うってませんって言ったが、うってないと病院入れないのか？と思いましたが違ったようです。,13,モモ
72,診断されたドクター見逃さず素晴らしいと思います。治験完了はまだまだ先の来年５月ですから、何回も打たされます💦早く気付いて欲しいです🛐,83,クッキーベリー,3
72-1,@クッキーベリー 保障が欲しくて抗体も欲しい方はお金が貰える本当の治験に参加した方がいいと思いますワクチン開始ってなって打つと保障もくそもありますせんし時間を要します💀働けない状況ってかなり厳しいですよね、ユーチューバーでもしない限りは,1,お金かからない系女子
73,数年後、体にどんな影響が起こるのか分からないし、打たない方が良い。,76,もち,0
74,大石アナ、今回もありがとうございます。色々なことがあったりすると思いますが、番組降板はゼッタイしないでください。これからも真実の大石解説おまちしています。,20,N.na3,0
75,いつも報道ありがとうございます。今までの事例を観ながら思ったのは何となく、地方に副反応や死亡が多いような気がします。その調べも可能でしょうか。３回目接種率がいつの間にか40%超えていてびっくりです。アメリカは29%なのに…,50,A K,0
76,40代…(T△T)働き盛りで酷い。私は過去に髄膜炎にもなっていますし、視神経に触れている状態で腫瘍が出来て手術もしています。そして、アレルギー体質でもある。薬での副作用も起きやすいので、一度もワクチンを受けていない。医者や世間ではなく『自身の状態』で決めるのが１番だと実感しています。,12,TUKOMI SEME,0
77,これは10年後位に大変なことになるかも。一度もワクチン接種していないけど。,56,ノン,1
77-1,もう大変なことになってますよ。それがメディアに出てきてないだけです。,9,モモ
78,打たなきゃ下半身不随などになっていない。🦌ｾﾝｾｲが髄膜炎の警鐘も鳴らしていた気がする。かなり前にだ。情報に左右される時代。恐ろしい。大石さん、いつも有り難う😉👍️🎶,77,Juliet's egg,2
78-1,egg様以前、コメントさせて頂きました！あれから少しわかった事がありましたのでコメントにて残しておきます。自分の上司が最近、入院したと前にコメントしましたが…この前、理由が判明しました。急性腎不全での腎臓移植の為、入院でした。ドナーは奥様です。ファイを２回打ってからガタガタと体調が悪くなっていったので、原因はワクだと自分は思っています。ずっとモヤモヤしているのですが…打っていて移植って大丈夫なのでしょうか…だって、、もちろん奥様も打ってますから…その腎臓を移植して本当に大丈夫なの⁈……って、ずっとモヤモヤしています！生体移植が今は比較的安全で安心できるのは理解しています。でも…それは接種していない前提の話ですよね…これから…こんなケースが増えていくんでしょうか…。長文、失礼致しました。,6,Aya Taromame
79,早急に全面的にコロナワクチンの接種を取り止めるのが国に課された義務だと思いますが,44,ぬくだまさき,4
79-1,止めるどころか、反対押し切り実行した家族の三回目案内が来て、捨てました。,3,ことチャンネル
80,私の義姉、79才でしたが心臓動脈解離と診断書にかかれていました。コロナ予防接種を受けて５日目で亡くなっていました。,80,菊坂文乃,1
80-1,菊坂さん、私の近所でも９１歳の方でその病気があって接種後に亡くなったのですが、家族は、高齢だからと接種での因果関係を家族すら認めてないんです。こんな人沢山いると思いますよ。,31,チコ
81,今の政治家は自分達の利権優先。今回の件で国民の安全安心の為なんて思ってないのをつくづく身にしみました！,11,鈴木征紀,0
82,ワクチン接種した人を官軍的な取り扱いに腹が立ちます。そしてワクチン接種により後遺症を負った方々に一刻も早く救済措置をすべきとつくづく思います。ワクチンとの因果関係が不明だからとか本当に政府には不信感しかない！,101,ShuiChi m,3
82-1,今の所被害受けてる方は極一部ですから実感無い方が大半なんでしょうね,1,リヒリヒト
82-2,お者る通りですなね,6,kaori smile
82-3,優先的にキャンペーンを実施していますからね。猿轡や注入等強制では無いモノをやらないと非国民扱いにする風潮には本当に辟易しますね。,9,茶番
83,はやく日本政府が裁かれますように,239,イベルメクチン,4
83-1,そのお名前、シェディング予防として飲んでます🙋‍♀️,21,ゆきゆ
83-2,お名前、素敵です!,27,レイ
83-3,お名前に👍,28,T T
84,直接の知り合いではありませんが、知り合いの知り合いが今回の報道と全く同じ状態になったと聞きました。,76,Rose Marin,0
85,どっからみても健康そのものの人が杖をつきなかなか進めず歩行困難な状態になってる姿を多々街中で見ます！歩けない症状がかなりの人数出ていませんか？薬害以外 考えられない！,131,Misa,8
85-1,@ふうたん 成分が脳にたまり神経がやられるため、足を右、左、前に出す指令がいかなくなってるため うまく歩けないのだと思います😢大変な世の中を生きていますね…。😢😢😢,0,Misa
85-2,言われてみたら気づきました。この間もお年寄りでもない若い女性が杖をついて歩いてたし、その前も。まったくワクとの関連思っても見なかったから不自由だろうなとしか思わず。すれ違った時のことなのでほんの数秒だったけど、思い返すと最近杖をついていた人にもっと会っていた💧胸が痛みます。,1,ふうたん
85-3,これ以上被害者が増えないよう中止して欲しいです。在庫整理！,13,川崎恵理子
85-4,たまに出かけるだけでもサラリーマンの方や若者まで杖をついている人をよく見かけます。気のせいではない頻度になってきました。,23,らららら
85-5,少し気にはなっていました。若い人で足を引きずりながら歩く人を、何人か見たからです。こんな事は今まで無かったと思います。少し心配です。,29,キイロイ鶏
85-6,確かに最近、杖をついてる人が若いので驚く事が度々。相当増えたと感じます。,45,m m
86,よく政府はうてうて言いますね,142,イベルメクチン,6
86-1,来月4回目ですね…,11,さゆ
86-2,誰も打たなければこの騒ぎももう終わってたと思います。,42,T T
86-3,打たなくても経済は回ります,29,かんべい吉田
86-4,多少の副作用による死者より経済が回る方を取るからです。,8,ドイパチ
87,MRです。今回のワクチンより遥かに少ない副作用報告数の薬剤を、かなり派手に注意喚起して回っているのに、情けなくなることしばしばです。,84,軽いアル中,0
88,いつも貴重な情報をありがとうございます。ワクチンを打つ打たないという選択が出来ることを多くの人が考えるきっかけを与えて頂いていると思います,24,明海,0
89,今日は大竹まことさんのラジオに児玉龍彦さんが出演して４回目は副作用が危ない…といった感じのことを述べてましたが、１回目・２回目でも副作用あるのにこれらはどう思っているのか？なんか偽善もいいとこだと思ってしまいました。ただでさえ信じられない社会なのに何をよりどころにすべきか悶々とする日々です。そんな中で大石さんの番組は良心的で大変感謝しております。,217,41 yoyoyo,18
89-1,@John Smith 枕グッショリ？,0,ラッキー純
89-2,@ラッキー純 ←アカウント名だけども「アン」をつけて「アンラッキー」に改名する時期だと思う。,2,John Smith
89-3,@John Smith ハンカチ貸そか？,0,ラッキー純
89-4,@ラッキー純 ←　いえいえ、私は君をみて洗脳されると「こーなるんだなあ」と大きな溜息をついているだけよ。😀,2,John Smith
89-5,@John Smith 泣いてるの？,0,ラッキー純
89-6,@ラッキー純 ←　君のように、ならないようにするためにはね（爆）,2,John Smith
89-7,@John Smith つまり自民党や医者や製薬会社の言うことを聞くなと？,0,ラッキー純
89-8,皮肉であることがわかりづらいコメントって時々ありますよね。,1,ジロタロ
89-9,@チコ ちょっとアレなだけです。格闘技動画でも噛み合わない話を延々と続けていた人です。,3,もっこり小太郎
89-10,「アン」ラッキー純の発言を鵜呑みすると、国民全員が三途の川を渡ることになる,13,John Smith
89-11,@ラッキー純 さん工作員ですか？,17,チコ
89-12,ワクチンをすすめる医者や自民党を拠り所にしましょう。,6,ラッキー純
90,今後昔の緑十字薬品会社の薬害AIDSと過去の国の予防接種法の為に薬害同様に国を相手に訴訟問題間違いなし！,55,takashi,0
91,大石さんの番組のお陰で、どれだけ多くの人達が救われている事でしょう!　　私の大切な友人も、何人か救われました!😂　　とても１言では言えないくらい、感謝しております。　予防の為だけに打った物が、将来の健康まで左右されてしまうなんて…　なんて酷いんでしょう。泣けてきます。🤧,21,ひとみ たかはし,0
92,あるあるですが、何故国は隠そうとするのか・・・。儲かる図式を守りたいのかな？,109,へんなおじさん,1

93,因果関係不明だとしてうやむやになったまま。検証は進めているのか。最初のセッ種開始から一年は過ぎたが、この間長く苦しむ方がいると思うと心が痛みます。,147,ゆ う,5
93-1,本来治験なら、死亡事例が1件でもでたら、即中止だし、因果関係不明でも、健康回復義務をファイザーとかメーカーや下請けの治験業者が負うべき責任から逃げてるわけだしね。実際、10年くらい前の治験死亡事例が珍しく日本ででたときは即中止いなったし、それ以降参加条件もかなりきびしくなったしね。それらと比べて明らかに今回のグダグダ誇大広告ワクチンに対して、対応がおかしい。イスラエルとかが先行実験国になったのは国際的な孤立で選択肢がないからってのもあったのだろうけど、ファイザーとかが日本に対してもそういうマウントをとって、今後も同じようなことをしてこないともかぎらないから、有耶無耶で終わらせてはいけない。,6,UPUP
93-2,言論統制、ここの処ですが消されっぱなしです。ヨウツベさん消さないでね❗️,6,宮田和博
93-3,@茶番 様、亡くなった方には失礼で申し訳ないと思うのですがあちゃら側の目的は○口削減、人○滅亡、本気でやられてます。😢悔しい😠💢ですね。絶対に負けない様に、頑張りましょう❗️,8,宮田和博
93-4,@宮田和博 茶番志望扱いだと直葬です。本当に証拠隠滅としか思えませんね。その際に医○が今流行りのエアロなんちゃらをすれ違っただけで貰うと訳の分からない事を言っていたのでふざけるなと思っていましたが、亡くなったのが相方の親族なので黙っていました。その出棺の際の病院の対応も矛盾だらけのツッコミどころ満載でしたが、亡くなっているのに怒りしかなく涙も出ませんでした。色々と思う所が沢山ありますが、言論統制が厳しいので、これくらいに。,9,茶番
93-5,2から、5にどうして落とさないのか❔2だと検死しないで焼けるらしいです。なので、証拠が残りません。検証は困難でしょう。😢,13,宮田和博
94,どれだけの数、犠牲がバレるまでダンマリをしてるつもりだろう？大手メディアと政府！,62,Kiss Yukko,0
95,国は、逃げたりしないで、事実を直視してください。許せさないです。,139,深澤祐子,7
95-1,@チコ 市場を見ればこの茶番関連銘柄やそれによる需給、供給不足関連銘柄も全て繋がっていますからね。リアルでも茶番が分かりやすいですが、市場はあからさまに分かります。持っていきたい方向まで。,9,茶番
95-2,逃げてるんじゃないですよ。国は、国際金融資本のいいなりです。もう陰謀論ではなくなっているんですよ。もう何十年も前から計画されていたことです。,18,チコ
95-3,未接種ですが元気です。,47,イベルメクチン
95-4,国民にうてうて言うて政府はうってないよ。中身を知ってるからね。,47,イベルメクチン
96,どうなっちゃってるんだろう。本当に人生を犠牲にしている人がいるって事だよね。,28,blue moon,0
97,まさしく実験台です💧２回目までは圧力に負け接種しましたが３回目はもう打ちません,66,れいこ,0
98,私の主治医の眼科医の先生（４０代後半の女性）が３回目のワクチン接種後（翌日）から全身の関節が痛くて動けなくなりしばらくして痛みは引いて少し良くはなったものの３ケ月以上経った今でも脚が上手く動かずに杖を付いて歩いています。まだお若いのに杖を付いて歩いている姿を見てびっくりしてしまいました。本人はワクチンが原因とは思いたくないようなのですが、どう見てもワクチン接種の後遺症としか考えられません。,17,raynard,1

99,職場にも2人、ワクチン接種後から体調不良で休みがちの人がいます。1人は30代、職域接種後に倒れて嘔吐。今は長期離脱で元気なのかもわかりませんが、正社員なので在籍扱い。4月の現在もきてません。1人は小柄な21歳の女性、ワクチン接種後から謎の吐き気と目眩、倦怠感で朝起きられず週3日程辛うじて来てますけど😥ほぼ午後出勤、すり足でたまにふらついたりして歩いてます…ワクチン接種前は、とても明るく元気な子で勤務態度も遅刻欠席は一切なかっただけに……今はあちこちの病院で検査して診てもらっても原因不明だそうです。ワクチン接種の後遺症をYouTubeで観る機会は少ないですが、TVでは全く報道されてないのは裏があるんだと😓頑張って報道して下さって感謝です！,48,山田はなこ,1
99-1,私は、多少肩身が狭いですが、仕事を続けています。1回目はpワクチンを打ちました。体中の血管痛、痺れ、膝から下の湿疹やかゆみ、左側顔の動きにくさがあり、2カ所の病院で検査をしましたが、問題ないと笑われて終わりでした。医療従事者ですが、2回目目は受けませんでした。,2,ポポ
100,当事者にとっては1分の1というのは、まさにその通りです。因果関係不明ですませてはいけません。,39,matazous,1

101,基本的な話ですが、薬が本当に安全性を認められるためには半世紀かかります。,4,夕暮れのカラス,0
102,ちゃんと報道してくれるのはCBCだけです　大石先生がんばれ　圧力に負けないようにお願いします！,31,3時のあなた,0
103,知人は、1週間後の熱でも、ワクチンとの因果関係はないと言い切られました。　1ヶ月後の結果で　ワクチンとの因果関係を認める医師は少ないと思った。,3,x y,0
104,まずTVを見ないこと新聞を読まないこと海外から情報を得て比較することそれだけでも日本の異常さが浮き彫りにできる,9,Jun Takeshita,0
105,ご近所さんで枠打ち人が急に歩けなくなる方が多くて驚いていたけど、やはりそうだったのかぁ～🍀有り難う御座いました🍀,55,ナオリン S,0
106,一回目の頃は、ただ面倒くさいという気持ちが先で避けてたけど、気づいたらいつの間にか世間ではもう３回目？結局、今更もういいわ・・・で未接種のまま。体調はすこぶる良く何の支障もなく生活出来てるし、このまま打たなくていいと思ってます。,5,Shimy Дашков,0
107,どうして　国は認めようとしないのでしょう　調べようとしないのでしょう　全部　もみ消そうとしてますね　悲しいです。,64,えみこ,6
107-1,@フェルナンデス 天〇もグルなんでしょうね！,2,ぶちぶちこ
107-2,先日天○○下がコレの関係の学者や医者を表彰されましたね、もう、終わってるね🙄,10,フェルナンデス
107-3,ありがとうございます。　その話は信じたくないけれど、どこかで帳尻を合わせてるかもしれませんね😱😭,8,えみこ
107-4,ありがとうございます。　そうですね　だから私は1人接種せず頑張ってます。,10,えみこ
107-5,このような事態になる事を解っていて推進していますから😅,21,小林祥晴
108,CBCさんには、このご時世でリスキーのある情報番組を放送して下さり感謝しかありません。多くの方に、伝わります様に…。,5,みっちょん1018,0
109,大石さんの真実を報道したいと思う勇気ある姿勢に敬意を表します。有難うございます。,18,堀場和弘,0
110,このような被害をなぜ全国のTVで流さないのだろうもうスポンサーに忖度している場合ではないのに！大石アンカー&スタッフさん体に気を付けて頑張って下さい真実をありがとう大好きです,12,絵夢,0
111,知人は2回目接種後に倒れて寝たきりになってしまいました。病院に行っても原因不明の難病で終わりです。わくだと例え死亡しても証拠が残らないといいます。証拠が残らない、原因不明の難病が最近やたら多いと思います。,29,Blue Diamond,0
112,良く言って実験台。本当のところは、世界的規模の口減らし政策です。,73,Cherry blossom,0
113,治験中であることを知らないのか、治験の意味を知らなのか。,134,瞳 山田,2
113-1,確かに治験と言う意味が分からない人も多いかも知れませんね。実験中と言い方を変えた方が良さそうです。,6,M R
113-2,3回目を打つ気マンマンだった人に聞いてみたら やはり知りませんでした。その人は3回目終了後.会社を3日休み 出て来たと思ったら 顔色も悪く早退  …で体調不良により先日 退職されました。アレをする前は元気な人だったのに。,42,かえるさん
114,被害に遭われた40代の男性は、本当にお気の毒としか…まだまだお若いのですから、諦めずにリハビリなさり、お仕事に復帰されます事を、お祈り申し上げます。国は、因果関係無しなどと、無責任な事言っている状況ではなくなって来ているのですから、精査して、補償するべきかと思います。実態調査を進めて、補償するべき！,20,古川恵子,0
115,私達国民にとって、本当に大事な情報をあつかってくださって、感謝します。,5,chie,0
116,大石さんありがとうございます。,15,W.T,0
117,大石さん、いつも真実を報道してくれてありがとうございます！応援しています。被害者の男性のお身体が少しでも良くなることを祈るばかりです。,6,ｻｸﾗﾓﾁ,0
118,本当に怖いです、これを同調圧力で‥,21,鳥男爵,0
119,うちは家族全員、絶対に打つなと言ってきた。社会の圧力に屈しなくてほんまに良かったと思う。,2,日本丸大好き,0
120,私は１回も打った事がありませんが、「打った人は自己責任だ」と切り捨てるのはどうかと思います。会社側が強制しているケースもあるようですし、同調圧力に逆らえない弱い人間もいるでしょう。そういう人達を救おうとしている数少ない良心的なメディアの一つが、CBCテレビさんです。,11,sweet dreams,1
120-1,私もそう思います。私は他人の顔色伺わない方なのでおかしいと思ったら打ちませんが、ほとんどの人は周りに配慮して打ってますね。打ちたくなくても執拗に強要されると相当意思が強くないと断れないのが現状であり、政府やその背後にある勢力はこの同調圧力を最大限に利用していると思います。,1,戸部 ひなた
121,今は既に有事個人の情報戦レベルサバイバル戦だよ,4,Mark yale,0
122,治験中のヤクに手を出すという事がどういうことか、一人一人がしっかりと調べ考えるべき。否定派だの推奨派だの言って、国民同士が貶し合ってる場合では無い。今度の塩野義の新ヤク、、、おっと。,37,たけにい,3
122-1,さすがに奴らも国民が一丸となって抵抗すればなすすべがないと思う。だからあの手この手で洗脳してるんですよね。,1,戸部 ひなた
122-2,誰か来たようです,1,DLE EOT
123,色んな奴がいて、大石解説がある事、発信継続されている事に敬意を表します,11,かす汁,0
124,国が無責任なのは間違いない　多くの国民が何事にも　興味関心を持たない　自分の頭で考えない様になっている　そこが大きな問題だと思う,14,maruru,0
125,本当にこの様な副作用の報道が少な過ぎる。この放送局と、このキャスターの勇気が有る取材と報道に、感謝と尊敬します。,10,moonmessenger,0
126,治験に各自の自由意志で参加する事になっている。治験中であることは、初めから分かっている。,4,keigo hara,0
127,１回のみ接種の人は少ないが、副反応で止めるというより、打てなくなった方が多くいるような気がします。,2,ばあばオバケ,0
128,辛いですが少なからずこのような方もいらっしゃるのですね。ワクワク打つのはあくまでも本人の自由であり、ワクワクによる優遇(割引など)はどうかと思います。,3,ねこあきねこあき,0
129,もっと拡散しましょう❗️❗️知ってもらうべきだ！！,34,ta ka,0
130,大石さん。いつも貴重な報告ありがとうございます。こうした番組を大手マスコミでも放送すべきです。今、国民の知る権利が大きく侵害されているどころか、知らされないまま、国民に深刻な有害事象が多数起きています。これは国家ぐるみの犯罪行為です。もちろん大手マスコミもグルです。決して許される事ではありません。,17,彰 川島,1

131,リスクが未知だらけなのに、かかりつけ医師に相談してこい、という茶番劇。,65,インターロイキン10,1
131-1,治験中ということをお忘れなく。,5,チコ
132,私今迄一度もワクチン打った事ないです。こんな風になる人がいるなら勧められても絶対に打ちません。今迄打ってこなくて良かったと思ってます。,10,h a,0
133,リハビリが上手くいき改善されますように。脊髄が損傷を受けたわけでは無いのでリハビリ次第では回復なさるかもしれません。回復を祈ります。,4,櫻櫻,0
134,過去の例からしても国は薬害は簡単には認めない。身体に入れる物は慎重に選択しないといけませんね。,3,クマクマ,0
135,怖いワクチン打てません,125,もずく,0
136,親にも周りの人何人かにもワクチン打った方がいいって言われたけど打たなかった。結局この2年くらい熱も咳も出てない（自覚症状はなし）から打たなくてよかったって思ってるけど、高齢の親が3回目も打ってるし数年後に影響出てもやだな…個人の自由だと思って打たない方がいいとも言わなかったし。,22,YR2 H,0
137,働き盛りの健康な体が接種後一か月で下半身不随になる事が今後の人生に何を意味するか、明日は我が身と考えないといくら後悔しても遅いでしょう、、！！,33,omasa4552,0
138,私の知り合いの40代男性もワクチン接種後に脳梗塞になりました。知り合いの女性(卵白アレルギー持ち)もアナフィラキシーショックになりました。私は痩せすぎの超過敏体質で婦人科が悪く長年ピルを呑んでるで血栓のリスクもある。体重少なくて薬はいつも半分容量からなので怖くてワクチンは打てません。,2,mariko pingsong,0
139,わたしは、一回目　2回目とも、直ぐに両腕が上がらない状態が起きましたが　2  ・３日でおさまりました。　只、2回目の後　一ヶ月くらいたった頃、（右腕に注射）腕〜指先まで、座禅をした後　立ち上がれ無い状態〜軽く痺れる状態を繰り返ししています　3回目は拒否しました　間違いなく　ワクチンが原因です　あのワクチンは、毒!です　特に子供には　☓です,5,woods,0
140,CBC NEWSのスタッフの皆様、そして 大石さん  ありがとうございます。,25,dixdix1010dix,0
141,メディアも政治の中でも本当のことを知りながら、垂れ流している情報を辞めない限り、変わりません。　このような事実に携わっているならば、大石さん自身が一番感じることではないでしょうか？都市伝説だとか思われる時点で先は歩かないでしょうね。皆さん見事な名演技です🙏,12,こくわ,0
142,そして未だに推進する政府とマスコミ、もう陰謀論とは言わせない。,7,Tomo UK3,0
143,友人は二回目で勃起不全に　なりましたね。三回目で咳が止まらなくなりました。近くの飲み屋のマスターは2回目で　突然死になりました。,29,26c62626yamashita,0
144,国がワクチンを推奨している以上、絶対にこの方へのケアをしなくてはならない。,30,小鳥遊,1

145,まだ、治験中ですよ。国をあげての実験中ですよ。,36,みな,0
146,アレの2回目接種後 39度の高熱が2日間続き その後 3日程してから激しい頭痛 更にその3日後 心臓の不整脈(期外収縮 頻脈) 心臓の悪い状態は今も続いています,26,俺の名を言ってみろ〜,0
147,ごもっともの大石さんの〆のコメントですね。そういえばどこかの政党がまっとうな政治とかいっていましたが、なぜ大石さんのような発言がないのですかね？日本を取り戻すとかいっていた方もいらっしゃいましたが、何故税金が海外の薬メーカーに流れているのですかね。この動画見ている方々はほとんどがわかっていますよね～　今こそ声を上げる時ですね。,31,黄昏れのブイゼル,1
147-1,日銀が株を買って株高していますが、株の売買の７割は外国によるものです。最近、自社株買いとか行っていますが株価があがれば外国がもうかります。日銀の株の３割以上は外国が持っています。日銀の情報あｈ筒抜けだと思います。外国に金を流せるようにした小泉、竹中。郵政民営化も外国に金が流れるしくみですね,8,suzuki nitouhei
148,ワクチンまだ打ってないから、この情報は助かります。案の定、打たなくて正解でした。,10,マージャン男,0
149,大石さん　CBCさん　真実の報道ありがとうございます。　これからも継続お願いします。応援しています。世の中の人に真実を伝えてください。,4,本居くら,0
150,稀であったとしてもこういったリスクを周知させて各々天秤にかけてから接種を考えてほしいね集団免疫ができない現状、接種率に意味はない,1,酢らいむ,0
151,最近やっとワクチンの副作用のニュースが取り上げて貰えて勉強になります。働き盛りの年代の方は本当に可哀想です。,4,りんりん,0
152,今からこんな人が、どんどん出てくると思う🫣,15,山ちゃん,0
153,もう隠せなくなってるよ。政府もそろそろ行動しないと。４回目？ワクワク割？ふざけるな！そんなに人口減らしたいのか。,11,kkk.h,0
154,治験と知らず、治験に参加される方多いですよね。やっぱり調べてから打たないとねー。健康はお金では買えないよ。もっも、体を大切にしないとね。無知はダメだよ。,16,堀田健,0
155,視聴者を真剣に考えさせることが報道の在り方の1つやと思う。枠を勧めるのは分からんでもないけど、こういうことが低確率とはいえ起こり得ることもきちんと報道すべき。そこで初めてメリット·デメリットを両天秤にかけて個々が検討することができる。これ観たら接種した人の何人かは後悔してるかもしれないし、怒りを覚えた人もいるかもしれない。,27,勧善懲悪,3
155-1,@チコ 高齢者のそういう例は、かなり多いんとちゃいますかね。,0,勧善懲悪
155-2,高齢者などは、寿命だから、持病があるからとワクが、原因ともわからず亡くなっている人もあります。,8,チコ
156,当事者にとっては１／１…大変重い言葉です。ファイザー、モデルナはこれがあるからやっぱり怖いです。,3,最下層の老婆,0
157,劇押しして陰謀論とかいう医師を尊敬はできないけどね,11,すみっこゆき,0
158,勇気あるこのような情報をまったくテレビ番組で報道しないことを明らかにしてくれたから助かります。私は施設に勤めてますが、枠珍で15名くらいは亡くなっていることがありました。長生きするのが当たり前が余りにも異常すぎる。枠珍で亡くなったら国は、4420万円保証すると言っているのにされたことはない。ウクライナの移民に予算使うならば、日本人を救うことに使えよ！と大声で言いたい。枠珍と因果関係なしにされて遺体は焼却されて証拠隠滅。すごいシナリオです。恐ろしい。3回目4回目はしないでください。人間が人間でなくなります。今の動きとして余った枠珍の処分していると考えてください。,9,Aoya,0
159,職場の人間　８人の内　半分が　発熱嘔吐がおきましたよ　因みに、もう直ぐ、一年になります,2,woods,0
160,何と！副反応検討部会のデータを、番組で取り扱って頂きたいです。因果関係というやつ、非常に厄介ですよね。予防接種をしなかったから重症化したかどうかについては、因果関係について報道しない理由がよくわかる。一方で、その検討部会ですが、猛烈に酷いことになっています。昨年５月からの死亡例１２０件について１例以外は「因果関係が評価できない」というお話。評価できないといって、リスクを否定する結果になっています。公表されている内容です。数字やそれを用いる統計には、非常に注意しなければならないと思いますが、１人でも可能性がある場合に、そのリスクを重要視しないのは、倫理的な問題がありますよね。１度でも大地震があれば、それに備えるというのがリスク管理でしょう。まったく、おかしい。１人でも早く適切な治療を受けられる仕組みを整えるべきですし、リスク管理からいえば、一旦接種を止めないといけないのに！全く恐ろしいことになっていますね。,12,Maya Saijo,0
161,これぞ真のメディア！敬服です。,32,Yoshi #54,0
162,2/1に3回目のワクチンをして、3/14に口唇ヘルペスが発生し、3/15~16と頭痛、腰痛、関節痛に苦しみました。痛くてベットから起き上がれないくらいで、食欲低下もみられました。看護師を30年以上しています。,20,マッサ,0
163,もう集団訴訟しかない,41,けむり仙人,0
164,岸田さん、政治家、お役人、皆さんワクチン打ってるんでしょうか？このような人達の正確な打った証拠を公に公表してもらいたい。特に厚労省の方々。,18,平嶋百合子,2
164-1,打ったことにされたら真実は闇の中です,5,DLE EOT
165,もう色々と手遅れです、数年後までなにもおきなきゃいいが！三年後までごきげんよ😄,3,くだら観音,0
166,急いで承認されたから、その危険性は誰にも分からんよな…。,3,競人,0
167,ここはネットニュースではあるけれど…放送法第4条を遵守しているありがたい報道局だ。こういった感じの動画は、昨年なら検閲で削除されていた…そして今そのIDは凍結されている。…昨年アメリカでのこと…治験協力だという自覚ある医療関係者の娘が今ここで話しているようなことになり…母親が「なぜ原因を追究せずに関係ないというだけで済ますのか」と涙流して訴えている動画が配信されていたが削除された。それは今「ワクチン関連 - Rumble」で検索すれば言論統制のないまともなプラットフォームに保存されている。当初からわかっていた人はやれやれと思っていることでしょう…情報統制にて世界中で治験協力者が…そういう自覚のないまま大量に釣れましたからね。これからはもっと深堀りする甲斐があることとなるでしょう。,32,Googleppy,0
168,主人は、２回接種後💉半月後に原因不明の腰痛になり病院🏥🏃💦を色々はしごしましたが３ヶ月仕事出来ませんでした( ˟o˟ )もちろん薬💊も飲んだし、色々な検査もしましたが……若い頃、脊髄脳炎になっているせいなのかな⁉️,1,ネコのメイ,0
169,昨年の6月の佐藤嗣道氏の厚労省に対しての質問のzoomのうです。10カ月前に接種による死亡数を大よそ1,600人と推測されていますね．．．実際は10倍の可能性も．．．下記を🔎してみて下さい。　何人かの人があげています。【字幕】厚労省 第4回 医薬品等行政評価・監視委員会資料 佐藤嗣道氏の質問直接内容に関係なくすいません,74,Erai,1

170,気の毒だが、あくまで自己判断の結果。予防接種健康被害救済制度で救済されるよう願っています。,1,BFC,0
171,これから子供にも増えてくるんじゃないんでしょうか😭皆、早く気づいて❗,7,ハッピー,0
172,河野に責任とってもらいましょう。絶対に逃がさないぞ！！　河野！！,46,ka Uru,1

173,１分の1当事者意識本当にそう思います。強く拡散してほしいです。これ以上の被害がないように願います。,4,wkpjk284,0
174,国は国民の為じゃなく、製薬会社の為にワクチン打て打て言って、後遺症の事は知ってるのに認めないから腹立つ💢,5,KOM,0
175,あり得ますね‼️私は最初から疑っていますのでワクチン打っていません‼️でも国は強制的に打てと言っていたのですか⁉️,16,Kiyoko Provenzano,5
175-1,@DLE EOT インフルエンザの接種などと同様に軽く考えていたのかもしれません。同意書、めくらサインしてしまう人多いと思います。何よりも、周りの打て打て圧力がすごくて打たないのは非国民！！と刷り込まれてるから同意書の意味なんて理解してないで打ってる気がします。,0,戸部 ひなた
175-2,接種時の注意書きを読まなかったのでしょうか自己責任で署名して接種したはずなのに,10,DLE EOT
175-3,疑問は持っていた方が良かったでしょうね⁉️,4,Kiyoko Provenzano
176,大石様、何時も真実の報道をありがとうございます。東京の局は、何処も真実の報道をしません。報道の使命を忘れてしまったのでしょう？国の圧力に負けているなら、同罪ですね‼️,16,古川恵子,0
177,大丈夫ですよ 河野太郎が全責任を負うって言ってましたよ,16,e36m3ba,0
178,CBCニュースさんをチャンネル登録して通知をオンにしてるのに何故か大石さんの動画は表示されない。おかしいですね。今に始まったことではないが。,3,リュウ,0
179,大石さん、スタッフのみなさん、いつも本当にありがとうございます。感謝致します🙏🌾,13,ゆちこ,0
180,先日、職場の30代男性が３回目の予約がすぐ取れたと私に話し掛けてきたので、副作用が怖いから３回目やらない人が増えたからじゃないの？と答えました。すると、自分もワクチンの効果は期待してないけど、今度親戚の結婚式に出るからみんなを安心させるために打つんだよと言いました。私、そうですか・・・としか言えませんでした。,11,理恵子,0
181,確率の話をされている方もおられますが、たしかに確率は大事な判断材料です。しかし、低い確率とはいえその何百、何千分、何万分の1に自分が入ってしまうことも十分有りうるし、そうなれば当事者として1分の1になるのも事実。であるならば、そういうリスクがない訳では無い事は知っておくべきではないでしょうか？,2,クロ虎,0
182,既得権益者達の勝手で国民は常に苦しんでいる、報道ありがとうございます。,0,住まいるサポート,0
183,辛いですね。。。国はハッキリ｢治験｣と言ってたので、目で見えない症状は、なかなか認めないかもしれません。,5,momo ILT,0
184,日本では毒と薬は紙一重と言う言葉があるけどどんな薬でも平等に効くとは限らず個人差や体質で効果は全て変わってきます。子宮頚がんワクチンの時もそうだけど政府は海外のデータだけで接種を始めたけど外国人と日本人では体質や体の作り方そのものが違うから同じに効果が出るとは限らず日本人に何れだけの量を接種させたら適切かと言うデータはあるのかな？外国でのデータだけを考慮して日本人ならこのくらいの量で大丈夫じゃ無責任過ぎると思うけどね。,1,渡辺恵理華,0
185,このワクワクが8億回分あるって………,5,ともねぇー,0
186,命よりも空気を読む事が大事な日本人,16,Rサリバン,0
187,これが全て間違いのない事なら、これこそNHKが全国放送すべき問題。最後にいわれてる様に1分の1であり、少数だからと無視や放置出来る事ではない。報道として真摯に向き合って欲しい。,8,lkjj,0
188,大石さん、情報ありがとうございます。,5,山田太郎,0
189,今のコロナワクチンって治験（動物やヒトで作用・効果・安全性などを調べる）人体実験ですよね？,2,ドやぁGAME部,0
190,うちの会社、みんなどんどん３回目打ってく副反応も、当たり前のようなものだと思ってる感覚が怖い４０度超えの高熱で会社を休んだ人とか、普通にごろごろいる・・・,7,おいも,0
191,日本政府は、コロナワクチン後遺症とコロナワクチンとの因果関係がないから認めないのではなく、因果関係があることを認めたくないから認めてないだけ。これらを業務上過失致死傷罪、薬事法違反など刑事事件（薬害事件）として罪に問えないことに怒りを感じる。,2,ascension2012,0
192,あくまで接種は任意でおねがいします🙆法律で義務化しないか心配です😮‍💨,11,アキきし,1
192-1,正にそれ大事ですね、憲法改正すると政府が強制権を持ち、今の中国やオーストラリアのようになります憲法改正を許してはなりません,4,DLE EOT
193,大石アナウンサー、勇気のある報道をありがとうございます。,3,とも,0
194,承諾書にサインしているのがきついですね。解決にはいつもどおり何十年もかかるのかな。,14,ポンデン,0
195,たった一晩で10万回以上も再生されているということ、こういった異変があることに、気が付いている人が増えていっていることですよね,18,TN,0
196,いや、最初から治験って言うてるやん。反ワクと言われる僕たちがいくら注意喚起しても「デマ」と聞き流して、問題が起きてから後悔しても遅いのよ、、、。,17,Yo Mi,3
196-1,@茶番 さんまだまだ序盤だと思います、今後10年間接種者の癌、不妊、AIDSについては科学的根拠もあり発症可能性が残されていると思ってます。,4,DLE EOT
196-2,基地外陰謀論者扱いでこの茶番から論理的に疑義を唱えてきましたが、自身に実害が出てから文句を言うなよと言って叩かれまくっていましたが、リアルで出てくると同意書にサインをし接種した人の自己責任とはいえ、色々複雑な気持ちですね。,2,茶番
196-3,その通りだと思います、自己責任で接種してその後遺症対応に我々の税金が使われるのは納得できません。自己責任の意味わかってるのでしょうか冬山登山で遭難したのと同じことです,2,DLE EOT
197,これが、全て自己責任で済まされてしまうんだからな。,2,Joey Mills推し,0
198,治験なのだから人体実験です,32,miyazaki shibata,0
199,接種率が低い都道府県を叩いてた奴らは絶対に許さん,6,浜崎隼人,0
200,報道ありがとうございます。感謝します。,8,みんみん,0
201,ワクチンなんて危険だと言われているのに何で打つのかねぇ,43,b boot,0
202,私のまわりで、ワクチン打ってすぐ体調わるくなる人も多いけど、2～3週間たってから色々な症状を聞く。「それ、ワクチン後遺症じゃないの？」と言うと、皆ワクチン信じてるから「はぁ？あなたも早く打ちなさいよ」と言われてしまう。この番組を、その人達にも見せたい。化半身不随なんて気の毒過ぎる。,12,いっぬ,0
203,大手マスコミがワクチンの副作用について報道するのは難しかったと思います国民の生命を第一にした報道、ありがとうございます,2,アドレナリン,0
204,こういう放送もそのうち「BPO」の標的にならないか気がかりです,30,ぱーちまる,0
205,全国ネットで全国民に広めるべき内容ワクチン接種を止めないと！,5,大政翼賛,0
206,私の身内にワクチン後、急に下半身不随になった。２度手術、リハビリ後、どうにか日常をこなしているようです。私はワクチン接種を反対しましたが、圧力で、全村民すべて接種。急に腰が上がらず歩けなくなったことを聞いてワクチンの副作用と思い、他の症例から間違いないと思っていました。,7,masako watanabe,0
207,コロナよりワクチンの方が怖く感じるってどゆことだ・・・,5,ちゃんき,0
208,ニコニコ動画・JPSikaDoctor「コロナ後遺症的なワクチン後遺症」「これからワクチン後遺症が大問題になる」,3,Y K,0
209,免疫系がダメージ受ければ、身体になんらかの不具合が出るのは遅いか早いかの違いかもしれない。それに、打ってない人もシェディングによって、打っている人より倒れるリスクは高いので、打ってない人も他人事ではない。,25,Ken Sagara,0
210,何時もありがとう❤️因果関係大ありでしたね。障害者には、なりたくないし当初の目的を逸脱してたら回避したほうがいいな。💉,3,喜喜,0
211,狂気の新型コロナ茶番劇も暴れてきましたね。,8,alain delon,0
212,「当事者にとっては1/1」！！正にその通り、「宝くじに当たるようなもん」とはよく言いますが、当たってる人も居るんやで！といつも思います。国やコビナビは許せません。,3,けい,0
213,視聴者の認知的不調和からの視聴率低下も予想されるところ、よく言ってくれました🙏👏カッコいい🕺‼️,5,Wpm S.,0
214,エム社だと、職域接種かな因果関係不明でも相関関係は濃厚,28,amazing thailand,1
214-1,@ギンマロン さん１回目と書いてありますねおそらくその時期だと、エム社の職域を推進していた記憶してます。ブースターは明日🐯以外指定で、Ｐ社２度でもエム社、エム社２回でもＰ社の場合があるようですが。,2,amazing thailand
215,いや～これも、因果関係なしなん、、,39,donnahide,0
216,こんなはずじゃなかった。って気持ちで精神潰れそう…少しでも良くなりますように,0,じょーかー,0
217,素晴らしいチャンネル！,8,ゆか,0
218,腰の手術跡の神経が腫れたりってのも関係あったりしますかね?,27,reset mode,0
219,まだ一度も摂取していません。しかし妊娠してから病院や周りに妊娠後期に感染したら重症化するから受けた方が良いと強く言われています…でもやはりこういうのを見ると出産どころではないなと思ってしまいます。,6,すぎくん,3
219-1,誰に何を言われようがご自身で情報を調べて絶対に接種しないで下さいねこれから未来で会うお子さまの為にもですよ～生殖機能に問題が起きないように旦那さまも同様に接種しない事を願います,4,sweet sweet
220,気の毒同時に、テレビ鵜呑みで脳死なのも原因かな俺はビジネスウイルスと思ってるから打ってない,4,sissy,0
221,私はアレルギーにより、医師からワクチンを打てないと言われました。この動画を見て、打たなくて本当に良かったと思います。ワクチンを推進する人達には、今一度考えて頂きたく存じます。,9,マツダカープ,0
222,こんな大変な事例が全国放送出来ないのは国への配慮だろうと思います。国はわざわざお金を払って国民を人体実験に差し出した様な物ですね💦,4,タカミー,0
223,最後の一言。重い一言です。国を作るのは、私たちの一票だと胆に銘じます,6,みゆみゆ,0
224,私の職場でも4回目を打ちましょうって医師から言われました。何を言ってるのかな〰️？って感じです。肩身が狭いですが1度も打ってません,8,ちびあい,1
224-1,知り合いで、勤務医を辞めてまで打ち手になった医師がいますその医師はポルシェを買いました,3,DLE EOT
225,これ見ても陰謀論とか言う人はもう怖いって,6,Sebastian,0
226,治験の意味を知らない人が多すぎです。,8,Shogo Horikawa,0
227,大石と言う男とCBCは気骨がある,6,H I,0
228,3回目のワクチン接種で外来に行きました。65～70歳の男性が、モデルナワクチン3回摂取後、上半身が痺れて、今は下半身に移動していると、待合室で話していました。1週間副作用で苦しんでいましたが、その後は分かりませんが、副作用は確実に存在します。,8,jun taki,0
229,国は絶対にミスを認めないですからね自分の命は自分で守らねば！と強く思います,5,香子,0
230,職場では三回目を皆うち始めました。打った人かなりの人数居るけど、皆次の日も平気で会社来てます。何かある人とない人の違いってなんだろう。,45,大黒天マロン,14
230-1,@菊竹淳 さんうちの職場の人は打たない人が一人だけで皆打ってます。私は三回目は打ちませんが、皆当たり前のように打ってるので、４回目も打つんでしょうね。,1,大黒天マロン
230-2,@ボンネタロウ さん平均寿命が延びたのは医療機関や治療薬が発達したからだと思いますよ。添加物は病気を増やして患者「お客様」を増やして医療費を増やしてます。,1,T T
230-3,元々、血管が元気じゃない人が危ないとか？血栓が出来て異常が出るとか？,1,ポンダー!!
230-4,> 何かある人とない人の違いってなんだろう。プラセボ説も出回っていますが、個人的には注射位置や接種後の血流増加（激しい運動や入浴等）も影響しているでは？と思っています。血流に乗り全身にバラまかれる事を低減するために筋肉注射としていますので、逆に言うと血管に流れ込むと量が増えると危険だということです。刺す場所や深さもバラツキが出るし、腕の太さや筋肉の量も人により違いが出るので、血流に流れ出る量は人によって違うでしょう。また、血流が良くなればそれだけ流れ出る量も増えますので、脳を含む他の臓器への影響が強まる事になります。→世界的にプロスポーツ選手の死亡が増えたとの話も聞いています。そのへんも日々の激しいトレーニングを日課としているであろうプロスポーツ選手の特性を考えるとつじつまが合います。本動画で取り上げられたような強い症状を見ると、免疫力云々だけでは説明が難しいと思います（帯状疱疹とかなら分かる気もしますが）。一方、日本政府は治験参加としてではなく政府調達として製品購入をしていますので、ロット番号により内容が違うというのも普通に考えて「それは無いのでは？」と思えます。やはり、上記も含め何らかの要因があると考えるのが妥当だと感じます。,3,K. T.
230-5,治験薬なので4種類あるといわれています。LNP が濃い物、薄い物、無害な食塩水、別の何か？が入った物です。,4,まーぼりおじさん
230-6,🐍,2,Kiss Yukko
230-7,@T T 添加物をたくさん使うようになって、平均寿命は伸び続けている,3,ボンネタロウ
230-8,ロットの違いだと思います。全てが同じ物ではないようです。,28,sakura saku
230-9,プラセボ8割と言われてますし、普段から添加物たっぷりの食事をされてて元々何かしら疾患がある方々が酷い事になってるのかと。,9,T T
230-10,人によって免疫力違うから当たり前でしょ。私はインフルエンザすらかかった事がないよ。,12,mingzi
230-11,平気で 会社に来ると云う事は,４回目,５回目も,接種しそうですね｡,27,菊竹淳
230-12,なんでしょう、実は食事などで知らない間に解毒されてるとかですかね？ただ副反応ってのは、直後に来るとは限らないのではないかと思います。この動画の例のように、数週間後ある日突然、、って場合もあると思います、もちろん何事も無いのを祈りたいですが、、。,23,零星宮
231,生産性のない高齢者、基礎疾患障害者のために若者が犠牲になることはなかったです,0,すみっこゆき,0
232,努力義務とか言うのにますます信用性に欠ける打つ必要性が感じられないこれじゃあ心配で打てないよね,0,でまぁ,0
233,私の知人は一人住まいで毒チン2回目の3日後に、意識がなくなり、倒れ、たまたま訪ねて来た人に助けられて、1～2ヶ月は寝たきり、で少しずつ回復してましたが、その間も、熱が出たり、出なかったり、医師には相談してましたが、得に解熱剤位の対応でした、半年後に高熱で意識不明、救急車で入院してから1月半、家族が居ないので、入院後の情報が解りません、身内ではないですが、やはり良く知り合っていた友人、とても心配です。毒チン嫌い😭💔,9,しろちび,0
234,昨日、病院に行くと3回目の接種をしている愚民を大勢見ました。まだ、気付かない人達がいるのに驚いたです。,11,信幸 宮崎,2
234-1,そういうアホを減らす計画だから予定通りなんだろう。ユダヤ人許せない,3,Private
235,大石さんの　クローンを　４６人創って　全国に配備してほしい。。。,5,長万部,0
236,人体実験に御参加下さり有難うございました。新しい副作用が分かって良かったんじゃないかな？,5,OMEGA,1
236-1,１つの実験結果ですね,5,DLE EOT
237,mrnaが全身に回るのでいろんな病気になるな,6,japan walk vlog rogutere ろぐてれ,0
238,高齢者や基礎疾患の方のために打つのがおかしいね,0,すみっこゆき,0
239,大石さんに心から感謝いたします。国や専門家などは統計や確率などを決まり文句で考えるようですが、被害に遭っているご本人には一分の一、統計数字など意味がないのです。早く認めたうえで治療薬などの治療法の開発を急ぐべきだと思います。リハビリなどで早くご回復され健康を取り戻されるよう祈ります。,3,merusir aran,0
240,同意しないと接種出来ないよねw,21,法月将臣,0
241,被害に遭われた方々の一日も早いご回復をお祈りしています。また大石さんはじめCBCの活動に頭が下がります。しかし本当に残念ながら、国はワクワクとの因果関係は絶対認めないでしょうね,2,野良ちゃん,0
242,非常に重要な情報を提示していただきまして、ありがとうございました。,2,lover ballet,0
243,もっと昔から後遺症ある人いたのに今更出しやがって,13,uuun chi,0
244,大石さんいつもありがとうございます。真のジャーナリストです。,2,koto,0
245,自分は非接種ですが、接種するときって、同意書に記入するんですよね？,13,KT86,2

246,これも結局人間の敵は人間の象徴の一つですね,2,かれは38,0
247,副反応ロシアンルーレット付きワクワクキャンペーン！,6,梶翔馬,0
248,国に実験台にされているのではないか？治験のサインしたんじゃないんですか？,15,wild is the wind,1
248-1,説明書を読まずに署名した可能性がありますね,4,DLE EOT
249,薬害エイズの時と全く同じパターン。,6,めんたいこたろう,0
250,よくぞ言ってくれました！本当にありがとうございます🙏,3,日本が大好き!毛利,0
251,免疫異常って抗体依存性免疫増強のこと…？なんでワクチンで免疫異常が起こるのかが気になる…,2,s k,1

252,だから、あれほど打つ必要ないと言って…,7,ベロニカちゃん,0
253,そもそも、高熱程度の副反応でも、神経の影響出るのは常識レベルの話で、子供のうちの高熱で難聴になったりする事例はいくらでもあるからね。それなのに、高熱が出る副反応事例が大量にあるのに、子供にまで打たせようとしてるのは異常,5,UPUP,0
254,コロナの後遺症で苦しむ人がいるコロナワクチンの後遺症で苦しむ人がいる打つリスク、打たないリスクどちらを選択するかは自分次第,0,haru kaze,0
255,こんなもん打てるかーい！！妻子のためにまだまだな元気に動かなくてはならないんだわ！,7,ランたん,1
255-1,👍️,0,みゆみゆ
256,治験（人体実験）に身を提供したら、死んでも生命保険は降りません。,16,Ascension Lady,0
257,めいっこの同僚が、一階で同じく下半身不随になりました。幸い３日で治った？そうですが。それを見ていためいっこは、3階へ行きました。,2,高岸ゆう,0
258,接種後、歩けなくなった人を知っています。その前に接種をしないように説得したけど　聞いてもらえなかった。せめて　もう3回目はしないで、と説得したけど　またもや射ってしまった。どうやら周囲の人に流されてしまう人のようだ。周りの友達や近所の人達が射つから自分も､､､みたいな考えの人のようである。,1,櫻櫻,0
259,副反応＝副作用ですよね。,2,1967あんでぃ,0
260,これも因果関係不明になるのかな,8,すみっこゆき,0
261,自治体の責任が大きいでしょう。,10,tonjinti2628,0
262,ありがとうございます,3,T Y,0
263,結論的にウロウロしなければ撃つ必要性も低いのだけど社会が許してくれないしなぁ,0,h ipad,0
264,ワクチン後遺症で悩んでいる方ってもっといそうですね…💧,7,ド天然将軍,0
265,大石さんやサンテレビが声をあげてくれるのに未だにワクチンを打ちたがる人間の気持ちが全く理解できません。呆れてものも言えませんね,4,こめきち,2
265-1,@川崎恵理子 それが私も気になる、YouTube見ていればコメントにだって書き込みしてあるし気になれば自分で調べるはずなのに、それすらもしてないと言うことなのかな？,2,こめきち
265-2,71オバンですが　1回も打っていません。テレビ見ない　ネットの若い人　YouTubeで何見ているのか？,3,川崎恵理子
266,日本を動かす重要機関・・・・異国血液保有人が幅効かせてる　←　　基本　　　　　　　　　　　　　　これを知らない日本人多過ぎ！！！！！！！！！！　　 だから　ワクチンを日本人に射ってダメにさせたい・・・だと感じたから・・・俺は射ってないｗｗｗ,23,kr4phw8p,0
267,元気だった従兄が3回目打って2日後、仕事に行き意識失くなって🚑で運ばれ何とか助かりましたが(もしかの時、誰が責任取るんですか)今の世の中、怖いですね！,3,Ragaika,0
268,まあ有効性９０%以上と言われても、個人によっては効き目なしの有害事象だけだったら意味ないですよね、確実にいらっしゃると思いますまた逆に三回目接種して感染された方の濃厚接触者みたいになった私はかかってないです。私みたいな人もいます,11,すみっこゆき,2
268-1,有効性90%の意味を知らない人が多すぎますね,7,DLE EOT
269,後悔がないように,5,すみっこゆき,0
270,何か言ってみろ、河野太郎！！！,12,鳳凰院凶真,0
271,確率の問題にする奴多いけど、我が身は一つだ,1,Mr.Window,0
272,打たなきゃ良いじゃん強制じゃないんだからさ　メリットもあればデメリットもあるんだからさ,2,暇ちゃんねる,0
273,何故、政府はこの様な事実の危険性をしっかり国民に言わないで、更なる接種を行わせるのか？,18,ken tom,2
273-1,○口削減計画だから、いくらでも、何でもやります。😢😂,8,宮田和博
273-2,ユダヤマネー国際金融資本からの指示。,4,ラッキー純
274,しょうもないこと言うけどワクチン打ってからスプラトゥーンめちゃくちゃ下手になったし全体的に何をやるにしてもダルい,3,こーの,0
275,この朝の時間帯から田舎で🚑が走り回っててワロタ。『気付こう』ぜ？　💉羊の皆さん。,5,NP2,0
276,国は絶対に認めませんよ。賠償問題ですからね。因果関係が認められないとか、言っとけば、取り敢えずその場は逃げれますしね。そもそも製薬会社も、何が起こるか分からない薬を造らされた訳で、買った国で責任持って下さいって条件で売ってる訳です。少なくとも、製薬会社は訴えられない。最初から怪しかったですが、意外に接種する人が多くてビックリしてました。ワクチン接種による重篤な副反応や死者はゼロ。少し熱が出たり、倦怠感や筋肉痛みたくなる事は有るとは認めてる。これが日本政府が認めるところの事実。不安を煽られ騙されたんですよ。,15,山葉乗夫,1

277,国がって言うが・・・日本が作ってる訳ではない,1,leon uomo,0
278,テレビでこういうの報道できるのは素晴らてぃー,1,うんちょこれ〜と【ヤバめ動画投稿】,0
279,近隣の市の噂まで耳に入ってくるような地方民ですが、発熱ていどの話しか聞きませんけどねなんか深刻な副反応があれば尾ひれが付いて騒がれるような田舎ですけれど,0,柴咲コウ作員,0
280,最近マジで車椅子の人増えたよなぁ,2,のりささみ,0
281,上級市民の利権の為何で犠牲は仕方ないですね,4,Yoshi Takita Real Estate Broker,0
282,何もしなくても死んでいってしまう80歳以上の老人のために、子供から大人まで、こんな恐ろしいワクチンをする必要はありませんよね。老人を守るために、なにしてくれてんねん？？？？？,5,Blue Man,0
283,初めから厚労省のホームページに治験ですよって書いてますよ❗,6,☺️にこちゃん,1
283-1,治験＝人体実験ということを知らなかったのでしょう,2,DLE EOT
284,真実の報道に意識を向けて、皆んな気づいて欲しいです。,2,jun🌈,0
285,●保守系掲示板サイト(反枠珍)検閲対策の一環として微力ながら活動しています。皆様も情報共有、発信の場としてご活用ください。今後の社会を考える場です。※当アカウント名 ＞ ホーム＞概要から,2,ニャン吉,0
286,あり得ないな😭,5,佐春,0
287,うちの社員も親戚も３回打ってから調子悪いとたびたび言ってます。関連あるのかな。,0,赤影,0
288,大石さんありがとう😭,2,y oym,0
289,こんなにバンバン40度前後の熱が出てりゃ当たり前だよな。因果関係は相変わらず評価できないんだろうけどな笑今後打つ奴は自己責任だぞ,13,もっこり小太郎,3
289-1,@茶番 日本国民の8割の頭がアレだと分かって残念でなりません。操作されたトレンド、規制された情報に流されてなすがままの人間は哀れでなりません。,0,もっこり小太郎
289-2,最初から自己責任ですよ。このダラダラ続けている茶番当初からの国やマスゴミのダブスタやマッチポンプの茶番を見せつけられたら、普通に疑問しか湧きません。説明書もよく確認もせずに雰囲気に流されてサインをしてやってしまった以上は、それを楯にスルーしますよ。,4,茶番
290,CBC闘う報道メディアと覚えておきます。,7,Sabel L,0
291,都合が悪いコメ、返信が消されてますね。実にわかりやすい。ここまで統制するとはね。,6,ゆうちん5434,1
291-1,You Tubeが制限していることこそが真実ですね,2,DLE EOT
292,国会議員の接種状況を公開しないのは何でですかね？もしかして国民で治験してるんじゃないか？😅,1,みたらし団子,1
292-1,気づいてしまいましたか,2,naga saku
293,国が生活と行動の保証してくれて、障害者認定と障害者年金満額出してくれるなら、別に超重い副作用出てもいいぜ。（まあ、脳梗塞起こしてるから、脳膜炎・髄膜炎やったら、次は助からんかもな。それなら国も助かるか？口悪）,0,よろしき,0
294,これ見て更にワクチン打ちたくなくなる。,14,りちゃん,0
295,脳に血栓が入り込んだ卒中かよ,1,Joshingユンピョン,0
296,無理に騒ぎを大きくしてる様に感じるけど？逆に多数に対して悪い影響が出ていない　被害者には申し訳ないが数パーセントの体調の個人差ではないだろうか　ワクチン接種が出来ず多くの人が死んだのも感染者が減って来たのも事実である,0,ken hoshino,0
297,薬害裁判が始まる予感,2,信州新蕎麦,0
298,友人の娘30才。ワク3済。歪んで見える目の病気、黄斑変性と診断された。ワ射つ前はいたって健康体でした。,3,まよまよ,0
299,打つ前に政府は打つ打たないは自己責任と、ちゃんと言っていた。その意味は、平気だとわからないから何かあっても政府は責任取りません❗️て意味だろ❗️それ位察しないと。後からこうなって憤りなんて言ったって国は何もしてくれない。だから自己責任とと言ったでしょで終わり。打つ前にリスクとか調べなかったのが悪い❗️,0,takashi,0
300,仰る通り。推奨するなら責任もって補償を付随すべき。,10,Koei Kishow,0
301,かわいそう!情弱な人多すぎ!ワクは人体実験中厚生労働省のホムペ読んで外圧に負けるな!,2,斉藤伸一,0
302,厚労省はひとでなし,8,ガォー,1

303,患者さんは、何故怒らない⁉️,0,梶由紀夫,0
304,4回目の接種は高齢者と基礎疾患のある人にと言っています。接種が始まってからの葬儀の数が葬儀業者から見ても異常な中、これは明らかに狙っていませんか。,3,市川恵子,0
305,80％打って後の祭りです。😹,2,伊予柑橘,0
306,本当に感謝！！今後もよろしくお願いします！,1,閑人のつぶやき,0
307,接種済みで重篤な副反応が出なかった人はこういう動画見ないんですよね。リスクは承知でメリットを選んだと主張します。それだけ病が怖いみたいです。病に倒れた人たちの情報の詳細を調べもせず。ともかく大石さんの取材力と発信力は素晴らしい。,2,ジロタロ,0
308,最初からワク・・は人体実験だと言ってる,20,hihi popai,1

309,まるでハブに噛まれた時の症状ですね。おっと誰かきたみたいだ。,2,Ikuyas,1
309-1,トントン🚪✊,2,DLE EOT
310,私も手足、痺れてます。半年以上です。左肩は、カテーテル治療で日常生活に問題ありませんが、可動域が狭く、針跡は痛いです。,1,はまたくGO!GO!エンターテイメント,0
311,悪いのは『皆が打ってるから打たなければならない』という考え個々が自由に、人と違う選択をしても批判されない世にならなければ何も解決しない,1,うんちょこれ〜と【ヤバめ動画投稿】,1
311-1,短いコメントですが、素晴らしいですね、賛同します,0,DLE EOT
312,ワクチンを推奨する割りに、リスクを説明しないよな。,5,モコニャン,0
313,叩かれ干され相応の覚悟でメディアに取りあげたのは立派✋☺️,1,小鹿野雄一,0
314,酷い😢就業不能に、なった場合の補償なんかないのに…こんなもん国は推奨すてるの😢あくまでも私の憶測ですが、接種後何とも無かった人は生理食塩水だったりして？？,2,small rabbit🐰,0
315,菅を訴えるべきです。,4,わんわん,1
315-1,殺人罪で告発されていますよ菅さんだけじゃないです,2,DLE EOT
316,責任は国が取るべき！！！,2,goemonn 3600,0
317,因果関係の証明は本当に難しいと思いますが、少なくともこの症例について年度ごとの比較データはないのでしょうか？急性散財性脳脊髄炎の症例数を各年毎でのデータ比較表などがあり、コロナワクチン接種開始後、その症例数が明らかに増加しているのであればワクチンが要因と考えて不思議ではない。しかし、症例数が例年通りなのであれば因果関係の証明は難しいかもしれません。,2,まうすみっきー,0
318,正直、初めての事なので、何が起きても不思議ではなく、ひとりひとり接種した後の症状の発症が異なる。あくまで接種は自身の判断であるから、ある程度の覚悟は必要だと思う。重症化されたり命を落とされた方は、不運だと言うしかない。もし、ワクチンを接種していなかったら、またどのような結果になっていたかも不明だから。が、しかし、声を上げる人だけの補償をするのではなく、ワクチンを接種した国民全員のデータを収集して症状により段階を設けて補償するべきだ。私の周りにも頭痛や筋肉痛、倦怠感に悩まされて、不眠症からうつ病を発症した人もいる。,1,諸星弾,1
318-1,補償は99%絶望的でしょう。「こうなる事を計算済みで起こされている騒動」だから。,0,土岐太郎虎雄
319,製造会社が出した後遺症の論文を知ればね…,3,さしまtea,0
320,本来これを地上波がしなきゃいけないんだけど親会社のユダヤ人に気を遣って報道しない,6,Private,0
321,接種開始初期の頃、米大手メディアは一切無視していたがローカルメディアがあちこち出してた重度服反応症状の大量の写真に対して日本の現状が実感として追い付いてきただけの事。,6,Yuu Dai,0
322,高齢ですが、父の知人、友人で２名も歩行機能がダメになり入院されたり、通院されたりしているそうで、奥様はうったせいだと思っておられます。打った後から急激の様だったので・・お医者様は関連性はないと言われたと。。。他にも帯状疱疹、小腸閉塞、胆嚢炎、大腸炎、硬膜下血種、血小板減少症、心筋梗塞４２歳死亡と周りの方々で出ていますが、こればかりは関連性わからない、無しで終わりの様ですけど、私の実感として、とても多く感じています。,5,TuBaSa＊,0
323,気づくの遅かったねー,42,Yshunya 。,0
324,全国ネットでワクチン後遺症が報道されないのはなんで？？,9,shu-chan,3
324-1,TV局はロスちゃのモノだし、打ったらファイザー（ロスちゃ）が儲かるし、後遺症になったら医療機関、製薬会社（ロスちゃ）がまた儲かる,5,鈴木天一郎
324-2,そんなの報道したらみんな打たなくなるじゃないですか,7,DLE EOT
325,今初めて言います。近日、私は「コロナ」に罹患しましたが、「地方自治体」のいい加減な対応に疑問を持ち、「イベルメクチン」のみで直しました。俺個人的な実体験、ですが、「イベルメクチン」は効きました！断言します。,4,ひでっちですよ,2
325-1,@ひでっちですよ はい。地獄に仏。,0,ボコリン
325-2,ワクチンは打ちません。遠慮します。いろいろ伝えてくれてありがとうございます。,2,ひでっちですよ
326,発祥の確率は低いと思っている人も多いと思うが、自分の体質と合わなければ発症する可能性があるのだから、宝くじのように一定の確率でランダムに発症するわけじゃない。自分と関係ないと思っている人はそのあたりをよく考えて打ってほしい。,3,ちゅうちゅう,0
327,3回目から死亡している人が増えています😭,4,ドクロ少佐,0
328,不正出血です毎日、ナプキン付けてます、気の毒です、妊娠しません、、,6,kunpunogogatsu,0
329,実験台です。,17,noyori,0
330,打つ打たないは自由なのに今すぐやめろとか打ったほうがいいとかうるせえんだよてめえで決めろよって感じ🥱,9,、 o t o,0
331,色々な症状半身不随になりたくないので、仕事辞めました,3,橋本キヨ子,0
332,ワクチン後遺症に対するケアを早急にお願い致します。,2,アルトサクゾー,0
333,自己責任、自業自得,2,ジジ,0
334,真実の報道と被害者の方の苦しく切ない😢💓声を取材して、届けて下さりありがとうございますm(*_ _)mお願いです。〇〇チンは何であれ！人間は勿論！大事なペットにもさせないで下さいm(_ _)m1日も早く、解毒をされて下さい。,5,ヨッシー🐱,0
335,そろそろニュルンベルク綱領についてやりましょうか,0,真世界秩序,0
336,実験中ですからね　何が起こるかわからない　注射もマスクも任意ですから。,3,エルドレッド本人,0
337,まだ4回目と言ってる人がいます。はやく気づいて‼️,3,hitomi mizumo,1
337-1,３回目すらはじまってない時に４回目の話はマジワロタ,1,k t
338,3かいした方は変わらず元気なんだけどなんでなんだろ？🙁田舎です。生理食塩水を混ぜてるとは聞いた事はあるけど、、ぎもんです。,15,87 87,7
338-1,@1929wall street よんかいめ、、😭😭田舎の方はしそうです😣😭,2,87 87
338-2,@mingzi なるほどですね🥺教えて頂きありがとうございます😭,2,87 87
338-3,@T T なるほどですね😣なにもなってほしくないんですが😭,3,87 87
338-4,ですね、治験なのでプラセボも多いらしいです。みんな何かあったらすぐバレるから徐々に本剤の割合を増やす作戦みたいですよ。,17,T T
338-5,免疫力違うから。打った人全員副作用あったら、それこそ大問題やわ。,14,mingzi
338-6,おそらく4回目でわかりますよ。,10,1929wall street
339,魔の3週間、出ましたね……,4,ふしだら人類悪,1

340,こういうのがジャーナリズムなんだよね。,3,くま,0
341,薬害が認められたら、訴訟になって、賠償金はどこから出るのでしょうか？そういうの考えたことありますか？製薬会社は支払うのでしょうか？契約書の内容は？みんながやっているから俺も私も。そういうの全体主義と言います,1,yookesu1999,1

342,データ収集の為に皆さん3回接種しましょう,7,y b,1
342-1,なんのために３回目打つんですか？それは４回目を打つためです。,1,DLE EOT
343,うちの親父、50前半だけどワクチン打ってから咳が止まらなくなったぞ,2,init AKA,0
344,この病気に息子がかかりました。インフルエンザに罹患して発症しました。これは免疫の暴走が原因で自己免疫が自分の脳細胞を攻撃してしまう病気です。この病気の治療は通常ステロイドの大量投与により免疫を抑える方法しかありません。とても恐ろしい病気です。言語障害や傾眠、発熱、食欲減退など色々な症状が出ます。被害者の方の容態が良くなる事を祈っています。,3,HELLO HELLO JAPAN,0
345,どれだけ交通事故で死者が出ても、みんな車の運転するしね。部活動中の事故で亡くなる生徒や障害を持つようになった生徒がいても部活動は無くならないし。,2,N H,0
346,僕のように打たなかった人間もいるわけだから、今更こういう泣き言言われても了解した自己責任だと断じざるをえない金銭的な救済策だけはもう勘弁して欲しい,1,フリーレポーター,0
347,先輩は、歩けなくなりました,3,新田重樹,0
348,この男性が気の毒でたまりません。国はひどいです。真実を隠して未来ある若い人にまでワクチンを推奨して割引があるとか色々画策して頭にきました。在庫が期限切れになるからなんとかして打たせたいのでしょうね。,1,まき,0
349,職業柄2回、強制的に接種させられましたが、接種して3ヶ月後に謎の眩暈に襲われ、全身倦怠感が出て半年経った今でも前のようには元気ではありません。でも、家族がコロナ疑いの高熱を出した時、ワクチン打ってる私と親だけは何もありませんでした。かかってたのかもですが、喉が少し痛い程度で熱も出ませんでした。ワクチンなしでコロナにかかった友人は髪の毛は抜け落ち、強い倦怠感と、味覚も一年ぐらい無くなって、やっと最近なんとなくわかるようになったと聞きました。ワクチンの後遺症もコロナの後遺症もどちらも怖いですよ。,2,mocomoco,1
349-1,そのとおりです,1,すみっこゆき
350,そもそもワクチン接種は希望者のみで強制ではない。少しでも不安なら接種するな。ただし社会は未接種者として扱う。自由な社会活動とリスクの天秤を自分で計り、自分で決めろ。それでも接種して万が一に当たったなら、それは自己責任である。,2,R A,0
351,コロナになった姪っ子がコロナは本当に辛い😢🌊って言ってた。ただ三回目ワクチン済みなので…重症は防げたのかな？？っと😓今はもう～コロナ後遺症もワクチン後遺症もこわい((( ；ﾟДﾟ)))一体どうしたらいいのか😩,3,アキちゃん,3
351-1,@アキちゃん 国としては、567特効薬があると、567ワクが特例承認で接種できないため、特効薬を認めない仕組みです。私はオミ罹患で飲みましたが、高熱は1日で引き、全症状は3日でなくなりました。あと、視界が広がり飛蚊症がほぼ消えました。ただ、飲みたくない人に無理に勧めることはしませんよ。人は信じたいものを信じて命を生かすなり落とすなり、自由にすればいい。,1,ボコリン
351-2,@ボコリン はい実は私もイベルメクチンは一年前から購入済みです。もし…コロナになったら自分の責任で飲むつもりです😅ただ家族とか親戚にはまだはっきり承認されてない？ので勧めるには勇気がいるかな？,0,アキちゃん
351-3,コロちゃん来たなと思ったら、速攻イベル服用,1,ボコリン
352,診断した医者の名前も出さないのでは信憑性がない一方の主張だけを鵜呑みにしてはいけない,1,すたみなたろう,0
353,コロナワクチンの副作用による後遺症をよくぞ取り上げて放送してくれました、この問題を早く国会でも取り上げてこの悲劇が起きないようにしてもらいたいです、明らかに国を相手に訴訟問題に発展するのは間違いなし！,0,ワカメうどん,0
354,大手メディアは絶対報道しない。腐ってますね…,1,ぼん。,0
355,打つ前から、補償はしないって話しじゃないのそもそも•́ω•̀)?,2,もーもー,3
355-1,@DLE EOT 中身が安全かもわからないって言ってて、何かあっても知りませんけど、それでも打ちますか？って言われてるわけでしょ（笑）道端に落ちてる中身が餡子か毒かわからない饅頭拾って皆さん食べますか？冷静に考えたらわかるよね普通なら（笑）,2,もーもー
356,厚生労働省が説明するべきですよね。こういうことは。厚生労働省はまえもこんなことをしていたような気がします。,3,はなの花菜の,1
356-1,ワクチン接種時の説明書に書いてましたよ同意した人の署名欄もありました,2,DLE EOT
357,ALS発症から8年間、筋萎縮進行以外は特に大きな変わりなく穏やかに過ごしてこれた親が、今年2月に3回目モデルナワクチンを接種してから気道内圧が急上昇し、息苦しさと闘いながら在宅を続けています。入院治療を希望しましたが特に積極的な治療は行わず呼吸器設定の変更だけで数日後に退院する予定にです。時期的に3回目ワクチンとの関連しか考えられないので原因を探って欲しいと主治医に頼んでいますがはっきりした回答が返ってきていません。このまま呼吸状態が悪化するのを待つしかないのでしょうか。どこに相談してよいのかも分からずにいましたが、このような機関に投書？をすればよいのでしょうか？,3,8s tdr,1

358,そのとおりなんですよ。国の説明だと「副反応の可能性は稀にしかないから安全性は確認されている」とされていますが、その「稀」にあたってしまった当事者にとってはすでに「稀」ではないですよね。,1,A S,0
359,洒落にならん…,2,negurooni,0
360,なんで国は副反応をもっと公表しないのか,3,ky,1
360-1,打たせることが目的だからです,4,DLE EOT
361,AI知圏ｰStory💓限られた時の中で、どれだけのコトが出来るのだろう･･･　資料Dataは、堅牢定礎で配信。　　　優先順位の公序問題で、アンカーマン大石邦彦さんは、トップ・プライオリティ・グループ。,0,市塲保昭,0
362,・richardneversurrenderのブログ「2022.　4．16リチャード・コシミズ新型コロナウイルス戦争３９４動画を公開します。」,1,Y K,0
363,あ〜あ政府と医者の責任〜,1,awk ward,0
364,予防接種含め、枠は全て毒ですよ。,2,すーぷはるさめ,0
365,俺射ってない何故ならウイルスが変異した時何回も射ちたくなかった,1,ひろと,0
366,他のマスコミに比べりゃ相当マシなんだけど、接種回数が違うと言いながら他のワクチンと発生件数だけでしか比較していない。これじゃやっぱり恐怖を煽る域を抜けていない。インフルエンザなどの他のワクチンとの発生率比較しないと、他のマスコミがやっている内容と大きくは変わらない。賞賛コメばかりだけど、なんでそこまで賞賛するのか意味不明。,5,MSD,0
367,３月１日3回目モデルナ注射後腕親指迄しびれています注射後が痛いではなくて足がしびれる感覚が腕下げると親指迄しびれています,1,せきのちゃん,0
368,未だにファイザー１回しか接種していないのだけどみんななんで２回も３回も気楽に接種できるのか？個人的な疑問。そもそも普段のインフルエンザワクチンも１～２年に１回接種するのが平均だろ。コロナワクチンに限って短期間に２回も３回も接種を推奨するなんて奇妙でしょ。,2,トムクルーズの化身,0
369,急性散在性脳脊髄炎の年間罹患率は10万人当たり0.8人。新型コロナワクチンを接種した後に急性散在性脳脊髄炎を発症した人は約一億分の54、10万人当たり0.054人。,0,eurekamark,0
370,チャイナウイルス毒珍はギャグｗ,1,青木勲,0
371,大石さんにお願いがあります。海外の症例も取り上げてください。特にアメリカとイギリス、そしてインドです。特にファイ〇ー、モデル〇の本社のあるアメリカの後遺症対応も教えてください。,0,アンドウフミヒコ,0
372,当事者にしてみたら一分の一…。その通りですよね。,1,のびぞう,0
373,やはり怖いですねコロナワクチン3回目打つのためらいます,3,翔愛〜とわ〜,0
374,私は医療従事者ですが1度もワクチン接種はしていません‼️政府が腹をくくっているとは思えなかったのも一因に有ります‼️製薬会社の免責は当初未知なるウィルスを駆逐する為パンデミックに成らない様にする為にしょうがないのかも知れませんが、強制では無く、努力義務って言うのに、私の琴線に触れたと言うか受け入れられない事でした‼️色々熟慮し、集団圧力も無かった訳では有りませんでしたが、自分の命を付託するには不十分な事ばかりでした‼️なので最悪仕事を辞めてもワクチンは打たないと結論を出しました‼️事実、この２年以上コロナと闘って来ましたが、都内に毎日満員電車で通勤していて、PCRや抗原検査毎日してますが１度も感染していません‼️かえって、ワクチン接種した人達はコロナ感染しています‼️私の家族や友人は医療や高齢者施設で働いているので会ったり、自宅に来たりした時は真冬でも家中のまどを全部開けています‼️逆に風邪を引くのでは無いかと思うくらいでダウンジャケットを来てホットカーペットを強設定にしエアコンを30℃にして、毛布と布団にくるまり、やりすごして、食事の時はリビングが12畳有るのですが部屋の隅と隅で反対側を向いて食事します‼️何故、そこまでするのかって言うと前述した通り、誰かが感染した場合数ヶ所でクラスターを発生させる危険性があるからです‼️なので、職場で陽性の職員が出た時に、コロナ専従にさせられ陽性職員の対応した人を診ることになった時は、あいつら絶対に許さない‼️家族感染だとかってふざけた事言ってんじゃねぇ💢って、ずっと言ってた‼️それからも、数回陽性の職員が今でも出ている‼️子供が学校で貰ってくるらしいが、はっきり言って家の中でもマスクしろよな👿人を見れば感染者、汚染物質だと思って欲しい‼️その僅かな気の緩みが私達の仕事では同僚にも仕事の負担が半端ない位にのし掛かり命を預かっているのに作業量に見合った時間を与えられてない👿同調圧力で、皆ワクチン接種しているのかも。知れないが誰も穴を拭かない今の状態は以上で有るって認識するべき‼️これが新型インフルエンザだったら多くの医者だって逃げるって事考えるべき‼️何故なら、新型インフルエンザがパンデミックになったら人口呼吸器が足りないし、それに備えて米国ではトリアージが決められている‼️当初は高齢者が幼児より優先順位が先であったが高齢者達が自分達は十分生きたので幼児にも自分達のように年を重ねる、生きるチャンスを与えるべきと異議が有り優先順位を譲る事になっている‼️今回のコロナだが感染して、亡くなるのは高齢者がほとんどである事を考え前述した新型インフルエンザのパンデミックに当てはめると訳の解らないmRNA何て使ってみての臨床って、それも重症化しにくい子供にも接種って有り得ない‼️それで重度の副作用が出たら、どう責任をとるべきなのかって、再考する必要があると思っている‼️子供や若い人を犠牲にしなければ、守れない高齢者は、その時点で人生詰んでいるのでは無いだろうか⁉️,1,秀味 野田,0
375,普通に幸せに暮らしていたなんの落ち度もない人がどうしてこんな目に遭わなくてはならないのでしょうか？この男性はどんなにか悔しいかと思います。今となってはコロナより副反応の方が遥かに怖いと思います。一人でも多くの人がこの動画を見た上で命を守ること、普通の暮らしを守ることとは何なのかを考えてほしいと思いました。,1,mac kogupa,0
376,運が良かったね❗自分は期待してワクチン射っても異常なし。しかも激しい運動をしても❗なんの為に接種したのか…,1,杉浦正,0
377,接種後三週間で発症したのはコロナワクチンの副反応と認められるのでしょうか？確か接種後四時間以内のアレルギー反応しか国は認めていなかったかと。この件に関しても一件も国はワクチンとの因果関係を認めず補償する気がないのに、４回目、５回目の接種を検討しているようですね。恐ろしいです！ご回復をお祈りします。,0,もふっ,0
378,河野太郎責任取れよ,8,Private,0
379,そうです！イチブンノイチ‼️1人しかいない、そのただひとりの、あなた、わたし、なんです😭政府は、この1人を無視している、なんということでしょう😤,2,bel tono,0
380,やっぱり偏向報道だな,4,hitsan0215,0
381,女は　祟るよ～　加藤千佳姫　まるやまらんならんらん。,0,小林 Kobayashi大理 Dairi,0
382,ヒ～～‼️😰,0,造園N,0
383,回りも💉の重篤副反応は運がないとかツキが無かったんやねとかそんな単純なもんで済ませてるんだよ人の命が運否天賦？　どこまで狂ってるんだか　そしてお決まり自己責任で終わり,2,musyoku,0
384,これ私他人事に思えないんだよ。私毒をを貰いやすい〜💉で呼吸困難なったし。歩けなくなる感覚、全身麻酔から溶けて起き上がるときに歩けないあの感覚は今も覚えているからね,1,はちみつ白,0
385,拡散！拡散！,3,Rin Rin,0
386,その〜…両極端な報道でいたずらに不安を煽ることなく、冷静にきちんとウイルスとワクチン、リスク・ベネフィットのことを伝える報道を、マスコミにはしてほしい。,0,ヤムチャのことか,0
387,任意、自己責任で打ったのだから副反応も後遺症も受け入れるしかない。考えなしに行動した後に泣き言を言うな、ましてや税金で補償なんてもっての他。,22,お掃除ふぇ○,0
388,気の毒です人により今のところ大丈夫な人と死亡、有害事象が出る人の差は何故なのか勿論体質もあるがそれだけではないのではロット番号によりかなり成分に個体差があると思う,0,r GD,0
389,CMで有名な人使って、皆さん打ちましょう的な良い風に放送されてるから、信用するってなるんですよね。自分が打たないって言ってた頃は、政府が大丈夫って言ってるんだから打ちなさいって何度も義父と義母に説得され話すのも面倒になってきたので、結局年末駆け込みで打ちました。最近に至っては友人、家族関係でもワクチン打たない人はおかしいって言う偏見が生まれてきて、本当嫌だ。ワクチン打ってない人とは会わないなど。一年に何回も注射するのが、面倒になってきたし、コロナの症状よりも、副作用のリスク高くなってきてるので、3回目はどうするかもう考えてる。40代でこんなんなったらやばいやん。働き盛りなのに。お子さんが高校生でこれから大学生でめっちゃお金もかかるってのに国が認めて病院代支給してくれてるのかな。,2,ゆめちゃんまん,1
389-1,自己責任のワクチンなのに、国が補償して我々の税金を使われるのは困ります,0,DLE EOT
390,コブラの毒🐍🐍🐍,4,エケセテネはあいさつ,0
391,三回摂取したけど腕が少し痛くなった程度で殆ど熱も出なかったわ,1,肝っ魂母ちゃん,0
392,そもそも論としてインフルワクチンとコロナワクチンの作り方に違いはあるのか？全く違うというのなら話は終わりますが、基本は同じだというのならインフルワクチンで問題が起きたのならコロナワクチンでも問題が起きてもおかしくはないよね。,0,只呆然,0
393,国政府は保証しないと駄目です‼️直ちに政権交代‼️,1,地球の守人,1
393-1,我々の税金を使われるのは、、,0,DLE EOT
394,気の毒だけど東大の医学部の生徒がみんなワクチン打ってるのに低能の私達が打たないって。,1,なみ,1

395,仕事出来なくなったらクビの方向へ持ってかれたりしそうだな,0,ガンスアントローレンス,0
396,あまた悪そうなコメントが多いですね。,1,ss f,1
396-1,マスクせずに入店しようとして我が子から着けなきゃと言われた現状に、不満げなお母様のコメも見かけました(*´д｀)y-ﾟﾟﾟ,0,柴咲コウ作員
397,接種は　何故　左側なのか！？左ききには　キツイ。,0,鈴木里美,0
398,まじかシャレになんねーぞ,4,チャールズ.リー.レイ,0
399,ヒット確率と受傷メカニズムは？危険率は？　感染症の罹患でもなりますよね？子宮頚がんワクチン不接種で何人の女性が不遇に合ったと思いますか？頑張ってますね(笑),0,純一 遠藤,0
400,デマ太郎聞いてるかー?,38,ただの仮酢魔,0
401,このコメント欄毎回同じようなことばっかり言ってるけど闇抱えてる人多そう,2,お茶,0
402,半身不随じゃなくて下半身？,1,ひろと,0
403,ワクチンの治験がたったの半年ってのが問題なんだろうね、通常は2年くらいやるらしいから。コロナワクチンは通常からすると治験段階で採用が決定されて国民全員が実験台にさせられているのと同じなのかも。もちろん、持病があったりアレルギーで併発する可能性もあるけど。治験バイトでなら同意書があるし、もし事故が起きても自己責任と言えるけど、こういうケースだと責任はどこにあるんだろう。,1,T M,1

404,３回打っても平気な人も沢山いるし、何が運命を分かつんだろう。,0,basieapple,0
405,それでもなお国は認めない。,1,GENPAKU SUGITA,0
406,ん？これワクチン関係あるか？,3,フクロテナガサル,0
407,偽薬を止めて下さいと言ったろおう,2,Peter Herd,0
408,そもそもころなをひろめたのは中国だぞ,2,tatsuya,0
409,怖すぎる、いや,0,山本登,0
410,オオイシガンバレ,1,伊藤憲治,0
411,ひそミルク事件やカネミ油症事件を彷彿とさせますね。,1,秘密結社,0
412,hahaha, tao noiroi ma, song hong co lau dau, bon may van chua hieu van de ha :D loser ever.,0,Greg Makov,0
413,科学根拠ある、物理学と心理学は経験を一緒につなぐ、系統立った思考による違った試みにすぎない。　ノーベル生理学､医学、Evidence Based Medicine ナチス人体実験ドーピング接種服用で戦争犯罪囚。physics and psychology are only different attempts to link our experiences together by way of systematic thought.,0,市塲保昭,0
414,歯牙県光画市の「ワック4棒数の真相」が分かれば、「国内のワック4棒数の真相」が分かってしまいます。消されたので暗号で投稿しました。,0,土岐太郎虎雄,0
415,接種率上げたいなら正直に服反応、後遺症の可能性を認め、それに対して処置、保証を必ずします。としたら、逆に国を信頼し評価も上がるのにな。メリットしかないと言うから下手な営業マンと同じで逆に信用できない。,0,こてちゃん,1
415-1,正直に「将来 癌や不妊、AIDSになる可能性があります」って言ったら接種率80%なんて世界トップレベルにはならなかったと思いますよ,0,DLE EOT
416,滋賀県甲賀市  枠4数  去年ノ拾月末時点デ　弐百肆拾肆人  國内枠4数ハ  現時点デ  数拾萬人ト推測出来ル真相を書き込むと消されるので、暗号で書き込みました。,0,土岐太郎虎雄,0
417,ここまで来たら嘘松だなｗデマ流して再生数稼ぎかいｗｗ,4,あいう,1

418,国の保障は無いのか？,0,車寅次郎,3
418-1,防衛費削られるのは困ります自己責任の補償に我々の税金を使われるのも困ります,0,DLE EOT
418-2,@DLE EOT 国家予算てなもんは、防衛費削れば余裕で余るよ！,0,車寅次郎
419,煽るなー。,0,ヘリオスドーム,0
420,その内、訴えられるよ、おたくら。,5,Kazumasu Ishikawa,1
420-1,訴訟内容は？,0,k t
421,コメ欄陰謀論者しかいないじゃん…一人で死ぬなら勝手にすりゃ良いけど迷惑だからマジで家から出ないでくれな😁,3,ああ,0
422,反ワクウッキウキ,1,ヤマダ,0
423,確かにそうなんだろうけど、この症例は日本国内で何例起きていることなんですか？今の医学で防ぎようのないことを大々的に言っているように思う。重要なことはワクチン打ってこの症状が出るのとワクチン打たないでコロナで亡くなるのと、どっちがどれだけなのかということ。私には後者が桁違いに多いように感じる。とするなら良いニュースに見えるものが実は悪いニュースということになりますよね。報道する際には不安を不用意に煽るようなことはやめるべきだと思うし報道の仕方も検討すべきだと思う。,3,ノンアルコール,2

424,皆さんコロナの接種したほうが良いですよ。接種の後遺症は本当にまれです。,1,Akemi Iwase,2
424-1,接種するのは任意で自己責任自分で判断して、自分で責任を持つということです,0,DLE EOT
424-2,稀だからしましょうって文言はっきり言っておかしいんだよ。既に後遺症・有害事象にて苦しまれてる人がいるのに、そうした方々を切り捨てるような発言には反吐が出るね。,4,魂の 薔薇色
425,その因果関係は？貴方の発言で賠償責任と取れますか医師ですが,1,ぺぷし,0
426,俺の兄も三回目だけモデルナにしたら熱が出て体調不良になった💩ファイザーが一番いいと思う,1,「ネットコメンテーター」 ねちねちねち男,7
426-1,@K. T. さま元々の中身(書くと消えちゃう)が多いので 3回目のモデルナ半量にしましたけど まだファイザーの1.6倍ですね (-_-;),0,やまきしなしるきー
426-2,@やまきしなしるきー ファイザーは高齢者優先接種で使われたから死亡事例累計数が多いのでは？各社の中身の詳細は不明なので何とも言えませんが、単純にモデルナの方が１回当たりの量が多いので、量だけで考えるとモデルナの方がリスキーに感じます。,3,K. T.
426-3,@イベルメクチン さん　使うとしてもイベルメクチンですね。私は自然免疫のみですが。,1,黄昏れのブイゼル
426-4,今月13日の報告会の累計を単純計算したら亡くなった方→ファイザーはモデルナの11.7倍…評価不能で放置されたままの人1657人になってしまった。,4,やまきしなしるきー
426-5,打ちたい人はどんどん打てば良し。自己責任。,14,mingzi
426-6,接種なんかしてはダメ,31,イベルメクチン
427,キモい話し方するな紳士には、ほど遠い,2,Phantom ghost,1
427-1,誹謗中傷しか出来ないのでしたら、コメントする必要ないと思いますよ？,6,k t
