1,å›½ãŒæ¸‹ã£ã¦ã‚‹ãªã‚‰ä¼æ¥­ã§ç¤¾å“¡ã«å¼·åˆ¶ã—ãŸã¨ã“ã‚ã¯ã¡ã‚ƒã‚“ã¨ä¼æ¥­ã«è²¬ä»»ã‚’ã¨ã£ã¦ã‚‚ã‚‰ãŠã†ãªã‚“ãªã‚‰åŒèª¿åœ§åŠ›ã—ãŸäººé”ã«ã‚‚è²¬ä»»ã‚’ã¨ã‚‰ã›ãŸã„ã¨ã“ã‚ã§ã™ã‚ˆã­,147,é»’å²©çœŸå¸,3
1-1,å›½ã‚’ç›¸æ‰‹ã«è¨´è¨Ÿã‚’èµ·ã“ã—ã¦ã‚‚ã€å‹ã¤ã®ã¯ä¸¦å¤§æŠµã§ã¯ãªã„ã¨ã®ã“ã¨ã§ã™ã€‚ãã‚Œã‚ˆã‚Šæ‰“ã£ãŸåŒ»å¸«ã¨ã‹ã€ä¼šç¤¾ã‚’ç›¸æ‰‹ã«ã—ãŸæ–¹ãŒå‹ã¤ç¢ºçŽ‡ã¯é«˜ããªã‚‹ãã†ã§ã™ã€‚è¨˜éŒ²ã‚„ã€éŒ²éŸ³ã‚’å–ã£ã¦ãŠãã¾ã—ã‚‡ã†ã€‚,2,sunshine911
1-2,@ãƒªãƒ’ãƒªãƒ’ãƒˆ æ„è¦‹ã¯ãŠã£ã—ã‚ƒã‚‹é€šã‚Šã¿ã‚“ãªãŒã¿ã‚“ãªæ‰‹ã®ã²ã‚‰è¿”ã™ã¨æ€ã„ã¾ã™ãŠæ³¨å°„æŽ¥ç¨®çŽ‡ãŒæ¸›ã£ã¦ã‚‹ã¨ã„ã†ã®ã¯ãã®è¡¨ã‚Œãªã®ã§ã—ã‚‡ã†ã—ã­ãã—ã¦ã“ã®å…ˆã©ã†ãªã‚‹ã‹ï¼Ÿãã‚ŒãŒä¸é€æ˜Žã¨ã„ã†ã®ãŒæ€–ã„ã§ã™ã‚ˆã­å›½ã¯æœ€åˆã‹ã‚‰å¼·åˆ¶ã¯ã—ã¦ã„ãªã„ã ã‹ã‚‰è‡ªå·±è²¬ä»»ã«æœ€å¾Œã¯é€ƒã’ã‹ã­ã¾ã›ã‚“ãŒã€æŽ¥ç¨®ã—ãŸããªã„äººãŒç„¡ç†çŸ¢ç†ã¨ã‹ã‚„ã‚€ç„¡ã—ã«ã€ã¨ã‹ã€ãã†ã„ã†äººé”ã¯ã¡ã‚ƒã‚“ã¨æ•‘ã£ã¦ã»ã—ã„ã§ã™ã‚ˆã­,6,é»’å²©çœŸå¸
1-3,åŒèª¿åœ§åŠ›ã—ãŸäººé”è‡ªåˆ†ãŒè¢«å®³è€…ã«ãªã£ãŸã‚‰ã“ã‚ã£ã¨æ„è¦‹å¤‰ãˆãã†ã€€ãŸã åŒæ„ã—ã¦ã‚‹ã‹ã‚‰ä»°ã‚‹é€šã‚Šå›½ã¯èªã‚ãªã•ãã†ã§ã™ã­å¹´çµŒã¤äº‹ã«è‰²ã€…ãªç—‡çŠ¶å‡ºã¦è¢«å®³è€…æ•°å‡„ã„äº‹ã«ãªã‚Šãã†,6,ãƒªãƒ’ãƒªãƒ’ãƒˆ
2,çŸ¥äº‹è‡ªèº«ãŒç…½ã‚Šã¾ãã£ã¦ã€Œæ‰“ã£ã¦æ‰“ã£ã¦æ‰“ã¡ã¾ãã‚‹ã—ã‹ãªã„ã€ãªã‚“ã¦è¨€ã£ã¦ãŸã‚‚ã‚“ã­ã€‚æ²³æ‘å¸‚é•·ã«å…ˆã‚’è¶Šã•ã‚ŒãŸã¨æ€ã£ã¦ã‚„ã£ã¦ã‚“ã®ã‹ï¼Ÿç…½ã£ã¦ããŸå…¨å›½çŸ¥äº‹ã¯èª¬æ˜Žã™ã¹ãã§ã‚ã‚Šè²¬ä»»ã‚’å–ã‚‰ãªã‘ã‚Œã°ãªã‚‰ãªã„ã€‚,112,ã¿ã‚“ã¿ã‚“ã¿ã‚“,1

3,CBCãƒ‹ãƒ¥ãƒ¼ã‚¹ã ã‘ãŒçœŸå®Ÿã‚’ãƒ‹ãƒ¥ãƒ¼ã‚¹ã«ã—ã¦ãã‚Œã¦ã‚‹ï¼æœ¬å½“ã«æœ‰ã‚Šé›£ã„ã§ã™ã€‚,176,K BOOWY,1
3-1,ã»ã‚“ã¨ã«ã‚ã‚ŠãŒãŸã„ç•ªçµ„ã§ã™ã€https://youtu.be/GEpfSF5AzDkã„ã„æ–¹å‘ã«è¡Œãã¾ã™ã‚ˆã†ã«ðŸ™,6,æˆé•·ãƒãƒ£ãƒ³ãƒãƒ«
4,ç—…é™¢ã§å‰¯åå¿œã§å—è¨ºã—ã¦ãƒ¯ã‚¯ãƒ¯ã‚¯å¾Œéºç—‡ã¨åˆ¤æ–­ã•ã‚ŒãŸæ‚£è€…æ•°ãŒï¼“ï¼‘ï¼˜ï¼—ï¼”åã€æã‚ã—ã„ã€æ”¹ã‚ã¦ãƒ¯ã‚¯ãƒ¯ã‚¯ã®æ­£ä½“è¦‹ãŸã‚Šã€æ—¥æœ¬äººã‚ˆæ—©ãæ°—ãŒä»˜ã„ã¦ãã ã•ã„ã€ã€ï¼ï¼ï¼,84,omasa4552,1

5,å¾Œéºç—‡ã«è‹¦ã—ã‚€æ–¹ã€…ã®æ•‘æ¸ˆã¯æ¥µã‚ã¦é‡è¦ãªã“ã¨ã§ã™ãŒã€æ‰“ã¦ã°æ‰“ã¤ã»ã©æ„ŸæŸ“ãŒåºƒãŒã£ã¦ãŠã‚Šéžå¸¸ã«å¤šãã®äººçš„è¢«å®³ã‚’å‡ºã—ã¦ã„ã‚‹æž æ²ˆè‡ªä½“ã‚’ä¸­æ­¢ã™ã‚‹ã“ã¨ã‚‚æ¥µã‚ã¦é‡è¦ã§ã™ã€‚æ‰“ã¦ã°æ‰“ã¤ã»ã©æ„ŸæŸ“ãŒåºƒãŒã£ã¦ã„ã‚‹ã®ã«ã•ã‚‰ã«æ‰“ã¦ã°æ„ŸæŸ“ãŒæ²»ã¾ã‚‹ã¨è€ƒãˆã‚‹ã®ã¯å®Œå…¨ã«è«–ç†ç ´ç¶»ã—ã¦ã„ã‚‹ã“ã¨ã«ã‚‚æ°—ã¥ãã¹ãã§ã™ã€‚,130,H J,0
6,å¾Œéºç—‡ã§ã€è‹¦ã—ã‚“ã§ã„ã‚‹æ–¹ãŸã¡ã®ãŸã‚ã«ã€å ±é“ã—ã¦ãã ã•ã‚‹å¤§çŸ³ã•ã‚“ã«ã€æ„Ÿè¬ã—ã¦ã„ã¾ã™ã€‚å¤šãã®äººã«ã€ã“ã®ç¾å®Ÿã‚’ã€çŸ¥ã£ã¦ã»ã—ã„ã§ã™ã€‚å¿ƒã‚ã‚‹ãƒ¡ãƒ‡ã‚£ã‚¢ãŒã‚‚ã£ã¨å¢—ãˆã¾ã™ã‚ˆã†ã€é¡˜ã£ã¦ã„ã¾ã™ã€‚,117,ã‚¬ãƒ¼ãƒ‡ãƒ³ã‚­ãƒ«ãƒˆ,3
6-1,@fjiewojfolf3 åˆ©.æ¨©ã ã‘ãŒç›®.çš„ãªã‚‰å¤§é‡å†Šäººã‚’ã‚„ã‚‹å¿…è¦ã¯ã‚ã‚Šã¾ã›ã‚“ã€‚,0,Alexandre Benois
6-2,åˆ©æ¨©ã®ç¢ºä¿ã§ã—ã‚‡ï¼Ÿæ‰“ã¡ã¾ãã£ã¦ã‚‹å¥´ãŒå„²ã‘ã‚‹æº–å‚™ãŒæ•‘ä¸–ä¸»ã¨ã‹ï½—ï½—,4,fjiewojfolf3
7,æ—¥æœ¬æ”¿åºœã€åŽšåŠ´çœãŒå…¨é¡ç„¡æ¡ä»¶ã§è£œå„Ÿã™ã¹ãã§ã™ã€‚,90,æ´—æ¿¯ã—ãªãã‚ƒ,0
8,æœˆæ›œã‹ã‚‰é‡‘æ›œã¯ãƒãƒ£ãƒ³ãƒˆã§å¤§çŸ³ã•ã‚“ãŒè¦‹ã‚Œã¦åœŸæ›œã¯å¤§çŸ³ã•ã‚“ã®ãƒ©ã‚¸ã‚ªãŒè´ã‘ã¦ã¾ãŸæ¥½ã—ã¿ãŒå¢—ãˆã¦å¬‰ã—ã„ã§ã™ï¼ï¼ã“ã‚Œã‹ã‚‰ã‚‚é ‘å¼µã£ã¦ãã ã•ã„ï¼ï¼,110,ã‚Šã‚“,0
9,è¢«å®³ã‚’å—ã‘ãŸæ–¹ãŒæœ¬å½“ã«æ¬²ã—ã„ã‚‚ã®ã¯ã€ãŠé‡‘ã§ã¯ãªãå…ƒã®å¥åº·ãªä½“ãªã®ã§ã—ã‚‡ã†ã­â€¦,69,é»„é‡‘ä¸–ç•Œ,3
9-1,ã“ã‚ãªã‚ãã¡ã‚“ã¯ã€ã‘ã‚“ã“ã†ã‚’ã¯ã‹ã„ã™ã‚‹ã›ã„ã¶ã¤ã¸ã„ãã§ã™ã€‚(ã“ã‚Œã‚’ã‹ã‚“ã˜ã‚’ã¤ã‹ã£ã¦ã‹ãã¨ãƒ–ãƒ­ãƒƒã‚¯ã•ã‚Œã‚‹ã€‚),8,Alexandre Benois
9-2,äººã‚’ã .ã¾ã™ãŸã‚ã«ãƒ¯ã‚¯.ãƒãƒ³ã¨ã„ã†åãŒã¤ã„ã¦ã„ã‚‹ã ã‘ã§ã™ã€‚,8,Alexandre Benois
9-3,ã¾ã•ã«ãã®é€šã‚Šã§ã™ã€ç§ã‚‚å¾Œéºç—‡ã§è‹¦ã—ã‚“ã§ã„ã¾ã™ãŒå¥åº·çŠ¶æ…‹ã ã‘ã§ãªãè·ã‚’å¤±ã£ãŸã“ã¨ã‚‚ã§ã™ã€‚æ²»ç™‚è²»ã¨æ²»ã‚‹ã¾ã§ã®ç”Ÿæ´»ä¿éšœãã—ã¦å¤±ã£ãŸè·ã‚’ã‚ã£ã›ã‚“ã—ã¦æ¬²ã—ã„ã§ã™,12,ã“ãƒ¼ã¡ã‚ƒã‚“
10,ãƒ¯ã‚¯ãƒãƒ³å¾Œéºç—‡ã«ã¤ã„ã¦ä¸€äººã§ã‚‚å¤šãã®äººã«çŸ¥ã£ã¦æ¬²ã—ã„,64,ãƒ´ã‚§ãƒ¼ãƒ«ã‚µã‚¯ãƒ©,3
10-1,ä¸Šã®1)ã‚’æ¼¢å­—ã‚’ä½¿ã£ã¦æ›¸ãã¨YouTubeãŒãƒ–ãƒ­ãƒƒã‚¯ã™ã‚‹ã€‚2ã¤ã«åˆ†ã‘ãŸã®ã¯æ¤œ....é–²ã§å­—æ•°ã‚’åˆ¶.é™ã•ã‚Œã¦ã„ã‚‹ã‹ã‚‰ã€‚,6,Alexandre Benois
10-2,2) dokuã«å¯¾ã™ã‚‹ä¸».å.å¿œã§ã‚ã‚‹ã“ã¨ã‚’ä¸€äººã§ã‚‚å¤šãã®äººã«çŸ¥ã£ã¦æ¬²ã—ã„ã€‚,6,Alexandre Benois
10-3,1) ã“ã‚ãªã‚ãã¡ã‚“ã¯ã‚ãã¡ã‚“ã§ã¯ãªãã€ã„ã‚ã‚†ã‚‹ã“ã†ã„ã—ã‚‡ã†ã¯ã€ã›ã„ã¶ã¤ã¸ã„ãã¨,5,Alexandre Benois
11,æ‰“ã¤ã®ã‚‚ç¨Žé‡‘ã€ãã®å¾Œéºç—‡ã‚‚ç¨Žé‡‘ã€æ‰“ã£ãŸäººã ã‘ä½¿ãˆã‚‹ãƒ¯ã‚¯ãƒ¯ã‚¯ã‚¤ãƒ™ãƒ³ãƒˆï¼ˆgotoï¼‰ã‚‚ç¨Žé‡‘ã€‚æ‰“ã¤äººã ã‘ã«ç¨Žé‡‘ä½¿ã„éŽãŽã˜ã‚ƒãªã„ï¼Ÿ,88,ãŠæŽƒé™¤ãµã‡â—‹,5
11-1,@ãŠæŽƒé™¤ãµã‡â—‹ æ§˜ä»Šã¯æ‰“ã£ã¦ãªã„äººã®ç«‹å ´ã¯è‰¯ããªã„ã§ã™ãŒã€ç§é”ã¯å°†æ¥çš„ã«è–¬å®³ã«å·»ãè¾¼ã¾ã‚Œã‚‹äº‹ã¯ãªã„ã§ã™ã‹ã‚‰â˜ºï¸,5,mingzi
11-2,@mingzi ã©ã†è€ƒãˆã¦ã‚‚æ‰“ã¤äººã®é ­ãŒâ€¦ã£ã¦æ€ã„ã¾ã™ãŒæ™®é€šã‹å¤‰ã‹ã®å·®ã£ã¦å¤šæ•°æ±ºã§æ±ºã¾ã‚Šã¾ã™ã‚ˆã­ðŸ˜¢,4,ãŠæŽƒé™¤ãµã‡â—‹
11-3,ãã®ä¸Šã€æ‰“ãŸãªã„äººã¯é ­ãŠã‹ã—ã„äººæ‰±ã„ðŸ¤£,4,mingzi
11-4,@Anton0220 åŒæ„ã§ã™ã€‚æ‰“ã£ãŸäººã«ã¯å¯å“€æƒ³ã§ã™ãŒã€ç¨Žé‡‘ã‚’ä½¿ã£ã¦è‡ªå·±è²¬ä»»ã§æ‰“ã£ãŸã®ã ã‹ã‚‰å¾Œéºç—‡ãŒã‚ã‚ã†ã¨æ³£ãè¨€ã‚’è¨€ã‚ãªã„ã§ã»ã—ã„ã§ã™ã€‚,4,ãŠæŽƒé™¤ãµã‡â—‹
11-5,ã“ã‚“ãªãƒã‚«ãƒã‚«ã—ã„ã‚³ãƒ­èŒ¶ç•ªåŠ‡ã«ã¯ã€ä»˜ãåˆã£ã¦ã‚‰ã‚Œã¾ã›ã‚“ç§ã¯ãƒŽãƒ¼ðŸ˜·ã€ãƒŽãƒ¼ðŸ’‰ã€ãƒŽãƒ¼PCRã§ã€ç¨Žé‡‘æŠ•å…¥ã®æ©æµã¯ä¸€åˆ‡å—ã‘ã¦ãŠã‚Šã¾ã›ã‚“2019å¹´ã‹ã‚‰é¢¨é‚ªã‚‚å¼•ã‹ãšã«å…ƒæ°—ã§ã™ã“ã†ã„ã†å„ªè‰¯å›½æ°‘ã«ã¯ã€ç¨Žé‡‘é‚„ä»˜ã—ã¦æ¬²ã—ã„ã‚w,11,Anton0220
12,å¤§çŸ³ã•ã‚“ã€ãƒ©ã‚¸ã‚ªã‚‚ã§ã™ã‹ï¼ä¸€äººã§ã‚‚å¤šãã®æ–¹ã€…ã«æƒ…å ±ã‚’å±Šã‘ã‚‹ã®ãŒæœ€ã‚‚é‡è¦ãªã“ã¨ãªã®ã§ã€ç´ æ™´ã‚‰ã—ã„å–ã‚Šçµ„ã¿ã ã¨æ€ã„ã¾ã™ãã‚Œãã‚Œã‚‚éŽåŠ´ã«ãªã‚‰ãªã„ã‚ˆã†ä½“ã«æ°—ã‚’ä»˜ã‘ã¦ã€ã“ã‚Œã‹ã‚‰ã‚‚çœŸå®Ÿã®ç™ºä¿¡ã‚ˆã‚ã—ããŠé¡˜ã„ã—ã¾ã™ï¼,87,Q,0
13,ã“ã‚ŒãŒæœ¬å½“ã®å ±é“ã€‚ï¼“æœˆã®äº¬éƒ½åºœã®æµè¡Œç—…ã®èµ¤ã¡ã‚ƒã‚“æ­»äº¡ã®ä»¶ã‚‚å–ã‚Šä¸Šã’ã¦æ¬²ã—ã„ã€‚åŒ»ç™‚åˆ¶åº¦ã®å•é¡Œãªã®ã«ã€ç…½ã‚‹ã®ã«åˆ©ç”¨ã•ã‚Œã¦çµ‚ã‚ã£ã¦ã‚‹ã€‚,50,Suleyman78 -ã€Stationeryã€‘,0
14,å›½ã¯ã€æ‰“ã¦æ‰“ã¦è¨€ã£ã¨ã„ã¦æ•‘æ¸ˆã™ã‚‹æ°—ã¯ç„¡ã„ã§ã™ã­ã€‚æ„›çŸ¥çœŒã¯å‰ã„ï¼ã“ã‚Œã‚‚CBCã€å¤§çŸ³ã•ã‚“ã®åƒãã¯å¤§ãã„ã¨æ€ã„ã¾ã™ã€CBCã€å¤§çŸ³ã•ã‚“ã€_(._.)_,48,ä¸‰ä¸–ãƒ«ãƒ‘ãƒ³,2
14-1,æ„›çŸ¥çœŒã¯æŽ¥ç¨®è¦‹ç›´ã—ã‚‚ã—ã¦æ¬²ã—ã„,3,mingzi
14-2,ã‚‚ã£ã¨ã‚‚ã§ã™ã­ï¼è²´é‡ãªã‚³ãƒ¡ãƒ³ãƒˆã‚ã‚ŠãŒã¨ã†ã”ã–ã„ã¾ã™ï¼,0,ã‹ãªã¨
15,å¤§çŸ³ã•ã‚“ã€€ã‚¹ã‚¿ãƒƒãƒ•ã®çš†æ§˜ã€€çœŸå®Ÿã®å ±é“ã€€ã‚ã‚ŠãŒã¨ã†ã”ã–ã„ã¾ã™ã€‚ãã£ã¨ã€å‘¨ã‚Šã‹ã‚‰ã®ã‚­ãƒ„ã‚¤å¼¾åœ§ã‚‚ã‚ã‚‹ã¨æ€ã„ã¾ã™ãŒã€€ãŒã‚“ã°ã£ã¦ãã ã•ã„ã€‚å¿œæ´ã—ã¦ã¾ã™ã€‚,49,Ñ‘Yo-KoÑ‘,0
16,ã„ã„ãªã‚ã€æ„›çŸ¥çœŒå¤§çŸ³ã•ã‚“ã€ã‚¹ã‚¿ãƒƒãƒ•ã•ã‚“ã€å¤§å¥½ãã§ã™ã“ã‚Œã‹ã‚‰ï¼”å›žç›®ã®æŽ¥ç¨®ã¨ã‹è¨€ã£ã¦ã„ã‚‹ã—ã©ã†ãªã£ã¦ã—ã¾ã†ã®ã ã‚ã†å¤§çŸ³ã‚¢ãƒ³ã‚«ãƒ¼ã®æ˜ åƒãŒå…¨å›½æ°‘ã«è¦–è´ã—ã¦é ‚ã‘ã¾ã™ã‚ˆã†ã«ã€‚å¾Œéºç—‡ã®æ–¹ã€…ãŒæ•‘ã‚ã‚Œã¾ã™ã‚ˆã†ã«ã€‚,25,çµµå¤¢,0
17,CBCã•ã‚“ã€å¤§çŸ³ã•ã‚“ã„ã¤ã‚‚ã‚ã‚ŠãŒã¨ã†ï¼ã“ã“ã¾ã§å ±é“ã—ã¦ãã‚Œã‚‹ã®ã¯CBCã ã‘ã§ã™ã€‚ãƒ©ã‚¸ã‚ªã‚‚è´ãã¾ã™ã­ï¼,74,å…ƒã®æ—¥å¸¸ãƒãƒ£ãƒ³ãƒãƒ«,2
17-1,ç§ã®çŸ¥äººã¯ãƒ¯ã‚¯ãƒãƒ³ãŒå§‹ã¾ã£ã¦ï¼“å›žæ‰“ã¡ã¾ã—ãŸãŒã€ï¼‘å›žç›®ä»¥é™ï½ž  æ­©è¡Œå›°é›£ã«ãªã£ã¦ã„ã¾ã™ã€‚æœ¬äººã¯è…°ç—›ãŒåŽŸå› ã¨æ€ã£ã¦ã„ã¾ã—ãŸãŒæ•´å½¢å¤–ç§‘ã®åŒ»å¸«ã«ã¯ã€ã‚ã¾ã‚Šã«ã‚‚æ­©ãæ–¹ãŒå€’ã‚Œãã…ã«å¤‰ãªæ­©ãæ–¹ã ã‹ã‚‰é¦–ã‹è„³ç¥žçµŒãŒåŽŸå› ã ã¨è¨€ã„ã¾ã—ãŸãŒé¦–ã®æ‰‹è¡“ã‚’ã—ãªã„ã¨æ­©ã‘ãªããªã‚‹ã¨ä¸€åˆ»ã‚‚æ—©ãæ‰‹è¡“ã‚’å‹§ã‚ã‚‰ã‚Œã¦ã„ã‚‹ã®ã§ã™ã€‚ç§ã¯ç¬¬ä¸‰è€…çš„ã«è¦‹ã¦æ¥ã¾ã—ãŸã‹ã‚‰ã€ãƒ¯ã‚¯ãƒãƒ³æŽ¥ç¨®å¾Œã§æ€¥ã«æ­©ãæ–¹ãŒå¤‰ã ã¨æ„Ÿã˜ãŸã€‚æ‰‹è¶³ã«åŠ›ãŒå…¥ã‚‰ãªã„æ§˜å­ã§ã€ã—ã‚‡ã£ã¡ã‚…ã†è»¢å€’ã—ã‚±ã‚¬ã ã‚‰ã‘ã§ã™ã€‚åŒã˜ç—…åã®ç§ã®è¦ªã¯ã€å…ˆãšè…°ç—›ãŒåŽŸå› ãªã‚‰è¶³ã®ç—ºã‚Œãªã©ãŒåŽŸå› ã§æ­©ãã«ãã„æ„Ÿã˜ã§ã—ãŸã‹ã‚‰ã©ã…ã‹ã€ãƒ¯ã‚¯ãƒãƒ³å¾Œéºç—‡ã‚’ã©ã…ã™ã‚Œã°èªã‚ã¦é ‚ã‘ã‚‹ã®ã§ã—ã‚‡ã†â”ä»Šå¾Œã€ã©ã…ã™ã‚Œã°ã‚ˆã„ã§ã—ã‚‡ã†ã‹â”,6,ã¾ã“
18,ã“ã†ã„ã£ãŸã“ã¨ãŒã€ãã¡ã‚“ã¨çŸ¥ã‚Œæ¸¡ã‚Œã¾ã™ã‚ˆã†ã«ã€‚ç–‘ã„ã®ã‚ã‚‹äººãŒæ—¢ã«3ä¸‡äººä»¥ä¸Šã‚‚ã„ã‚‹ã®ã«ä½•ã®æ¤œè¨¼ã‚‚ã—ãªã„ã®ã¯ãŠã‹ã—ã„ã¨æ€ã„ã¾ã™,26,TN,0
19,äº¡ããªã£ãŸæ–¹ã€æ‰¿èªã•ã‚Œãªã‹ã£ãŸæ–¹ã‚’å…¥ã‚Œã‚‹ã¨ã€ã¨ã‚“ã§ã‚‚ãªã„äººæ•°ã«ãªã‚Šãã†ã§ã™ã­æ„›çŸ¥çœŒã¯ã€æœ¬æ¥ãªã‚‰å›½ãŒã‚„ã‚‹ã¹ãäº‹ã‚’çŽ‡å…ˆã—ã¦ã‚„ã‚‰ã‚Œã¦ã¦ç´ æ™´ã‚‰ã—ã„ã§ã™ã­ã“ã‚“ãªçŠ¶æ…‹ã§ã€å­ä¾›ã¸ã®æ‘‚å–ã‚’æŽ¨é€²ã™ã‚‹æ”¿åºœç‹‚ã£ã¦ã‚‹ã¨ã—ã‹æ€ãˆã¾ã›ã‚“,36,RUBI USA,2
19-1,@Alexandre Benois æ§˜ãã†ã§ã™ã­ã§ã‚‚ã€ã ã‹ã‚‰ã“ãå¤šãã®æ–¹ãŒæ°—ä»˜ã„ã¦å£°ã‚’æŒ™ã’ã‚‹äº‹ãŒé‡è¦ã‹ãªã€ã¨æ€ã„ã¾ã™,3,RUBI USA
19-2,ã˜ã‚“ã‚‹ã„ã‚’ã‘ãã†ã¨ã—ã¦ã„ã‚‹ã‹ã‚‹ã¨ãŒã€ã›ã‹ã„ã‚’ã—ã¯ã„ã—ã¦ã„ã‚‹ã®ã§ã€ã›ã„ãµã¯ã„ã„ãªã‚Šã§ã™ã€‚,3,Alexandre Benois
20,å‰¯åå¿œã§ã¯ãªãå¾Œéºç—‡ã§ã¯ãªã„ã§ã™ã‹ï¼Ÿä½•ã‚‚å¯¾ç­–ãŒãªã„ã‚ˆã‚Šã¾ã—ã§ã™ãŒã€ã™ã‚‹ã¹ãã¯ãƒ¯ã‚’ã‚„ã‚ã‚‹ã¹ãã§ã¯ãªã„ã‹ãªï¼Ÿ,51,å±±æ¡œ,1
20-1,å¾Œ.éº.ç—‡ã§ã¯ãªãç”Ÿ.ç‰©.å…µ.å™¨ã«ã‚ˆã‚‹ç›´.æŽ¥ã®è¢«.å®³ã§ã™ã€‚,6,Alexandre Benois
21,å¤§çŸ³ã•ã‚“ãŒãƒ¡ãƒ‡ã‚£ã‚¢ã«å‡ºæ¼”ã•ã‚Œã‚‹æ©Ÿä¼šãŒå¢—ãˆã‚Œã°å¢—ãˆã‚‹ã»ã©ã€æ—¥æœ¬ä¸­ã®ã€Œæž çè¢«å®³è€…ã€ãŒæ•‘ã‚ã‚Œã‚‹ã¨æ€ã„ã¾ã™ã€‚åœ¨äº¬ã‚­ãƒ¼å±€ãŒäº‹å®Ÿä¸Šæ—¥æœ¬äººã‚’ã€Œè¦‹æ¨ã¦ã‚‹ã€ä¸­ã€å¤§çŸ³ã•ã‚“ã¨CBCã«æ„Ÿè¬ã—ã¾ã™ã€‚,66,asibagu3,0
22,å¤§çŸ³ã•ã‚“ã€CBCã•ã‚“ã„ã¤ã‚‚ã‚ã‚ŠãŒã¨ã†ã”ã–ã„ã¾ã™ã€‚å¿…ãšã“ã¡ã‚‰ã®ç•ªçµ„ãŒä¸–é–“ã‹ã‚‰å¤§è³žè³›ã‚’å—ã‘ã‚‹æ—¥ãŒæ¥ã‚‹ã¨æ€ã£ã¦ã„ã¾ã™ã€‚,49,yukinowata,0
23,ã„ã¤ã‚‚ä¸å¯§ãªèª¬æ˜Žè§£èª¬ã‚’ä¸‹ã•ã‚Šã€ã‚¿ã‚¤ãƒ ãƒªãƒ¼ã§æµã—ã¦ä¸‹ã•ã‚‹ã®ã§ã€å‚è€ƒã«ã•ã›ã¦ã„ãŸã ã„ã¦ãŠã‚Šã¾ã™ï¼ãƒ©ã‚¸ã‚ªã‚‚æ¥½ã—ã¿ã«ã—ã¦ã„ã¾ã™!,38,ãƒ©ãƒ–ãŸã‚“,0
24,ã“ã†ã„ã†è‰¯ã„ãƒ‹ãƒ¥ãƒ¼ã‚¹ã¯æµã‚Œã«ãã„ã‹ã‚‰ã€ä¸–ç•Œã®é—‡ã¯æœ¬å½“ã«æ·±ã„ã€‚æ±äº¬éƒ½ã®å°ãƒ»ä¸­å­¦æ ¡ã§ã€Œãƒžã‚¹ã‚¯ã‚’ã—ãªãã¦è‰¯ã„ã€ã¨ã„ã†è©±ã‚‚ã€å›½æ°‘ã®ä½•ï¼…ãŒçŸ¥ã£ã¦ã„ã‚‹ã“ã¨ã‚„ã‚‰ã€‚,32,fortune thousand,0
25,ç«‹æ´¾ãªãƒ¡ãƒ‡ã‚£ã‚¢ã§ã™ã­â¤ï¸çœŸå®Ÿã‚’å ±é“ã—ã¦ãã ã•ã£ã¦æœ¬å½“ã«ã‚ã‚ŠãŒã¨ã†ã”ã–ã„ã¾ã™ðŸŽµ,45,S&Sãƒãƒ£ãƒ³ãƒãƒ« SnimaS,0
26,ã„ã¤ã‚‚å¤§çŸ³ã‚¢ãƒŠã‚¦ãƒ³ã‚µãƒ¼ã‚ã‚ŠãŒã¨ã†ã”ã–ã„ã¾ã™ï¼ãƒ¯ã‚¯ãƒ¯ã‚¯ã‚¤ãƒ™ãƒ³ãƒˆã«ã‚¤ãƒ©ã‚¤ãƒ©ã—ã¦ã¾ã™ãŒã€å¤§çŸ³è§£èª¬ã‚’èžãã¨å°‘ã—ã ã‘ã‚¤ãƒ©ã‚¤ãƒ©ãŒæ²ˆé™åŒ–ã—ã¾ã™ã€‚,40,ã±ã´ã“,0
27,æŽ¥ç¨®è‡ªä½“ã‚’ã‚„ã‚ãªã„ã®ãŒã‚„ã¯ã‚ŠãŠã‹ã—ã„ã€‚ç¾æ™‚ç‚¹ã§å¾Œéºç—‡ãŒå‡ºã¦ã„ã‚‹äººã«è£œåŠ©ã‚’ã ã™ã®ã¯ã„ã„ã€‚ã—ã‹ã—æŽ¥ç¨®ã‚’ç¶šã‘ã‚Œã°æ–°ãŸãªè¢«å®³è€…ãŒã§ã‚‹ã€‚è£œåŠ©ãŒå‡ºã‚‹ã¨ã„ã†ãŒãã‚Œã¯ç¨Žé‡‘ã‹ã‚‰ã ã€‚ãã®é‡‘ãŒåŒ»ç™‚ã€è£½è–¬æ¥­ç•Œã«æµã‚Œã‚‹ã€‚è¦‹äº‹ãªãƒžãƒƒãƒãƒãƒ³ãƒ—ã€‚ã“ã®ã“ã¨ã«çªã£è¾¼ã‚“ã§ã»ã—ã„ãŒå¤šåˆ†çªã£è¾¼ã¾ãªã„ã‚“ã ã‚ã†ãªã€‚,31,Kopi Kopi,4
27-1,(ä¸Šã®ã‚³ãƒ¡ãƒ³ãƒˆã‚’æ¼¢å­—ã‚’ä½¿ã£ã¦æ›¸ãã¨YouTubeãŒãƒ–ãƒ­ãƒƒã‚¯ã™ã‚‹ã€‚),7,Alexandre Benois
27-2,ã›ã£ã—ã‚…ã¯ã€ã›ã‹ã„ã‚’ã—ã¯ã„ã™ã‚‹ã›ã„ã‚Šã‚‡ãã®  ã˜ã‚“ã‚‹ã„ã›ã‚“ã‚ã¤ã‘ã„ã‹ãã®ã„ã£ã‹ã‚“ã§ã™ã€‚ã ã‹ã‚‰ã‚„ã‚ãªã„ã®ã§ã™ã€‚,7,Alexandre Benois
28,æ•‘æ¸ˆåˆ¶åº¦!ã€€ã¯ã€ç´ æ™´ã‚‰ã—ã„!!ã€€ã¨æ€ã„ã¾ã™!ã€€ã—ã‹ã—ã€æ‰“ãŸãªã‹ã£ãŸã‚‰ã€å¾Œéºç—‡ã§è‹¦ã—ã‚€äº‹ãªã‚“ã¦ç„¡ã‹ã£ãŸã¨â€¦ã€€ã€€ä»Šã€ä¸€åº¦!ã€€æœ¬å½“ã«ã€ãƒ¯ã‚¯ãƒãƒ³ãŒã€å¿…è¦ãªã®ã‹?ã€€ã£ã¦â€¦ã€€æ”¹ã‚ã¦ã€æ”¿åºœãŒè¦‹ç›´ã™æ™‚æœŸã«æ¥ã¦ã„ã¾ã™!ã€€äººã€1äººã®å‘½ãŒã‹ã‹ã£ã¦ã¾ã™!ã©ã†ã‹ã€ã“ã‚Œä»¥ä¸Šâ€¦ã€€è¢«å®³è€…ã‚’å‡ºã•ãªã„ç‚ºã«ã‚‚ã€ä¸­æ­¢ã—ã¦ä¸‹ã•ã„!ãŠé¡˜ã„ã—ã¾ã™â€¼ã€€ðŸ™,51,ã²ã¨ã¿ ãŸã‹ã¯ã—,9
28-1,@mingzi ã•ã‚“ã€‚ç§ã‚‚ã€æ‰“ãŸã‚Œã‚‹æ–¹ã€…ã®ç„¡äº‹ã‚’ç¥ˆã‚Šã¤ã¤ã€é™ã‹ã«è¦‹å®ˆã£ã¦ã„ã“ã†ã¨ã€æ€ã„ã¾ã™ã€‚ðŸ™,1,ã²ã¨ã¿ ãŸã‹ã¯ã—
28-2,@ã²ã¨ã¿ ãŸã‹ã¯ã— æ§˜ãŠè¿”äº‹ã‚ã‚ŠãŒã¨ã†ã”ã–ã„ã¾ã™ã€‚æã‚‰ããƒ¯ã‚¯ãƒãƒ³æ‰“ã£ãŸäººã¯ã€ãƒ¯ã‚¯ãƒãƒ³ã‚’å¦å®šã™ã‚‹ã¨ã€è‡ªåˆ†ã‚’å¦å®šã—ã¦ã—ã¾ã†äº‹ã«ãªã‚‹ã®ã§ã€é ‘ãªãªã‚“ã ã¨æ€ã„ã¾ã™ã€‚é™è¦³ã™ã‚‹ã—ã‹ãªã„ã§ã™ã€‚,1,mingzi
28-3,@mingzi ã•ã‚“ã€‚ç¢ºã‹ã«ã€èª¬å¾—ã—ãŸã£ã¦ã€°ã€€å‘¨ã‚Šã«ã‚‚ã€æ‰“ã¡ãŸã„äºº!ã€€ã§ã„ã£ã±ã„ã§ã™ã€°ðŸ˜¬ã€€ã‚‚ã¯ã‚„ã€å‚¬çœ è¡“ã«ã‹ã‹ã£ã¦ã¾ã™ã­ã€°ã€€ðŸ˜”,1,ã²ã¨ã¿ ãŸã‹ã¯ã—
28-4,è¦ªåˆ‡ã«ãƒ¯ã‚¯ãƒãƒ³æ­¢ã‚ã‚‹ã‚ˆã†ã«è¨€ã£ã¦ã‚‚æœªã ã«æ‰“ã¡ç¶šã‘ã‚‹äººãŒâ€¦ã€‚,0,mingzi
28-5,ãã‰ã€°ã€€ã§ã™ã‚ˆã­!ã€€æœ¬å½“ã«ã€°ã€€å¤§å¤‰ã€æã‚ã—ã„ã€ä¸–ã®ä¸­ã§ã™ã­ã£ðŸ¤§,2,ã²ã¨ã¿ ãŸã‹ã¯ã—
28-6,(ä¸Šã®ã²ã¨ã¤ã‚ã€ãµãŸã¤ã‚ã®ã‚³ãƒ¡ãƒ³ãƒˆã¯æ¼¢å­—ã‚’ä½¿ã£ã¦æ›¸ãã¨YouTubeã«ãƒ–ãƒ­ãƒƒã‚¯ã•ã‚Œã‚‹ã€‚3ã¤ã«åˆ†ã‘ãŸã®ã¯åˆ†ã‘ãªã„ã¨å…¥ã‚‰ãªã„ã‹ã‚‰ã€‚),2,Alexandre Benois
28-7,ç”Ÿ.ç‰©.å…µ.å™¨.æŽ¥.ç¨®.ã«ã‚ˆã‚‹100%è¨ˆ.ç”» çš„ãªå¤§é‡ã•ã¤äººãŒä¸–.ç•Œ.ä¸­ã§é€²è¡Œä¸­ã§ã™ã€‚,2,Alexandre Benois
28-8,ã›ã„ãµã¯ã€ã˜ã‚“ã‚‹ã„ã‚’ã¾ã£ã—ã‚‡ã†ã—ã‚ˆã†ã¨ã—ã¦ã„ã‚‹  ã‹ã‚‹ã¨ã®ã©ã†ãã«ãªã£ã¦ã„ã¾ã™ã‹ã‚‰ã€ã–ã‚“ã­ã‚“ãªãŒã‚‰ã¿ãªãŠã™ã“ã¨ã¯ã‚ã‚Šã¾ã›ã‚“ã€‚,2,Alexandre Benois
28-9,ã—ã‚“ãŒãŸã“ã‚ãªã¯ãã‚“ã–ã„ã—ãªã„ã®ã§ã€ã‚ãã¡ã‚“ã‚’ã†ã¤ã²ã¤ã‚ˆã†ã¯ã‚¼ãƒ­ã§ã™ã€‚,2,Alexandre Benois
29,æ„›çŸ¥çœŒã«å…¨å›½ã‚‚ç¶šã„ã¦ã»ã—ã„ã€‚ãã—ã¦ã€æ—©æœŸã«æ²»ç™‚ä½“åˆ¶ã‚’æ•´ãˆã¤ã¤è£œå„Ÿåˆ¶åº¦ã‚’å®Ÿç¾ã•ã›ã¦ã»ã—ã„ã€‚ã¤ã‚‰ã„ã€‚,9,Maya Saijo,0
30,å‰¯åå¿œã‚‚æ­»äº¡è€…ã‚‚10å€ã¯ã„ã‚‹ã®ã§ã¯ãªã„ã‹ï¼Ÿ,35,åˆ©ä¹‹ ä¸­æ‘,0
31,ãŠã‹ã—ããªã„?ãŸã£ãŸåŠé¡ï¼Ÿã—ã‹ã‚‚åŒ»ç™‚è²»ã ã‘ï¼Ÿè£œå„Ÿåˆ¶åº¦ã¯ã©ã†ãªã£ãŸï¼Ÿ,32,ã ã„ãšã‚¿ãƒ­ã‚¦,0
32,CBCãƒ‹ãƒ¥ãƒ¼ã‚¹ã¨å¤§çŸ³ã•ã‚“ã«æ„Ÿè¬ã§ã™ã­ã€‚è–¬å®³ã¯æ˜”ã‹ã‚‰ã‚ã‚‹ã®ã«ç¹°ã‚Šè¿”ã•ã¾ã™ã­ã€‚ã¾ã¨ã‚‚ãªæ•°ã®æ²»é¨“ã—ã¦ãŸã‚‰ã¾ã ã—ã‚‚ã€å›½ã«èªã‚ã•ã›ã‚‹ã®ã¯æ™‚é–“ãŒã‹ã‹ã‚Šã™ãŽã‚‹ã€‚,20,ã‚¯ãƒžã‚¯ãƒž,0
33,ä¼šç¤¾ãŒç¤¾å“¡ã«å¯¾ã—ã¦å—ã‘ã¦æ¬²ã—ã„ã¨ã—ãŸä¼šç¤¾ã¯ä¼šç¤¾ãŒè² æ‹…ã™ã¹ãæ¡ˆä»¶ã ã¨æ€ã†ã€‚ãã…è¨€ã†ä¼šç¤¾ã¯æ›¸é¢ã«ã—ã¦ç¤¾å“¡ã«å—ã‘ã¦è²°ã†ã®ãŒç­‹å›½ãŒãƒ«ãƒ¼ãƒ«ã¨ã—ã¦æ±ºã‚ã‚Œã°ã„ã„ã€‚,15,ãŸã‚“ãŸã‚“ã‚ªã‚«ãƒ¡,0
34,å¤§çŸ³ã•ã‚“ã€ã„ã¤ã‚‚åˆ†ã‹ã‚Šã‚„ã™ã„è§£èª¬ã‚ã‚ŠãŒã¨ã†ã”ã–ã„ã¾ã™ã€‚ç•ªçµ„ã¨å‹•ç”»ã‚’æ‹è¦‹ã•ã›ã¦é ‚ã„ã¦1ã¤æ°—ã«ãªã£ãŸã“ã¨ãŒã‚ã‚Šã¾ã—ãŸã€‚å¾Œéºç—‡ã®æ–¹ãŒä»°ã£ã¦ã„ãŸã‚ˆã†ã«ã€1åº¦ã ã‘ã—ã‹åˆ¶åº¦ãŒä½¿ãˆãªã„ã®ã‹ï¼Ÿ 1åº¦ã ã‘ã§ã¯ãªãæ¬¡ã«è¨ºå¯Ÿã—ãŸå¾Œã‚‚åˆ¶åº¦ãŒä½¿ãˆã‚‹ã®ã‹ï¼Ÿ æ°—ã«ãªã‚Šã¾ã—ãŸã€‚å¤§çŸ³ã•ã‚“ã€ã“ã‚Œã‹ã‚‰ã‚‚ã‚ˆã‚ã—ããŠé¡˜ã„ã—ã¾ã™ðŸ™ ãƒ©ã‚¸ã‚ªã‚‚æ˜¯éžèžããŸã„ã§ã™ðŸ˜Šæ¥½ã—ã¿ã«ã—ã¦ã¾ã™(*^^*),48,LOVE N.Hidetoshi,0
35,æ±äº¬ã§ã™ã€‚SIRVAã®ã‚«ãƒ†ãƒ¼ãƒ†ãƒ«æ²»ç™‚ã€18ä¸‡ã§ã™ã€‚ã¾ã ã¾ã ã€ç—…é™¢é€šã„ã¯ç¶šãã¾ã™ã€‚æ—©ãåŠ©ã‘ã¦æ¬²ã—ã„ã§ã™ã€‚æ‰‹è¶³ã®ç—ºã‚Œã¯ã©ã†ã—ã¦ã„ã„ã‹ã‚ã‹ã‚Šã¾ã›ã‚“ã€‚ã€‚ã€‚,69,æµœç”°æ‹“å¸,5
35-1,è‡ªç„¶ç™‚æ³•ã§ç”³ã—è¨³ãªã„ã§ã™ãŒã€ç—…ã¯è¶³ã®è£ã‹ã‚‰ã€ã¨ã„ã†äº‹ã§ã‚¢ãƒ¼ã‚¸ãƒ³ã‚°(åœŸã®ä¸Šã«è£¸è¶³ã§ç«‹ã£ã¦ä½“ã«æºœã¾ã£ãŸé›»æ°—ã‚’æ”¾é›»ã™ã‚‹)ã‚’ã—ã¦ã¿ã¦ä¸‹ã•ã„â€¦åº­ã¨ã‹ã§ãŸã è£¸è¶³ã§10åˆ†ãã‚‰ã„ç«‹ã¤ã ã‘ã§å¯èƒ½ã§ã™ã€‚ã”å‚è€ƒã¾ã§ã«,9,ã‚¸ãƒ§ãƒ¼ã‚ºã¡ã‚ƒã‚“
35-2,@ã“ãƒ¼ã¡ã‚ƒã‚“ åƒ•ã‚‚ï¼•ãƒ¶æœˆä»•äº‹ä¼‘ã‚“ã§ã¾ã—ãŸ(^_^;)ã¤ã„æœ€è¿‘å¾©å¸°ã—ãŸã‘ã©ç—›ã¿ã¨ã®æˆ¦ã„ã§ã™,12,ã‚Šã‚“å¤ªéƒŽ
35-3,ç§ã¯ãŠäºŒäººã»ã©ã§ã¯ãªã„ã§ã™ãŒã€æŽ¥ç¨®ã—ãŸè…•ãŒé…·ã„ç—›ã¿ãŒå–ã‚Œãšæ¯Žé€±è¨ºç™‚ã‚’å—ã‘ã€èƒ¸ã®è‹¦ã—ã¿ã‹ã‚‰å¾ªç’°å™¨ã¨ç²¾ç¥žç§‘ã®å—è¨ºã—ã¦ã„ã¾ã™ã€‚ã¡ãªã¿ã«è·ã‚’å¤±ã„ã¾ã—ãŸã®ã§ã„ã¤ã¾ã§ç”Ÿæ´»ã§ãã‚‹ã‹åˆ†ã‹ã‚Šã¾ã›ã‚“,12,ã“ãƒ¼ã¡ã‚ƒã‚“
35-4,åŒã˜ãè¶³ã®ç—ºã‚Œã¨ç—›ã¿ãŒå–ã‚Œã¾ã›ã‚“(>_<)ã‚¹ãƒ†ãƒ­ã‚¤ãƒ‰ã®ç‚¹æ»´ã—ã¦ã€30ä¸‡è¿‘ãã‹ã‹ã£ã¦ã¾ã™,21,ã‚Šã‚“å¤ªéƒŽ
36,ãŠã™ã™ã‚ã«ä¸ŠãŒã£ã¦ãã‚‹ãŸã³å¿…ãšå†ç”Ÿï¼‹ã‚¤ã‚¤ãƒæŠ¼ã—ã¦ã¾ã™ã€‚ã„ã¤ã‚‚ã‚ã‚ŠãŒã¨ã†ã”ã–ã„ã¾ã™ï¼å°‘ã—ã§ã‚‚å¤šãã®äººã«çŸ¥ã£ã¦ã‚‚ã‚‰ã‚ãªãã¦ã¯â€¦ãƒ¤ãƒã„,72,n m,0
37,ç©ã¿ä¸Šã’ã¦è¡Œã£ã¦ã¾ã™ã­ã€‚å¤§çŸ³ã•ã‚“ã€ãƒ¡ãƒ‡ã‚£ã‚¢ã®åŠ›ã¯å¤§ãã„ã¨å®Ÿæ„Ÿã—ã¾ã™ã€‚å¼±è€…ã«ç›®ãŒè¡Œãã«ãã„ä¸­ã€å¼±è€…ã®å£°ã‚’å±Šã‘ã‚‹äº‹ã¯å°Šã„ã§ã™ã€‚ç´ æ™´ã‚‰ã—ã„ã€‚,18,HELLO HELLO JAPAN,0
38,å¤§çŸ³ã•ã‚“ã€ä»Šæ—¥ã‚‚è§£èª¬æœ‰é›£ã†ã”ã–ã„ã¾ã™ã€‚ä¸»è¦ãƒ¡ãƒ‡ã‚£ã‚¢ã¯å®Œå…¨ã«ãƒ€ãƒ¡ã§ã™ã­ã€‚ãƒ„ãƒ™ã§ã—ã‹è¦‹ã‚Œã¾ã›ã‚“ãŒã€ðŸ’‰ã‚’æ¤œè¨Žã•ã‚Œã¦ã‚‹æ–¹ã€…ã¯ðŸ¦Œå…ˆç”Ÿã€äº•ä¸Šå…ˆç”Ÿã®å‹•ç”»ã‚’è¦‹ã¦ã‚‚ã‚‰ã„ã€æ¬¡ã¯æ‰“ãŸãªã„ã¨è¨€ã†é¸æŠžã‚‚ã—ã¦æ¬²ã—ã„ã¨æ€ã„ã¾ã™ã€‚è‡ªåˆ†ã®ä½“ã‚’å®ˆã‚Œã‚‹ã®ã¯è‡ªåˆ†ã—ã‹ã„ã¾ã›ã‚“ã‹ã‚‰ã€‚è¢«å®³ã«é­ã£ã¦ã‹ã‚‰ã§ã¯é…ã„ã®ã§ã™ã€‚,27,ä¸‹è¢´ç”°åºƒç¾Ž,1
38-1,ã‚³ãƒ­.ãƒŠãƒ¯ã‚¯.ãƒãƒ³ã¯ç”Ÿ.ç‰©.å…µ.å™¨ã§ã™ã‹ã‚‰ä¸€åº¦ã§ã‚‚æ‰“ã¤é¸.æŠžã‚’ã™ã‚‹ã®ã¯é–“é•ã„ã§ã™ã€‚,3,Alexandre Benois
39,åŒ»ç™‚è²»ã‚’è£œåŠ©ã—ã¦ã‚‚ã•ã¤äººæŽ¥.ç¨®ã¯æ­¢ã‚ãªã„ã€‚,25,Alexandre Benois,0
40,ç´ æ™´ã‚‰ã—ã„ãƒ‹ãƒ¥ãƒ¼ã‚¹â—å¤§çŸ³ã•ã‚“ã‚ã‚ŠãŒã¨ã†ã”ã–ã„ã¾ã™ã€‚,41,æœ¬å¤šæ‹“ä¹Ÿ,0
41,ã ã„ã¶é€²å±•ã—ã¦ã‚‹ã‘ã©ã€å›½ã‚’æŒ™ã’ã¦æ‰“ã¦æ‰“ã¦è¨€ã£ã¦ãŸã‚“ã ã‹ã‚‰å…¨é¡ã§ã—ã‚‡æ™®é€šã¯ã€‚ã€‚ã€‚,22,Suzu Red,0
42,æŽ¥ç¨®ä¸­æ­¢ã—ãªã„ã¨ã©ã‚“ã©ã‚“å¢—ãˆã¾ã™ã‚ˆã€‚å¤‰ãªå¾Œéºç—‡ãƒ“ã‚¸ãƒã‚¹ã«å·»ãè¾¼ã¾ã‚Œã¦ãƒ€ãƒ–ãƒ«ãƒ‘ãƒ³ãƒã®äººã‚‚å¢—ãˆãã†ãªäºˆæ„ŸãŒã—ã¾ã™ã€‚,11,Yuri Ka,0
43,æŽ¥ç¨®ãŒè‡ªå·±è²¬ä»»ã¨è¬³ã‚ã‚Œã¦ã„ã‚‹ã“ã¨ã‹ã‚‰æ•‘æ¸ˆç”³è«‹ã‚’èºŠèº‡ã—ã¦ã„ã‚‹äººã‚‚å°‘ãªããªã„ã¨æ€ã„ã¾ã™ã€‚,17,Makonaka,1
43-1,ãã‚ŒãŒç‹™ã„ã§ã™ã‹ã‚‰ã­â€¦ã€‚,0,mingzi
44,æŠ—ä½“é‡ã¨å¼•ãæ›ãˆã«ã€ä½“ã‚’ç—›ã‚ã¦ã„ã‚‹äº‹ã‚’çŸ¥ã£ã¦ã»ã—ã„ã€‚å›½ã¯ã€ã¨ã«ã‹ãçµŒæ¸ˆã‚’å›žã—ãŸã„ã ã‘ã§ã™,56,æ–°æ™‚ä»£ç”Ÿãæ–¹,7
44-1,(æ¤œ...é–²ã®ã›ã„ã§3ã¤ã«åˆ†ã‘ãªã„ã¨ã‚³ãƒ¡ãƒ³ãƒˆãŒå…¥ã‚‰ãªã„ã€‚),3,Alexandre Benois
44-2,3) æœ¬å½“ã«æ•°åå„„äººã‚’æ¶ˆãã†ã¨ã—ã¦ã‚‹ã‚“ã§ã™ã€‚,2,Alexandre Benois
44-3,2) äºº.é¡ž æŠ¹.æ¶ˆ è¨ˆ.ç”»ã®ä¸€éƒ¨ã§ã™ã€‚æŽ¥.ç¨®ã‚’å«ã‚€æ§˜ã€…ãªæ–¹.æ³•ã§,2,Alexandre Benois
44-4,1) ã‚Šã‘ã‚“ã ã‘ã§ã¯ã‚ã‚Šã¾ã›ã‚“ã€‚ã“ã‚ãªã‚ãã¡ã‚“ã¯ã€ã›ã‹ã„ã‚’ã—ã¯ã„ã™ã‚‹ã‹ã‚‹ã¨ã®,0,Alexandre Benois
44-5,@superspective åˆ©æ¨©ã«ã‚ˆã‚Šæš´åˆ©ã‚’è²ªã‚ŠãŸã„äººã¨çµŒæ¸ˆã‚’å£Šã—ãŸã„ã¨ã€Œæ€ã‚ã‚Œã‚‹ã€äººã¯åˆ¥äººã§ã‚ã‚‹ã¨è€ƒãˆã¦ã„ãŸã®ã§ã™ãŒã©ã†ã§ã—ã‚‡ã†ã‹ï¼Ÿã„ã‹ã‚“ã›ã‚“ã€çµŒæ¸ˆã‚’ç ´å£Šã—ãŸã„ã¨ã€Œæ€ã‚ã‚Œã‚‹ã€äººã€…ã®è¨ˆç”»ã¯ã€çŠ¶æ³è¨¼æ‹ ã°ã‹ã‚Šã§æ±ºå®šçš„è¨¼æ‹ ã¯ãªã„ãŒã€ååˆ†ãªè­¦æˆ’ãŒå¿…è¦ã§è¦‹æ¥µã‚ãŒé›£ã—ã„ã§ã™ã­ã€‚,0,ã‚«ãƒ†ãƒ¼ãƒ»ãƒŽã‚¸ã‚¸ãƒ§ãƒ¼ ãƒ¢ãƒ«ãƒˆ
44-6,é•ã†ã€‚ãƒ¯ã‚¯ãƒãƒ³ã‚’æ‰“ã¡ãŸã„ã ã‘ã§ã™ã€‚ã“ã‚Œã¯åˆ©æ¨©ã®å•é¡Œã ã‚ˆã€‚,16,superspective
44-7,çµŒæ¸ˆã‚’å£Šã—ã¦ã‚°ãƒ¬ãƒ¼ãƒˆãƒªã‚»ãƒƒãƒˆã§ã™ã€‚,16,ãƒ‡ãƒ•ãƒ¬è„±å´
45,å‹˜é•ã„ã—ã¦ã‚‹äººãŒå¤šã„ã‘ã©ã€è²¡æºã¯å›½å‚µç™ºè¡Œã§è³„ãˆã°ã„ã„ã®ã§ï¼ˆå›½ã®å€Ÿé‡‘ã§ç ´ç¶»ã™ã‚‹ã£ã¦ã®ã¯ãƒ‡ãƒžï¼‰ã€ç—‡çŠ¶ãŒå‡ºã¦ã‚‹äººã¯å…¨å“¡é€Ÿã‚„ã‹ã«æ”¯æ´ã—ã¦æ¬²ã—ã„ã§ã™ã­ã€‚,38,ãƒ¨ã‚³ãƒé­”ã®æ€ªäºº,5
45-1,(ä¸Šã®ã‚³ãƒ¡ãƒ³ãƒˆã¯æ¼¢å­—ã‚’ä½¿ã£ã¦æ›¸ãã¨YouTubeã«ãƒ–ãƒ­ãƒƒã‚¯ã•ã‚Œã‚‹ã€‚),2,Alexandre Benois
45-2,ã›ã„ã¶ã¤ã¸ã„ãã‚ãã¡ã‚“ã‚’ã†ãŸã›ã¦ã„ã‚‹ã›ã„ãµãŒã€ã—ãˆã‚“ã™ã‚‹ã¨ã¯ãŠã‚‚ãˆã¾ã›ã‚“ã€‚ã•ã„ã ã„ã®ã—ãˆã‚“(ï¼Ÿ)ã¯ã™ãã«ã›ã£ã—ã‚…ã‚’ã‚„ã‚ã‚‹ã“ã¨ã€‚,2,Alexandre Benois
45-3,é«˜å¸‚æ°ã‚‚æ˜Žè¨€ã—ã¦ãŸãŒã€æ†²æ³•æ”¹æ­£ã®ç›®çŽ‰ã¯ç·Šæ€¥äº‹æ…‹æ¡é …ç§æ¨©ã®åˆ¶é™ã¨è¨€ã£ã¦ãŸãžæ”¹æ†²å¾Œç·Šæ€¥äº‹æ…‹å®£è¨€ã‚’å‡ºã›ã°ã€å›½æ°‘ã®è²¡ç”£ä¾›å‡º(è²¡ç”£æ²¡åŽ)ã‚‚ã‚ã‚Šå¾—ã‚‹,8,Anton0220
46,åŠé¡ã­ã‡ã€‚è‡ªæ²»ä½“ã˜ã‚ƒé™ç•Œã‚ã‚‹ã‚ˆã€‚ä¸­å¤®ãŒå…¨é¡è² æ‹…ã—ã‚ã‚ˆã€‚ãã‚Œãã‚‰ã„å½“ç„¶ã ã‚â€¦â€¦,37,superspective,0
47,ä»–çœŒã§ã™ãŒã€ãƒ¯ã‚¯ãƒãƒ³æŽ¥ç¨®å¾Œé«ªã®æ¯›åŠåˆ†æŠœã‘ã¦é ­ãŒåƒã‹ãªãã¦ç—…é™¢ã«3ä»¶è¡Œãã¾ã—ãŒç²¾ç¥žçš„ãªã‚‚ã®ã¨ç‰‡ä»˜ã‘ã‚‰ã‚ŒãŸã®ã§è«¦ã‚ã¾ã—ãŸã€‚ãƒ¯ã‚¯ãƒãƒ³ã®å¾Œéºç—‡ã¨ã—ã¦ä»¶æ•°ã«ã¯å«ã¾ã‚Œã¦ç„¡ã„ã§ã—ã‚‡ã†ã€‚,7,yuno yamase,0
48,ãªãœ ãƒ¯ã‚¯ã€‡ ã‚¹ãƒˆãƒƒãƒ— å‡ºæ¥ãªã„ã®ã§ã—ã‚‡ã†ã‹ï¼Ÿ ãƒ¯ã‚¯ã€‡ ç¶šã‘ã‚‹é™ã‚Š è¢«å®³è€…ãŒå¢—ãˆã‚‹ã‚ˆ  â˜ ï¸,28,å¥ˆè‰¯ã·ãƒ¼,1
48-1,ãã®ã¨ãŠã‚Šã§ã™,0,ã‚¤ãƒ™ãƒ«ãƒ¡ã‚¯ãƒãƒ³
49,æœ¬å½“ã«ã‚ã‹ã‚Šã‚„ã™ãã”ä¸å¯§ãªãŠè¨€è‘‰ã§ã®ç™ºä¿¡ã€ã¨ã¦ã‚‚ç´ æ™´ã‚‰ã—ã„ã¦ã™ï¼,1,ã‚†ã‹,0
50,å¹´é…è€…ã§ã¯ã€æ­³ã®ã›ã„ã«ã•ã‚Œã¦å¾Œéºç—‡ã ã¨ã¯èªã‚ã‚‰ã‚Œãªã„ã‹ã‚‚ã€‚ ä»•äº‹ãŒãƒãƒ¼ãƒ‰ãªäººã¯ã‚¹ãƒˆãƒ¬ã‚¹ã ã¨åˆ¤æ–­ã•ã‚Œã ã‚ã†ã—é›£ã—ã„ã§ã™ã­ã€‚,7,ã‚Šãƒ¼,0
51,ã„ã¤ã‚‚ã‚ã‚ŠãŒã¨ã†ã”ã–ã„ã¾ã™ðŸ˜­äºˆé˜²ã©ã“ã‚ã‹ä¸å¥åº·ã«ãªã‚Šæ”¯å‡ºã‚ã‚Šã¨ã¯è¸ã‚“ã ã‚Šè¹´ã£ãŸã‚Šã§ã™ðŸŒ€å› æžœé–¢ä¿‚ä¸æ˜Žã®ã¾ã¾æ”¾ã£ãŸã‚‰ã‹ã—ã§æœªã ã«æŽ¨å¥¨ãªã‚“ã¦ã‚ã‚Šã§ã™ã‹ï¼ŸðŸ’¢æ˜”ã¯ä¾‹ãˆã°ã‚¿ãƒŸãƒ•ãƒ«ã‚‚ç–‘ã„ãŒã‚ã‚Šã¾ã—ãŸãŒã€4äº¡ä¾‹ã¯æŒ‡ã§æ•°ãˆã‚‰ã‚Œã‚‹ç¨‹åº¦ã§ä¸€æ—¦åœæ­¢ã—ã¦å› æžœé–¢ä¿‚ç„¡ã—ã¾ã§èª¿ã¹ãŸè¨˜æ†¶ãŒã‚ã‚Šã¾ã™(çµå±€æŠ•ä¸Žæœ‰ç„¡ã«é–¢ã‚ã‚‰ãšã‚¦ã‚¤ãƒ«ã‚¹ã«ã‚ˆã‚‹è„³ç—‡ã ã¨)ä»Šå›žã¯æŒ‡ã§æ•°ãˆã‚‰ã‚Œãªã„1000äººä»¥ä¸Šã‚‚ä¸æ˜Žãªã®ã«â€¦ä¸€ä½“ãªãœæ­¢ã‚ãªã„ã®ã‹ðŸŒ€,18,ãªã£ã“,0
52,å¤§çŸ³ã•ã‚“ã€ãƒ©ã‚¸ã‚ªã‚‚è´ãã¾ã™ï¼CBCã‚’è¦‹ã¦ãªã„ã®ã‹ã€ï¼“å›žç›®ã¿ã‚“ãªã†ã¤ã¦ã¾ã™ã­ðŸ˜­,12,ã„ã¾ã“ã“,0
53,ã¦ã‚“ã‹ã‚“æŒã¡ã€ã‚¢ãƒ¬ãƒ«ã‚®ãƒ¼æŒã¡ç§ã«ã‚‚ã‹ã‹ã‚Šã¤ã‘åŒ»ã¯è¨Žã¡ãªã•ã„ã§ã—ãŸã€‚,28,ã‚‚ãšã,2
53-1,å¿ƒè‡“ã«æŒç—…ãŒã‚ã‚Šèª°ã®ç›®ã‹ã‚‰è¦‹ã¦ã‚‚æ˜Žã‚‰ã‹ã«å…·åˆæ‚ªãè¦‹ãˆã‚‹å”æ¯ãŒã‹ã‹ã‚Šã¤ã‘ã®ãŠåŒ»è€…æ§˜ã‹ã‚‰æž æ‰“ã¡ã¾ã—ãŸã‹ã®è³ªå•æ‰“ã£ã¦ãªã„äº‹ã¨ã€æ‰“ã¤æ°—ãŒç„¡ã„äº‹ã‚’å‘Šã’ã‚‹ã¨æ‰“ãŸãªã‘ã‚Œã°å‘¨ã‚Šã«è¿·æƒ‘ã‹ã‘ã‚‹ã¨è¨€ã‚ã‚ŒãŸãã†ã§ã™ã€‚,4,ã‚†ã‹ï¼’ï¼•
53-2,éŽåŽ»ã«ã¦ã‚“ã‹ã‚“ã®ã‚ã£ãŸ20ä»£ã®å¥³æ€§ãŒäº¡ããªã£ã¦ã¾ã™ã­â€¥å ±å‘Šã«ã‚ãŒã£ã¦ã¾ã™ã€‚,3,erika nk
54,ã“ã‚Œã ã‘ãƒ¡ãƒ‡ã‚£ã‚¢ãŒã‚ã£ã¦ã€CBCã®å¤§çŸ³ã•ã‚“ã®æ§˜ãªç™ºä¿¡ã‚’ã—ã¦ãã‚Œã‚‹å±€ã‚„å ±é“é™£ã¯ãªã‹ãªã‹è¦‹å½“ãŸã‚Šã¾ã›ã‚“ã­ã€‚æµçŸ³å¤§çŸ³ã•ã‚“ã€‚ã“ã‚Œã‹ã‚‰ã‚‚çœŸå®Ÿã®å ±é“ã‚’æ¥½ã—ã¿ã«ã—ã¦ã„ã¾ã™ã€‚æ§˜ã€…ãªç—‡çŠ¶ã§è‹¦ã—ã‚“ã§ãŠã‚‰ã‚Œã‚‹çš†æ§˜ã€ã©ã†ã‹è‰¯ã„æµã‚Œã‚’æŽ´ã‚“ã§ãã ã•ã„ã€‚æ§˜ã€…ãªå‹•ç”»ãŒYouTubeã§æ‹¾ãˆã‚‹æ™‚ä»£ã§ã™ã€‚æœ€è¿‘ã«ãªã£ã¦ç§ã‚‚è‰²ã€…è©¦ã—ãŸã‚Šã€å–ã‚Šçµ„ã‚“ã ã‚Šã—ã¦ã„ã¾ã™ã€‚ã¾ã æˆæžœã¨ã¾ã§ã¯è¨€ãˆã¾ã›ã‚“ãŒé£Ÿç”Ÿæ´»ã®æ”¹å–„ã§ãŠè…¹ã®èª¿å­ã¯ã™ã“ã¶ã‚‹è‰¯ãè•éº»ç–¹ãªã©ã‚‚æ¸›ã‚Šã¾ã—ãŸã€‚è–¬ã‚„äºˆé˜²æŽ¥ç¨®ã ã‘ã«é ¼ã‚‰ãšã€ãã‚‚ãã‚‚æŒã£ã¦ã„ã‚‹è‡ªå·±å…ç–«åŠ›ã‚’é«˜ã‚ã‚‹åŠªåŠ›ã‚’ã“ã‚Œã‹ã‚‰ã‚‚ç¶šã‘ã¦ã„ã“ã†ã¨æ€ã„ã¾ã™ï½¡,6,Jastsè›‡å·£é¶«,0
55,å¾Œéºç—‡ã®æ‚£è€…ã•ã‚“ãŒå¢—ãˆã‚Œã°å¢—ãˆã‚‹ã»ã©åŒ»ç™‚è²»ãŒåµ©ã¿åœ°æ–¹è‡ªæ²»ä½“ã«ã‚‚å›½å®¶ã«ã‚‚å¤§ããªè² æ‹…ã«ãªã‚‹ã€‚å›½æ°‘ã‚‚å›½å®¶ã‚‚æ›´ã«è²§ä¹ã«ãªã‚Šã€ãã‚Œã§ã„ã¦æ‚£è€…ã•ã‚“è‡ªèº«ã‚‚å‘¨ã‚Šã®å›½æ°‘ã‚‚ä¸å¹¸ã«ãªã‚‹ã€‚ã“ã‚“ãªæ„šã‹ãªäº‹ãŒã©ã“ã«ã‚ã‚‹ã ã‚ã†ã‹ã€‚æ”¿åºœã‚‚å®˜åƒšã‚‚åœ°æ–¹è‡ªæ²»ä½“ã‚‚ã‚ˆãã‚ˆãè€ƒãˆã‚ˆã€‚æœ€å¾Œã«ã¯å¤§ããªãƒ–ãƒ¼ãƒ¡ãƒ©ãƒ³ã¨ãªã£ã¦è‡ªèº«ã®èº«ã«é™ã‚Šã‹ã‹ã£ã¦ãã‚‹ã“ã¨ãŒåˆ†ã‹ã‚‰ãªã„ã®ã ã‚ã†ã‹ã€‚,6,tks tnk,0
56,100ä¸‡ï¼Ÿé«˜é¡ç™‚é¤Šè²»åˆ¶åº¦ã§æ¸…ç®—æ¡ˆä»¶ã§ã¯ï¼Ÿè‡ªç”±è¨ºç™‚æ‰±ã„ã®è–¬ã‹ãªï¼Ÿã¨æ€ã£ãŸãŒåŠå¹´ä»¥ä¸ŠãŒå¤šã‹ã£ãŸã§ã™ã­ã€‚åŽæŸã¾ã§ã¯ç¶™ç¶šã¨ãªã‚‹ã§ã—ã‚‡ã†ã€‚æ—©ãå…¨å›½è¦æ¨¡ã«ãªã£ã¦æ¬²ã—ã„ã€‚ã‚ˆã‚ã—ããŠé¡˜ã„ã—ã¾ã™ã€‚,20,Jon taraiter,1
56-1,ã¾ãŸç¨Žé‡‘ä¸ŠãŒã‚‹ã­â€¦ã€‚,0,mingzi
57,å¤§çŸ³ã•ã‚“ã®æ§˜ãªã‚¢ãƒŠã‚¦ãƒ³ã‚µãƒ¼ã®æ–¹ãŒã€é–¢æ±ã«ã‚‚ãŠã‚‰ã‚ŒãŸã‚‰ã€å¬‰ã—ã„ãª~ã¨æ€ã„ã¾ã—ãŸðŸ’ž,1,roulette,0
58,å¤§çŸ³ã•ã‚“ã‚ã‚ŠãŒã¨ã†ã€‚,7,ã„ã¤ã‚‚é‹ãŒã„ã„ç„¡ç·šæŠ€è¡“è€…,0
59,å¤§çŸ³ã•ã‚“ã€è²´æ–¹ã¯å¤šãã®æ—¥æœ¬äººã®å‘½ã‚’æ•‘ã£ã¦ã„ã¾ã™ã€‚ç›¸å½“ãªåœ§åŠ›ãŒæœ‰ã‚‹ã®ã¯æ‰¿çŸ¥ã—ã¦ã„ã¾ã™ãŒã€è² ã‘ãªã„ã§ãã ã•ã„ã€‚,1,John Ford,0
60,ãˆï¼Ÿå‰ã®å‹•ç”»æ¶ˆã•ã‚ŒãŸã®ï¼ŸYouTubeã‚‚å¤§æ¦‚ã ãªã€‚çµ‚ã‚ã£ã¦ã‚‹ã‚,32,ã‚‚ã£ã“ã‚Šå°å¤ªéƒŽ,0
61,åˆ†ç§‘ä¼šã‚’è¨´è¨Ÿ,21,ã‹ãŸ,0
62,ãƒ¯ã‚¯ãƒ¯ã‚¯ã‚¤ãƒ™ãƒ³ãƒˆã¨ã‚„ã‚‰ã«æ‰“ãŸãªã„äººã®ç¨Žé‡‘ã§ã™ã‹ï¼Ÿå·®åˆ¥ã§ã™ã­ã€‚çœŸé¢ç›®ã«ç´ç¨Žã—ã¦ã¾ã™ãŒã€‚,27,éˆ´ã‚‚ã¡,2
62-1,æœ¬å½“ã«ãã†æ€ã„ã¾ã™ã€‚é€†ã«æ‰“ãŸãªã„äº‹ã§é¦¬é¹¿æ‰±ã„â€¦ã€‚,0,mingzi
63,å¤§çŸ³æ§˜ã€ï¼£ï¼¢ï¼£ãƒ†ãƒ¬ãƒ“æ§˜ã€ã„ã¤ã‚‚ã‚ã‚ŠãŒã¨ã†ã”ã–ã„ã¾ã™ã€‚æ‹è¦‹ã™ã‚‹ãŸã³ã«æœ€æ•¬ç¤¼ã‚’ã—ã¦ã„ã¾ã™ã€‚æœ¬å½“ã«ã‚ã‚ŠãŒã¨ã†ã”ã–ã„ã¾ã™ã€‚,2,kkk511ful,0
64,å›½ã®æ•‘æ¸ˆåˆ¶åº¦ã§ã€Œ96%ãŒæ€¥æ€§ã€ã¨ã®äº‹ãŸãŒã€ã“ã‚Œã‚’è¦‹ã¦ã€Œä¸­é•·æœŸã®ä½“èª¿ä¸è‰¯ãŒèªã‚ã‚‰ã‚Œã¦ãªã„ã˜ã‚ƒãªã„ã‹ã€ã‘ã—ã‹ã‚‰ã‚“ã€ã¨ãªã‚‰ãªã„ã‚ˆã†ã«ã€‚ç”³è«‹1198ä»¶ã®å†…ã€ä¸­é•·æœŸãŒä½•ä»¶ã‹ã¯ä¸æ˜Žã§ã™ã€‚å€‹äººçš„ã«ã¯æŽ¥ç¨®å¾Œä½“èª¿å´©ã—ã¦ã„ã¾ã ã«å›°ã£ã¦ã‚‹äººãŒä¸‰äººã„ã¾ã™ãŒã€æ¤œæŸ»ã—ã¦ã‚‚åŽŸå› ä¸æ˜Žã€‚ç¬¬ä¸€æ®µéšŽã®åŒ»ç™‚æ©Ÿé–¢ã‹ã‚‰ã®å ±å‘Šã®æ™‚ç‚¹ã§è„±è½ã—ã¦ã¾ã™ã€‚é€šå‹¤æ™‚ã¯ãƒãƒƒãƒ‰ã‚­ãƒ£ã‚¹ãƒˆãªã®ã§ã€ãã¡ã‚‰ã‚‚è´ã‹ã›ã¦ã„ãŸã ãã¾ã™ã€‚,6,Keen Bobson,0
65,çµå±€ç¨Žé‡‘ã‹ã‚ˆ,31,Anton0220,0
66,è²´é‡ãªäººæŸ±ãƒ»ãƒ»ãƒ»ãƒ»ã‚ã‚ŠãŒã¨ã†ã”ã–ã„ã¾ã™ã€‚ç§ã¯çµ¶å¯¾ã«ãƒ¯ã‚¯ãƒãƒ³ãªã‚“ã‹æ‰“ã¡ã¾ã›ã‚“ã€‚,8,ã¨ã£ã¨ã“,1
66-1,ã†ã¦ã°ã†ã¤ã»ã©æ­»ã«ã¾ã™ã‚ˆ,0,ã‚¤ãƒ™ãƒ«ãƒ¡ã‚¯ãƒãƒ³
67,ã„ã¤ã‚‚æœ‰ã‚Šé›£ã†ã”ã–ã„ã¾ã™(â—Â´Ï‰ï½€â—)ï¼³ï¼®ï¼³ã§ã‚·ã‚§ã‚¢ã—ã¾ã™,9,yo u,0
68,æ‰¿èªã¾ã§äº”ãƒ¶æœˆã§ã™ã‹â€¦æ˜Žæ—¥ã§ãã‚‹ä»•äº‹ã¯ä»Šæ—¥ã‚„ã‚‹ãªãŒãƒ¢ãƒƒãƒˆãƒ¼ã§ã™ã‹ã‚‰ã­å›½ã¯ã»ã‚“ã¨ã†ã«æ°‘é–“ã‚’è‹¦ã—ã‚ã‚‹ã®ãŒå¥½ãã§ã™ã‚ˆã­,4,GT GT,0
69,Thanks you CBC news , We are at your back. Highly appreciated ðŸ˜‡ðŸ˜‡ðŸ˜‡,20,AyA Harazono,0
70,ã‚‚ã—ã‹ã—ã¦ãƒ¯ã‚¯ãƒãƒ³ã‚’åŠªåŠ›ç¾©å‹™ã«ã—ã¦ã‚‹ã®ã¯å¾Œã§éšœå®³ãŒå‡ºãŸã¨ãã«ã€Œãƒ¯ã‚¯ãƒãƒ³ã¯ä»»æ„ã§ã™ã€è²´æ–¹ãŒåˆ¤æ–­ã—ãŸã®ã§å›½ã«è²¬ä»»ã¯ã‚ã‚Šã›ã¾ã‚“ã€ã£ã¦è¨€ãˆã‚‹ã‚ˆã†ã«ã™ã‚‹ç‚ºï¼Ÿ,5,ãã‚ã“ã’,0
71,ã‚ã‚ŠãŒã¨ã†æ„›çŸ¥çœŒã€€ã‚ã‚ŠãŒã¨ã†CBCä»–ã®ãƒ¡ãƒ‡ã‚£ã‚¢ã¯æ¥ã‚’çŸ¥ã‚ŒðŸ’¢,7,ã“ã‚ãã¡,0
72,CBCãƒ©ã‚¸ã‚ªã®æ—©æœã®ã‚­ãƒ£ã‚¹ã‚¿ãƒ¼ãŒ3å›žç›®ã®æŽ¥ç¨®ã‚’æŽ¨å¥¨ã—ã¦ã„ã‚‹ã€‚èžã„ã¦ã„ã¦è…¹ãŒç«‹ã£ãŸã€‚ãƒãƒ³,12,Oya jitti,0
73,ï¼´ï¼¶ã§ã¯ä»–ã«ãªã„å¤§å¤‰ã‚ˆã„å†…å®¹ã ã¨æ€ã„ã¾ã™ã€‚ä»¥ä¸‹å¸Œæœ›ã§ã™ãŒã€Œå›½ã€ã¯ä½•ã‚’æŒ‡ã—ã¾ã™ã‹ï¼Ÿã¾ãŸã€Œæ²»ç™‚è²»ã€ã¯ã‚‚ã‚‰ã†ã‚‚ã®ã§ã™ã‹ï¼Ÿ,6,ç„¡åã®ãƒãƒ£ãƒ³ãƒãƒ«,0
74,å¤§æ‘ã®æœ¬éŸ³ã€ã ã‹ã‚‰æ‰“ã£ã¦ä¸‹ã•ã„!,18,æ–°ç”°é‡æ¨¹,0
75,çŸ¥ã£ã¦ã‚‹äººã‚‚ã„ã‚‹ã‹ã‚‚ã—ã‚Œã‚“ãŒã€ã‚ã‚‹ç¨‹åº¦ã®ä¼æ¥­ã®ç¤¾é•·ï½¥çµŒå–¶è€…ã‚¯ãƒ©ã‚¹ã§ã€ãƒ¯ã‚¯ã®æŽ¥ç¨®è€…ã‚’æ–°è¦æŽ¡ç”¨ã—ãªã„ã¨æ±ºã‚ã¦ã‚‹ä¼šç¤¾ã‚‚ã‚ã‚‹ã€‚æŽ¡ç”¨å¾Œã®ã€åŠ´ç½ï½¥çªç„¶æ­»ã‚’è€ƒæ…®ã—ã¦ã®ã‚‚ã®ã€‚å…ƒã€…ã€æœ‰å®³ç„¡ç›Šã ã¨å£°ã‚’ä¸Šã’ã¦ããŸå…ˆç”Ÿã‚‚ã„ã‚‹ã€‚ãã®å£°ã‚’å›½æ°‘ã«çŸ¥ã‚‰ã›ãšã€è€ƒãˆã‚‹æ™‚é–“ã‚‚ä¸Žãˆãšã€ãƒªã‚¹ã‚¯ã‚‚ã¾ã¨ã‚‚ã«ä¼ãˆãšã€æ‰“ã¦æ‰“ã¦ã¨è¨€ã£ã¦ããŸã®ã¯ï¼Ÿæ”¿åºœã‚„ã‚¨ã‚»å°‚é–€å®¶ã€ãã‚Œã‚’ä¼ãˆã‚‹ãƒ¡ã‚¤ãƒ³ãƒ¡ãƒ‡ã‚£ã‚¢ã ã‚ã†ðŸ“ºæ€è€ƒåœæ­¢ã—ãŸðŸ‘ã‚‚ã€ã„ã¾ç›´ãã«ã§ã‚‚è‰¯ãèª¿ã¹ã‚‹ã¹ãã€‚ãƒžã‚¹ã‚¯ã—ã¦ã€è‡ªç²›ã—ã¦ã€ãƒ¯ã‚¯æ‰“ã¡ã¾ãã£ã¦ã€æ„å‘³ã®ãªã„æ¤œæŸ»ã—ã¦ã€ä»Šã©ã†ãªã£ã¦ã‚‹ï¼Ÿèº«è¿‘ãªã‚¤ãƒ³ãƒ•ãƒ«ã¨æ¯”ã¹ã¦ã©ã†ã ã„ï¼Ÿæ„ŸæŸ“è€…æ•°ã‚‚ã€æœ¬å½“ã®æ­»äº¡çŽ‡ã‚‚ã€é‡ç—‡åŒ–ã‚‚é¥ã‹ã«ä¸‹ã€‚æŽ¥ç¨®è€…ã¯æ—¢ã«ã€å­ã€…å­«ã€…ã¾ã§ã€æ¬ é™¥å“ã®ãƒ¬ãƒƒãƒ†ãƒ«ã‚’è²¼ã‚‰ã‚Œã‚‹å¯èƒ½æ€§ã•ãˆã‚ã‚‹ã€‚éºä¼å­æ”¹å¤‰ã‚‚ç¢ºèªã•ã‚Œã€ï¼’åº¦ã¨å…ƒã«æˆ»ã‚‰ãšã€éºä¼å­ã¯å¼•ãç¶™ãŒã‚Œã‚‹ðŸ§¬,7,ã‚ªãƒ³ãƒ•ã‚§ã‚¤ã‚¹,1
75-1,ã‚¿ãƒžãƒ›ãƒ¼ãƒ ï¼Ÿw,0,G O
76,567æž çã¯å§“ç‰©å¹³å™¨ã€‚1å¹´ä»¥ä¸Šå‰ã‹ã‚‰è‹±èªžã«è…ã‚‹ã»ã©æƒ….å ±ãŒã‚ã‚‹ã€‚,11,Alexandre Benois,0
77,æ—¥æœ¬ã§ã¯ãƒ¯ã‚¯ãƒãƒ³ã«é–¢ã—ã¦ã®è¨´è¨Ÿã¯èµ·ã“ã•ã‚Œã¦ã„ãªã„ã®ã§ã™ã‹ï¼Ÿ,4,VEGAãƒžãƒªãƒ³,0
78,ç‰©ç†ç¾å®Ÿã§éš£ã‚Šåˆã‚ã›ä½œç”¨ã¨åä½œç”¨ï¼ˆå‰¯åå¿œï¼‰èªè¨¼ â€œCompanies that make inherently dangerous products must be maximally transparent, not two-faced,â€ Preet Bharara, the Manhattan U.S. Attorney, said in a statement.å±é™ºãªãƒ¢ãƒŽç”Ÿç”£ã¯ã€2ã¤ã®é¡”ã‚’ã‚‚ãŸãªã„é€æ˜Žæ€§ã§ã€ãƒ‰ãƒ¼ãƒ”ãƒ³ã‚°ä¸»æ²»åŒ»ã‹ã‚‰ã‚¤ãƒ³ãƒ•ã‚©ãƒ¼ãƒ ãƒ‰ã‚³ãƒ³ã‚»ãƒ³ãƒˆæ­£ç¢ºæƒ…å ±ã®ä¼æ‰¿å¿…è¦ã€‚,4,å¸‚å¡²ä¿æ˜­,0
79,æœ€è¿‘ã€å‰¯åå¿œã«åŠ¹ãè–¬ã®CMè¦‹ãŸã‚“ã ã‘ã©ã€ã‚ã‚Œã‚’é…ã£ã¦é…ã£ã¦é…ã‚Šã¾ãã£ãŸã‚‰ã©ã†ã ã„ã€æ‰“ã£ã¦æ‰“ã£ã¦æ‰“ã¡ã¾ãã‚ŠãŸã„ã®å¤§æ‘ãã‚“ã¯ã€‚,7,Googleppy,0
80,æ‰“ã£ã¦æ‰“ã£ã¦æ‰“ã¡ã¾ãã‚Œã€ã¨è¨€ã£ã¦ãŸã‚‰ã—ã„å¤§æ‘çŸ¥äº‹ã§ã™ãŒã€‚ãã‚Œã§ã‚‚ä¸€æ­©å‰é€²ã§ã¯ã‚ã‚Šã¾ã™ã‹ã€‚å½“ç„¶æ²³æ‘å¸‚é•·ã‚’æ„è­˜ã—ã¦ã„ã‚‹ã‚“ã§ã—ã‚‡ã†ãŒã€‚æ²³æ‘ã•ã‚“ãŒè¨€ã‚ãªã‹ã£ãŸã‚‰ã€å‡ºã¦ã“ãªã‹ã£ãŸã§ã—ã‚‡ã†ãŒã€‚,2,sunshine911,0
81,å‰¯åã§è‹¦ã—ã‚“ã§å±…ã‚‹æ–¹ã«ã¯å¤§å¤‰ã«åŠ©ã‹ã‚‹è©±ã§ã¯æœ‰ã‚Šã¾ã™ãŒåŠåˆ†èªã‚ã¦å±…ã‚‹ã‚ˆã†ãªã‚‚ã‚“ã§ã™ã‹ã‚‰ã€å³åˆ»ã€ç«¹è¼ªã¯è¾žã‚ã‚‹ã¹ãã§ã™ã­ã€‚â•,2,å®®ç”°å’Œåš,0
82,æŽ¥ç¨®æŽ¨å¥¨ã—ãŸå´ã«ã€ã‚„ã¯ã‚Šå¾“ã‚ãªã„ã“ã¨ãŒã€å‘½ã¨è²¡ç”£ã‚’å®ˆã‚‹ã“ã¨ã«ãªã‚Šã¾ã™ã­ã€‚ã‚¯ãƒ¯ãƒãƒ©ã‚¯ãƒ¯ãƒãƒ©ðŸ’‰ðŸ’¢,3,å–œå–œ,0
83,ã‚ã‚ŠãŒã¨ã†ã”ã–ã„ã¾ã™ã€‚,1,t n,0
84,å¤§çŸ³ã•ã‚“ðŸ’¨ðŸ’¨ðŸ’¨æ­´å²ã«æ®‹ã‚‹ãã‚‰ã„ã®åŠŸç¸¾ã§ã™ã­ðŸŽ¶æœ¬å½“ã«æ„Ÿè¬ã—ã¦ã„ã¾ã™ï½¡ï½¥ï¾Ÿï½¥(ï¾‰âˆ€`)ï½¥ï¾Ÿï½¥ï½¡,0,ã‚­ãƒƒãƒãƒ³ãƒšãƒ¼ãƒ‘ãƒ¼X,0
85,æ‰“ãŸã›ã‚‹ãªã€‚é¦¬é¹¿ãªæ”¿ç­–ã®å‰ã«ã€‚,5,noyori,0
86,æ„›çŸ¥çœŒã¯åå‰ã®é€šã‚Šã€æ„›ã¨çŸ¥ãŒã‚ã‚Šã¾ã™ã€‚,3,USAFå‹‡æ°—,0
87,ã‚¤ã‚®ãƒªã‚¹ã®åå‰å¿˜ã‚ŒãŸã‘ã©æŽ¥ç¨®å¾Œã®äººé”ã®ç´„ï¼–ï¼ï¼…ã®äººé”ãŒAIDSã®æ§˜ãªç—‡çŠ¶ãŒã„ã‚ã‚†ã‚‹å…ç–«ä¸å…¨ç—‡ã«æˆã£ã¦ã‚‹ã¨ãƒ‡ãƒ¼ã‚¿ãƒ¼ãŒå‡ºã¦ã‚‹ã¨æ•™æŽˆã‚„å­¦è€…ã®äººé”ãŒè¨€ã£ã¦ã‚‹å‹•ç”»ã‚’è¦‹ã¾ã—ãŸâ—å…ç–«ä¸å…¨ç—‡ã«æˆã‚‹ã“ã¨ã«å¯„ã£ã¦èµ·ã“ã‚‹ç—‡çŠ¶ã¯æ²¢å±±ã®ç—‡çŠ¶ã§æœ‰ã‚‹ãŸã‚ã«æŽ¥ç¨®å¾Œã®å‰¯ä½œç”¨ã¨ã¯èªã‚ã¦ã‚‰ã‚Œã«ãã„ã¨ã‚‚ä»°æœ‰ã£ã¦ã„ã¾ã—ãŸâ—ðŸ˜­,1,ãƒ€ãƒ¨ã‹ã£ã‹,0
88,ãƒ¯ã‚¯ãƒãƒ³å‰¯åå¿œç–‘ã„ä»¶æ•°ã£ã¦ã€ãƒ¯ã‚¯ãƒãƒ³æŽ¥ç¨®å¾Œã®ç™ºç†±ã¨ã‹ãƒ¢ãƒ‡ãƒ«ãƒŠã‚¢ãƒ¼ãƒ ã¨ã‹ã§æ•°æ—¥ã§åŽã¾ã£ã¦ã‚‹ã‚‚ã®ã‚‚å½“ç„¶å«ã¾ã‚Œã¾ã™ã‚ˆã­ï¼Ÿãã®å‰¯åå¿œã¨ã€é•·ãç¶šãä½“èª¿ä¸è‰¯ã¨ã¯ã€å…¨ãåˆ¥ç‰©ã¨æ‰ãˆã‚‹ã¹ãã§ã™ãŒã€è©±ãŒã”ã£ã¡ã‚ƒã«ãªã£ã¦ã¾ã›ã‚“ã‹ï¼Ÿå®Ÿéš›ã€ã‚³ãƒ¡ãƒ³ãƒˆæ¬„è¦‹ã¦ã‚‹ã¨èª¤èªã—ã¦ã‚‹ã¨æ€ã—ãæ–¹ã‚‚ãƒãƒ©ãƒ›ãƒ©è¦‹ãˆã¾ã™ã€‚,1,K K,0
89,ã‚ã‚ŠãŒã¨ã†ã”ã–ã„ã¾ã™ðŸ˜Šâœ¨ðŸŒˆ,1,ã¨ã¨ã¨,0
90,ç”³è«‹ã—ã¦ã‹ã‚‰ã©ã®ãã‚‰ã„ã‹ã‹ã‚‹ã®ã‚ˆâ€¼ï¸ãƒ›ãƒ³ãƒˆã«è‡ªæ°‘å…šæ”¿æ¨©ã®æ”¿ç­–ã¯æœ€ä½Žã ã‚ã‚ˆâ€¼ï¸æ‰¿èªãªã‚“ã‹ã—ãªã„â€¼ï¸æ—©ãæ”¿æ¨©äº¤ä»£ã—ã¦â€¼ï¸,2,æ£®ã¾ã‚Šã‚,0
91,â—ä¿å®ˆç³»æŽ²ç¤ºæ¿ã‚µã‚¤ãƒˆ(åæž ç)æ¤œé–²å¯¾ç­–ã®ä¸€ç’°ã¨ã—ã¦å¾®åŠ›ãªãŒã‚‰æ´»å‹•ã—ã¦ã„ã¾ã™ã€‚çš†æ§˜ã‚‚æƒ…å ±å…±æœ‰ã€ç™ºä¿¡ã®å ´ã¨ã—ã¦ã”æ´»ç”¨ãã ã•ã„ã€‚ä»Šå¾Œã®ç¤¾ä¼šã‚’è€ƒãˆã‚‹å ´ã§ã™ã€‚â€»å½“ã‚¢ã‚«ã‚¦ãƒ³ãƒˆå ï¼ž ãƒ›ãƒ¼ãƒ ï¼žæ¦‚è¦ã‹ã‚‰ã€‚,2,ãƒ‹ãƒ£ãƒ³å‰,0
92,ãªã‚“ã®å½¹ã«ç«‹ãŸãªã„åŽšç”ŸåŠ´åƒçœãŒé–“ã«å…¥ã‚‹ã‚“ã˜ã‚ƒãƒ€ãƒ¡ã ã‚ˆðŸ™…â€â™‚ï¸,0,Aska,0
93,æ²»é¨“ä¸­ã®è–¬ãŒã„ã‹ã«æã‚ã—ã„ã‹ï¼Ÿ,1,ã¡ã³ã£å­ãƒ”ãƒ¼ã¡ã‚ƒã‚“,0
94,æœ—å ±ï¼ï¼,2,ã‚¸ãƒ§ãƒ¼ã‚ºã¡ã‚ƒã‚“,0
95,é ­ãŒä¸‹ãŒã‚Šã¾ã™ã€‚ã”å®‰å…¨ã«ã€‚,2,éˆ´æœ¨å“²å¤«,0
96,æ™‚é–“ãŒã‹ã‹ã‚‹ã ã‘ã˜ã‚ƒç„¡ãã¦èªã‚ã‚‰ã‚Œãªã„å ´åˆãŒå¤šã„ã®ã§ã»ã¼è²°ãˆãªã„ã¨æ€ã£ãŸæ–¹ãŒè‰¯ã„ã§ã™ã€‚,0,å±±ç”°åº„å¸,0
97,æ±äº¬éƒ½æŽ¥ç¨®å¾Œã‚¯ãƒ¬ãƒ¼ãƒ æ‹…å½“ã¨é›»è©±ã§è©±ã—ãŸãŒï¼æŽ¥ç¨®å¾Œæ­»äº¡è€…ãŒ1500äººä»¥ä¸Šã€é‡ç¯¤å‰¯åå¿œãŒ20000å¼±å‡ºã¦ã„ã‚‹ã“ã¨ã‚’ã»ã¼ã€çŸ¥ã‚‰ãªã‹ã£ãŸï¼æ€ æ…¢ã§å‹‰å¼·ä¸è¶³ã®å…¬å‹™å“¡é”ãŒè”“å»¶ã£ã¦ã€æ‚ªå¤¢ãŒã•ã‚‰ã«æ‚ªå¤¢ã‚’å‘¼ã‚“ã§ã„ã‚‹ã¨ã„ã†ã“ã¨ï¼ã¤ãã¥ãç¨Žé‡‘æ‰•ã„ãŸããªããªã£ãŸï¼,1,æ¢¨ã€…èŠ±,0
98,æ„›çŸ¥çœŒã«å¼•ã£è¶Šãã†ã‹ãªã€œ,1,ã¡ã‚Šã‚ã‚“ã€€ã˜ã‚ƒã“,0
99,æ‰“ãŸãªã„æ–¹ã‚’é¸ã³ã¾ã™,4,è£•äºŒ é¾,0
100,å¤§æ‘ãƒªã‚³ãƒ¼ãƒ«ã•ã‚Œãªãã¦çµæžœçš„ã«è‰¯ã‹ã£ãŸã®ã‹ï¼Ÿ,1,æ ¹ç„¡ã—è‰,0
101,é–¢æ±ã§ã¯ãƒ©ã‚¸ã‚ªã‚‚ã€ãƒ†ãƒ¬ãƒ“ã‚‚è¦‹ã‚‰ã‚Œãªã„ã§ã™ã‚ˆã­ã€‚æ®‹å¿µ,0,ã‚ªã‚ªãƒ„ã‚­ã‚¸ãƒ“,0
102,TVã®å¾¡ç”¨åŒ»å¸«ãŸã¡ã‚„ã‚»ã‚¤ãƒ•ã¯æ‰“ã¦æ‰“ã¦æ”»æ’ƒã‚’ä»•æŽ›ã‘ã€å¾Œéºç—‡ã§è‹¦ã—ã‚€å¤šæ•°ã®äººãŒåŒ»ç™‚æ©Ÿé–¢ã«ã‹ã‹ã‚‹äº‹ã‚’ä½™å„€ãªãã•ã›ãŸã®ã§ã¯ãªã„ã‹ã¨ç–‘ã£ã¦ã—ã¾ã„ã¾ã™ã€‚å¾Œéºç—‡ã®æ–¹ã®åŒ»ç™‚è² æ‹…ã¯ã‚¯ãƒ‹ãŒå…¨é¡è² æ‹…ã«ã™ã¹ãã§ã™ã€‚ã‚¯ãƒ‹ã®è²¬ä»»ã§ã™ã€‚å¤§çŸ³ã•ã‚“ã€çœŸå®Ÿã®å ±é“ã€ã‚ã‚ŠãŒã¨ã†ã”ã–ã„ã¾ã™ã€‚,0,riko,0
103,å¤§çŸ³ã•ã‚“ã¯ç¾ä»£ã®ä¾ã€‚èŠ±ã¯æ¡œæœ¨ã€ç”·ã¯å¤§çŸ³ï¼ã“ã‚Œã§æ±ºã¾ã‚Šã§ã™ã€‚,0,Hiromi,0
104,æŽ¥ç¨®ã«é–¢ã‚ã£ãŸå…¨ã¦ã®æ–¹ãŒè²¬ä»»ã‚’æŒã¤ã¹ãå°é£ã„ç¨¼ãŽã§ç¨€ãªç­ˆã®å¾Œéºç—‡ã§è‹¦ã—ã‚“ã§ã„ã‚‹æ–¹ãŒæ²¢å±±ãŠã‚‰ã‚Œã‚‹ã®ã ã‹ã‚‰,0,ã¤ã‚‰ãŸã‚“ã¤ã‚‰ãŸã‚“,0
105,åŒ»ç™‚è²»ã‚‚ãã†ã§ã™ãŒã€è–¬å®³è¨´è¨Ÿã‚’ï¼æŽ¨é€²åŒ»å¸«ãªã©ã€‚æ‚ªåŒ»å¸«ã«è‚¥ãˆã•ã›ãšã€è–¬å®³ã«æ³¨æ„å–šèµ·ã—ãŸåŒ»å¸«ã«è¨ºã¦é ‚ããŸã„ã€‚,0,æ˜Ÿå·ç¾Žæ¨¹,0
106,å…¨é¡å‡ºã›ã‚ˆ,2,è¶…äººæ©Ÿãƒ¡ã‚¿ãƒ«ãƒ€ãƒ¼,0
107,ãªãœã¿ãªã•ã‚“ã“ã‚“ãªç‰©ã‚’æ‰“ã£ã¦ã—ã¾ã£ãŸã®ã‹ï¼Ÿæ”¿æ²»å®¶ã‚‚çš†ã•ã‚“ã‚‚ã€ãƒ†ãƒ¬ãƒ“ã®åå‘å ±é“ã€ç…½ã‚Šã«ã‚„ã‚‰ã‚Œã¾ã—ãŸ!è‰¯ã„ã§ã™ã‹ï¼Ÿãƒ†ãƒ¬ãƒ“ã§ã™!æ„›çŸ¥çœŒãŒæ‰•ã†ã‚‚ã®ã§ã‚‚ã‚ã‚Šã¾ã›ã‚“ã€‚,0,ã‚¹ã‚ºã‚­ãƒžã‚µãƒŸ,0
108,ï¼‘å›žã‚‚æ‰“ã£ã¦ãªã„ã‚“ã ã‘ã©ã€ã‚„ã£ã±ã‚Šã“ã‚Œã‚’è¦‹ãŸã‚‰æ‰“ã¤æ°—ã«ãªã‚Œã‚“ã‚ãƒ»ãƒ»ãƒ»ãƒ»ã‚³ãƒ­ãƒŠã€ãœã‚“ãœã‚“æµè¡Œã£ã¦ãªã„ã—,1,ãŠã„ã‚‚,1
108-1,æŽ¥ç¨®ã—ãŸã‚‰ã—ã«ã¾ã™ã­ã€‚é•·ãã¦ï¼•å¹´ä½ã§,1,ã‚¤ãƒ™ãƒ«ãƒ¡ã‚¯ãƒãƒ³
109,åŠé¡ã ã‘ï¼Ÿï¼Ÿï¼Ÿè£œå„Ÿåˆ¶åº¦ã¯ã©ã†ãªã£ãŸã‚“ã§ã™ã‹ã€‚,0,ã¨ã‚‹,0
110,ç§ã¯ã€ç¾åœ¨ã€ã€Œäº‹å®Ÿèªå®šã€ã‚’ç ”ç©¶ã—ã¦ã„ã‚‹è€…ã§ã™ã€‚æœ¬æ¥ã€åŒ»å¸«è³‡æ ¼ã‚’æœ‰ã—ãªã„ç§ãŒã™ã¹ãã§ã¯ãªã„ã§ã™ãŒã€ã‚„ã‚€ã‚’å¾—ãšã€ä»®èª¬ã¨ã—ã¦ã€ã€Œå¿ƒè‡“çªç„¶æ­»ã®ä½œç”¨æ©Ÿåºã€ã‚’å…¬é–‹ã—ãŸã„ã¨è€ƒãˆã¾ã™ã€‚ã“ã‚Œã‹ã‚‰è¿°ã¹ã‚‹ã€Œä½œç”¨æ©Ÿåºã€ã¯ã€æ˜¨å¹´ï¼“æœˆã«è‹±å›½ç§‘å­¦èªŒã«æŽ²è¼‰ã•ã‚Œã¦ãŠã‚Šã¾ã™ã€Œæ±å¤§ç—…é™¢ã®è—¤ç”Ÿå…‹ä¹…æ°ã€ç­‰ã®ç ”ç©¶è«–æ–‡ã€Œå¿ƒè‡“ã«å¸¸åœ¨ã—ã¦ã„ã‚‹ãƒžã‚¯ãƒ­ãƒ•ã‚¡ãƒ¼ã‚¸ãŒæ­£å¸¸ãªå¿ƒè‡“ã®å‹•ãã‚’ä¿ã¡ã€ä¸æ•´è„ˆãŒèµ·ã“ã‚‰ãªã„ã‚ˆã†ã«ã—ã¦ã„ã‚‹ã€‚ã€ã‚’ä¸­æ ¸ã«æ®ãˆã¦ãŠã‚Šã¾ã™ã€‚å…·ä½“çš„ã«è¿°ã¹ã¦ã„ãã¾ã™ã€‚ç¬¬ä¸€æ®µéšŽã¨ã—ã¦ã€äºŒå›žç›®ã®æŽ¥ç¨®ã®æ•°åæ™‚é–“å¾Œã€å¿ƒè‡“ã«åˆ°é”ã—ãŸï½RNAãŒå¿ƒè‡“ã«å¸¸åœ¨ã—ã¦ã„ã‚‹ã€Œå¿ƒè‡“ãƒžã‚¯ãƒ­ãƒ•ã‚¡ãƒ¼ã‚¸ã€ã«ä¾µå…¥ã—ã¦ã€ã‚¹ãƒ‘ã‚¤ã‚¯ã‚¿ãƒ³ãƒ‘ã‚¯è³ªã‚’ç”£å‡ºã•ã›ã¾ã™ã€‚ãã—ã¦ã€ä¸€å›žç›®ã®æŽ¥ç¨®ã§æ´»æ€§åŒ–ã—ãŸã‚­ãƒ©ãƒ¼Tç´°èƒžãŒå¿ƒè‡“ã«åˆ°é”ã—ã¦ã€æ—¢ã«mRNAã«ã‚ˆã‚Šä¾µç•¥ã•ã‚ŒãŸã€Œå¿ƒè‡“ãƒžã‚¯ãƒ­ãƒ•ã‚¡ãƒ¼ã‚¸ã€ã‚’æ”»æ’ƒã™ã¹ãç´°èƒžã¨èªè­˜ã—ã€ã€Œå¿ƒè‡“ãƒžã‚¯ãƒ­ãƒ•ã‚¡ãƒ¼ã‚¸ã€ã‚’ç´°èƒžæ­»ã•ã›ã¾ã™ã€‚ä»¥ä¸Šã®ä½œç”¨æ©Ÿåºã¯ã€è£½è–¬ä¼šç¤¾ãŒå…¬é–‹ã—ã¦ã„ã‚‹ã‚‚ã®ã‚’å…·ä½“çš„å ´é¢ã«é©ç”¨ã—ãŸã‚‚ã®ã§ã‚ã‚Šã¾ã™ã€‚ã€€ãã—ã¦ã€ç¬¬äºŒæ®µéšŽã¨ã—ã¦ã€ã€Œå¿ƒè‡“ãƒžã‚¯ãƒ­ãƒ•ã‚¡ãƒ¼ã‚¸ã€ãŒå£Šæ»…ã™ã‚‹ã¨ã€å¿ƒè‡“ã®æ­£å¸¸ãªå‹•ãã«é–¢ä¸Žã™ã‚‹ã€Œã‚¢ãƒ³ãƒ•ã‚£ãƒ¬ã‚°ãƒªãƒ³ã€ã¨å‘¼ã°ã‚Œã‚‹ã‚¿ãƒ³ãƒ‘ã‚¯è³ªã‚’ä¾›çµ¦ã™ã‚‹ã“ã¨ãŒã§ããªããªã‚Šã€é«˜çŽ‡ã§å¿ƒè‡“çªç„¶æ­»ã‚’èµ·ã“ã™ã€‚ã€€ä»¥ä¸Šã®ä»®èª¬ã€Œå¿ƒè‡“ãƒžã‚¯ãƒ­ãƒ•ã‚¡ãƒ¼ã‚¸ã€æ¬ æã«ã‚ˆã‚‹å¿ƒè‡“çªç„¶æ­»èª¬ã‚’ã‚ãˆã¦ã€å…¬é–‹ã—ãŸã®ã¯ã€å…¨å›½ã®ã€Œå¿ƒè‡“çªç„¶æ­»ã€ã®éºæ—ã®æ–¹ã€…ã«å°‘ã—ã§ã‚‚å‰å‘ããªæŒ‡é‡ã‚’ç¤ºã—ãŸã„ã¨è€ƒãˆãŸã‹ã‚‰ã§ã™ã€‚ã¾ã ã€è—¤ç”Ÿæ°è«–æ–‡ã¯ãƒžã‚¦ã‚¹ãƒ¢ãƒ‡ãƒ«ã§ã‚ã‚Šã¾ã™ãŒã€è§£å‰–åŒ»ã‚‚ãŠæ‰‹ä¸Šã’çŠ¶æ…‹ã§ã‚ã‚‹ç¾çŠ¶ã‚’è¸ã¾ãˆã‚‹ã¨ã€ã€Œå¿ƒè‡“ãƒžã‚¯ãƒ­ãƒ•ã‚¡ãƒ¼ã‚¸ã€ã€Œã‚¢ãƒ³ãƒ•ã‚£ãƒ¬ã‚°ãƒªãƒ³ã€ã€Œã‚­ãƒ©ãƒ¼Tç´°èƒžã€ã€Œï½RNAã€ã«ç€ç›®ã—ãŸè§£å‰–ã‚„ç—…ç†çµ„ç¹”æ¤œæŸ»ãŒå…¨å›½ã§ãªã•ã‚Œã€ãã‚Œã‚‰ã®ãƒ‡ãƒ¼ã‚¿ã®é›†ç©ã§ã“ã®ä»®èª¬ã‚’å‰é€²ã•ã›ã¦ã„ãŸã ããŸã„ã¨è€ƒãˆã¾ã™ã€‚ã€€ã€ŒåŒ»å¸«è³‡æ ¼ãŒãªã„ã®ã«ã€ã§ãŸã‚‰ã‚ã“ã¨ã‚’è¨€ã†ãªã€ã¨ã„ã†æ‰¹åˆ¤ã‚’å—ã‘ã‚‹ã“ã¨ã¯è¦šæ‚Ÿã®ä¸Šã§ã™ã€‚ãŸã ã€ç´„1å¹´çµŒéŽã™ã‚‹ãªã‹ã€åŒ»å¸«è³‡æ ¼ã‚’æœ‰ã™ã‚‹äººã€…ãŒã€Œå¿ƒè‡“çªç„¶æ­»ã®ä½œç”¨æ©Ÿåºã€ã«è¨€åŠã—ãŸã“ã¨ã‚’è¦‹èžã—ãŸã“ã¨ã¯ã‚ã‚Šã¾ã›ã‚“ã€‚å­¦ä¼šã§è­°è«–ã—ã¦ã„ã‚‹ã‹ã‚‚ã—ã‚Œãªã„ã§ã™ãŒã€‚è—¤ç”Ÿå…‹ä¹…æ°ã®è«–æ–‡ç™ºè¡¨ã®ç›´å¾Œã«è­°è«–ã•ã‚Œã¦ã„ã‚Œã°ã€å°‘ã—ã¯è¢«å®³ã‚’é£Ÿã„æ­¢ã‚ã‚‰ã‚Œã¦ã„ãŸã®ã§ã¯ãªã„ã‹æ€ã„æ‚”ã‚„ã¾ã‚Œã¾ã™ã€‚ã€€æœ€å¾Œã«ã€ä¸èº¾ç„¡ç¤¼ã§ã‚ã‚Šã¾ã™ãŒã€ã“ã‚Œã‹ã‚‚ã€æœ‰ç›Šãªæƒ…å ±ï¼ˆä»–ã®è‡“å™¨ãƒžã‚¯ãƒ­ãƒ•ã‚¡ãƒ¼ã‚¸ã®æ©Ÿèƒ½ã¨å‰¯åå¿œã¨é–¢ä¿‚ç­‰ï¼‰ã‚’ç²¾åŠ›çš„ã«ç™ºä¿¡ã—ãŸã„ã¨è€ƒãˆã¾ã™ã®ã§ã€ã§ãã¾ã—ãŸã‚‰ã€è³‡é‡‘æ´åŠ©ã‚’å¾¡é¡˜ã„ç”³ã—ä¸Šã’ã¾ã™ã€‚åŸ¼çŽ‰ã‚ŠããªéŠ€è¡Œã€€å¹¸æ‰‹æ”¯åº—æ™®é€šã€€ï¼“ï¼•ï¼’ï¼ï¼’ï¼’ï¼˜ä¸­æ‘æ˜Žå¤«ï¼ˆãƒŠã‚«ãƒ ãƒ©ã€€ã‚¢ã‚­ã‚ªï¼‰,0,ã‚ªã‚·ãƒ åˆ†æž,0
111,ãƒãƒƒãƒ‰ã‚­ãƒ£ã‚¹ãƒˆã¯ã©ã†ã„ã†ãŠåå‰ãªã‚“ã§ã—ã‚‡ã†ã‹ï¼Ÿ,1,ã‚«ã‚¿ã‚«ãƒŠã®ãƒãƒ,0
112,ãƒ¯ã‚¯ãƒãƒ³ã‚‚ãƒžã‚¹ã‚¯ã‚‚å¿…è¦ã§ã™ã‹ï¼Ÿ,5,æ–°å®¿ä¸‰ä¸ç›®,2
112-1,æ–°.åž‹.ã‚³.ãƒ­.ãƒŠã¯ãã‚“ã–ã„ã—ãªã„ã®ã§ä¸.è¦ã§ã™ã€‚,4,Alexandre Benois
113,1) ã¯ã£ãã‚Šè¨€ã£ã¦ç”³ã—è¨³ãªã„ãŒã€ã“ã®ç¨‹åº¦ã®æƒ…å ±ã§æœ‰ã‚Šé›£ãŒã‚‹äººãŒ,1,Alexandre Benois,3
113-1,(ã‚³ãƒ¡ãƒ³ãƒˆã‚’3ã¤ã«åˆ†ã‘ãŸã®ã¯æ¤œ....é–²ã§çŸ­ã„ã‚³ãƒ¡ãƒ³ãƒˆã—ã‹å…¥ã‚‰ãªã„ã‹ã‚‰ã€‚),5,Alexandre Benois
113-2,3) æ—¥æœ¬äººã®å¤§åŠãŒ567æž çãŒæž çã§ã¯ãªã„ã“ã¨ã•ãˆçŸ¥ã‚‰ãªã„ã€‚,7,Alexandre Benois
113-3,2) å¤šã„ã®ã¯ã€æ¦‚ã—ã¦æ—¥æœ¬èªžã®æƒ…å ±ãŒæ‚²åŠ‡çš„ã«è²§ã—ã„ã¨ã„ã†ã“ã¨ã€‚,4,Alexandre Benois
